step,hour,time,true,Ensemble_q0.005,Ensemble_q0.025,Ensemble_q0.05,Ensemble_q0.5,Ensemble_q0.95,Ensemble_q0.975,Ensemble_q0.995
0,0.0,2024-08-27 16:45:00,638.37,283.20951122133306,470.75126535775195,467.23321827480515,631.3729503469307,808.7189247143596,921.2331246088088,1126.3470265142907
1,0.25,2024-08-27 17:00:00,433.87,365.5798017472072,426.02871357861125,488.5215293708017,623.9592765776619,766.3432449609894,850.0754786819729,1079.0831605184198
2,0.5,2024-08-27 17:15:00,448.28,309.45329848774264,398.61408686563817,429.20086093368093,463.9783164080488,697.795051037187,759.419659837185,930.2393855510627
3,0.75,2024-08-27 17:30:00,362.71,289.76197724606277,346.7380611086967,378.0749072331453,448.04018164303443,591.8527914148817,730.2866096350572,803.9214151603849
4,1.0,2024-08-27 17:45:00,357.43,281.77760866915884,301.59262450138596,354.45150801823195,371.8443337376381,501.66912812740713,546.5264893906872,629.8020100584861
5,1.25,2024-08-27 18:00:00,338.38,283.0626197551247,295.6606649647515,306.83882998923013,362.4296545510074,449.0484221635137,514.5030899342777,665.0917839655026
6,1.5,2024-08-27 18:15:00,346.4,236.06906823636848,296.5134581563548,305.50301805468143,351.9311782966744,449.9102702177752,545.9556687290723,595.1721525989857
7,1.75,2024-08-27 18:30:00,351.22,231.5326504915438,271.71435534895375,337.43694637121456,358.5175321614619,505.59664665382536,536.399907230989,647.3857010662657
8,2.0,2024-08-27 18:45:00,368.37,243.52006323058507,321.73104311059427,305.8636559459925,361.4257946322139,413.78811575150706,510.62937067231405,660.8472679672901
9,2.25,2024-08-27 19:00:00,349.69,323.63395749443976,313.1860811639147,334.56567834665543,380.6417057768201,479.9089661732067,539.0465236934866,576.0538467356926
10,2.5,2024-08-27 19:15:00,370.46,278.4329508350979,354.33888636995016,394.623464712112,381.3742642583408,560.1118568645575,545.6960032650276,715.9911872544557
11,2.75,2024-08-27 19:30:00,373.98,266.0094143123885,319.449363446405,331.83487881940135,376.6727393396927,459.04981273269345,590.7369170380604,705.2136264877779
12,3.0,2024-08-27 19:45:00,378.95,327.11951437889485,329.61108757003063,352.0442901130883,385.4499107111207,459.5617778910126,522.6967051045121,661.718349729339
13,3.25,2024-08-27 20:00:00,369.15,265.24414704388477,321.2977609773141,346.3491502312024,377.1710636929639,483.89665173386885,538.8921383955636,601.8552329751917
14,3.5,2024-08-27 20:15:00,368.23,251.6258985617957,261.9810757082586,346.6606498712438,376.368477407477,419.76413080499543,454.37031888441896,483.9436195559767
15,3.75,2024-08-27 20:30:00,371.66,294.63956967460723,363.79429146287913,354.45032675719267,377.5318583497587,461.0459098448396,468.7512469005482,546.9531829577221
16,4.0,2024-08-27 20:45:00,361.65,235.89660633259763,307.65934053101034,363.73669449938245,375.83111182486635,428.3808096485292,453.38245787682297,486.0849212494078
17,4.25,2024-08-27 21:00:00,368.98,338.66938361305625,342.48623012389874,341.78582843822124,369.3220190559416,447.01184864506445,478.8641926711274,652.6955113891728
18,4.5,2024-08-27 21:15:00,151.7,272.94763161732806,342.6709837663718,369.4621894780312,377.72711307167634,458.092783742205,521.7703403258248,654.660273068292
19,4.75,2024-08-27 21:30:00,349.13,217.77301279092845,210.4266024539974,230.4270166543489,218.5343896258785,358.88547620750006,430.6753308345959,526.7388169915638
20,5.0,2024-08-27 21:45:00,370.04,258.6409000422532,285.25008777952854,264.3249426942636,326.7612345937332,410.6992042443979,403.66976267572187,639.7792366635275
21,5.25,2024-08-27 22:00:00,350.0,205.85696809034096,283.62932256283625,335.17714542784444,356.94533333321834,407.4957921111669,499.0667592746802,564.9419648072874
22,5.5,2024-08-27 22:15:00,404.07,276.00367757197034,297.3538823304963,308.4189995695332,345.30536148131654,358.37707691194424,429.82327731112,535.1792914313985
23,5.75,2024-08-27 22:30:00,350.28,234.99973996042397,316.1002212363239,319.053029392062,392.9780851065114,472.1739938171817,497.54191687030686,719.9928492307788
24,6.0,2024-08-27 22:45:00,494.76996,118.5618435262091,216.8139348093289,262.8289053955323,347.28351446548845,402.97197301211816,489.8831104597233,560.5877173864013
25,6.25,2024-08-27 23:00:00,338.77,186.39344476021984,314.7614660850175,349.47165812704753,448.7321356563076,513.9494030776439,580.1592300551587,757.1310162527755
26,6.5,2024-08-27 23:15:00,341.29,181.76598822068158,268.8127830108167,274.4742161057387,353.4607037938782,437.49816653555445,479.60620565689146,645.0900758979193
27,6.75,2024-08-27 23:30:00,307.09,130.7617441505542,203.23894035295868,282.0558563629356,338.3581754243367,409.12157823926725,481.2189338825876,656.8047542306887
28,7.0,2024-08-27 23:45:00,303.04,100.70194498390558,253.94047910588475,283.1384611297758,316.79476519202524,427.3738585793525,459.18098349123875,679.1177110238409
29,7.25,2024-08-28 00:00:00,310.18,188.12939507204737,239.611356562213,273.9530128237029,311.43654966208226,371.181650710529,397.20675233511656,589.268156933496
30,7.5,2024-08-28 00:15:00,353.85,186.35448743353356,264.35745938832997,281.18801368489534,325.98545962189127,475.584985530501,577.9429723808646,724.8508305181066
31,7.75,2024-08-28 00:30:00,359.52,228.7641985446581,293.01151596690437,300.5540642115768,346.2016294950946,473.62569077163096,524.7232897912947,717.4923735265395
32,8.0,2024-08-28 00:45:00,349.98,200.1086008068213,271.43723150913775,313.86180442971164,352.79772269155364,419.7186202394969,497.1077427193447,690.5912884585811
33,8.25,2024-08-28 01:00:00,299.76,170.25103794602717,275.8105380801007,294.21471755001494,345.69385284554454,403.5307955943172,457.3245842967663,633.5299065090882
34,8.5,2024-08-28 01:15:00,320.74,129.65801357880954,222.32102234969,251.43308805664535,308.86122175131436,384.14213330258286,402.8402480544684,515.5307914543837
35,8.75,2024-08-28 01:30:00,319.75,201.43799639636038,184.20951389504012,233.7063562728489,314.0335906963274,398.81037491496966,405.5796763072207,513.4046540615466
36,9.0,2024-08-28 01:45:00,349.89,126.64799926930174,217.6831199298212,250.6116788732895,310.2229066145702,364.54123704146895,409.6834787240622,450.52086073703407
37,9.25,2024-08-28 02:00:00,329.9,181.1309776133956,252.46865213854736,292.55539685618623,336.96734984482583,305.9086012725638,398.29125153554884,512.4062080718527
38,9.5,2024-08-28 02:15:00,329.83,193.52848002598498,216.6806664844521,261.94952168674007,328.3532256162873,413.0311151023137,406.2572917986451,503.56882550688965
39,9.75,2024-08-28 02:30:00,325.59,117.8147632617812,202.59155852024634,220.60685360824104,321.6229632454112,359.6578906572826,416.4056179933242,468.1815037256383
40,10.0,2024-08-28 02:45:00,331.7,112.27619897866116,155.70463623395764,255.73836061563915,317.8027253010055,360.4793947831145,382.9804259974372,540.0490190901822
41,10.25,2024-08-28 03:00:00,337.59,184.65211805469008,199.23980428809145,232.90995670405746,326.95864870498997,414.25670323809214,444.6891670790069,507.79696282400045
42,10.5,2024-08-28 03:15:00,308.52,139.85476043627654,170.44096926539208,255.23585216952787,330.2622759336434,342.8382768251091,360.2176781199941,490.8093604242535
43,10.75,2024-08-28 03:30:00,310.07,135.77442205880794,215.94791149408567,272.21631621985426,306.97568404855144,326.3283344383218,380.4912241602382,450.10152852384033
44,11.0,2024-08-28 03:45:00,306.49,83.44410096987431,181.16260670570912,217.7720015431602,307.804105727348,372.49373364995773,390.58137932063516,455.30801935315435
45,11.25,2024-08-28 04:00:00,310.0,65.3842557809644,165.7616454303888,207.07382814221603,300.9973197207718,343.27832195383473,368.9220816034377,391.5859016287964
46,11.5,2024-08-28 04:15:00,299.74,149.682227429147,177.17544884857668,214.8791462491038,303.1389437770287,308.4691468606065,332.3064028988505,358.46339949435884
47,11.75,2024-08-28 04:30:00,300.99,137.44378678341738,165.06362172254182,225.36783238858038,301.2381578710185,303.6924252929585,359.1621584544041,449.11202037468297
48,12.0,2024-08-28 04:45:00,299.76,73.56823980979077,161.47419776928305,182.5282173299516,293.03807998851863,318.1674722143616,319.3680396957528,386.1951075817795
49,12.25,2024-08-28 05:00:00,299.64,109.08331662841398,188.81365874476006,223.01739670801106,297.09732788851574,353.9086335640455,388.9172717596417,417.7218474901955
50,12.5,2024-08-28 05:15:00,299.71,99.61775048258258,181.7085303589521,227.41601096875394,294.9835418494239,345.52834823810036,409.7033150776639,425.0959015434104
51,12.75,2024-08-28 05:30:00,494.18997,66.09110913908444,145.9299771294546,185.16208058915396,301.05255857811915,320.67359147601485,319.32606187354935,396.68805288489114
52,13.0,2024-08-28 05:45:00,349.2,114.0241826973375,213.90416209081823,290.4510785691251,444.82235150123046,525.6741276491587,588.6259174502425,749.0090716121392
53,13.25,2024-08-28 06:00:00,300.93,111.4379496496107,197.37235423099918,239.17290337593468,365.71859439941164,409.60600566360154,526.0972266498908,602.843107230575
54,13.5,2024-08-28 06:15:00,302.78,53.94932434990753,163.47001888585936,248.97031997115155,319.1017746256401,420.3598175634784,453.72248000304285,528.7319465993422
55,13.75,2024-08-28 06:30:00,299.98,8.606120357010624,155.33310203754593,194.3843290405385,308.5705056816707,401.27082022174693,454.90068963530547,539.152943169321
56,14.0,2024-08-28 06:45:00,309.87,87.83180788569368,162.05446189531852,157.74960222569726,296.66272097649994,329.68624005973925,407.6575475947892,464.6607629259291
57,14.25,2024-08-28 07:00:00,302.39,68.72927351324853,160.56025058327782,205.81554005131278,308.1017415579208,390.7164979198128,395.3378913886708,526.9978642255319
58,14.5,2024-08-28 07:15:00,301.59,55.511364333213244,130.71979503189,223.68124995633664,307.66868905295485,423.2151131724147,517.4517471166441,596.8384239652473
59,14.75,2024-08-28 07:30:00,320.42,62.66293946149297,140.14136969183974,171.57769786747713,298.63775631471395,367.6522988490381,408.99613494078903,480.4242476942942
60,15.0,2024-08-28 07:45:00,319.4,102.5646810366635,207.88904177701815,231.12262264100337,321.976866844816,454.96627059864915,490.9606854832972,515.2343059733463
61,15.25,2024-08-28 08:00:00,328.95,140.90693724352357,189.67122997166993,246.95480381070536,323.4101515828044,353.9839251555213,444.4718945345029,567.6125862604747
62,15.5,2024-08-28 08:15:00,329.93,26.719502062592525,160.44146650591077,224.0828477981893,327.19740695262163,428.25619212879616,455.1253897725874,580.41851133337
63,15.75,2024-08-28 08:30:00,318.88,86.3741715065796,204.8753821180228,196.27470660161563,335.27600262506286,447.25886688811283,546.6504798484852,646.9645627380623
64,16.0,2024-08-28 08:45:00,302.85,88.33746709723125,193.75226606593932,212.2016646500303,323.1682403617819,410.2885051726314,466.9842305273698,559.719589880933
65,16.25,2024-08-28 09:00:00,310.94,78.84832430583448,162.25950231616346,234.06293371733517,315.336378104961,435.63616794295933,454.7367217711947,556.4073780860725
66,16.5,2024-08-28 09:15:00,328.31,78.83264996542725,171.1700811142355,211.27943538896275,310.9375585035141,375.72326600392654,451.8360789861372,607.1908897312312
67,16.75,2024-08-28 09:30:00,307.05,13.937102852077846,114.70337688342181,200.81865792151706,323.61059722940126,423.6494198012504,513.4997996703405,670.7899664225515
68,17.0,2024-08-28 09:45:00,330.85,33.50442480410137,154.33894170706193,205.42749690389033,303.02956342072014,419.657561187571,454.37679705243636,511.17200445836346
69,17.25,2024-08-28 10:00:00,321.33,56.275101482277336,119.62708044382502,191.39885846507303,324.80881102057214,378.7416374592917,434.4515861249782,535.2269039791576
70,17.5,2024-08-28 10:15:00,349.61,10.573708230765758,178.39992858614627,212.99255093131688,318.6221406923642,453.2688360205958,502.52149518185047,617.0886649395669
71,17.75,2024-08-28 10:30:00,330.88,66.83983875303822,194.44817895966744,238.73577938432118,341.021415652002,428.4480510012214,487.3595129506177,584.3273813911195
72,18.0,2024-08-28 10:45:00,333.19,-9.594144753984015,171.1918737244369,197.12955761618832,326.99941877057944,408.0134184906165,445.2920562178826,457.09424501799964
73,18.25,2024-08-28 11:00:00,334.42,24.796901466735335,135.17675917204434,197.6605311413995,331.4438240083199,425.9356522883612,503.1879869478245,611.4787215781703
74,18.5,2024-08-28 11:15:00,333.77,62.75385240222663,184.23048072649624,252.6854367228838,335.48785240860906,445.63312491930367,511.63494397160554,575.2130185040367
75,18.75,2024-08-28 11:30:00,309.49,-46.17842841050097,127.92420499260461,176.14586835063065,332.722844886436,375.9442523448196,398.0179629301726,553.1285683790668
76,19.0,2024-08-28 11:45:00,297.37,-5.633634821119077,136.57595735316454,186.02758061679663,306.8247917505614,379.88644500369963,469.30724328811124,528.4900199225677
77,19.25,2024-08-28 12:00:00,267.96,-39.310079936079426,98.62743642636106,130.95005923986164,298.15720166021686,378.3800081918935,388.3643886021075,513.0244425644163
78,19.5,2024-08-28 12:15:00,294.32,-45.44577498650425,60.19596741147809,156.8699116098313,284.7269569444324,374.1567990516793,376.1735715439598,455.01761902244266
79,19.75,2024-08-28 12:30:00,315.95,-27.878670208494814,169.80460075990206,187.2422216642895,298.606725580796,421.097392540478,473.1717244263583,494.65984748312303
80,20.0,2024-08-28 12:45:00,306.55,-37.16808052584746,84.5142947679261,164.96588175539046,312.1540984005281,368.3614573221582,425.77164468088836,532.4977979607205
81,20.25,2024-08-28 13:00:00,306.26,32.41560240906184,119.62744696594189,172.79155950348053,309.7294508231525,400.76825657652165,435.514623909893,545.3970713592583
82,20.5,2024-08-28 13:15:00,334.12,15.289002016406386,166.2345031204318,189.95645041752522,316.2093476767081,473.62499747075935,488.20363988132533,573.6315903839348
83,20.75,2024-08-28 13:30:00,338.86,85.70176681151547,155.23972059243485,238.36149627203298,343.63159407537563,462.0333115958073,516.440949773205,612.3778224104781
84,21.0,2024-08-28 13:45:00,327.76,152.68987700861166,223.68388626602058,289.2289922651379,346.74205310862004,423.42575740731144,484.84235828209665,612.9390649218342
85,21.25,2024-08-28 14:00:00,340.51,156.4912059445306,269.02575444035904,254.7297314933974,345.3352705692383,456.21253853049086,537.2451911351258,616.0711288882924
86,21.5,2024-08-28 14:15:00,337.45,154.38310099825011,219.5619321725362,268.72867501685516,351.4174776782114,466.5848980571551,533.0027329598826,650.7352186303219
87,21.75,2024-08-28 14:30:00,342.88,140.3273973298636,253.04056132669,267.4699806604729,335.90826210850787,450.2049539997321,536.4287609118514,589.5160009552897
88,22.0,2024-08-28 14:45:00,341.87,183.23314755094037,224.69003142813307,270.053846770192,349.4416540966497,442.1849378350166,499.2966790401806,630.1065325305198
89,22.25,2024-08-28 15:00:00,337.25,132.24552283005167,274.2742385476285,346.09124672287606,362.57135288457204,484.3396444952813,520.3340593799294,653.2963427050792
90,22.5,2024-08-28 15:15:00,346.57,180.2734461298478,249.04267496976342,286.1946991773348,347.83400418944024,455.62166513474745,552.7342347406146,591.7673740979366
91,22.75,2024-08-28 15:30:00,339.07,182.88953969027605,234.46646132021274,299.28806149250295,339.27419368109867,402.76294942320806,437.1023447289892,621.4606732273689
92,23.0,2024-08-28 15:45:00,351.74,107.49437922084553,264.81167744156244,265.8245855991204,341.55868850010125,395.5310927035482,439.80060548253124,566.0161969725184
93,23.25,2024-08-28 16:00:00,354.84,169.30418104826396,268.632487248789,326.6327840475251,361.3192250147895,447.3203277895886,543.7907859741466,578.6275915358714
94,23.5,2024-08-28 16:15:00,325.52,197.6329426242297,210.37568899922195,264.68384512543093,346.7701030903828,419.51861397784745,429.63865173059145,679.2436621541679
95,23.75,2024-08-28 16:30:00,344.24,167.17338264224188,253.2886636803371,256.26408139316356,335.7768065225343,425.60062016204563,452.32511664047155,679.8496336115685
96,24.0,2024-08-28 16:45:00,343.15,141.35291517302034,232.97588431783686,261.789503871226,340.10053104135113,434.0562412387578,511.4623208864219,575.0765707101945
97,24.25,2024-08-28 17:00:00,340.0,122.55747775928512,219.3535135659154,270.2159731918603,336.049351043854,383.7747456636137,411.6523295535453,560.5317410688912
98,24.5,2024-08-28 17:15:00,344.63,185.13936063383764,278.3495206862561,269.24239109107003,340.88790886695284,391.6640989016325,455.9475916152201,573.1374479155392
99,24.75,2024-08-28 17:30:00,282.69,120.43964010522677,188.06934726788964,241.84391784681367,345.5337489194127,436.06905705854786,465.6061824387641,543.6543735077372
100,25.0,2024-08-28 17:45:00,304.93,53.84601810410191,199.3701713475372,224.51199882977878,286.82054673169927,345.6901810004822,410.7514535177317,583.1538482277937
101,25.25,2024-08-28 18:00:00,291.83,172.53324089781705,223.70319050016346,209.03410986124408,304.0202506229522,391.3575671818498,414.89863802223647,566.0932681834291
102,25.5,2024-08-28 18:15:00,301.82,189.92223579871268,186.03339197951703,215.05501945811892,299.58282696914864,356.301444500439,408.8098798824155,436.10413719946786
103,25.75,2024-08-28 18:30:00,302.03,110.27610986659151,262.1467657847257,253.67044283230447,306.1030655431692,401.8489580779116,416.02967228372273,618.1138935393664
104,26.0,2024-08-28 18:45:00,298.83,142.9931237256228,201.99502390337258,217.49613624314313,310.70573105663436,390.16984563826514,404.0521136905101,478.0577159520868
105,26.25,2024-08-28 19:00:00,305.82,187.10060281744902,219.95681117823457,266.40136334911654,310.487738715684,399.3772124085193,468.40871211065974,489.4084687343162
106,26.5,2024-08-28 19:15:00,330.65,176.41489779237182,243.02265297464146,245.19317045512275,318.1202968435853,369.0528460965041,399.5983577228606,450.98535907325515
107,26.75,2024-08-28 19:30:00,330.89,197.03264342778218,236.98825271430863,268.03117459660876,330.12902968841223,391.60145894708205,378.3025174677165,555.1861263926887
108,27.0,2024-08-28 19:45:00,330.77,162.04452605480117,229.4210061780746,268.33205392711943,334.5961438416462,422.2172103420025,451.7000727852067,608.7008372066867
109,27.25,2024-08-28 20:00:00,331.7,129.82467957561198,209.15709348720316,215.7771718026711,325.95693492774825,341.7210953332685,441.7642057722921,521.458372597297
110,27.5,2024-08-28 20:15:00,325.76,101.33137827271452,204.64801034362398,236.01198793657866,334.82083956299897,350.1506845078253,447.60127803198594,587.6539184600413
111,27.75,2024-08-28 20:30:00,338.25,229.36114163497535,241.04576073823296,301.93555893285964,329.5907213049347,406.35779834538937,416.95715870840627,498.6228789115148
112,28.0,2024-08-28 20:45:00,326.18,202.83132359971705,250.04007880018514,270.2439790143319,338.31287682343594,360.9783925655763,380.1422641934818,602.5773477843464
113,28.25,2024-08-28 21:00:00,273.63,91.51718556277523,202.46680410671058,279.9994972740694,322.7626483120413,395.15449343643724,444.3257581921738,614.5214380507675
114,28.5,2024-08-28 21:15:00,324.91,253.82680646647273,245.96037631650964,246.40804554685894,290.929654887377,377.1184169860094,455.15756423214714,536.2625674194647
115,28.75,2024-08-28 21:30:00,318.46,224.676501021313,285.38542275923294,293.5565166909615,324.72859566812883,380.4201851085038,399.31273101152635,615.6590608784992
116,29.0,2024-08-28 21:45:00,319.89,177.20911147624943,223.17886294827613,290.9510103205956,318.7742252912163,353.87566865317353,399.03599798143745,483.0531121217341
117,29.25,2024-08-28 22:00:00,330.85,166.6193491351722,228.32535234068823,271.0709809719167,319.9063524951595,402.02100267638076,429.21577794224424,585.1674589148251
118,29.5,2024-08-28 22:15:00,310.36,146.59576013880508,210.327579659437,251.9562961705011,322.65072879648943,365.58288627369666,422.8031423130619,561.9061813434067
119,29.75,2024-08-28 22:30:00,300.57,173.18623979236853,247.2551488137926,254.48568517064592,314.73139360771836,357.91084311557944,417.70407779142135,550.7025364079125
120,30.0,2024-08-28 22:45:00,303.06,175.8699831789325,234.02176401016044,280.65793217736615,307.4886935741073,377.93612782872816,414.5997856031914,504.4772969407874
121,30.25,2024-08-28 23:00:00,303.01,79.0256746431399,177.08784564671757,207.56552860180904,295.5754905239077,364.362807009494,380.4743773906499,483.13985421741506
122,30.5,2024-08-28 23:15:00,293.51,118.71210655429968,198.19826545409165,252.35267659209984,302.00086169266876,367.79707508519857,473.1756987625653,550.0301052172737
123,30.75,2024-08-28 23:30:00,288.73,52.15661610111581,153.10376658916653,200.20399591561056,285.5663787026638,321.9163288725262,371.95976833276853,451.35548900420713
124,31.0,2024-08-28 23:45:00,280.49,108.09022936870585,161.1051188294614,209.0645113252626,289.5599043295856,336.1573536302775,380.6077428659674,423.5455527324467
125,31.25,2024-08-29 00:00:00,330.56,56.25501342071583,191.60486597439504,230.60635195179324,285.2790871860518,370.52786798855897,400.3453518766707,551.6304202662167
126,31.5,2024-08-29 00:15:00,332.73,77.55492074657836,156.79689642981617,229.87098493935298,322.5226889316893,437.2729850619985,525.3507756553622,656.4138561850909
127,31.75,2024-08-29 00:30:00,324.68,129.24915815745013,157.77337538010843,230.65754361010315,328.36382605413706,394.8843224770189,490.1157769331355,573.6626122859946
128,32.0,2024-08-29 00:45:00,311.75,87.80081027124415,178.39278361283203,215.87038544247568,322.5326667235333,416.2453241822402,439.867789428145,600.7302662003146
129,32.25,2024-08-29 01:00:00,325.65,79.8888011088812,179.84113108504468,199.92746160233196,310.4118885091746,347.87648984349244,399.2397621987671,530.8952131242104
130,32.5,2024-08-29 01:15:00,309.99,81.10501643510496,199.94084849145565,233.48438738772697,320.9195013208544,391.75580891757215,413.2755853542606,595.2463446241109
131,32.75,2024-08-29 01:30:00,311.49,49.18226704313612,165.1873825520258,224.9851391392854,313.41931287625425,429.2579765609038,458.70466371276666,556.0523727123525
132,33.0,2024-08-29 01:45:00,306.69,121.53221383205273,151.4039606571765,204.04805338168316,309.66803408096797,366.7509591406671,360.0472144241495,466.1199625439512
133,33.25,2024-08-29 02:00:00,319.83,70.08757135887022,181.89635307216275,193.4272271872196,300.9944559907383,329.54297848726657,331.79771656790194,466.85815575102754
134,33.5,2024-08-29 02:15:00,305.06,100.0991463715768,216.84133344154657,265.6576281509961,312.90425435958724,397.12541975260615,443.56545001207047,486.52360847992935
135,33.75,2024-08-29 02:30:00,303.99,42.50285188809864,147.4292844236984,201.7917034869194,299.2281549980771,325.67624964109797,358.2769700067852,468.93717518016695
136,34.0,2024-08-29 02:45:00,300.97,31.66693682608027,125.5327740340608,172.19889986440856,297.93403826626826,326.01510816999496,380.5776218134479,426.51119799413317
137,34.25,2024-08-29 03:00:00,329.73,69.9316758131886,169.2599820137137,204.5037596030287,300.2864633229056,367.55485254117315,414.78169538731186,541.6846174127847
138,34.5,2024-08-29 03:15:00,327.83,58.11171952226202,179.55217255519028,243.9351473199666,318.94461391626584,320.0660479478479,337.34201051905364,530.8323391254166
139,34.75,2024-08-29 03:30:00,299.03,1.3251474657267448,170.3903715495487,222.36522138424027,319.27147878167625,384.2587049994614,431.8653884046844,499.458920276006
140,35.0,2024-08-29 03:45:00,299.94,66.97203179917459,199.50925545106347,217.17184144847994,304.41873081884694,367.00086540135925,432.94842151664915,504.01478135674074
141,35.25,2024-08-29 04:00:00,292.55,33.73878699429526,147.4648591486796,211.1424157322995,302.20353738347063,379.98153320541513,394.6234823758285,531.0043307327364
142,35.5,2024-08-29 04:15:00,298.77,42.406686199678134,99.06623626307518,203.0701988694704,287.00196193175856,349.9418927551939,384.7425230255773,491.7852101046463
143,35.75,2024-08-29 04:30:00,298.56,39.24027955246284,155.25443888418786,154.12396102977053,297.2458488325689,371.1576324720518,384.66910378804783,503.97521463183614
144,36.0,2024-08-29 04:45:00,299.09,50.964600066463184,134.104463391732,210.5247663503441,297.20147095288934,343.676969955036,438.8451176513053,475.5087754257684
145,36.25,2024-08-29 05:00:00,297.63,49.113345429414174,114.94333184784469,177.79790055344876,291.8828994266106,343.2817707944766,392.8690514006387,493.9518592312196
146,36.5,2024-08-29 05:15:00,299.94,-11.387276931971144,145.37834809579013,179.08467580309753,293.99040159856634,369.6741982350256,384.7321632558646,455.67190957626144
147,36.75,2024-08-29 05:30:00,300.53,79.96176550571143,163.10162883098022,239.18278843326715,300.0460203983151,374.83559801210737,453.26362964016477,448.68745528548334
148,37.0,2024-08-29 05:45:00,299.85,97.05115065571803,253.99539118447728,221.9101687204043,296.5674914650526,373.73787751989346,379.98715909911255,550.0381598719863
149,37.25,2024-08-29 06:00:00,299.94,-4.823852779133076,87.7939368775707,158.96882259168638,294.9715261062916,386.1315535299014,456.0041287557283,559.6463384487099
150,37.5,2024-08-29 06:15:00,300.85,59.14288533876171,163.15589176799227,223.53697492813117,301.08726115709936,403.0975443725409,463.48314944409753,602.2696546752055
151,37.75,2024-08-29 06:30:00,306.64,48.419726610863236,193.96196749996918,235.62233739095697,303.9967468402173,379.8396582346858,425.1582544625681,536.5419765025996
152,38.0,2024-08-29 06:45:00,308.24,52.90644528142018,136.86025266186945,228.81784325159353,307.5763276874702,412.4526548833233,414.0172362338369,545.6048584880152
153,38.25,2024-08-29 07:00:00,311.23,36.62265366463037,139.36048107407817,194.545888015315,309.2894608935408,393.02161291983566,489.26597553351024,617.1637180708703
154,38.5,2024-08-29 07:15:00,301.57,39.11247593987058,154.60209354714596,201.72041051926067,310.71091094149074,392.771167915791,444.3119142543864,569.5688605238275
155,38.75,2024-08-29 07:30:00,309.96,3.642004421276533,117.23241923313078,203.36578791689672,301.95391374224204,370.25143965757917,383.5096839341858,489.168666119448
156,39.0,2024-08-29 07:45:00,327.31,-21.79057004211261,205.16416401071243,239.06945582039728,317.90445947604485,442.6820831352131,496.293864903101,676.6638675310962
157,39.25,2024-08-29 08:00:00,338.27,72.20385902180787,129.68639696322074,231.46557915212264,324.98994139320325,449.8739006255526,443.6427066920042,586.616501895874
158,39.5,2024-08-29 08:15:00,321.38,157.01627537250994,212.69909256969038,205.5092534155961,335.8982865246284,430.0492757315629,386.7361582572398,560.7144280565367
159,39.75,2024-08-29 08:30:00,320.29,88.80969330941028,216.61699761841697,222.90245448897738,321.5663223305687,378.7637082730276,492.4897804274119,638.0953280763653
160,40.0,2024-08-29 08:45:00,323.17,72.04008325061373,183.3514547079626,246.27385208483176,323.3602891191593,417.0619133789629,444.3742583416858,578.6750274464657
161,40.25,2024-08-29 09:00:00,330.45,76.02139883352199,198.14918240193597,219.56495487601808,327.72398883632417,456.3051052366796,480.9404786401423,561.9188683077651
162,40.5,2024-08-29 09:15:00,338.15,30.743356290702337,135.94110351136226,196.51662886246098,327.56162174651894,374.1847894183988,480.94484599404075,615.4626668468687
163,40.75,2024-08-29 09:30:00,341.32,55.08665351835272,206.92339510085438,200.72837645864738,332.13229606148286,432.1326713464591,440.87804802823155,709.7870541345474
164,41.0,2024-08-29 09:45:00,513.83,42.90696460158445,174.25944746204394,197.99043858197268,338.1332346189178,403.9544598339766,494.13946114797426,661.956659760165
165,41.25,2024-08-29 10:00:00,338.26,116.12076869251153,136.3427565523289,266.0311760110861,464.28307734025486,544.0727695439579,641.7387080595623,886.2203707672738
166,41.5,2024-08-29 10:15:00,337.11,37.37959690674516,226.35027505114758,216.57390256614642,357.1431713736705,485.19351738155416,531.3351014874522,685.1343526252225
167,41.75,2024-08-29 10:30:00,342.18,34.208999542796086,209.7857760680619,239.77509259004506,341.0986922036168,423.3104442502317,421.65542467136476,683.8720239591754
168,42.0,2024-08-29 10:45:00,338.71,46.25810943552093,134.7157405879689,191.4385974112133,339.34664583015115,455.34640260905513,529.3158295792905,759.7705230693916
169,42.25,2024-08-29 11:00:00,338.24,16.830927442575888,140.270065322114,192.8327636411026,335.08192254029086,453.4666828929062,532.2835989028831,645.7474001950427
170,42.5,2024-08-29 11:15:00,324.39,29.014221965469677,125.02231470757106,133.49637670428342,330.824112387466,415.31094007627314,455.29368083130555,752.6998168510647
171,42.75,2024-08-29 11:30:00,314.64,-21.953047530145835,137.11649136491798,202.22297195652138,324.6191027056277,441.81191547049184,510.3821802080299,739.046196776734
172,43.0,2024-08-29 11:45:00,322.94,-140.35742564787157,82.30601446958524,78.58900328426104,309.79546454754967,396.1311777274335,465.7686135595416,517.6258936973738
173,43.25,2024-08-29 12:00:00,277.52,-52.685458940527184,49.83022957052762,98.8392707541553,318.3662000645312,400.41683693724616,466.1202098359819,588.1575551760425
174,43.5,2024-08-29 12:15:00,305.43,-33.13594422267529,120.06980604152578,164.24209772502888,294.2979224864717,469.6734739536512,482.4252641514788,637.5810666349042
175,43.75,2024-08-29 12:30:00,309.46,-41.04890943369245,30.03779900777868,107.1680420589649,302.45060199377474,350.7634101288132,403.4007199861933,555.6534774191206
176,44.0,2024-08-29 12:45:00,314.27,-46.11522321702334,88.24263501940464,130.11949141951337,309.99575784459194,418.3031780631131,458.0959985386034,571.397011019727
177,44.25,2024-08-29 13:00:00,332.68,-54.929223437302305,142.11772980878942,192.2612055193249,319.6728425792856,487.2707174478965,542.6370008458402,642.6435937590156
178,44.5,2024-08-29 13:15:00,331.78,23.37976136560538,142.3738603215745,191.2376351009096,329.96136348366434,392.17781276788276,475.89195884319565,684.9128142931896
179,44.75,2024-08-29 13:30:00,348.72,55.87189182629632,157.5335043183388,192.56023015960565,337.6514103847991,464.33613914454656,532.5989139056832,648.4683720720428
180,45.0,2024-08-29 13:45:00,327.98,45.557877763114554,234.8993526437659,265.5488682327288,354.6813946642639,483.911970591982,529.78224001282,700.9998939314526
181,45.25,2024-08-29 14:00:00,334.65,39.185254867677806,176.59709902781424,240.43744442247024,330.31626287508556,459.9943313959882,518.9057933453845,684.1545462723392
182,45.5,2024-08-29 14:15:00,338.8,38.26964508435934,163.94260720422614,196.06626591534925,341.9159967808567,493.6261138038408,547.6900867134957,665.2416959272283
183,45.75,2024-08-29 14:30:00,332.24,86.59475599792279,264.67441049286856,284.0508009175818,341.5372955314851,417.4177842747901,507.6208732344585,719.4091163924205
184,46.0,2024-08-29 14:45:00,331.13,90.37798404038367,178.54621286210082,249.97432561560595,338.971194704611,423.46199010573133,448.73947493050304,557.6632771593224
185,46.25,2024-08-29 15:00:00,335.42,133.7036184657941,241.36128549766616,283.74516121548106,350.1381256054114,498.17873359260244,564.3614291016112,646.6240416118521
186,46.5,2024-08-29 15:15:00,302.55,84.99520711268184,254.53070998394136,305.8046635488942,341.9669543949233,458.4327396294881,541.0932803444839,631.3687198868349
187,46.75,2024-08-29 15:30:00,321.39,87.18142101321597,164.4427994955146,167.22829692879893,303.5266204023343,308.3006283815387,318.22622394332296,510.6041513011165
188,47.0,2024-08-29 15:45:00,312.24,43.667941794949265,186.86783256970247,236.09336026245106,322.11184413426184,354.64883381090635,403.83817517249076,528.8328505797072
189,47.25,2024-08-29 16:00:00,342.5,94.88427190083065,223.3246438083111,260.9650344489908,327.6044430111841,439.3182756245283,476.6511762888066,606.9726633460375
190,47.5,2024-08-29 16:15:00,366.5,104.92259950912462,178.62975561713515,193.4073621300786,329.984913633655,394.9941731297786,451.49997820497487,549.5169300943759
191,47.75,2024-08-29 16:30:00,367.72,100.19152760874246,211.50289906609137,288.33921787512907,358.2230978795002,438.9098242606833,494.84586849725326,607.5499886712444
192,48.0,2024-08-29 16:45:00,375.63998,144.62789847744457,224.8285193812283,264.91074218744944,360.59099635176983,427.16143472502085,445.76910020873026,589.1317797945195
193,48.25,2024-08-29 17:00:00,352.94,142.52853265489026,250.09576145840893,270.3720122552383,374.02884750546144,410.16012086536,427.090157213114,618.3059643763893
194,48.5,2024-08-29 17:15:00,362.08,140.8373377846819,234.29620296507215,312.0188164119731,356.4402371526434,487.8307323309577,565.0468916990797,612.074770442841
195,48.75,2024-08-29 17:30:00,356.54,128.83904419629187,239.53543570083772,287.0064617635306,362.1976526749275,432.21407016790624,492.1293964520252,527.2827358129867
196,49.0,2024-08-29 17:45:00,348.75,153.23670813528855,269.04285954180074,248.99270431585484,350.73797216912425,405.3332586305324,388.8578267298087,532.0824356678046
197,49.25,2024-08-29 18:00:00,340.14,135.287592369033,243.00856616075242,279.69031158088626,344.9347104707286,380.46110752364785,479.0613859859282,594.3882147821674
198,49.5,2024-08-29 18:15:00,344.04,129.62602900420194,255.05480790751457,300.3507945783085,344.89529609537857,405.08279596277134,422.6911190231758,564.5796554868049
199,49.75,2024-08-29 18:30:00,346.15,172.5083681770553,281.73966038227627,278.8456370749679,347.0147234839197,392.9651155226895,454.81129798215323,540.6281328666823
200,50.0,2024-08-29 18:45:00,350.25,148.6928539658278,219.97626555396755,289.96641047665383,354.9835833177583,443.7023658943994,480.65542599959343,543.7451340989163
201,50.25,2024-08-29 19:00:00,363.29,160.99854479610784,287.9919050499341,272.0114700998906,353.0237741031459,403.85684130487596,410.2101268467014,618.9234702406483
202,50.5,2024-08-29 19:15:00,377.16,192.73273180673857,263.2112431625332,322.1181832005119,368.6153025916243,439.99989194773445,541.4987156287408,555.842218645588
203,50.75,2024-08-29 19:30:00,375.39,135.18527087542085,251.95911132531435,284.0194632765901,378.16339803675726,455.01102162433915,436.9007663965734,615.2132993295291
204,51.0,2024-08-29 19:45:00,364.93,172.7907845079202,290.66797134372496,316.09015733386207,374.8083075701531,427.8491980215603,453.62409310227565,624.2222451566874
205,51.25,2024-08-29 20:00:00,358.51,129.93847586103934,203.91694665411,264.00410557210046,364.392800000069,442.3935109991566,482.3310326400124,511.30744100443764
206,51.5,2024-08-29 20:15:00,389.24,176.99404910426932,266.8715604418655,261.3096093981322,363.45167497830204,454.27766827557707,549.9794015191314,602.2888727987305
207,51.75,2024-08-29 20:30:00,376.91998,174.45227342294623,310.72459590583,344.3178758276956,381.4224199653815,477.9539239540781,526.8719616704252,674.4309529721661
208,52.0,2024-08-29 20:45:00,414.65997,207.81377888908162,212.31760266108031,309.3849531527707,375.82806483377436,471.56782805889986,527.0064620395261,668.4337856181986
209,52.25,2024-08-29 21:00:00,309.71,181.91684960716773,292.5228028833602,309.8417236130339,403.4475509144984,465.268862861165,565.5377266365654,684.1565069448678
210,52.5,2024-08-29 21:15:00,370.49002,139.57093763198733,254.31896176676497,293.1960951801773,333.3054494549045,479.76337740608847,509.75269392807155,624.120877503765
211,52.75,2024-08-29 21:30:00,481.91,218.20069331812138,258.0568205534591,281.4893655198217,363.9325718673058,429.10716374963795,475.1176124244236,682.0764541883148
212,53.0,2024-08-29 21:45:00,364.09,282.39379196264673,346.15274295178466,389.75753475237036,450.89377711926005,542.783539037719,653.2267035028755,818.0955937911002
213,53.25,2024-08-29 22:00:00,359.69,162.23902786080407,257.7417970019809,291.3034235439228,379.70000889223223,512.4068042222838,537.5034125903486,720.4056856122388
214,53.5,2024-08-29 22:15:00,536.11,138.87648861876207,319.1357044170245,325.05262550704487,363.58623496244604,440.70955383677403,562.29018612365,779.703665005547
215,53.75,2024-08-29 22:30:00,531.75,260.49436485182616,273.4632067977019,357.49840858366923,487.670672564117,615.3762338662261,681.9048555986866,794.3964459360473
216,54.0,2024-08-29 22:45:00,448.69,306.71689293847226,339.31083043703296,367.78078472267924,508.5026680405496,681.9903214908522,752.9029363427431,959.3372143025389
217,54.25,2024-08-29 23:00:00,351.0,256.41440403629724,343.1175335586895,374.19210882091323,447.9094392296136,550.32960236197,699.9415635269785,981.1682784146712
218,54.5,2024-08-29 23:15:00,342.33,185.3215883648548,272.9291001707809,295.53865725912766,365.9029903516261,512.6537120671042,621.4689884218996,783.6066221342064
219,54.75,2024-08-29 23:30:00,335.52,171.25542777631492,277.9454057648057,307.63175422180507,347.5768359333122,451.8490750655339,560.4653873179518,758.3623186008335
220,55.0,2024-08-29 23:45:00,344.34,152.34932497089756,263.95914258181267,302.4813059489379,333.24386932334255,427.3991088620538,509.480844915588,720.8802036916305
221,55.25,2024-08-30 00:00:00,340.12,252.09930603501402,252.56958482245162,257.90544029530145,340.5382843028641,436.31294440785103,513.0497811657001,738.855949718437
222,55.5,2024-08-30 00:15:00,390.43,232.46238020821968,325.401225575578,360.55074957378093,357.5384500209541,511.8260565520098,570.6470802730528,730.5961309388533
223,55.75,2024-08-30 00:30:00,384.04,198.03667335984676,263.98422947513666,298.9114732652148,380.1453509279359,497.3148586268755,580.5722916490037,735.2397276993208
224,56.0,2024-08-30 00:45:00,350.67,244.00390333634658,317.7110594443571,347.6868102320873,372.95129456153325,448.13202855277666,488.1057254849738,695.3991886937724
225,56.25,2024-08-30 01:00:00,401.38,252.75013008447448,291.692831213443,305.0324698955676,349.0097541491837,497.65684142562407,574.764474919722,752.9820477129067
226,56.5,2024-08-30 01:15:00,380.21,177.3207638280896,285.70193668678877,293.17213434877857,382.3510103723448,487.1169150526173,561.1948678968768,731.9965280447292
227,56.75,2024-08-30 01:30:00,394.72,262.2204411461441,309.05839961036327,314.75600799662664,377.9615900760273,509.94883625174214,589.9324054074777,765.6900583894502
228,57.0,2024-08-30 01:45:00,369.71,226.0289124334193,339.6826340051209,333.24343214635974,378.79829824581526,432.9515789059691,472.52734763341135,619.5437316446775
229,57.25,2024-08-30 02:00:00,364.21,211.91411700952932,309.2618260091153,325.0930378823757,367.4761960117088,447.41525260192674,453.5379206614509,552.196983972161
230,57.5,2024-08-30 02:15:00,359.15,200.37351239465917,318.5898425867892,331.40720050017296,359.11549533140555,415.5938863186322,416.58870683051947,581.3897684474792
231,57.75,2024-08-30 02:30:00,349.48,118.38448877297459,246.96956184582044,283.8412275454964,353.04399464258097,397.49042720578035,459.5355737676216,551.2942002549681
232,58.0,2024-08-30 02:45:00,345.19,222.89836092268425,317.14403868974904,288.4977298588136,345.79253782152733,429.23316787111423,409.16040308807993,585.6370399854619
233,58.25,2024-08-30 03:00:00,347.48,126.9779574930598,239.92626088360498,263.1146226334135,346.1335248282596,424.74582434658697,462.57613526680876,591.5410488987388
234,58.5,2024-08-30 03:15:00,338.92,101.93205282313713,210.81967976061523,288.4066358649861,338.59815688433434,378.18692610710235,401.6172101177561,535.7280589429939
235,58.75,2024-08-30 03:30:00,341.65,131.7834444229877,222.16740983936282,270.2850692347825,327.7619547869232,369.87337430200074,390.9522643754665,605.8063634746082
236,59.0,2024-08-30 03:45:00,328.33,151.27225115527867,207.22638303751927,240.9327107448267,339.1274302768348,390.64868691226417,443.4420027135539,587.7090645828771
237,59.25,2024-08-30 04:00:00,331.44,61.2101120291893,171.29152358093214,233.31406058568507,323.3306206993745,408.6918730085734,437.6140184359866,558.8374197208667
238,59.5,2024-08-30 04:15:00,325.03,134.12088844008943,273.8931703602493,282.7515948274635,323.7839842703225,394.26646333843036,439.9829877710676,585.1363442782539
239,59.75,2024-08-30 04:30:00,336.83,185.061251679584,203.82718406291184,276.9691012437137,325.4140339779871,352.29057972783215,404.3287363223711,552.8463949243035
240,60.0,2024-08-30 04:45:00,335.58,120.06671489114261,225.86135441893487,234.65195021488412,328.8348864610287,402.3696446962405,422.78155283560005,560.0124984593841
241,60.25,2024-08-30 05:00:00,512.76,110.85008570956177,207.98074296109957,264.5408109733079,327.00197338557473,403.96037276306663,458.45844916881776,532.4730952532298
242,60.5,2024-08-30 05:15:00,329.72,202.78631865810266,294.1831922320357,337.44884067629613,467.0513438181175,543.2545950286816,619.8602963554182,765.1673978508052
243,60.75,2024-08-30 05:30:00,329.22,209.89824095085993,322.1162556474515,297.58262525088645,354.809675197201,506.9878321315595,560.5815262537767,736.7190197948335
244,61.0,2024-08-30 05:45:00,330.14,123.53295208570285,240.61428251199783,287.31658363368695,331.0779466171094,426.4015239785383,493.9317490900124,655.9427913622702
245,61.25,2024-08-30 06:00:00,330.14,137.64913190337154,186.63047637956603,224.45174347695254,328.84176427063124,443.429814749186,487.19287344939005,678.8314793302175
246,61.5,2024-08-30 06:15:00,334.16,105.95957668834468,209.69222460967976,248.4359616362708,332.2097404184041,429.3124073032223,547.8407493831714,745.5387165636758
247,61.75,2024-08-30 06:30:00,334.16,65.97006189804397,170.6613550399249,189.47250653742947,328.03743810907156,405.48420391967187,422.35997733041387,564.8273184555046
248,62.0,2024-08-30 06:45:00,330.14,143.81928886463962,206.98134754664517,261.37089807837225,331.30395386941046,417.7928467985678,430.0381829176165,556.1090732422382
249,62.25,2024-08-30 07:00:00,329.99,25.30676464279402,193.32290527771667,239.96189963955845,328.0357335604317,385.4227350833235,460.33271962843406,547.8769246745128
250,62.5,2024-08-30 07:15:00,319.99,105.07062807708108,160.63587557740215,225.57052353513413,331.1985588891316,409.2957954748629,426.01782389740424,522.5335011961389
251,62.75,2024-08-30 07:30:00,568.35,178.1549924536774,213.95948705878337,243.98497887210786,320.0192236434365,449.23452708029725,443.3922175286684,584.4035031772696
252,63.0,2024-08-30 07:45:00,322.42,192.41637022873738,290.68654915752785,326.84375285321204,508.5251097923314,575.5194884008118,687.5294951721907,871.2095590375656
253,63.25,2024-08-30 08:00:00,344.59,104.93934029641409,247.87696020894245,294.8957951298685,365.6591869049762,514.895829422318,541.0867403534588,663.1421954188357
254,63.5,2024-08-30 08:15:00,329.61,109.04249577963962,247.80186954224152,288.90604432885596,350.31981900900513,470.3793823029398,557.6703603096291,669.7414128851464
255,63.75,2024-08-30 08:30:00,304.6,176.19116474356693,170.75582721952836,206.02673627734936,335.62472633961136,410.9959370174659,421.34207034109346,604.8050603787747
256,64.0,2024-08-30 08:45:00,319.81,144.92024844086222,204.9712320675113,222.3805910255383,310.87453877905944,398.888881302844,431.79935260064156,578.8066927890724
257,64.25,2024-08-30 09:00:00,316.86,50.01350829267503,238.34207501576842,239.9247440119527,325.74779652468106,386.0367346998621,469.76444650942796,563.2956622725009
258,64.5,2024-08-30 09:15:00,312.95,74.91028703625521,157.09150514097811,199.9592253804836,318.95657446028423,438.66187425659086,414.06267614446955,456.0802770374532
259,64.75,2024-08-30 09:30:00,314.32,35.450566718090975,176.91404350845914,243.85642013563628,316.799161249463,395.5303729071019,434.1927155281749,505.65700357302137
260,65.0,2024-08-30 09:45:00,307.83,77.5110551146766,175.91689138599716,241.1906827000543,321.5761367330353,354.2882091673826,430.44624126376993,466.1874291090285
261,65.25,2024-08-30 10:00:00,311.8,19.804141606772035,107.90001984580645,183.72343049728624,306.4124963204184,382.8865080169382,375.2128243411533,439.7902412968894
262,65.5,2024-08-30 10:15:00,304.16,-36.118451709702,101.96263534024949,156.4426241003299,306.85496358626574,343.91315813192057,408.50302138387804,614.5303493957293
263,65.75,2024-08-30 10:30:00,304.42,35.5910462552188,141.41733916293478,208.64911812084276,312.9786583493102,366.56330864869204,457.07388758476185,537.5819984649472
264,66.0,2024-08-30 10:45:00,304.17,-87.36989949190077,126.1185823591049,198.16167506541314,308.0807570627482,429.38509349651804,407.996452490942,559.6342299710661
265,66.25,2024-08-30 11:00:00,303.51,16.99855611192621,79.7434684656518,130.33461340653656,308.4719222720576,382.03323569702553,425.1451391530852,619.2165333766186
266,66.5,2024-08-30 11:15:00,303.96,-53.422062413120685,39.050884768485865,172.64623569210934,309.17630712580024,433.56051345180845,508.8955576701799,582.8921161089214
267,66.75,2024-08-30 11:30:00,295.59,-15.004017822758922,172.70843846967702,188.22763845511827,305.36135063262066,405.29746310909525,440.91203743465917,622.3672988028951
268,67.0,2024-08-30 11:45:00,289.15,-48.93527971159153,59.87773568749505,125.04978399465466,291.99084019002646,355.2512504453663,365.08640777879714,522.0103107459996
269,67.25,2024-08-30 12:00:00,273.16,9.469332933369753,83.35058263096056,156.73894398402538,295.60910457636015,424.37279315020396,500.6664825891213,597.7790521949885
270,67.5,2024-08-30 12:15:00,303.6,-71.90271915147922,83.34467411779957,136.88297482515034,279.84913930350274,333.32611158725143,410.5445319110822,608.5590328908233
271,67.75,2024-08-30 12:30:00,294.22,-32.201094236186144,66.83328772219045,147.57653799609452,302.62800532222957,423.20511550888966,423.4131234341025,535.8911480372101
272,68.0,2024-08-30 12:45:00,292.84,38.87126685157795,115.61036456513578,164.13951789956334,299.11857371699364,392.4870117088533,463.0830927615073,614.6756511274548
273,68.25,2024-08-30 13:00:00,318.03,-34.736815678687336,140.94396480918485,188.04871604704655,295.9816897639022,350.24063477601106,411.04225569799326,535.4129073295713
274,68.5,2024-08-30 13:15:00,299.76,-1.3455424343619984,100.15780315806207,146.47121989783162,320.88982186124684,455.2363753191306,476.6521477932128,511.7783556856683
275,68.75,2024-08-30 13:30:00,313.47,21.995824635519824,166.78290631787496,231.42363003345844,315.4475270408816,429.4607295304651,546.8676375788324,615.853918166796
276,69.0,2024-08-30 13:45:00,343.05,94.73507531962228,209.71371693670105,250.14412692208276,315.16122910832127,436.38810352145333,481.6976559265003,529.6660922451368
277,69.25,2024-08-30 14:00:00,300.07,12.398935381588467,157.88691333368234,196.19654686417715,341.32743512400697,421.9936715940788,446.0954594502565,559.1070696006491
278,69.5,2024-08-30 14:15:00,290.06,46.54653584591651,192.7308881563315,271.44153924799315,318.08957743267024,452.56895099862527,528.3200110674223,628.3808669176099
279,69.75,2024-08-30 14:30:00,289.02,106.53948754005063,177.32548887224675,201.33683850007105,292.9306978401363,378.2430569821316,445.7190191565938,511.57613704353025
280,70.0,2024-08-30 14:45:00,294.23,23.214247926302967,159.52274570052808,171.65955594555265,297.0855086542293,377.58740190621523,478.4622018115832,616.9593047119603
281,70.25,2024-08-30 15:00:00,288.78,72.59390037715657,192.17132590600502,277.0283850921338,310.5594887320065,464.1190785646402,477.4496734239295,674.2613459665706
282,70.5,2024-08-30 15:15:00,295.56,112.39295172863358,233.98036688263608,220.67464253614398,304.6680166414979,441.2806129585613,531.9901559970085,627.9813136509392
283,70.75,2024-08-30 15:30:00,294.12,38.36782664442258,131.98948063584896,194.14767498313196,287.25270059508955,348.18658742603856,408.0159973932218,558.2972014480453
284,71.0,2024-08-30 15:45:00,299.98,138.0613964220107,191.28429380797903,228.28709493876738,302.7194525903866,444.3847196777683,477.087183050353,491.9733154373206
285,71.25,2024-08-30 16:00:00,299.51,77.82933982980906,201.77493178812617,215.98277746244324,311.35780260607095,408.2092207877448,439.1210072389326,577.5819348479682
286,71.5,2024-08-30 16:15:00,311.13,39.836385824212044,187.4767936111166,228.8929802855502,299.36357829636387,365.04322219997965,411.8178739043515,543.7039423120959
287,71.75,2024-08-30 16:30:00,319.27,95.94812221670328,168.89559720654535,220.83427174989555,315.6152307810269,396.4201031378196,445.78128817309823,516.8295603675192
288,72.0,2024-08-30 16:45:00,330.69,109.55030775662263,190.68244241244625,240.02553980205425,314.81343273888774,375.12216531634397,431.9173727222712,525.1863176231193
289,72.25,2024-08-30 17:00:00,324.57,65.39267474982942,197.8394601733649,221.79654686417717,324.2347976422044,416.8808602850914,415.76847007634467,526.8627897856454
290,72.5,2024-08-30 17:15:00,283.82,126.20015560975227,198.19802920188377,250.95064780041452,330.95682651323847,415.7110011747924,459.5554542805145,584.7038746759316
291,72.75,2024-08-30 17:30:00,324.46,63.038821140122174,198.81373336706227,199.36540656001796,296.4050603442751,340.598265868085,360.417792571907,520.8461658479804
292,73.0,2024-08-30 17:45:00,326.21,93.09901553242693,187.22712360263228,235.34930490946957,318.23820215105775,375.16228403238847,458.469458080111,486.3786953499662
293,73.25,2024-08-30 18:00:00,330.66,134.59886198401657,201.23374863479225,250.3778819220228,323.8736386712573,427.66394096316765,438.37182720020866,512.4316923987974
294,73.5,2024-08-30 18:15:00,333.31,127.29168276137709,224.42234001291487,241.3885516520103,333.78335455193024,416.0428582480715,431.41735706814745,590.6067266157794
295,73.75,2024-08-30 18:30:00,327.86,92.89358209389043,236.22008638833833,265.90191293392,341.04986306738544,408.8666643149544,488.4523052659351,568.0198585712451
296,74.0,2024-08-30 18:45:00,333.74,144.10593786356486,201.67891403333113,254.6304967342393,328.7163629234796,408.5834928602102,446.4047599575967,572.1138973688048
297,74.25,2024-08-30 19:00:00,333.67,152.45413704853271,223.44814630594163,258.9541947574814,335.9306928204669,399.73938483519913,444.47013257878444,491.2086089918149
298,74.5,2024-08-30 19:15:00,340.62,235.8665051517592,270.0973745835162,286.29486128160784,345.0130115178989,446.4338211871277,486.7511833870676,572.1429585983358
299,74.75,2024-08-30 19:30:00,338.9,153.43422602087958,268.0918119273038,292.1257711122164,342.67904504497824,435.8637693456723,443.1350029052847,560.3700783197804
300,75.0,2024-08-30 19:45:00,327.61,175.6540597007742,279.97907801782395,282.0727230042049,341.93435159023903,407.93560540361375,495.19040811896167,554.8615511865265
301,75.25,2024-08-30 20:00:00,325.56,214.25143738061576,243.6529054183019,265.3580802231148,327.6120825685597,367.85625736724893,408.97399788811634,545.2915394851768
302,75.5,2024-08-30 20:15:00,329.07,190.81585204705482,252.70273170927766,286.9742983437937,330.3094711761008,457.5724503982056,464.1201781309908,503.4969827560555
303,75.75,2024-08-30 20:30:00,330.7,160.46528161164852,241.08191836585783,275.31730970903254,334.08011382057305,394.18479514530696,481.0326258330646,576.2640802891813
304,76.0,2024-08-30 20:45:00,326.37,175.85892790038355,322.76395984298955,326.21078682110806,338.74156859839707,409.73218642224276,453.48620129961137,621.8098319109356
305,76.25,2024-08-30 21:00:00,339.45,183.53359853632648,220.90267449194607,254.7808348331249,320.65490988787764,425.66387834667273,468.6672559287083,522.8759300037285
306,76.5,2024-08-30 21:15:00,352.51,209.2103407605179,302.35041118596246,314.03503028922006,341.5101640629791,380.80556324270304,454.5330679520931,672.995652362535
307,76.75,2024-08-30 21:30:00,354.18,232.42619387705557,294.91900966924607,328.9814379006949,356.64762243185044,465.4945521665696,459.1186570676557,690.9570554515637
308,77.0,2024-08-30 21:45:00,340.58,223.85560408573494,232.2573154997646,266.7775872622525,353.238370594604,469.85662902978333,523.1247455299284,607.0695090875422
309,77.25,2024-08-30 22:00:00,345.99,175.40879899751508,272.05108981594464,281.2215261709781,342.1380319049154,385.93542886994743,505.8881730464624,669.7983960344957
310,77.5,2024-08-30 22:15:00,354.29,200.72335554723927,304.8041906477349,340.5024203345256,351.53362323793,469.61429608752997,464.09756415797335,623.865738367067
311,77.75,2024-08-30 22:30:00,341.49,207.98444350970112,267.25765837251106,274.54697957779405,353.55890301765794,432.57872876267993,471.6570872341785,691.5576394754394
312,78.0,2024-08-30 22:45:00,335.19,134.15368333769032,215.9460170604937,272.4427783128546,338.1037582920497,384.527396622625,431.6592793289927,619.2462525795884
313,78.25,2024-08-30 23:00:00,330.09,157.14033869313857,251.71159408227552,272.8650956941327,330.7557361409903,421.98869042603275,468.0669677720835,559.4457537003459
314,78.5,2024-08-30 23:15:00,326.16,191.78758166557978,236.35554059812898,249.63187252040623,325.88373427871016,382.99208405031084,429.54064018379927,579.7042745417633
315,78.75,2024-08-30 23:30:00,330.83,140.21721327445545,250.64229009394114,269.8875450875419,323.31392848730536,359.2179051436001,389.5780184018322,605.3591093415962
316,79.0,2024-08-30 23:45:00,308.82,156.46161259554083,216.2141500686237,271.4583418582903,322.73681733466077,390.154005700516,474.4605221715436,631.2623224906462
317,79.25,2024-08-31 00:00:00,292.0,97.99463819956361,201.30222644763774,252.34556253028944,311.9257021305737,431.1509838077712,501.27678607298753,669.0035464568249
318,79.5,2024-08-31 00:15:00,437.55,186.8667749546785,228.5067962442868,237.02607735517586,308.00765135618616,410.5770375653258,485.7583367954965,681.9369417396639
319,79.75,2024-08-31 00:30:00,360.09,82.35797449956182,197.88376739817855,275.1361020576419,401.22960193935194,513.9111125562546,581.9387479236724,850.5764835042191
320,80.0,2024-08-31 00:45:00,351.7,162.55425012909262,234.88674516613165,266.44968686146376,355.93004719782994,477.56868712961074,520.9428614478951,723.1808497713852
321,80.25,2024-08-31 01:00:00,351.61,109.8300966096618,194.73350538782165,274.7170745435572,343.7237037329005,374.8661076663894,449.1271979230644,598.2688803006351
322,80.5,2024-08-31 01:15:00,341.96,113.13130170119356,185.35527086420853,274.7851129714554,342.0881120341917,407.6479032055937,466.33779149552424,587.6606748315932
323,80.75,2024-08-31 01:30:00,341.86,97.63459204275448,202.6514628067076,219.9251644222046,332.35853515006266,418.93449695365587,426.685053123541,566.6291676775724
324,81.0,2024-08-31 01:45:00,346.69,75.57192790409223,168.28919961198474,238.72249185360266,329.7056105328189,376.7425330994156,459.3013308075139,578.7702304623383
325,81.25,2024-08-31 02:00:00,335.96,137.22397287170543,193.38611267915886,253.30143896327783,335.9896763857069,370.04136507753884,400.3133010631263,516.1963249637389
326,81.5,2024-08-31 02:15:00,341.11,110.49746272960137,196.84788316141538,259.20504161107584,333.6665090674463,377.51181003155926,414.60504939070097,507.1776199332281
327,81.75,2024-08-31 02:30:00,341.02,133.4934091999156,208.08685994578929,254.79820489031374,332.36085572081464,396.1531558066579,415.91390870187297,500.61835337765535
328,82.0,2024-08-31 02:45:00,330.78,118.8878561172995,194.81979264280335,240.16552033919163,333.35052725934935,385.9112472420927,403.47887309973817,400.2592721703575
329,82.25,2024-08-31 03:00:00,335.61,74.19209357215806,115.37766276429058,202.7771666450039,323.2465392009877,348.98751994607045,402.49191735761156,467.81544969726303
330,82.5,2024-08-31 03:15:00,332.07,122.35074382962311,211.62231903725154,245.28342763038222,331.28255206893607,375.7677034986492,420.0462601004676,491.95369546424575
331,82.75,2024-08-31 03:30:00,330.07,187.984362711998,180.57747180985564,236.87526895983913,325.95720650738906,372.61400589543786,362.7223246692862,359.544551420519
332,83.0,2024-08-31 03:45:00,325.27,100.17270912680263,160.3683939188171,223.33148849844522,320.9725565012525,326.7634293105053,326.7622988326509,453.49679069763835
333,83.25,2024-08-31 04:00:00,306.7,155.25523375142924,175.7304486506361,233.79179125351067,322.4432993579912,378.8004576351544,443.1201256400833,440.6421181832005
334,83.5,2024-08-31 04:15:00,310.05,105.99654905489199,149.71438864091934,208.6258505903157,307.8139775368931,375.6019515991744,410.2126615900156,442.11926855309065
335,83.75,2024-08-31 04:30:00,300.03,78.4599852911611,194.36561874886206,225.8923851528528,305.60605272084626,315.55340998132806,377.4758996959651,418.02840128962384
336,84.0,2024-08-31 04:45:00,296.48,118.26213441691495,121.25563977541205,202.54151941943644,298.7217274148728,353.27038166478627,406.80529093857376,468.17667269918235
337,84.25,2024-08-31 05:00:00,300.03,7.102103474361615,90.79363999258608,152.9608781627044,295.9394778974554,386.9426625585876,403.18536837085594,533.434504845404
338,84.5,2024-08-31 05:15:00,298.6,0.3849475811101387,139.596512485479,196.24701872604066,291.88035805940274,325.973874431848,376.8431058850967,469.85882374655534
339,84.75,2024-08-31 05:30:00,294.19,-2.1478549322435105,80.29563403470421,168.50908197059803,294.53560103943386,332.3605421898472,377.9549750142073,386.50138759360243
340,85.0,2024-08-31 05:45:00,300.02,81.38257965986824,111.7155614495943,139.06408170365856,293.3748740705526,374.4476586390192,421.7197205993348,577.6894892175862
341,85.25,2024-08-31 06:00:00,296.22,-3.988219888085517,125.19374549189267,203.9473547420222,295.33885854614675,379.4427368617699,384.0279550392867,507.87406494641505
342,85.5,2024-08-31 06:15:00,298.02,-9.840368129791047,125.73557999477163,175.28668530959243,297.70471906712805,357.745811012551,455.78085054762266,444.15049438137703
343,85.75,2024-08-31 06:30:00,298.02,70.91658698013325,115.89151794027266,162.6661696446445,297.40090093578885,373.884663003803,407.8442177504998,517.2744740580982
344,86.0,2024-08-31 06:45:00,300.02,48.768264856388726,139.4958955405067,178.47477196081658,294.0124348769047,353.5179739786202,409.8519464199451,500.88706708046453
345,86.25,2024-08-31 07:00:00,292.01,42.5512924225675,122.02840749952414,139.0307944299609,299.2141366310894,363.9325806991641,426.4434841370253,513.1194821909115
346,86.5,2024-08-31 07:15:00,296.22,62.58477972405446,130.25066217805872,202.05861549064812,299.41649879092375,404.3327680656566,449.7327586990569,569.1835707082107
347,86.75,2024-08-31 07:30:00,283.0,65.02439730114283,162.9961300763671,211.67902839899543,298.43981229196294,393.1614212357374,455.0392570751249,505.6484896616803
348,87.0,2024-08-31 07:45:00,280.0,73.72559482004614,144.95474347117386,156.58509963741946,284.6089964378459,366.28423076024103,452.7522208889145,529.2267867845387
349,87.25,2024-08-31 08:00:00,278.51,21.38122003669189,122.23793229638925,179.07835881649305,283.5305558921647,413.2500745317411,450.8723775267502,547.5146683451798
350,87.5,2024-08-31 08:15:00,105.84,-72.01774527316618,101.00867321253409,180.52196358083208,278.86622413651986,392.94327433726784,453.83533348760335,515.0077511458344
351,87.75,2024-08-31 08:30:00,180.05,-62.00664186788972,50.5256456722299,66.28450696280761,153.84001678743056,315.28129822106195,413.46104996132186,483.4059757698314
352,88.0,2024-08-31 08:45:00,243.23999,-60.71404531968007,34.19013579758278,48.44941821427589,175.85427240711002,367.3447912089201,415.45792869292205,487.37440787953557
353,88.25,2024-08-31 09:00:00,0.0,-13.325143394792084,74.94426319489538,125.66032593869328,234.47729801027032,362.2037621128634,408.09211917937205,489.70357644546857
354,88.5,2024-08-31 09:15:00,143.78,-164.45004824316314,-31.05422666084431,-9.809721581706462,65.39136101091657,274.66089950923674,305.75356241713126,435.55050774991247
355,88.75,2024-08-31 09:30:00,0.0,-64.43432318856992,12.385038452651536,40.62494049492388,131.75332557843282,297.54242484015333,414.66897438062495,388.78555342588555
356,89.0,2024-08-31 09:45:00,38.14,-132.58894301372845,-87.89320475619716,-41.41180607274777,38.673647399617174,299.4590617237355,297.469420699961,389.1737842502955
357,89.25,2024-08-31 10:00:00,0.0,-196.11815308249535,-109.79542935811452,-60.05101509014403,40.35152769154114,227.17740948660597,221.050219515664,369.2829976982832
358,89.5,2024-08-31 10:15:00,0.0,-137.60459063431458,-82.49549094825092,-75.69623189285782,18.507052954666264,222.87596995408728,298.9526076449566,360.9027940670268
359,89.75,2024-08-31 10:30:00,3.68,-247.4943861897337,-148.75901562385047,-100.05689917769708,7.632986473025875,248.57851445211995,296.81826545581663,420.13983363849536
360,90.0,2024-08-31 10:45:00,4.33,-175.79085856098155,-115.01353739295794,-99.61982044935702,8.895312310118282,243.02970742140877,286.10543558612704,339.4459026689548
361,90.25,2024-08-31 11:00:00,5.8,-241.81812440483068,-150.88757294584477,-129.6170668760553,13.971711040573162,245.38956890268216,314.3577618449752,376.6516135347883
362,90.5,2024-08-31 11:15:00,2.66,-209.58236070913267,-131.5358598370298,-92.36084550897853,6.633968344515609,232.92963518819317,240.7344542950905,433.27744797936316
363,90.75,2024-08-31 11:30:00,201.48,-194.71181655195457,-93.55213622727338,-69.40173782335576,13.20001735322146,262.8954446154946,320.55885901361427,388.9120609632815
364,91.0,2024-08-31 11:45:00,4.33,-191.40487516849743,-125.08715821075177,-66.53794375883025,160.74802030533908,282.0347283500666,338.26695778449385,456.5601604707242
365,91.25,2024-08-31 12:00:00,16.86,-171.4130941095732,-128.5025570213316,-95.16179759019643,42.9933385191751,252.62462717095312,302.14860101726794,411.1990167657822
366,91.5,2024-08-31 12:15:00,301.78,-225.1685547552355,-115.77744124334625,-92.49934505388771,30.174741937673474,298.3206948119474,348.71287565045475,365.3354220218073
367,91.75,2024-08-31 12:30:00,303.55,-150.80062330149522,-20.840889157677907,27.33329413046259,249.94699322232506,314.84546588871564,363.31583437471346,536.9527109017992
368,92.0,2024-08-31 12:45:00,280.97,-97.09744063270604,47.11196686604184,101.20194076634827,290.0279177453853,398.9517199742048,432.48621504764066,440.23677121752604
369,92.25,2024-08-31 13:00:00,284.96,-8.181879838601242,35.164032533322796,62.576990025088854,279.50085276593705,408.6162723020592,457.8689314633138,479.2304410003839
370,92.5,2024-08-31 13:15:00,285.94,-2.2347339217271394,112.60598939711268,156.13616965930674,287.1647706144757,364.0536566437438,405.1487876075229,499.1141068666921
371,92.75,2024-08-31 13:30:00,294.63,-25.654338007807056,98.39299695740758,123.94631837865714,289.1585913151612,412.62965415426373,458.002513319158,497.8857720230018
372,93.0,2024-08-31 13:45:00,322.12,-33.42127948268771,61.299198983232316,149.85179027545135,295.10773764792606,405.57944667890655,502.28504425718336,575.4857462864148
373,93.25,2024-08-31 14:00:00,300.04,55.485235280617204,77.51316151286628,133.34067987541215,312.05057577419564,414.4679127119161,429.09177423665886,514.0946650660073
374,93.5,2024-08-31 14:15:00,285.12,96.67275852138478,144.8876390122843,180.84587860559105,306.6420628115893,427.6111176190483,435.2079288007328,510.2354830427028
375,93.75,2024-08-31 14:30:00,302.73,-19.62852452164577,86.66013382852688,157.95258923950198,286.71938662744543,370.6723571893267,468.644089964551,505.4886241957209
376,94.0,2024-08-31 14:45:00,289.57,95.43913118664554,118.38670115346311,157.1982668513192,301.4425425263893,425.10343070255794,425.826936529385,509.31950894523203
377,94.25,2024-08-31 15:00:00,283.82,102.84653433656574,169.07670991545996,197.87224182317843,296.92018951580803,411.69534511909166,443.62908355067265,568.7232410090778
378,94.5,2024-08-31 15:15:00,278.56,-14.588832167007679,115.25785419136791,169.55696649474154,295.15870850978,397.9406135157273,473.546972419159,629.0826375413142
379,94.75,2024-08-31 15:30:00,283.64,107.40051864742506,140.84457549250763,169.69437033723813,276.22325523147447,383.35468482211525,392.4708582401367,508.77441990259257
380,95.0,2024-08-31 15:45:00,282.0,97.31987319038545,156.90509994101458,202.1468236747965,291.55518670280946,398.9539632661971,427.0259893470885,614.4863490779894
381,95.25,2024-08-31 16:00:00,287.49,26.903129643140318,138.45868431704338,191.6815817030117,292.21836872990895,420.7977894134827,490.6884522849803,545.5844568954863
382,95.5,2024-08-31 16:15:00,280.93,125.08758876384086,144.71268431652587,163.0806884950988,283.97512072434347,393.1645742091282,443.6019741618123,527.0041083493059
383,95.75,2024-08-31 16:30:00,283.96,61.33154787199222,122.32308907351651,186.15439064533714,286.0420007643352,386.6107348304426,382.89372364511837,558.9769542491631
384,96.0,2024-08-31 16:45:00,283.96,89.42633806749109,162.09345454943767,207.58840532260905,285.94747780154694,395.47833559836573,467.1596753912604,473.3094749192907
385,96.25,2024-08-31 17:00:00,320.65,19.788902235383002,138.5976028232277,168.75875197908232,282.7193982882583,378.5754307191177,406.43944887479626,474.9011877383103
386,96.5,2024-08-31 17:15:00,314.84,112.32943079622393,172.7331235134512,227.6200843011219,312.69871714671643,377.24560016056046,384.16864654101227,515.5120855786363
387,96.75,2024-08-31 17:30:00,310.67,19.31178317374033,163.33466182650938,213.95293823590012,312.48623588530626,388.5258614662661,421.57199010659383,467.53269775578514
388,97.0,2024-08-31 17:45:00,314.34,93.61091886773852,147.35835797815653,181.85149827213837,312.10770023327666,362.53803469937054,427.5902523539619,451.4478569935855
389,97.25,2024-08-31 18:00:00,320.32,148.8587206794597,190.15281574561624,258.45176579809424,313.032932326145,394.43467491042435,434.8153438702117,526.0856039244501
390,97.5,2024-08-31 18:15:00,333.54,97.42300942291999,175.29936785802167,223.05075242861008,323.83002695527983,390.1444231343282,411.77724735645836,553.3673376665213
391,97.75,2024-08-31 18:30:00,343.18,153.51175869638323,186.8834649587831,206.36385934610269,330.1229224584409,374.1945905730781,425.57707001205506,531.7063309847548
392,98.0,2024-08-31 18:45:00,344.52,93.79503661641853,158.98291161353998,258.23886723138236,341.0610662795599,438.23807312312874,483.1496973234208,582.4327844097693
393,98.25,2024-08-31 19:00:00,358.4,186.24174655516563,217.24397123470672,253.79005931231046,345.6589073904628,402.6468723103909,472.4425750421173,589.5058178227417
394,98.5,2024-08-31 19:15:00,452.12,134.23410623880224,201.46588519671022,234.25878679764844,355.5617454615332,412.4763595908331,430.4373917418158,525.7954597176272
395,98.75,2024-08-31 19:30:00,403.14,226.5483670075241,231.3596807559243,322.9102993180581,426.9040876237636,535.0512515665984,567.8170216990304,674.0548085457543
396,99.0,2024-08-31 19:45:00,412.83,206.7249874055459,283.43469269488884,307.1928152833237,398.12280150338233,467.77493354759787,533.0984658872494,589.8213227104939
397,99.25,2024-08-31 20:00:00,405.54996,180.1336400219106,243.78406513702444,293.99536951882504,399.47121429167163,460.06708824414983,519.6297054376906,555.099578597889
398,99.5,2024-08-31 20:15:00,405.13,219.90398341818616,278.3270789344743,309.27504067700335,400.76422483323614,473.5108633667544,516.3604959605892,601.209641801737
399,99.75,2024-08-31 20:30:00,415.43,193.39456918342142,240.63949967523084,292.1078954311435,396.2966911667359,435.5870142359377,430.08045660707097,559.8547923827638
400,100.0,2024-08-31 20:45:00,427.99,213.28598942126234,294.8522275731822,317.21760144497483,405.5076392555054,471.1163346339337,553.4060786126806,667.2858957552658
401,100.25,2024-08-31 21:00:00,461.92,240.07738280990918,260.0823189216784,319.5725855325365,417.23428475618687,489.65523968533404,589.3859960020317,718.3147343426205
402,100.5,2024-08-31 21:15:00,476.55,236.7480504578551,332.5311781069274,364.96232679445205,445.8638439679745,551.8664914209796,576.0451517712576,704.6573563126095
403,100.75,2024-08-31 21:30:00,466.86,238.9261456727043,338.67046772365495,359.2994276110625,467.7088624161222,540.7976471377665,634.0417215258174,769.4729684850147
404,101.0,2024-08-31 21:45:00,466.86,242.43763510090963,314.53499074422984,383.7383230802417,455.5389282867774,542.814644842432,602.0381186796476,832.2214974846885
405,101.25,2024-08-31 22:00:00,481.87,212.9366850120347,314.7701301379486,351.8045846486607,452.05762173409914,535.5637598841992,565.2489778633441,711.0975782509971
406,101.5,2024-08-31 22:15:00,453.14005,305.18230899446274,301.36581575794986,371.01229541289325,467.55849561369723,553.9190903462011,665.4791669315218,793.5487421027534
407,101.75,2024-08-31 22:30:00,402.53,264.0114448462959,318.9978876851553,350.9316261167363,444.7205908306164,515.9802623838134,586.0755417469605,795.9148410839072
408,102.0,2024-08-31 22:45:00,398.25,232.2853124903779,312.48593339416163,322.26230587916274,402.12871160351784,496.98896305790674,570.5785494690579,696.287686880266
409,102.25,2024-08-31 23:00:00,375.58,234.70339578911836,259.88139856270135,304.4584013180858,389.60655855172706,463.81508158817167,514.3383978577914,700.5687976830862
410,102.5,2024-08-31 23:15:00,343.69,225.26759300554778,241.54647410915746,297.31068571185597,371.24054595718667,435.124979988165,490.1611638526187,593.1703059471267
411,102.75,2024-08-31 23:30:00,356.33,154.22763158972845,243.3364179863208,243.53538208869827,345.42807131967027,420.1748077971164,504.27783825434875,554.2359155967598
412,103.0,2024-08-31 23:45:00,335.97,170.87566670395483,231.28840324401745,276.0281948104381,348.040764614677,379.20295191061814,372.0871590559882,570.4046281007132
413,103.25,2024-09-01 00:00:00,350.07,125.09919382556511,202.8579825638074,260.42191491073834,342.7874009057312,420.04537691464384,507.3453987441684,706.6712540350337
414,103.5,2024-09-01 00:15:00,499.60004,97.02298365183367,209.36535091241115,268.12306787360683,352.09609337758116,450.8263767931195,508.93293851017074,631.8023155510825
415,103.75,2024-09-01 00:30:00,649.04,214.9451202301389,293.1380124644774,306.7580096544975,455.22366627512673,571.35765625942,617.8202960759726,801.527469330208
416,104.0,2024-09-01 00:45:00,478.72998,246.67075800199564,262.4250973811557,353.4783056873459,586.6348412495045,667.9953324319202,801.4957232157726,1000.0573975566975
417,104.25,2024-09-01 01:00:00,434.96002,217.87687323583847,297.7700041632207,385.44082272899425,481.1889055645796,605.6940840608332,668.9284933255216,858.5412828912331
418,104.5,2024-09-01 01:15:00,421.86,169.60200676378895,338.51348585941014,343.96691102911933,432.5529927277755,523.7942842869943,580.363396122038,699.2444472925654
419,104.75,2024-09-01 01:30:00,424.78998,209.79046799275065,260.59866468168354,333.3200441006421,415.70022630774247,480.4811292772737,571.4167678866045,727.1875724024784
420,105.0,2024-09-01 01:45:00,408.84998,238.91148478802978,307.5269686397446,351.5703858478442,415.78435417338505,528.1872019991739,577.5755185029586,686.8701174680269
421,105.25,2024-09-01 02:00:00,411.40002,222.4402899712956,267.2253006518929,325.006284746872,395.7968079904858,466.3431480175454,504.9240962331004,599.43204486239
422,105.5,2024-09-01 02:15:00,406.31,221.8341860360214,307.5877141607031,320.9725719570044,404.62263406894493,464.82813988731965,546.4350752419986,657.1857076039109
423,105.75,2024-09-01 02:30:00,381.4,218.63802044247436,356.28952590774725,376.26959150671934,399.74000748120494,488.7860523568771,527.2675185212433,595.7654326760987
424,106.0,2024-09-01 02:45:00,373.01,226.35074976352783,282.7480289647001,319.83674641242413,376.1006292267751,421.7741955009445,479.7496217868833,591.0338617757262
425,106.25,2024-09-01 03:00:00,382.7,184.11743073308995,214.8302530819002,276.68095745278174,373.61547679657804,438.4116412171439,479.83234980299517,550.8806219974161
426,106.5,2024-09-01 03:15:00,375.35,240.4760484748269,337.03242297632073,338.4161278701275,374.61628972427957,469.0224953466716,542.9738346712362,670.0576110737702
427,106.75,2024-09-01 03:30:00,367.37,163.47373047428374,297.8830254530877,312.27174758411155,368.8555556312627,402.6511910890691,442.7379358067079,587.0502167902077
428,107.0,2024-09-01 03:45:00,362.26,183.19663223305687,234.945386496865,286.02489787085807,364.73665294479946,426.88242749143575,480.46707779081765,574.4866599869989
429,107.25,2024-09-01 04:00:00,354.42,167.3653099615685,287.47632103770195,289.9814599630908,358.6141836020855,434.7459431281804,437.92032494338423,583.0917690962414
430,107.5,2024-09-01 04:15:00,352.42,137.16396260294528,227.43940214529633,258.75816062407426,348.2253085005169,370.37815253567913,391.08510435521873,512.4283362926672
431,107.75,2024-09-01 04:30:00,350.02,217.88394755428683,262.66895823488414,291.2610041288075,347.3971429456093,432.3310746258384,484.09791653531715,565.9987761321446
432,108.0,2024-09-01 04:45:00,350.02,84.91543114518582,189.33540960200662,224.49779278580354,347.95296931990123,397.18505687535577,408.46270395102323,551.395801952134
433,108.25,2024-09-01 05:00:00,340.03,154.8060940166834,244.6474300629382,281.93511161303974,346.78412587329956,399.3962715585962,490.4223483962803,571.5997021662806
434,108.5,2024-09-01 05:15:00,338.03,87.39063890300731,177.14153672090873,247.0955063522537,337.91385788418864,411.57550121873606,470.55931375081525,545.3879038904078
435,108.75,2024-09-01 05:30:00,340.03,102.56098490399107,198.60638341528818,219.5157018105913,338.6519583567534,433.56491171721086,471.7117564366695,614.6945954633745
436,109.0,2024-09-01 05:45:00,340.03,121.64863980327038,199.2446397304765,248.5063427145665,333.93542369503047,416.00697440805203,501.48918784767363,554.7392167021479
437,109.25,2024-09-01 06:00:00,340.03,125.24808129173516,193.0044019740928,220.15395812577964,339.4952550927867,432.25872404315567,466.25445408119396,608.8574525488148
438,109.5,2024-09-01 06:15:00,362.39,117.68744540139201,240.7467427218459,230.87993200849135,341.13925251257314,429.3918322043533,467.49345780963534,656.7535382847686
439,109.75,2024-09-01 06:30:00,359.4,166.67063132002903,204.6004242914396,252.7406932439476,356.0008014221362,423.80461321420216,489.9511334318695,513.1033198903366
440,110.0,2024-09-01 06:45:00,362.39,167.47274951702934,260.8140450005602,289.4648757429132,356.22354971874756,430.1686824549357,419.1487843300755,561.0237550594516
441,110.25,2024-09-01 07:00:00,363.33,147.09979870435603,222.5614564424223,282.4406074351999,359.8930366748951,418.0527418909267,444.19843370789096,550.9788499247352
442,110.5,2024-09-01 07:15:00,341.81,164.101894183471,234.22769644868737,266.17952252593903,362.59550580888737,423.7003178002739,488.4495673898814,574.7638125303541
443,110.75,2024-09-01 07:30:00,331.3,200.8671867745683,281.3843414775889,292.9875661753284,348.1526245151858,451.18211521107327,506.14142658142663,604.2126634874852
444,111.0,2024-09-01 07:45:00,341.81,130.39716945843372,222.2643218198044,269.8710052250274,329.82815918975984,412.92618379459236,440.8625525329537,584.7226423746866
445,111.25,2024-09-01 08:00:00,360.7,140.28261760063424,212.23527207858905,276.81268903432516,342.3857743603393,409.3046935720373,457.75697441236446,569.7014134681871
446,111.5,2024-09-01 08:15:00,397.44003,101.27081380484992,209.6338990178784,209.67007430921976,352.54890937331845,436.24947867455546,493.1125147517476,627.8745188211298
447,111.75,2024-09-01 08:30:00,428.82,196.07921562749019,256.5281274588942,306.3234159902691,385.67278706967653,485.5267654725057,498.6945715207589,608.730763958325
448,112.0,2024-09-01 08:45:00,448.08,193.80817835247726,271.2956524056593,345.4188243640954,418.6760502860478,496.63154217095877,544.8893808203262,679.3529387361422
449,112.25,2024-09-01 09:00:00,525.11,94.1345288311441,276.3132960262072,305.0545649969136,430.9445788648285,508.4094433609223,559.7919227998991,688.3317767585684
450,112.5,2024-09-01 09:15:00,508.6,224.24534957383267,267.54717330943447,326.7661252352323,498.9288586401577,644.0234302989144,700.2307892205446,881.8036202856399
451,112.75,2024-09-01 09:30:00,501.05997,198.01124643998062,309.3949684800122,332.38436612744323,492.3808968631292,579.0710258901956,661.5659515995194,748.5856149211486
452,113.0,2024-09-01 09:45:00,471.07996,203.64681102212458,341.3118822216505,350.82598384442684,490.6870082761584,593.6074078590946,662.7655210809297,805.4227824855626
453,113.25,2024-09-01 10:00:00,467.59003,183.57417871696387,311.72514829371346,332.779167854382,466.19703375486193,605.6674780878924,639.6360766574246,759.4848168713334
454,113.5,2024-09-01 10:15:00,470.52,194.92465771158788,237.12313506127836,298.00615038877856,455.7948578747875,500.00897723890415,562.7618029376106,661.237728835905
455,113.75,2024-09-01 10:30:00,504.79004,271.4714593757377,359.38646115806534,375.18601965140215,463.4332406131967,581.4303994113016,620.8976422647196,809.9044957004634
456,114.0,2024-09-01 10:45:00,470.17,170.71120425578272,296.4022540213201,316.51571600711344,487.13986905217695,585.2958697176713,648.0079982136187,740.0922023230374
457,114.25,2024-09-01 11:00:00,476.22003,214.5374460698188,314.0918478412274,374.46840908994864,465.2414001979751,607.0122256550129,711.2603493983167,797.0681404600105
458,114.5,2024-09-01 11:15:00,468.27,191.31727196663837,284.7218742100166,343.38010912002346,466.93512097963935,616.3317261133813,678.2909563582868,863.4360753636953
459,114.75,2024-09-01 11:30:00,454.36,147.85692079160017,233.39339716823372,296.50119291322727,461.17641821401713,555.5479322972518,620.6046718632608,789.6246768329061
460,115.0,2024-09-01 11:45:00,422.07,121.24064990401824,271.2234078052755,313.36762221795385,439.5459079387452,537.54590266033,606.3965259057636,728.0449868639047
461,115.25,2024-09-01 12:00:00,321.41,114.13948260662983,166.90114502799588,271.1402470281099,419.1315268790792,522.2329442284539,594.4026504544569,706.1119501165607
462,115.5,2024-09-01 12:15:00,416.06,40.81104099577822,196.99786136207783,213.1953480601694,357.2724896499505,473.9468480486553,551.7237244325682,678.0478638762249
463,115.75,2024-09-01 12:30:00,450.92,87.23166324676532,201.39409985295472,260.1585996812769,399.48829952143234,517.6452796262054,511.2603407044562,636.0198767179538
464,116.0,2024-09-01 12:45:00,478.33,149.43311161976712,204.66825958659834,298.25373828668336,434.51221241585046,532.4797058991207,626.9514792370688,689.0463668245045
465,116.25,2024-09-01 13:00:00,495.97,165.62063156583758,294.8930351741692,356.219197820601,462.34224116510154,507.84030075237257,598.5484306935018,800.6416957719807
466,116.5,2024-09-01 13:15:00,696.09,222.5356828721203,302.8267420042574,351.1750188819782,484.13783211862227,608.4265594331879,597.2348286744563,734.1628283129021
467,116.75,2024-09-01 13:30:00,648.97,279.4566559393514,354.30333372461456,450.8913616060321,637.7503071183829,757.4091270527495,882.5258719885974,1019.7658835148624
468,117.0,2024-09-01 13:45:00,619.03,293.9711304838918,405.21015135855805,444.4422548182573,631.0859856090735,779.4978032218861,909.692676759422,1064.6133619287743
469,117.25,2024-09-01 14:00:00,601.6,316.6596311370957,421.36901192464734,462.85302727034605,606.3044493677071,799.0300317852024,878.8055930157251,1020.5042091998121
470,117.5,2024-09-01 14:15:00,692.48,286.366057098826,346.10955074907355,433.68993108649363,586.2216339299983,736.0113627376138,867.883887490751,1018.4816253448112
471,117.75,2024-09-01 14:30:00,471.88,363.4594359737283,376.30166439990927,423.9987860334857,645.9274155455713,797.709894191061,880.757080411913,991.589129258989
472,118.0,2024-09-01 14:45:00,524.75,329.2541656830731,408.2519581497568,440.1879575370466,507.37225642506905,681.8909056786002,775.2231573392958,895.1985110728991
473,118.25,2024-09-01 15:00:00,483.14,252.04694415548764,364.2807855420411,394.95743259951,506.1693220056702,636.0657493896401,735.9276411374502,900.9412325910403
474,118.5,2024-09-01 15:15:00,446.73,319.7267191224997,380.58260298149395,442.6458371890059,491.7063151150096,680.4667243784903,749.2178655727353,764.4114879361043
475,118.75,2024-09-01 15:30:00,430.57,263.61001480974977,370.7521839400075,367.1708300972134,444.7238718659517,554.6402336509497,629.6677878929196,737.1807758390718
476,119.0,2024-09-01 15:45:00,439.61,279.1163026184476,343.4811897375532,361.3698713058532,432.6456521684756,519.1212730226664,554.1299112182626,711.3567932902716
477,119.25,2024-09-01 16:00:00,430.06998,271.86123577533925,382.7656352050979,373.0797009484502,447.3283559487266,591.7955123982816,667.4923095300667,755.0184269304748
478,119.5,2024-09-01 16:15:00,421.14,234.76861464627413,323.76887516884244,355.68452595475276,428.3030318889594,550.8683103870329,638.5210413071358,791.0179819566171
479,119.75,2024-09-01 16:30:00,418.85,284.83787625203877,328.08543705062857,340.2855540555005,423.1541026957091,527.8273081919194,602.2941454180983,688.8616175979606
480,120.0,2024-09-01 16:45:00,402.57,239.55901455436765,315.1382419892933,333.3163258883241,417.7370206226477,487.67177213046756,522.8205895800115,685.6365320846144
481,120.25,2024-09-01 17:00:00,435.52,202.44261364699773,292.41056321294724,330.050953853627,406.9539708560753,495.09167677572316,567.5960044466336,743.5888189019705
482,120.5,2024-09-01 17:15:00,452.71002,219.26127143051696,300.2034858067985,343.09833751481,428.04300873465604,537.0612058643194,586.0425503405139,687.1343799142844
483,120.75,2024-09-01 17:30:00,396.79,268.3545199665114,306.0853488355445,307.3153087411506,433.23923694469806,472.6126501361995,532.9225131915101,605.9604264097055
484,121.0,2024-09-01 17:45:00,392.06,214.7462311985565,284.9986469834676,337.48899471977353,406.20848253409474,533.884651411989,561.8300639731857,690.3427643837032
485,121.25,2024-09-01 18:00:00,397.92996,221.28035786965572,310.7147218883203,310.7418533568263,398.06844141592967,482.2489096061897,509.00958137595694,685.409323699593
486,121.5,2024-09-01 18:15:00,419.99002,229.53310674672034,306.0800232250272,342.0156532612456,400.1675754022053,497.91759320823206,594.0715175935533,672.6985133239881
487,121.75,2024-09-01 18:30:00,431.79996,222.20416582538328,261.90654807252025,345.6613913505921,419.3238935833532,503.1324345595098,526.9086447936153,690.5294875305633
488,122.0,2024-09-01 18:45:00,523.13,309.6030338123035,350.50824449654056,331.03689393205633,431.78274870715484,508.1013793137354,597.3684326099461,705.2431513898663
489,122.25,2024-09-01 19:00:00,557.63,294.050409659362,391.4614254187953,435.70380672927223,505.89461147111757,637.8694223904338,685.6208069610224,843.6435454425413
490,122.5,2024-09-01 19:15:00,776.94,318.33651398102995,376.8138724343301,428.852029028869,547.9854593803951,679.3387900992454,763.4734739364014,927.6550336891405
491,122.75,2024-09-01 19:30:00,539.21,436.2575509929846,474.36822042110197,514.5408814556765,701.1285122829672,809.931353381364,919.1343836402247,1071.8935951519306
492,123.0,2024-09-01 19:45:00,533.48,355.1234026734828,430.476534537525,474.49282027711854,554.6934411809023,716.1889855515457,750.2389785265959,989.1677340134094
493,123.25,2024-09-01 20:00:00,472.67,337.1370981601532,416.9217032135113,430.60500716337873,527.1817302662521,657.1708568342842,694.2957495733497,884.3968834925239
494,123.5,2024-09-01 20:15:00,482.53,382.8178049917076,398.65353877638574,439.82328127855635,476.23936440290214,616.7272388049082,698.184951082804,799.6385556496336
495,123.75,2024-09-01 20:30:00,480.34,327.380274993361,376.8499859026638,406.1157965978199,477.74259083423885,607.3498985069416,656.9733544044451,862.2862204123045
496,124.0,2024-09-01 20:45:00,510.08,370.9255886446453,439.74455851015523,475.9741127885221,482.1114770601538,623.1397198765713,673.5319007150787,931.479837704255
497,124.25,2024-09-01 21:00:00,483.67,369.8784614523456,341.02866660761515,382.03335934304084,490.4665341830432,618.2806213591765,712.0876737187272,772.5365855501312
498,124.5,2024-09-01 21:15:00,453.93997,387.09688446713324,403.7556061298271,440.76066821632435,487.0345182311893,609.9005038385378,693.0313233409712,880.8715236309563
499,124.75,2024-09-01 21:30:00,430.04,342.8937121913022,453.3594862135469,415.69422506007,459.0514422105382,621.0997902519917,697.8094955413346,918.4607071575742
500,125.0,2024-09-01 21:45:00,415.08,349.329814067822,338.4953143110862,372.6809646286665,433.07603745225384,560.747260489535,617.4339420214382,768.9179745133616
501,125.25,2024-09-01 22:00:00,400.08997,318.4534345363089,364.76685127607846,408.1634938417195,419.15668442726917,510.27743878526076,594.805528915754,800.7243531332267
502,125.5,2024-09-01 22:15:00,390.08,273.59840046767454,361.83897987207433,372.1285893029809,408.10717749766724,539.6495806376688,561.870253344096,801.2059808584999
503,125.75,2024-09-01 22:30:00,375.05,244.96189941531202,324.73746064583486,336.5622590030402,388.6723422510665,467.1369730996605,534.1471783981028,709.7058672776978
504,126.0,2024-09-01 22:45:00,370.08,287.9521219445026,295.56249886044014,332.82304894203565,374.8836079934872,458.18852108550095,535.1876287055748,668.5297525898088
505,126.25,2024-09-01 23:00:00,350.03,265.8465504305574,301.8680967837115,317.09789443842186,367.9725067013018,474.3157106079501,510.45482665796357,707.9899829477863
506,126.5,2024-09-01 23:15:00,342.48,203.06893370577785,301.17632382353224,310.42815458408376,351.3958241697773,424.9907803507369,477.3771241244364,699.3758653431414
507,126.75,2024-09-01 23:30:00,339.97,260.5929747570139,256.08915098501524,303.82696982135064,345.2323816287344,414.45554369445426,472.0556513327266,630.5034274078608
508,127.0,2024-09-01 23:45:00,306.0,239.54556142630716,259.82633413455426,287.5546949477027,340.06256509075206,436.8049142391203,453.5178988388263,621.3622068398774
509,127.25,2024-09-02 00:00:00,350.03,180.49322029819768,260.2326062373792,299.1409691015197,320.11627914157447,446.6619701650514,494.58518736951123,661.2990175161451
510,127.5,2024-09-02 00:15:00,380.01,209.82466936377588,297.13599597184464,298.4405674158423,354.99046112736085,471.08262343104064,516.4193073045936,673.293458206379
511,127.75,2024-09-02 00:30:00,360.01,246.0947883670282,310.5365479802342,357.0517550170173,378.5811405154683,508.9987181903246,507.84110886740126,683.8339012430927
512,128.0,2024-09-02 00:45:00,356.02,170.94309573363464,275.191241556584,284.28932732893475,359.5842395834744,416.476113885777,499.61371625533695,624.0024555325857
513,128.25,2024-09-02 01:00:00,345.02,214.10389677282697,247.6203042005922,288.81491721556006,353.8128719331394,406.4705193520762,396.321948073331,537.9903129349894
514,128.5,2024-09-02 01:15:00,344.92,213.76791301378626,280.79620595789913,294.57447004753766,349.03326234784777,409.5395459303634,425.4024111835475,577.2934157030612
515,128.75,2024-09-02 01:30:00,348.02,222.282424921227,290.581374973705,297.884261913241,343.790918590018,365.7050198333004,393.9115727788674,478.95516081097503
516,129.0,2024-09-02 01:45:00,350.02,223.07273492376356,261.264798757399,304.85602482373156,346.3962461152546,390.59146530274256,398.22445177576844,539.9411556055262
517,129.25,2024-09-02 02:00:00,350.02,239.21209253889964,235.69404545595287,277.17806080165155,343.60833096077766,359.5107629388664,396.3801566430107,535.6233749273032
518,129.5,2024-09-02 02:15:00,341.98,196.71516903564302,288.6818034482024,309.76747638879465,346.9816062234931,396.0364913752678,403.67852167112903,588.963842010131
519,129.75,2024-09-02 02:30:00,345.02,216.32669223018135,228.05653044761564,242.58995374400496,339.416159178375,410.70557643011637,462.3638924655711,591.6362960739027
520,130.0,2024-09-02 02:45:00,335.51,153.30091353671162,253.198980575863,294.60612342746134,341.6502527903799,408.3819366074401,477.4315239552511,639.2436021251314
521,130.25,2024-09-02 03:00:00,340.02,141.0395564268199,222.8951969094706,251.84447380538984,338.37068354356575,409.65013845921504,421.9497375152758,574.148232011191
522,130.5,2024-09-02 03:15:00,337.48,160.71294237238374,209.18783276979923,252.77905883613184,335.1397403002435,384.91384341167094,381.5721508740133,504.77614935983263
523,130.75,2024-09-02 03:30:00,339.02,99.68137298136195,255.97671922168558,261.2130926433467,328.3985220092236,364.06396783823624,465.8838472298972,560.9525128749777
524,131.0,2024-09-02 03:45:00,330.01,112.20833718792773,167.592708231542,206.1374811557556,332.9708787931818,404.7217319343003,409.5601771512065,484.61486286168247
525,131.25,2024-09-02 04:00:00,332.02,72.88462086272939,175.26069535876363,227.52494752418608,327.54227997697853,379.7912596515435,451.9835754346349,541.5897720871708
526,131.5,2024-09-02 04:15:00,320.0,50.62890775874434,196.17114864785026,212.6670814995081,327.80201167996,399.4310779119107,428.76019536691416,544.9280996868399
527,131.75,2024-09-02 04:30:00,330.01,137.84263129346445,220.3132517289182,255.86451929463468,324.1538602853501,383.9521821115369,392.95982965553424,495.43538620275723
528,132.0,2024-09-02 04:45:00,320.0,127.02094435506692,180.27097320954127,240.24960625350764,324.3673329228474,353.92819833800644,451.6037348755506,510.9854756123846
529,132.25,2024-09-02 05:00:00,320.32,52.848784286951215,173.9455720521366,231.05731325730056,323.9498090326278,433.5394627176991,455.29890045952396,561.2925040896937
530,132.5,2024-09-02 05:15:00,310.0,178.43757438188422,230.123021885845,233.487323980591,317.9826302533061,385.38737232294,418.3792380262556,508.22057407251043
531,132.75,2024-09-02 05:30:00,320.0,140.49370342844284,253.7585406182249,295.0965830109719,315.12624832580656,400.3679526019008,472.94463085549404,593.8424545183019
532,133.0,2024-09-02 05:45:00,315.0,81.99702528524789,137.11912546663734,219.4721762052317,320.33538871259196,428.83667484332295,463.94479509010785,631.0746190075216
533,133.25,2024-09-02 06:00:00,320.0,64.94551335132883,175.89513189526417,210.9580330278724,316.4971845605663,407.19088986922895,483.1318702175682,592.037584800717
534,133.5,2024-09-02 06:15:00,321.0,168.46501541392132,166.185972059416,259.2830843263927,324.98490281807864,405.62118162500843,487.0246309658922,607.8862572577132
535,133.75,2024-09-02 06:30:00,330.01,124.28853522164904,222.65819620162824,257.42265118067024,328.1899996282685,431.85085116602517,424.9504143426618,603.2132062500232
536,134.0,2024-09-02 06:45:00,330.01,4.006866148789725,168.061812381834,193.36642867511176,329.62801161837854,340.57612439948326,411.4491614866467,474.38512459776877
537,134.25,2024-09-02 07:00:00,314.88,128.05194015829554,202.68156619551064,269.51541694866376,330.32806002972643,389.7801619731751,368.10891254381755,499.2646812177856
538,134.5,2024-09-02 07:15:00,302.01,93.62679192495612,217.02071069031754,244.91186031450212,322.75006512201725,403.5586115318366,401.71367167342754,484.42847532543544
539,134.75,2024-09-02 07:30:00,300.06,121.0337746646244,193.38435734733412,229.77670043673712,313.5728061564952,365.926920271521,408.1480071782998,477.99345093562073
540,135.0,2024-09-02 07:45:00,295.07,110.99686015364847,154.98601442473597,243.87774907328017,302.17536154772796,369.8898545494722,385.48140511759607,530.4855385479995
541,135.25,2024-09-02 08:00:00,320.03,11.950007611440332,204.01367316552862,210.3895682644424,303.8037795695832,358.75800378959167,430.8598813443296,532.4220117851834
542,135.5,2024-09-02 08:15:00,331.83,131.45460784522584,160.9917332254421,252.26199327968038,320.9108262281005,386.21456416547693,379.8432020178036,538.4627996869866
543,135.75,2024-09-02 08:30:00,333.03,130.2642411600991,245.2021855744188,266.9751890504968,334.1683374604733,425.644527745274,498.3839948099033,536.4223136553379
544,136.0,2024-09-02 08:45:00,340.19,137.21300811970343,241.0180066237212,256.10310311306614,339.8771645146631,402.9386106676255,463.9482395148205,633.4294573694224
545,136.25,2024-09-02 09:00:00,338.16,107.29469311405714,188.11029397064388,267.5331461105885,342.7007736242074,436.6164688799039,446.28431549088094,550.8761265815732
546,136.5,2024-09-02 09:15:00,338.35,40.766239186903256,242.28069960392048,251.86715180937952,342.0012816199284,460.99652209357475,530.905272610743,540.6545136272382
547,136.75,2024-09-02 09:30:00,337.99,160.53815548193182,227.8603726681932,232.9249134559829,339.17838568293683,402.6910227697208,400.93652113966505,578.7697314623479
548,137.0,2024-09-02 09:45:00,334.78,42.47190947276307,150.3285406070126,251.21238433521597,340.0986079042199,415.3125607222597,430.994549518737,457.1266756014483
549,137.25,2024-09-02 10:00:00,345.22,60.97133611784113,230.36213782373528,260.9121713615095,335.0055269665353,386.3680706935053,496.0063349263165,532.7966062204744
550,137.5,2024-09-02 10:15:00,321.93,101.78782637015199,216.52680668209425,230.60803883671664,344.2652931517133,438.1366524790569,395.35710951219596,513.2727325950509
551,137.75,2024-09-02 10:30:00,312.07,13.984790470631964,176.9092588492589,208.24610497370756,328.328571484017,409.2179249807817,449.58955011773367,523.8212479501939
552,138.0,2024-09-02 10:45:00,311.83,55.232551400509344,204.5008472977748,218.42833446419644,315.3993117187978,372.824477909099,442.11824847346423,542.7669528079488
553,138.25,2024-09-02 11:00:00,309.71,38.17572931182489,147.5765931952085,187.23375632816877,318.70267840763324,426.4971332598897,447.55115282055834,557.1713294076989
554,138.5,2024-09-02 11:15:00,314.54,8.877523360653157,129.84430617258056,183.16216369831994,312.2447176819753,374.17674580350894,478.3887163351169,585.6122798708927
555,138.75,2024-09-02 11:30:00,305.39,-0.18973481051912164,139.98273627010445,209.18154669469862,318.13954587861423,428.2319795894376,452.40611802829795,521.0125580571774
556,139.0,2024-09-02 11:45:00,297.31,-12.169355642630244,135.10477731944306,189.5440688767644,308.88183310047646,409.40392391526626,432.5108912595567,504.8072110052543
557,139.25,2024-09-02 12:00:00,255.05,-15.682565075227336,101.86678318279644,148.89466192655777,293.440951825922,319.3119375242628,410.184280413569,500.405457018908
558,139.5,2024-09-02 12:15:00,306.65,18.46554101298481,72.15970635451338,170.2457587027656,280.23673202615504,428.2502085448402,431.5964229939154,448.4541087589868
559,139.75,2024-09-02 12:30:00,330.8,-10.906300556243195,90.15955010652135,143.72498228237814,305.1361647431357,419.6203525688158,492.1065925940556,534.9381375422198
560,140.0,2024-09-02 12:45:00,339.45,3.890742668716739,122.42374796981541,202.6695879877758,325.6956775212562,419.10635608310196,502.15578118001736,609.8134482118894
561,140.25,2024-09-02 13:00:00,339.99,117.42910471608293,196.5489887910437,202.99723447264017,341.7973054380011,462.6182455668859,494.3801513645954,586.247303725966
562,140.5,2024-09-02 13:15:00,352.9,40.948692130305446,171.34252977021904,237.00972737761342,343.6375290841113,430.95449704162934,511.5620899730033,623.5246166744967
563,140.75,2024-09-02 13:30:00,377.92,84.14873973954126,224.02954753372518,300.7636994066699,359.3692257867146,453.01009790166603,472.1016079070661,581.9026609509134
564,141.0,2024-09-02 13:45:00,380.56,162.353086894014,262.49081523830193,270.94226767792594,378.7621582819069,515.1887909919186,554.8911732390555,701.129766406837
565,141.25,2024-09-02 14:00:00,376.92996,160.724788102245,261.3734924367296,318.7565483269537,375.4946666012327,484.5840838357243,575.8362562442919,658.0265181718502
566,141.5,2024-09-02 14:15:00,367.61,142.77559505722985,260.50808072766927,316.63404524378126,382.78056546144865,464.53672389291063,507.7661970458297,648.5061459297251
567,141.75,2024-09-02 14:30:00,353.93,137.57296816589474,301.5623466833828,310.01606007871567,365.2534690012557,487.2614219171014,520.0543235180396,632.4148005039334
568,142.0,2024-09-02 14:45:00,336.83,199.93630229242783,214.93096055341942,257.36457729682866,350.9359250237335,424.18242244589175,453.05482684771056,633.135427144975
569,142.25,2024-09-02 15:00:00,344.23,165.6837572725911,226.74764905679808,286.9840310515716,345.8661005767531,433.85119198605463,481.1503854148761,639.3087370796339
570,142.5,2024-09-02 15:15:00,328.87,153.00541280786769,322.14524843008115,326.7530761646862,349.32193605027396,435.2540796759536,483.69279478202776,612.98328603603
571,142.75,2024-09-02 15:30:00,335.81,151.16770403339066,209.6993254237028,258.807283419592,330.5259289816824,406.69186338322794,428.49652023922954,590.073459015391
572,143.0,2024-09-02 15:45:00,350.49,157.84826512203446,240.93386551029124,279.8223037022477,339.673122093799,440.6847804744175,483.02795898947323,606.8560033305765
573,143.25,2024-09-02 16:00:00,345.84,128.95871366744726,264.7878888313994,310.7418136134643,351.17879450137474,432.9577744545228,451.0454201252002,665.8543001101654
574,143.5,2024-09-02 16:15:00,354.73,119.05499241055308,207.937683236262,252.3518971806104,349.6880187821885,415.8009183235098,449.7242977788653,643.0902738212424
575,143.75,2024-09-02 16:30:00,359.99,151.10174771607197,234.1963919271641,273.38327627268677,355.330626771277,436.7147056390811,494.5318650254015,652.9977287462066
576,144.0,2024-09-02 16:45:00,363.3,185.69260148163048,257.03931982961757,290.63712166290094,361.1170107885806,433.90936302033685,478.4321028387093,637.72095443753
577,144.25,2024-09-02 17:00:00,388.16,154.57278944151346,253.93727093337995,290.3567454912889,364.7159753567006,416.2558031820392,456.26567540557767,603.1644897199844
578,144.5,2024-09-02 17:15:00,403.60004,167.65394612859723,293.48065323666475,315.24913480132506,382.32942972674107,441.16628013774596,506.9239159734937,601.7574422248555
579,144.75,2024-09-02 17:30:00,366.69,214.00917288526372,276.7461718940084,322.3451266297862,394.8731943356394,473.64828266500285,525.7678336650598,619.570364113193
580,145.0,2024-09-02 17:45:00,373.58002,192.49735395284733,266.97323500186167,276.33359163643723,371.98275765976115,419.92236679311,463.4141108082539,565.7178347216054
581,145.25,2024-09-02 18:00:00,356.78,185.81327116073126,276.4775950850019,314.65157127296663,370.5912895625635,435.0519846798309,473.9042475804461,571.0801239461605
582,145.5,2024-09-02 18:15:00,379.44,202.15716798875735,261.8644863476635,318.121586294888,366.0821092685436,434.2849687033961,429.3560852581365,577.6024291750088
583,145.75,2024-09-02 18:30:00,391.32996,231.30349247381645,289.78085092711655,304.7302900739315,377.3357955128123,436.1596454284914,483.24630902068236,568.7646977516451
584,146.0,2024-09-02 18:45:00,417.5,245.20704530441407,320.4878265857735,346.1134985897058,392.1123598664837,457.02241993088205,484.4432907676291,580.9137489521871
585,146.25,2024-09-02 19:00:00,401.77,304.6597411903292,328.0832423338565,359.3251283185341,416.43658690423445,493.81129579143845,529.2359498374602,642.654532015443
586,146.5,2024-09-02 19:15:00,439.97,302.60086281390073,351.3154145164528,368.84008221563033,411.9813780959048,494.2394686947282,548.4210113012424,658.737562246704
587,146.75,2024-09-02 19:30:00,440.84,258.7830068492613,318.3004049286254,355.6875685299156,427.4107360034237,494.0897112905217,565.5675650696212,689.0519220633361
588,147.0,2024-09-02 19:45:00,437.97,285.80683708300626,330.13965662183665,361.2142318840605,432.53438400246876,488.56482313988255,532.296228460163,753.3182147330058
589,147.25,2024-09-02 20:00:00,401.13998,271.67430949573975,327.95401900005254,359.4355662898666,428.3540182065653,488.4479599916821,539.2448519020709,666.5999650693107
590,147.5,2024-09-02 20:15:00,400.68,254.29030680271293,292.8169920812559,333.5594139544568,406.1112216952528,448.37978867191714,481.6565347945459,613.5923442278847
591,147.75,2024-09-02 20:30:00,429.09,252.86651852029462,338.51152077095225,354.6999636462085,401.7787138934186,478.2476273997707,539.7365788572387,699.9931415790862
592,148.0,2024-09-02 20:45:00,420.9,244.06403945908664,295.7585307858827,332.6211526627233,419.4158508913234,477.2409236226247,539.245372981707,660.893833939848
593,148.25,2024-09-02 21:00:00,430.84,229.69525524803421,311.0625292975766,351.7054691195888,415.27732602382065,479.0334508183226,542.9190153271552,692.2687056299388
594,148.5,2024-09-02 21:15:00,420.88,290.9901796118795,332.8992546308391,355.3279352624791,425.9055047402671,508.2861108765628,541.3322395168905,764.3438447338623
595,148.75,2024-09-02 21:30:00,440.71,276.4779925186226,304.4414927254899,354.01972950881674,419.099891162872,489.60472145621475,575.7200024943099,778.4282475255919
596,149.0,2024-09-02 21:45:00,454.5,270.78335163672705,309.52708866331807,365.39982614004066,432.7486095558808,523.8973432407694,638.1434352081857,798.5446770157531
597,149.25,2024-09-02 22:00:00,438.86,244.99398555628932,324.977554712025,356.14256820260215,443.13849148928847,547.1481064849557,623.061955364789,805.8014174959975
598,149.5,2024-09-02 22:15:00,419.37003,262.9307786723388,330.64188024051975,362.12342753033386,433.1475357606166,512.0474005831614,596.2046939774058,759.6898793718236
599,149.75,2024-09-02 22:30:00,478.94998,236.8888258622339,330.3115157512828,360.1199558165592,416.08991438876166,503.01235661491086,575.5799910456687,770.8361260606315
600,150.0,2024-09-02 22:45:00,421.35995,246.4749159615052,309.56462406082807,345.7308715793476,456.74718831669355,549.3389769827457,621.1604960295881,813.0342413041343
601,150.25,2024-09-02 23:00:00,351.15,216.97448253633723,312.1064549412651,334.1462511909856,415.1551637606777,493.86016246306735,554.3181181173067,679.6112396780892
602,150.5,2024-09-02 23:15:00,353.69,168.19524188812366,271.0054198802542,292.9005149646092,363.3858091875303,432.51905189656827,520.0723007654824,664.2127491151108
603,150.75,2024-09-02 23:30:00,339.74,152.49902938395462,259.1618759039394,303.53087073411115,355.44181324259523,443.384547059789,467.70338666401483,635.6200452477487
604,151.0,2024-09-02 23:45:00,339.82,128.79295293611418,254.41165211896893,274.04579149448927,341.37224797270477,405.9002065223101,474.3031605373945,642.156512361281
605,151.25,2024-09-03 00:00:00,350.37,146.73973046790135,236.79811826220427,275.8764767337029,340.2817784361039,409.3678236947199,455.86663880261386,609.2227426214525
606,151.5,2024-09-03 00:15:00,482.97,166.77424226494384,240.65323100682582,295.1241759440709,358.63555228309144,464.49687896447153,517.8735213386407,666.5539687516091
607,151.75,2024-09-03 00:30:00,443.0,185.97401098065623,296.41717544581263,329.06537588138536,451.25872716535554,534.2290188124618,600.1177900793219,809.4370696032365
608,152.0,2024-09-03 00:45:00,400.5,181.79761952095967,272.90509076416186,319.7159177598751,435.7193375519831,532.0874874907164,573.5579371021621,783.446977464703
609,152.25,2024-09-03 01:00:00,388.59003,169.55526415406626,259.30616197196764,308.57690877889297,399.1996876420137,461.8199648122898,506.61854122714016,641.1544497256389
610,152.5,2024-09-03 01:15:00,400.85,151.0112719523211,245.01276650283168,296.1917599280135,387.6741258896868,437.18495793094405,491.99956813593195,629.7550775638113
611,152.75,2024-09-03 01:30:00,437.33,214.18970048357014,265.61287712530606,302.457411356476,393.36789683354596,469.89474732993693,483.0037685297604,580.8443658738722
612,153.0,2024-09-03 01:45:00,441.19,229.37288359050228,295.3023520601215,340.0964065635542,420.4971220475697,456.6639348050164,520.2312697978307,621.0518067661867
613,153.25,2024-09-03 02:00:00,427.41,203.15851082795305,310.9337475566845,353.63867898515394,426.50193337484194,460.20034773716844,493.8654130027895,619.2105365448754
614,153.5,2024-09-03 02:15:00,408.93997,233.72802744499947,293.77901107164854,321.5345033533031,418.2499926128061,476.1612642805067,528.2582057234754,610.1319338517967
615,153.75,2024-09-03 02:30:00,388.89005,258.389264945311,304.99208401581143,348.6194853734854,403.05086358582594,444.9768957726018,518.1188129534036,620.5581942092853
616,154.0,2024-09-03 02:45:00,382.5,203.07282413933154,278.0099401529481,326.9551093378012,390.05781793244995,448.101638128581,480.609659310206,593.765970625964
617,154.25,2024-09-03 03:00:00,378.86002,189.13374957490217,298.12085856356896,344.3574028092381,382.90726288379665,445.86979222449753,502.1766331973164,582.268728227076
618,154.5,2024-09-03 03:15:00,390.61,199.16115438252075,291.525716999835,328.97618736097263,375.5327981491737,433.60869565442397,478.1630888527201,597.0350962004121
619,154.75,2024-09-03 03:30:00,373.53003,218.72849841418983,282.28848530095036,331.31052697990384,383.861355281421,431.52512781829216,458.4169350191718,551.8667563767267
620,155.0,2024-09-03 03:45:00,371.67004,155.18398052713258,259.6582219209654,307.3191682632004,372.12409388713803,402.8287202715038,442.7775466909037,520.9071321653948
621,155.25,2024-09-03 04:00:00,350.39,171.88944038362007,274.3197778166663,309.5997306973226,367.6370506457908,430.9045263877208,472.750294646833,544.5672917822578
622,155.5,2024-09-03 04:15:00,349.42,154.71979572187894,243.6024865475878,271.6473811599732,351.69757785425344,406.1832896584719,445.2616481299704,480.5325571877915
623,155.75,2024-09-03 04:30:00,349.42,134.08515694962452,230.4199577916525,278.71397173236124,347.24862641748524,392.9419760541069,440.1371655203219,496.97759204042575
624,156.0,2024-09-03 04:45:00,349.42,119.23519985399834,228.6383246930908,273.6313432989009,345.4556885403793,418.66713010922786,448.520789288681,544.1139966582111
625,156.25,2024-09-03 05:00:00,349.42,157.21925576242094,258.9441750143108,290.26745540450645,349.538126692144,413.17752964817726,453.0788759976916,522.3002959793741
626,156.5,2024-09-03 05:15:00,349.71,132.78284646133574,221.93685197210476,272.29285751927074,347.27943193901814,400.8824525035343,463.18986992760034,509.5846810728879
627,156.75,2024-09-03 05:30:00,349.13,133.70560121796845,230.0042267686551,275.2414285910193,352.2752984051165,448.674808064487,502.82017537965993,535.5949893349275
628,157.0,2024-09-03 05:45:00,352.0,126.48803886086624,244.79932919276732,254.65709608328652,348.16909372283436,422.7094009697277,470.5150484773281,569.8523985006885
629,157.25,2024-09-03 06:00:00,350.01,173.26876688370555,238.08584514457812,286.14471969156807,353.85914203844635,409.534105505689,465.3571019568172,563.690587645455
630,157.5,2024-09-03 06:15:00,360.03,144.94333712625996,215.41280465921923,265.5879337496784,354.6927634737803,467.5093551544631,522.0888259657322,612.6355801931434
631,157.75,2024-09-03 06:30:00,360.93,137.9431334242796,232.90327319533614,262.4584862212231,361.50360771921663,420.23701940654234,476.60716713920846,538.9281502975276
632,158.0,2024-09-03 06:45:00,360.22,176.30483296704983,242.07151262563295,280.2364449907623,359.48859497468993,436.3780352030625,457.98372795668666,532.6676169309137
633,158.25,2024-09-03 07:00:00,350.65,134.61957710751295,239.72688609981952,256.4941336365375,359.3325735750284,433.12903743353786,490.27695393004325,570.4052242511443
634,158.5,2024-09-03 07:15:00,330.81,153.14953990244766,217.41494497036456,270.42983443112007,356.1640031225449,436.98087576671793,469.89134706451546,533.2071507347218
635,158.75,2024-09-03 07:30:00,332.06,150.26563569671504,243.8872896881414,279.1627206573801,340.1924154864909,424.79086682359895,486.42451944643227,553.5658601759868
636,159.0,2024-09-03 07:45:00,330.71,154.8337509807546,241.1027770070506,265.42161661127636,334.7032345387066,401.9110018820311,466.4115463436667,582.3171798013677
637,159.25,2024-09-03 08:00:00,332.35,156.52822467833363,238.01306842473545,281.1475814378835,337.3911156508549,420.82490321827225,453.24700808296154,536.6581860932905
638,159.5,2024-09-03 08:15:00,336.16,179.0081852868659,269.6182462741245,284.29184882446157,336.2599157920267,421.7443791475342,496.3468737162433,535.0906107428344
639,159.75,2024-09-03 08:30:00,351.9,162.25577747995175,254.2766748295232,284.5237403023135,339.37226484293393,417.6985534640937,460.4577478295751,631.7386864284094
640,160.0,2024-09-03 08:45:00,362.47,169.4927125180982,237.0229376295724,287.9487040153647,355.12473628407673,437.75058545991516,469.5938856631427,641.6707027511325
641,160.25,2024-09-03 09:00:00,340.04,140.95381012315528,258.5506384510646,294.49983422153593,360.6073529532259,443.4154099884004,518.6238406870772,655.6739319338001
642,160.5,2024-09-03 09:15:00,353.37,168.26550373633313,242.28919364358052,293.6038444112924,349.8954239330766,461.87321208560456,505.9075854708687,685.4455343183673
643,160.75,2024-09-03 09:30:00,353.45,117.62883719012706,201.84491543280114,265.82091816998724,353.6361552816625,426.69242772516947,469.73198059854644,642.9483193637889
644,161.0,2024-09-03 09:45:00,336.15,128.90127346943422,242.74491532067796,277.45510736270796,355.6331620752072,434.32924722467044,492.19162572516757,647.6549402646401
645,161.25,2024-09-03 10:00:00,341.71,121.26417135046962,221.053712515597,260.5119115461798,340.70758660935047,419.99971620755525,449.79006862716096,586.8401598738837
646,161.5,2024-09-03 10:15:00,332.08,111.52751352399855,189.91936986071454,253.0995161883908,340.0044360077965,402.31354914864426,445.2355323251617,555.4526012194347
647,161.75,2024-09-03 10:30:00,332.61,84.86264092053493,209.46843194583172,244.28714986188575,335.18369866665677,444.761570652839,453.79634966534246,571.0404689026736
648,162.0,2024-09-03 10:45:00,333.23,88.66377555557261,211.81351110437987,258.0455334386314,335.7173107095165,434.0021505229814,474.06628568353193,589.2122380230644
649,162.25,2024-09-03 11:00:00,330.29,91.18047759135906,170.25062064072546,227.87785974750375,332.71159309904124,398.47147885067506,446.5213095748297,601.3334688701578
650,162.5,2024-09-03 11:15:00,336.5,65.15650202869682,153.58700171263877,219.37176901689256,333.3385622994019,440.99065863669057,478.53156722618155,602.8298682750769
651,162.75,2024-09-03 11:30:00,335.93,40.79540639873304,159.60410698657773,214.1202710379995,337.04481186546354,424.0273880063883,484.711439231511,613.4231258240517
652,163.0,2024-09-03 11:45:00,328.38,52.15884614532081,155.68348614144307,202.4038749088029,331.5807531384362,407.6805545854982,477.46269158297173,571.9344649209199
653,163.25,2024-09-03 12:00:00,288.83,58.852080950535644,136.7148736513843,175.87462652840094,327.98013922079036,412.1173666331188,448.21126356895564,538.387221060118
654,163.5,2024-09-03 12:15:00,335.88,37.928499104178755,159.4729560997134,194.87047867722913,309.7157239074866,432.73206306947264,461.5275949771911,576.3117944033102
655,163.75,2024-09-03 12:30:00,341.07,30.103099559623193,137.65676262888886,208.77286349457484,332.38250922924874,423.61790773105855,474.18192120343735,572.0903472188143
656,164.0,2024-09-03 12:45:00,359.66,69.44767231804971,151.03652002705792,211.6120453781566,341.6263250784496,429.342091178759,466.30419510678826,552.5822649559196
657,164.25,2024-09-03 13:00:00,359.55,106.17710977266675,198.993863531748,241.00242060189632,355.9633278476339,436.8554589638143,491.823814157003,582.2258672190488
658,164.5,2024-09-03 13:15:00,372.37,153.2585029534545,219.97478400974816,273.8488366398609,364.8794353889627,451.76796327947943,475.57130498209096,583.1475776084449
659,164.75,2024-09-03 13:30:00,375.50998,167.6994257825919,257.82112033674224,292.0881650598406,374.7357052795106,477.08860497952935,537.9354450156882,643.9471583711743
660,165.0,2024-09-03 13:45:00,398.07,179.21762618107778,277.30692865316144,301.4177603321745,375.4548393365102,459.35003850569444,508.54843472993707,615.0394486160504
661,165.25,2024-09-03 14:00:00,364.48,202.07372459212817,253.9671800213017,287.32079863803085,392.5343725486526,466.02221595290615,511.15541381266405,625.0533186009199
662,165.5,2024-09-03 14:15:00,363.91,170.21172292908233,280.0037321500943,297.6120552104988,373.58073226627124,467.1294704360877,522.6856741135733,620.0152954674886
663,165.75,2024-09-03 14:30:00,364.79,192.42775007807657,248.31857520046984,276.39964510419657,361.81685606718906,436.11807828769594,472.5149432885166,599.3636023769773
664,166.0,2024-09-03 14:45:00,343.5,157.9043341740561,247.98985343686505,282.8266589985897,364.75196517901895,431.7332019824417,474.7184919188066,572.8349258593963
665,166.25,2024-09-03 15:00:00,348.28,178.29772853058492,243.33185853950562,275.437429604958,351.085050950076,409.8060384208258,461.16138639129673,581.8331144832212
666,166.5,2024-09-03 15:15:00,354.63,169.72661545166375,226.766006074145,269.5161566167911,348.0863458350414,419.6707471519197,426.07377371933967,557.0373721978796
667,166.75,2024-09-03 15:30:00,355.37,143.03891028669125,220.83387431627486,265.4289647173301,355.161633579829,410.7677306324637,463.21738116601057,546.5019456566448
668,167.0,2024-09-03 15:45:00,352.81,177.26898264324237,267.0108366383084,292.62746481940536,360.2043221423742,428.7957833396827,457.8445422867906,586.0859500918936
669,167.25,2024-09-03 16:00:00,346.37,171.62985882222858,235.75056272478008,265.7670107152693,357.2661925350271,449.1847816387738,483.60557135007286,619.1181906351426
670,167.5,2024-09-03 16:15:00,360.39,172.28061884071684,226.63399408110251,271.2833474191698,354.413601682676,445.1779839368853,488.1451862275796,633.40706860879
671,167.75,2024-09-03 16:30:00,365.21,155.45111332731722,236.40237152643402,263.2715691702254,363.312359038497,444.2475079281883,491.2120799121023,607.6060798029116
