day,unit_id,plant_name,mc_rated,capacity,optimal_markup,best_revenue,base_revenue,sdr,load_mean,wind_mean,solar_mean,net_load,spike_frac,price_mean,price_std,pred_mean,pred_spike,pred_q95_mean
20260101,Thermal_15,G17,203.28,200.0,-0.12,8.93137293405155,-3.47887779999998,1.742918521566533,7513.98866390928,566.1762061403509,120.65537280701756,4827.157084961912,0.052083333333333336,276.02573,135.70694960685114,294.9245238304138,0.09375,362.58333412806195
20260101,Thermal_16,G17,203.28,200.0,-0.12,8.93137293405155,-3.47887779999998,1.742918521566533,7513.98866390928,566.1762061403509,120.65537280701756,4827.157084961912,0.052083333333333336,276.02573,135.70694960685114,294.9245238304138,0.09375,362.58333412806195
20260101,Thermal_17,G17,203.28,200.0,-0.12,8.93137293405155,-3.47887779999998,1.742918521566533,7513.98866390928,566.1762061403509,120.65537280701756,4827.157084961912,0.052083333333333336,276.02573,135.70694960685114,294.9245238304138,0.09375,362.58333412806195
20260101,Thermal_18,G17,203.28,200.0,-0.12,8.93137293405155,-3.47887779999998,1.742918521566533,7513.98866390928,566.1762061403509,120.65537280701756,4827.157084961912,0.052083333333333336,276.02573,135.70694960685114,294.9245238304138,0.09375,362.58333412806195
20260101,Thermal_19,G17,203.28,200.0,-0.12,8.93137293405155,-3.47887779999998,1.742918521566533,7513.98866390928,566.1762061403509,120.65537280701756,4827.157084961912,0.052083333333333336,276.02573,135.70694960685114,294.9245238304138,0.09375,362.58333412806195
20260101,Thermal_20,G17,203.28,200.0,-0.12,8.93137293405155,-3.47887779999998,1.742918521566533,7513.98866390928,566.1762061403509,120.65537280701756,4827.157084961912,0.052083333333333336,276.02573,135.70694960685114,294.9245238304138,0.09375,362.58333412806195
20260102,Thermal_15,G17,203.28,200.0,-0.12,27.09316520327684,14.954917720000013,1.764486070811114,7371.144306657804,409.85822368421054,173.93941885964912,4787.346664113945,0.13541666666666666,327.9374745833333,208.29405079609143,328.5851273536682,0.14583333333333334,385.55656417210895
20260102,Thermal_16,G17,203.28,200.0,-0.12,27.09316520327684,14.954917720000013,1.764486070811114,7371.144306657804,409.85822368421054,173.93941885964912,4787.346664113945,0.13541666666666666,327.9374745833333,208.29405079609143,328.5851273536682,0.14583333333333334,385.55656417210895
20260102,Thermal_17,G17,203.28,200.0,-0.12,27.09316520327684,14.954917720000013,1.764486070811114,7371.144306657804,409.85822368421054,173.93941885964912,4787.346664113945,0.13541666666666666,327.9374745833333,208.29405079609143,328.5851273536682,0.14583333333333334,385.55656417210895
20260102,Thermal_18,G17,203.28,200.0,-0.12,27.09316520327684,14.954917720000013,1.764486070811114,7371.144306657804,409.85822368421054,173.93941885964912,4787.346664113945,0.13541666666666666,327.9374745833333,208.29405079609143,328.5851273536682,0.14583333333333334,385.55656417210895
20260102,Thermal_19,G17,203.28,200.0,-0.12,27.09316520327684,14.954917720000013,1.764486070811114,7371.144306657804,409.85822368421054,173.93941885964912,4787.346664113945,0.13541666666666666,327.9374745833333,208.29405079609143,328.5851273536682,0.14583333333333334,385.55656417210895
20260102,Thermal_20,G17,203.28,200.0,-0.12,27.09316520327684,14.954917720000013,1.764486070811114,7371.144306657804,409.85822368421054,173.93941885964912,4787.346664113945,0.13541666666666666,327.9374745833333,208.29405079609143,328.5851273536682,0.14583333333333334,385.55656417210895
20260103,Thermal_15,G17,203.28,200.0,-0.12,7.636503909746322,-3.4811803873684024,1.865219022657793,7212.90535610482,843.2859649122806,201.6425438596491,4167.976847332891,0.052083333333333336,273.9780883114035,136.11590314614728,282.1692382494609,0.07291666666666667,331.75565163294476
20260103,Thermal_16,G17,203.28,200.0,-0.12,7.636503909746322,-3.4811803873684024,1.865219022657793,7212.90535610482,843.2859649122806,201.6425438596491,4167.976847332891,0.052083333333333336,273.9780883114035,136.11590314614728,282.1692382494609,0.07291666666666667,331.75565163294476
20260103,Thermal_17,G17,203.28,200.0,-0.12,7.636503909746322,-3.4811803873684024,1.865219022657793,7212.90535610482,843.2859649122806,201.6425438596491,4167.976847332891,0.052083333333333336,273.9780883114035,136.11590314614728,282.1692382494609,0.07291666666666667,331.75565163294476
20260103,Thermal_18,G17,203.28,200.0,-0.12,7.636503909746322,-3.4811803873684024,1.865219022657793,7212.90535610482,843.2859649122806,201.6425438596491,4167.976847332891,0.052083333333333336,273.9780883114035,136.11590314614728,282.1692382494609,0.07291666666666667,331.75565163294476
20260103,Thermal_19,G17,203.28,200.0,-0.12,7.636503909746322,-3.4811803873684024,1.865219022657793,7212.90535610482,843.2859649122806,201.6425438596491,4167.976847332891,0.052083333333333336,273.9780883114035,136.11590314614728,282.1692382494609,0.07291666666666667,331.75565163294476
20260103,Thermal_20,G17,203.28,200.0,-0.12,7.636503909746322,-3.4811803873684024,1.865219022657793,7212.90535610482,843.2859649122806,201.6425438596491,4167.976847332891,0.052083333333333336,273.9780883114035,136.11590314614728,282.1692382494609,0.07291666666666667,331.75565163294476
20260104,Thermal_15,G17,203.28,200.0,-0.12,14.642857946931526,1.1338798821052816,1.908874410958244,7058.42639629303,892.3438596491228,180.60427631578946,3985.4782603281183,0.07291666666666667,292.1058167324561,157.8097877082319,330.32551685969037,0.15625,414.2375373840332
20260104,Thermal_16,G17,203.28,200.0,-0.12,14.642857946931526,1.1338798821052816,1.908874410958244,7058.42639629303,892.3438596491228,180.60427631578946,3985.4782603281183,0.07291666666666667,292.1058167324561,157.8097877082319,330.32551685969037,0.15625,414.2375373840332
20260104,Thermal_17,G17,203.28,200.0,-0.12,14.642857946931526,1.1338798821052816,1.908874410958244,7058.42639629303,892.3438596491228,180.60427631578946,3985.4782603281183,0.07291666666666667,292.1058167324561,157.8097877082319,330.32551685969037,0.15625,414.2375373840332
20260104,Thermal_18,G17,203.28,200.0,-0.12,14.642857946931526,1.1338798821052816,1.908874410958244,7058.42639629303,892.3438596491228,180.60427631578946,3985.4782603281183,0.07291666666666667,292.1058167324561,157.8097877082319,330.32551685969037,0.15625,414.2375373840332
20260104,Thermal_19,G17,203.28,200.0,-0.12,14.642857946931526,1.1338798821052816,1.908874410958244,7058.42639629303,892.3438596491228,180.60427631578946,3985.4782603281183,0.07291666666666667,292.1058167324561,157.8097877082319,330.32551685969037,0.15625,414.2375373840332
20260104,Thermal_20,G17,203.28,200.0,-0.12,14.642857946931526,1.1338798821052816,1.908874410958244,7058.42639629303,892.3438596491228,180.60427631578946,3985.4782603281183,0.07291666666666667,292.1058167324561,157.8097877082319,330.32551685969037,0.15625,414.2375373840332
20260105,Thermal_15,G17,203.28,200.0,-0.12,7.649658845565368,-3.47887779999998,2.324881653134497,5746.578882130877,774.0383771929825,184.22264254385968,2788.317862394035,0.052083333333333336,275.02569687500005,136.02453698179787,246.84993839263916,0.0,421.4278113047282
20260105,Thermal_16,G17,203.28,200.0,-0.12,7.649658845565368,-3.47887779999998,2.324881653134497,5746.578882130877,774.0383771929825,184.22264254385968,2788.317862394035,0.052083333333333336,275.02569687500005,136.02453698179787,246.84993839263916,0.0,421.4278113047282
20260105,Thermal_17,G17,203.28,200.0,-0.12,7.649658845565368,-3.47887779999998,2.324881653134497,5746.578882130877,774.0383771929825,184.22264254385968,2788.317862394035,0.052083333333333336,275.02569687500005,136.02453698179787,246.84993839263916,0.0,421.4278113047282
20260105,Thermal_18,G17,203.28,200.0,-0.12,7.649658845565368,-3.47887779999998,2.324881653134497,5746.578882130877,774.0383771929825,184.22264254385968,2788.317862394035,0.052083333333333336,275.02569687500005,136.02453698179787,246.84993839263916,0.0,421.4278113047282
20260105,Thermal_19,G17,203.28,200.0,-0.12,7.649658845565368,-3.47887779999998,2.324881653134497,5746.578882130877,774.0383771929825,184.22264254385968,2788.317862394035,0.052083333333333336,275.02569687500005,136.02453698179787,246.84993839263916,0.0,421.4278113047282
20260105,Thermal_20,G17,203.28,200.0,-0.12,7.649658845565368,-3.47887779999998,2.324881653134497,5746.578882130877,774.0383771929825,184.22264254385968,2788.317862394035,0.052083333333333336,275.02569687500005,136.02453698179787,246.84993839263916,0.0,421.4278113047282
20260106,Thermal_15,G17,203.28,200.0,-0.11,57.450127414234764,47.29842348947368,2.358067698215087,5699.565253973279,581.178399122807,215.8418311403509,2902.5450237101213,0.28125,418.15413029605253,273.27432281835416,409.6134220759074,0.2708333333333333,531.5168298085531
20260106,Thermal_16,G17,203.28,200.0,-0.11,57.450127414234764,47.29842348947368,2.358067698215087,5699.565253973279,581.178399122807,215.8418311403509,2902.5450237101213,0.28125,418.15413029605253,273.27432281835416,409.6134220759074,0.2708333333333333,531.5168298085531
20260106,Thermal_17,G17,203.28,200.0,-0.11,57.450127414234764,47.29842348947368,2.358067698215087,5699.565253973279,581.178399122807,215.8418311403509,2902.5450237101213,0.28125,418.15413029605253,273.27432281835416,409.6134220759074,0.2708333333333333,531.5168298085531
20260106,Thermal_18,G17,203.28,200.0,-0.11,57.450127414234764,47.29842348947368,2.358067698215087,5699.565253973279,581.178399122807,215.8418311403509,2902.5450237101213,0.28125,418.15413029605253,273.27432281835416,409.6134220759074,0.2708333333333333,531.5168298085531
20260106,Thermal_19,G17,203.28,200.0,-0.11,57.450127414234764,47.29842348947368,2.358067698215087,5699.565253973279,581.178399122807,215.8418311403509,2902.5450237101213,0.28125,418.15413029605253,273.27432281835416,409.6134220759074,0.2708333333333333,531.5168298085531
20260106,Thermal_20,G17,203.28,200.0,-0.11,57.450127414234764,47.29842348947368,2.358067698215087,5699.565253973279,581.178399122807,215.8418311403509,2902.5450237101213,0.28125,418.15413029605253,273.27432281835416,409.6134220759074,0.2708333333333333,531.5168298085531
20260107,Thermal_15,G17,203.28,200.0,-0.12,19.94016363129576,8.039941812631595,1.801805441122807,7296.554076995267,622.2810307017544,114.33525219298247,4559.93779410053,0.10416666666666667,307.5699978947368,186.40665961258821,299.6319139798482,0.09375,367.1229500770569
20260107,Thermal_16,G17,203.28,200.0,-0.12,19.94016363129576,8.039941812631595,1.801805441122807,7296.554076995267,622.2810307017544,114.33525219298247,4559.93779410053,0.10416666666666667,307.5699978947368,186.40665961258821,299.6319139798482,0.09375,367.1229500770569
20260107,Thermal_17,G17,203.28,200.0,-0.12,19.94016363129576,8.039941812631595,1.801805441122807,7296.554076995267,622.2810307017544,114.33525219298247,4559.93779410053,0.10416666666666667,307.5699978947368,186.40665961258821,299.6319139798482,0.09375,367.1229500770569
20260107,Thermal_18,G17,203.28,200.0,-0.12,19.94016363129576,8.039941812631595,1.801805441122807,7296.554076995267,622.2810307017544,114.33525219298247,4559.93779410053,0.10416666666666667,307.5699978947368,186.40665961258821,299.6319139798482,0.09375,367.1229500770569
20260107,Thermal_19,G17,203.28,200.0,-0.12,19.94016363129576,8.039941812631595,1.801805441122807,7296.554076995267,622.2810307017544,114.33525219298247,4559.93779410053,0.10416666666666667,307.5699978947368,186.40665961258821,299.6319139798482,0.09375,367.1229500770569
20260107,Thermal_20,G17,203.28,200.0,-0.12,19.94016363129576,8.039941812631595,1.801805441122807,7296.554076995267,622.2810307017544,114.33525219298247,4559.93779410053,0.10416666666666667,307.5699978947368,186.40665961258821,299.6319139798482,0.09375,367.1229500770569
20260108,Thermal_15,G17,203.28,200.0,-0.12,15.983246176156838,3.43420588210528,1.669328628433723,7851.814140956832,566.1762061403509,120.65537280701756,5164.982562009463,0.08333333333333333,295.92973131578947,168.44122323064835,291.69618368148804,0.09375,357.44090445836383
20260108,Thermal_16,G17,203.28,200.0,-0.12,15.983246176156838,3.43420588210528,1.669328628433723,7851.814140956832,566.1762061403509,120.65537280701756,5164.982562009463,0.08333333333333333,295.92973131578947,168.44122323064835,291.69618368148804,0.09375,357.44090445836383
20260108,Thermal_17,G17,203.28,200.0,-0.12,15.983246176156838,3.43420588210528,1.669328628433723,7851.814140956832,566.1762061403509,120.65537280701756,5164.982562009463,0.08333333333333333,295.92973131578947,168.44122323064835,291.69618368148804,0.09375,357.44090445836383
20260108,Thermal_18,G17,203.28,200.0,-0.12,15.983246176156838,3.43420588210528,1.669328628433723,7851.814140956832,566.1762061403509,120.65537280701756,5164.982562009463,0.08333333333333333,295.92973131578947,168.44122323064835,291.69618368148804,0.09375,357.44090445836383
20260108,Thermal_19,G17,203.28,200.0,-0.12,15.983246176156838,3.43420588210528,1.669328628433723,7851.814140956832,566.1762061403509,120.65537280701756,5164.982562009463,0.08333333333333333,295.92973131578947,168.44122323064835,291.69618368148804,0.09375,357.44090445836383
20260108,Thermal_20,G17,203.28,200.0,-0.12,15.983246176156838,3.43420588210528,1.669328628433723,7851.814140956832,566.1762061403509,120.65537280701756,5164.982562009463,0.08333333333333333,295.92973131578947,168.44122323064835,291.69618368148804,0.09375,357.44090445836383
20260109,Thermal_15,G17,203.28,200.0,-0.12,27.279729763276805,14.954917720000013,1.689985547821311,7695.639469238111,409.85822368421054,173.93941885964912,5111.841826694252,0.13541666666666666,328.54110791666665,208.05837229549954,329.8162498474121,0.14583333333333334,385.16192229588825
20260109,Thermal_16,G17,203.28,200.0,-0.12,27.279729763276805,14.954917720000013,1.689985547821311,7695.639469238111,409.85822368421054,173.93941885964912,5111.841826694252,0.13541666666666666,328.54110791666665,208.05837229549954,329.8162498474121,0.14583333333333334,385.16192229588825
20260109,Thermal_17,G17,203.28,200.0,-0.12,27.279729763276805,14.954917720000013,1.689985547821311,7695.639469238111,409.85822368421054,173.93941885964912,5111.841826694252,0.13541666666666666,328.54110791666665,208.05837229549954,329.8162498474121,0.14583333333333334,385.16192229588825
20260109,Thermal_18,G17,203.28,200.0,-0.12,27.279729763276805,14.954917720000013,1.689985547821311,7695.639469238111,409.85822368421054,173.93941885964912,5111.841826694252,0.13541666666666666,328.54110791666665,208.05837229549954,329.8162498474121,0.14583333333333334,385.16192229588825
20260109,Thermal_19,G17,203.28,200.0,-0.12,27.279729763276805,14.954917720000013,1.689985547821311,7695.639469238111,409.85822368421054,173.93941885964912,5111.841826694252,0.13541666666666666,328.54110791666665,208.05837229549954,329.8162498474121,0.14583333333333334,385.16192229588825
20260109,Thermal_20,G17,203.28,200.0,-0.12,27.279729763276805,14.954917720000013,1.689985547821311,7695.639469238111,409.85822368421054,173.93941885964912,5111.841826694252,0.13541666666666666,328.54110791666665,208.05837229549954,329.8162498474121,0.14583333333333334,385.16192229588825
20260110,Thermal_15,G17,203.28,200.0,-0.12,9.932323302377922,-1.1762773747368218,1.786465330590019,7533.364333728532,843.2859649122806,201.6425438596491,4488.435824956603,0.0625,280.394489122807,148.23924732400667,273.8111213048299,0.052083333333333336,325.02172263463336
20260110,Thermal_16,G17,203.28,200.0,-0.12,9.932323302377922,-1.1762773747368218,1.786465330590019,7533.364333728532,843.2859649122806,201.6425438596491,4488.435824956603,0.0625,280.394489122807,148.23924732400667,273.8111213048299,0.052083333333333336,325.02172263463336
20260110,Thermal_17,G17,203.28,200.0,-0.12,9.932323302377922,-1.1762773747368218,1.786465330590019,7533.364333728532,843.2859649122806,201.6425438596491,4488.435824956603,0.0625,280.394489122807,148.23924732400667,273.8111213048299,0.052083333333333336,325.02172263463336
20260110,Thermal_18,G17,203.28,200.0,-0.12,9.932323302377922,-1.1762773747368218,1.786465330590019,7533.364333728532,843.2859649122806,201.6425438596491,4488.435824956603,0.0625,280.394489122807,148.23924732400667,273.8111213048299,0.052083333333333336,325.02172263463336
20260110,Thermal_19,G17,203.28,200.0,-0.12,9.932323302377922,-1.1762773747368218,1.786465330590019,7533.364333728532,843.2859649122806,201.6425438596491,4488.435824956603,0.0625,280.394489122807,148.23924732400667,273.8111213048299,0.052083333333333336,325.02172263463336
20260110,Thermal_20,G17,203.28,200.0,-0.12,9.932323302377922,-1.1762773747368218,1.786465330590019,7533.364333728532,843.2859649122806,201.6425438596491,4488.435824956603,0.0625,280.394489122807,148.23924732400667,273.8111213048299,0.052083333333333336,325.02172263463336
20260111,Thermal_15,G17,203.28,200.0,-0.12,26.24854141711478,14.954917720000013,1.828277491384452,7376.402209394159,892.3438596491228,180.60427631578946,4303.454073429248,0.13541666666666666,326.3028870833333,208.96073057576507,325.5980037053426,0.14583333333333334,403.04763412475586
20260111,Thermal_16,G17,203.28,200.0,-0.12,26.24854141711478,14.954917720000013,1.828277491384452,7376.402209394159,892.3438596491228,180.60427631578946,4303.454073429248,0.13541666666666666,326.3028870833333,208.96073057576507,325.5980037053426,0.14583333333333334,403.04763412475586
20260111,Thermal_17,G17,203.28,200.0,-0.12,26.24854141711478,14.954917720000013,1.828277491384452,7376.402209394159,892.3438596491228,180.60427631578946,4303.454073429248,0.13541666666666666,326.3028870833333,208.96073057576507,325.5980037053426,0.14583333333333334,403.04763412475586
20260111,Thermal_18,G17,203.28,200.0,-0.12,26.24854141711478,14.954917720000013,1.828277491384452,7376.402209394159,892.3438596491228,180.60427631578946,4303.454073429248,0.13541666666666666,326.3028870833333,208.96073057576507,325.5980037053426,0.14583333333333334,403.04763412475586
20260111,Thermal_19,G17,203.28,200.0,-0.12,26.24854141711478,14.954917720000013,1.828277491384452,7376.402209394159,892.3438596491228,180.60427631578946,4303.454073429248,0.13541666666666666,326.3028870833333,208.96073057576507,325.5980037053426,0.14583333333333334,403.04763412475586
20260111,Thermal_20,G17,203.28,200.0,-0.12,26.24854141711478,14.954917720000013,1.828277491384452,7376.402209394159,892.3438596491228,180.60427631578946,4303.454073429248,0.13541666666666666,326.3028870833333,208.96073057576507,325.5980037053426,0.14583333333333334,403.04763412475586
20260112,Thermal_15,G17,203.28,200.0,-0.040000000000000036,0.0,0.0,2.226719983335485,5999.07537530921,774.0383771929825,184.22264254385968,3040.814355572368,0.0,241.40013625000003,8.657553606182251,243.49088017145792,0.0,395.9385461807251
20260112,Thermal_16,G17,203.28,200.0,-0.040000000000000036,0.0,0.0,2.226719983335485,5999.07537530921,774.0383771929825,184.22264254385968,3040.814355572368,0.0,241.40013625000003,8.657553606182251,243.49088017145792,0.0,395.9385461807251
20260112,Thermal_17,G17,203.28,200.0,-0.040000000000000036,0.0,0.0,2.226719983335485,5999.07537530921,774.0383771929825,184.22264254385968,3040.814355572368,0.0,241.40013625000003,8.657553606182251,243.49088017145792,0.0,395.9385461807251
20260112,Thermal_18,G17,203.28,200.0,-0.040000000000000036,0.0,0.0,2.226719983335485,5999.07537530921,774.0383771929825,184.22264254385968,3040.814355572368,0.0,241.40013625000003,8.657553606182251,243.49088017145792,0.0,395.9385461807251
20260112,Thermal_19,G17,203.28,200.0,-0.040000000000000036,0.0,0.0,2.226719983335485,5999.07537530921,774.0383771929825,184.22264254385968,3040.814355572368,0.0,241.40013625000003,8.657553606182251,243.49088017145792,0.0,395.9385461807251
20260112,Thermal_20,G17,203.28,200.0,-0.040000000000000036,0.0,0.0,2.226719983335485,5999.07537530921,774.0383771929825,184.22264254385968,3040.814355572368,0.0,241.40013625000003,8.657553606182251,243.49088017145792,0.0,395.9385461807251
20260113,Thermal_15,G17,203.28,200.0,-0.12,43.57574342835069,33.45173667894739,2.258504839846005,5900.692350829583,581.178399122807,215.8418311403509,3103.6721205664253,0.21875,377.3963101754386,252.72234113738563,390.5828601519267,0.23958333333333334,507.7044617335002
20260113,Thermal_16,G17,203.28,200.0,-0.12,43.57574342835069,33.45173667894739,2.258504839846005,5900.692350829583,581.178399122807,215.8418311403509,3103.6721205664253,0.21875,377.3963101754386,252.72234113738563,390.5828601519267,0.23958333333333334,507.7044617335002
20260113,Thermal_17,G17,203.28,200.0,-0.12,43.57574342835069,33.45173667894739,2.258504839846005,5900.692350829583,581.178399122807,215.8418311403509,3103.6721205664253,0.21875,377.3963101754386,252.72234113738563,390.5828601519267,0.23958333333333334,507.7044617335002
20260113,Thermal_18,G17,203.28,200.0,-0.12,43.57574342835069,33.45173667894739,2.258504839846005,5900.692350829583,581.178399122807,215.8418311403509,3103.6721205664253,0.21875,377.3963101754386,252.72234113738563,390.5828601519267,0.23958333333333334,507.7044617335002
20260113,Thermal_19,G17,203.28,200.0,-0.12,43.57574342835069,33.45173667894739,2.258504839846005,5900.692350829583,581.178399122807,215.8418311403509,3103.6721205664253,0.21875,377.3963101754386,252.72234113738563,390.5828601519267,0.23958333333333334,507.7044617335002
20260113,Thermal_20,G17,203.28,200.0,-0.12,43.57574342835069,33.45173667894739,2.258504839846005,5900.692350829583,581.178399122807,215.8418311403509,3103.6721205664253,0.21875,377.3963101754386,252.72234113738563,390.5828601519267,0.23958333333333334,507.7044617335002
20260114,Thermal_15,G17,203.28,200.0,-0.12,20.096839259314706,8.040620385263177,1.846953185661192,7118.131038944084,622.2810307017544,114.33525219298247,4381.514756049347,0.10416666666666667,307.7732412061403,186.33971505363024,306.09915892283124,0.10416666666666667,374.7517247200012
20260114,Thermal_16,G17,203.28,200.0,-0.12,20.096839259314706,8.040620385263177,1.846953185661192,7118.131038944084,622.2810307017544,114.33525219298247,4381.514756049347,0.10416666666666667,307.7732412061403,186.33971505363024,306.09915892283124,0.10416666666666667,374.7517247200012
20260114,Thermal_17,G17,203.28,200.0,-0.12,20.096839259314706,8.040620385263177,1.846953185661192,7118.131038944084,622.2810307017544,114.33525219298247,4381.514756049347,0.10416666666666667,307.7732412061403,186.33971505363024,306.09915892283124,0.10416666666666667,374.7517247200012
20260114,Thermal_18,G17,203.28,200.0,-0.12,20.096839259314706,8.040620385263177,1.846953185661192,7118.131038944084,622.2810307017544,114.33525219298247,4381.514756049347,0.10416666666666667,307.7732412061403,186.33971505363024,306.09915892283124,0.10416666666666667,374.7517247200012
20260114,Thermal_19,G17,203.28,200.0,-0.12,20.096839259314706,8.040620385263177,1.846953185661192,7118.131038944084,622.2810307017544,114.33525219298247,4381.514756049347,0.10416666666666667,307.7732412061403,186.33971505363024,306.09915892283124,0.10416666666666667,374.7517247200012
20260114,Thermal_20,G17,203.28,200.0,-0.12,20.096839259314706,8.040620385263177,1.846953185661192,7118.131038944084,622.2810307017544,114.33525219298247,4381.514756049347,0.10416666666666667,307.7732412061403,186.33971505363024,306.09915892283124,0.10416666666666667,374.7517247200012
20260115,Thermal_15,G17,203.28,200.0,-0.12,15.422303413276849,3.4337955200000163,1.711156908417256,7660.971502480956,566.1762061403509,120.65537280701756,4974.1399235335875,0.08333333333333333,294.7919010416666,168.77728391519094,294.9550697008769,0.09375,360.65927680333454
20260115,Thermal_16,G17,203.28,200.0,-0.12,15.422303413276849,3.4337955200000163,1.711156908417256,7660.971502480956,566.1762061403509,120.65537280701756,4974.1399235335875,0.08333333333333333,294.7919010416666,168.77728391519094,294.9550697008769,0.09375,360.65927680333454
20260115,Thermal_17,G17,203.28,200.0,-0.12,15.422303413276849,3.4337955200000163,1.711156908417256,7660.971502480956,566.1762061403509,120.65537280701756,4974.1399235335875,0.08333333333333333,294.7919010416666,168.77728391519094,294.9550697008769,0.09375,360.65927680333454
20260115,Thermal_18,G17,203.28,200.0,-0.12,15.422303413276849,3.4337955200000163,1.711156908417256,7660.971502480956,566.1762061403509,120.65537280701756,4974.1399235335875,0.08333333333333333,294.7919010416666,168.77728391519094,294.9550697008769,0.09375,360.65927680333454
20260115,Thermal_19,G17,203.28,200.0,-0.12,15.422303413276849,3.4337955200000163,1.711156908417256,7660.971502480956,566.1762061403509,120.65537280701756,4974.1399235335875,0.08333333333333333,294.7919010416666,168.77728391519094,294.9550697008769,0.09375,360.65927680333454
20260115,Thermal_20,G17,203.28,200.0,-0.12,15.422303413276849,3.4337955200000163,1.711156908417256,7660.971502480956,566.1762061403509,120.65537280701756,4974.1399235335875,0.08333333333333333,294.7919010416666,168.77728391519094,294.9550697008769,0.09375,360.65927680333454
20260116,Thermal_15,G17,203.28,200.0,-0.12,27.122225143276836,14.954917720000013,1.732331427151686,7507.398733376751,409.85822368421054,173.93941885964912,4923.601090832892,0.13541666666666666,328.05475083333334,208.24674436246426,329.63355286916095,0.14583333333333334,385.8668711980184
20260116,Thermal_16,G17,203.28,200.0,-0.12,27.122225143276836,14.954917720000013,1.732331427151686,7507.398733376751,409.85822368421054,173.93941885964912,4923.601090832892,0.13541666666666666,328.05475083333334,208.24674436246426,329.63355286916095,0.14583333333333334,385.8668711980184
20260116,Thermal_17,G17,203.28,200.0,-0.12,27.122225143276836,14.954917720000013,1.732331427151686,7507.398733376751,409.85822368421054,173.93941885964912,4923.601090832892,0.13541666666666666,328.05475083333334,208.24674436246426,329.63355286916095,0.14583333333333334,385.8668711980184
20260116,Thermal_18,G17,203.28,200.0,-0.12,27.122225143276836,14.954917720000013,1.732331427151686,7507.398733376751,409.85822368421054,173.93941885964912,4923.601090832892,0.13541666666666666,328.05475083333334,208.24674436246426,329.63355286916095,0.14583333333333334,385.8668711980184
20260116,Thermal_19,G17,203.28,200.0,-0.12,27.122225143276836,14.954917720000013,1.732331427151686,7507.398733376751,409.85822368421054,173.93941885964912,4923.601090832892,0.13541666666666666,328.05475083333334,208.24674436246426,329.63355286916095,0.14583333333333334,385.8668711980184
20260116,Thermal_20,G17,203.28,200.0,-0.12,27.122225143276836,14.954917720000013,1.732331427151686,7507.398733376751,409.85822368421054,173.93941885964912,4923.601090832892,0.13541666666666666,328.05475083333334,208.24674436246426,329.63355286916095,0.14583333333333334,385.8668711980184
20260117,Thermal_15,G17,203.28,200.0,-0.12,10.170535822377927,-1.1762773747368218,1.83122869878248,7347.82861108011,843.2859649122806,201.6425438596491,4302.90010230818,0.0625,281.18467245614033,148.0496050515689,279.80019664764404,0.0625,331.24457534154254
20260117,Thermal_16,G17,203.28,200.0,-0.12,10.170535822377927,-1.1762773747368218,1.83122869878248,7347.82861108011,843.2859649122806,201.6425438596491,4302.90010230818,0.0625,281.18467245614033,148.0496050515689,279.80019664764404,0.0625,331.24457534154254
20260117,Thermal_17,G17,203.28,200.0,-0.12,10.170535822377927,-1.1762773747368218,1.83122869878248,7347.82861108011,843.2859649122806,201.6425438596491,4302.90010230818,0.0625,281.18467245614033,148.0496050515689,279.80019664764404,0.0625,331.24457534154254
20260117,Thermal_18,G17,203.28,200.0,-0.12,10.170535822377927,-1.1762773747368218,1.83122869878248,7347.82861108011,843.2859649122806,201.6425438596491,4302.90010230818,0.0625,281.18467245614033,148.0496050515689,279.80019664764404,0.0625,331.24457534154254
20260117,Thermal_19,G17,203.28,200.0,-0.12,10.170535822377927,-1.1762773747368218,1.83122869878248,7347.82861108011,843.2859649122806,201.6425438596491,4302.90010230818,0.0625,281.18467245614033,148.0496050515689,279.80019664764404,0.0625,331.24457534154254
20260117,Thermal_20,G17,203.28,200.0,-0.12,10.170535822377927,-1.1762773747368218,1.83122869878248,7347.82861108011,843.2859649122806,201.6425438596491,4302.90010230818,0.0625,281.18467245614033,148.0496050515689,279.80019664764404,0.0625,331.24457534154254
20260118,Thermal_15,G17,203.28,200.0,-0.12,24.71720607405156,12.650693280000018,1.874088544699324,7192.219024395815,892.3438596491228,180.60427631578946,4119.270888430903,0.125,320.3621039583333,201.83399848165607,328.413259824117,0.14583333333333334,408.6506586074829
20260118,Thermal_16,G17,203.28,200.0,-0.12,24.71720607405156,12.650693280000018,1.874088544699324,7192.219024395815,892.3438596491228,180.60427631578946,4119.270888430903,0.125,320.3621039583333,201.83399848165607,328.413259824117,0.14583333333333334,408.6506586074829
20260118,Thermal_17,G17,203.28,200.0,-0.12,24.71720607405156,12.650693280000018,1.874088544699324,7192.219024395815,892.3438596491228,180.60427631578946,4119.270888430903,0.125,320.3621039583333,201.83399848165607,328.413259824117,0.14583333333333334,408.6506586074829
20260118,Thermal_18,G17,203.28,200.0,-0.12,24.71720607405156,12.650693280000018,1.874088544699324,7192.219024395815,892.3438596491228,180.60427631578946,4119.270888430903,0.125,320.3621039583333,201.83399848165607,328.413259824117,0.14583333333333334,408.6506586074829
20260118,Thermal_19,G17,203.28,200.0,-0.12,24.71720607405156,12.650693280000018,1.874088544699324,7192.219024395815,892.3438596491228,180.60427631578946,4119.270888430903,0.125,320.3621039583333,201.83399848165607,328.413259824117,0.14583333333333334,408.6506586074829
20260118,Thermal_20,G17,203.28,200.0,-0.12,24.71720607405156,12.650693280000018,1.874088544699324,7192.219024395815,892.3438596491228,180.60427631578946,4119.270888430903,0.125,320.3621039583333,201.83399848165607,328.413259824117,0.14583333333333334,408.6506586074829
20260119,Thermal_15,G17,203.28,200.0,-0.12,15.825639150177947,5.738019960000019,2.282514789296055,5858.960990134407,774.0383771929825,184.22264254385968,2900.6999703975653,0.09375,298.25507645833335,178.88345995329036,244.0841318766276,0.0,407.7966190973918
20260119,Thermal_16,G17,203.28,200.0,-0.12,15.825639150177947,5.738019960000019,2.282514789296055,5858.960990134407,774.0383771929825,184.22264254385968,2900.6999703975653,0.09375,298.25507645833335,178.88345995329036,244.0841318766276,0.0,407.7966190973918
20260119,Thermal_17,G17,203.28,200.0,-0.12,15.825639150177947,5.738019960000019,2.282514789296055,5858.960990134407,774.0383771929825,184.22264254385968,2900.6999703975653,0.09375,298.25507645833335,178.88345995329036,244.0841318766276,0.0,407.7966190973918
20260119,Thermal_18,G17,203.28,200.0,-0.12,15.825639150177947,5.738019960000019,2.282514789296055,5858.960990134407,774.0383771929825,184.22264254385968,2900.6999703975653,0.09375,298.25507645833335,178.88345995329036,244.0841318766276,0.0,407.7966190973918
20260119,Thermal_19,G17,203.28,200.0,-0.12,15.825639150177947,5.738019960000019,2.282514789296055,5858.960990134407,774.0383771929825,184.22264254385968,2900.6999703975653,0.09375,298.25507645833335,178.88345995329036,244.0841318766276,0.0,407.7966190973918
20260119,Thermal_20,G17,203.28,200.0,-0.12,15.825639150177947,5.738019960000019,2.282514789296055,5858.960990134407,774.0383771929825,184.22264254385968,2900.6999703975653,0.09375,298.25507645833335,178.88345995329036,244.0841318766276,0.0,407.7966190973918
20260120,Thermal_15,G17,203.28,200.0,-0.12,48.39068356940329,38.069831080000014,2.315096077290894,5781.8649790515365,581.178399122807,215.8418311403509,2984.8447487883786,0.23958333333333334,391.11638375,260.41500986456805,402.48871262868244,0.2604166666666667,523.1472543080648
20260120,Thermal_16,G17,203.28,200.0,-0.12,48.39068356940329,38.069831080000014,2.315096077290894,5781.8649790515365,581.178399122807,215.8418311403509,2984.8447487883786,0.23958333333333334,391.11638375,260.41500986456805,402.48871262868244,0.2604166666666667,523.1472543080648
20260120,Thermal_17,G17,203.28,200.0,-0.12,48.39068356940329,38.069831080000014,2.315096077290894,5781.8649790515365,581.178399122807,215.8418311403509,2984.8447487883786,0.23958333333333334,391.11638375,260.41500986456805,402.48871262868244,0.2604166666666667,523.1472543080648
20260120,Thermal_18,G17,203.28,200.0,-0.12,48.39068356940329,38.069831080000014,2.315096077290894,5781.8649790515365,581.178399122807,215.8418311403509,2984.8447487883786,0.23958333333333334,391.11638375,260.41500986456805,402.48871262868244,0.2604166666666667,523.1472543080648
20260120,Thermal_19,G17,203.28,200.0,-0.12,48.39068356940329,38.069831080000014,2.315096077290894,5781.8649790515365,581.178399122807,215.8418311403509,2984.8447487883786,0.23958333333333334,391.11638375,260.41500986456805,402.48871262868244,0.2604166666666667,523.1472543080648
20260120,Thermal_20,G17,203.28,200.0,-0.12,48.39068356940329,38.069831080000014,2.315096077290894,5781.8649790515365,581.178399122807,215.8418311403509,2984.8447487883786,0.23958333333333334,391.11638375,260.41500986456805,402.48871262868244,0.2604166666666667,523.1472543080648
20260121,Thermal_15,G17,203.28,200.0,-0.12,21.669436894081073,10.345184111578964,1.944394360923893,6766.689214901427,622.2810307017544,114.33525219298247,4030.0729320066894,0.11458333333333333,313.46622494517544,194.52908822139415,313.31449286142987,0.11458333333333333,387.83807531992596
20260121,Thermal_16,G17,203.28,200.0,-0.12,21.669436894081073,10.345184111578964,1.944394360923893,6766.689214901427,622.2810307017544,114.33525219298247,4030.0729320066894,0.11458333333333333,313.46622494517544,194.52908822139415,313.31449286142987,0.11458333333333333,387.83807531992596
20260121,Thermal_17,G17,203.28,200.0,-0.12,21.669436894081073,10.345184111578964,1.944394360923893,6766.689214901427,622.2810307017544,114.33525219298247,4030.0729320066894,0.11458333333333333,313.46622494517544,194.52908822139415,313.31449286142987,0.11458333333333333,387.83807531992596
20260121,Thermal_18,G17,203.28,200.0,-0.12,21.669436894081073,10.345184111578964,1.944394360923893,6766.689214901427,622.2810307017544,114.33525219298247,4030.0729320066894,0.11458333333333333,313.46622494517544,194.52908822139415,313.31449286142987,0.11458333333333333,387.83807531992596
20260121,Thermal_19,G17,203.28,200.0,-0.12,21.669436894081073,10.345184111578964,1.944394360923893,6766.689214901427,622.2810307017544,114.33525219298247,4030.0729320066894,0.11458333333333333,313.46622494517544,194.52908822139415,313.31449286142987,0.11458333333333333,387.83807531992596
20260121,Thermal_20,G17,203.28,200.0,-0.12,21.669436894081073,10.345184111578964,1.944394360923893,6766.689214901427,622.2810307017544,114.33525219298247,4030.0729320066894,0.11458333333333333,313.46622494517544,194.52908822139415,313.31449286142987,0.11458333333333333,387.83807531992596
20260122,Thermal_15,G17,203.28,200.0,-0.12,21.90795316250211,10.34646884000002,1.801433771691068,7279.469580611956,566.1762061403509,120.65537280701756,4592.638001664588,0.11458333333333333,313.7310289583333,194.4807366516957,298.2507578531901,0.09375,372.68347724278766
20260122,Thermal_16,G17,203.28,200.0,-0.12,21.90795316250211,10.34646884000002,1.801433771691068,7279.469580611956,566.1762061403509,120.65537280701756,4592.638001664588,0.11458333333333333,313.7310289583333,194.4807366516957,298.2507578531901,0.09375,372.68347724278766
20260122,Thermal_17,G17,203.28,200.0,-0.12,21.90795316250211,10.34646884000002,1.801433771691068,7279.469580611956,566.1762061403509,120.65537280701756,4592.638001664588,0.11458333333333333,313.7310289583333,194.4807366516957,298.2507578531901,0.09375,372.68347724278766
20260122,Thermal_18,G17,203.28,200.0,-0.12,21.90795316250211,10.34646884000002,1.801433771691068,7279.469580611956,566.1762061403509,120.65537280701756,4592.638001664588,0.11458333333333333,313.7310289583333,194.4807366516957,298.2507578531901,0.09375,372.68347724278766
20260122,Thermal_19,G17,203.28,200.0,-0.12,21.90795316250211,10.34646884000002,1.801433771691068,7279.469580611956,566.1762061403509,120.65537280701756,4592.638001664588,0.11458333333333333,313.7310289583333,194.4807366516957,298.2507578531901,0.09375,372.68347724278766
20260122,Thermal_20,G17,203.28,200.0,-0.12,21.90795316250211,10.34646884000002,1.801433771691068,7279.469580611956,566.1762061403509,120.65537280701756,4592.638001664588,0.11458333333333333,313.7310289583333,194.4807366516957,298.2507578531901,0.09375,372.68347724278766
20260123,Thermal_15,G17,203.28,200.0,-0.12,17.40787284788945,5.738019960000019,1.823725411317962,7122.396932958284,409.85822368421054,173.93941885964912,4538.599290414425,0.09375,300.79065875,178.06394961627913,318.28583828608197,0.13541666666666666,379.6215325991313
20260123,Thermal_16,G17,203.28,200.0,-0.12,17.40787284788945,5.738019960000019,1.823725411317962,7122.396932958284,409.85822368421054,173.93941885964912,4538.599290414425,0.09375,300.79065875,178.06394961627913,318.28583828608197,0.13541666666666666,379.6215325991313
20260123,Thermal_17,G17,203.28,200.0,-0.12,17.40787284788945,5.738019960000019,1.823725411317962,7122.396932958284,409.85822368421054,173.93941885964912,4538.599290414425,0.09375,300.79065875,178.06394961627913,318.28583828608197,0.13541666666666666,379.6215325991313
20260123,Thermal_18,G17,203.28,200.0,-0.12,17.40787284788945,5.738019960000019,1.823725411317962,7122.396932958284,409.85822368421054,173.93941885964912,4538.599290414425,0.09375,300.79065875,178.06394961627913,318.28583828608197,0.13541666666666666,379.6215325991313
20260123,Thermal_19,G17,203.28,200.0,-0.12,17.40787284788945,5.738019960000019,1.823725411317962,7122.396932958284,409.85822368421054,173.93941885964912,4538.599290414425,0.09375,300.79065875,178.06394961627913,318.28583828608197,0.13541666666666666,379.6215325991313
20260123,Thermal_20,G17,203.28,200.0,-0.12,17.40787284788945,5.738019960000019,1.823725411317962,7122.396932958284,409.85822368421054,173.93941885964912,4538.599290414425,0.09375,300.79065875,178.06394961627913,318.28583828608197,0.13541666666666666,379.6215325991313
20260124,Thermal_15,G17,203.28,200.0,-0.12,11.511392970952683,1.1295710800000176,1.927840284809374,6987.208586719741,843.2859649122806,201.6425438596491,3942.280077947811,0.07291666666666667,285.34416749999997,159.6500198117223,283.1553750038147,0.07291666666666667,339.9987829526265
20260124,Thermal_16,G17,203.28,200.0,-0.12,11.511392970952683,1.1295710800000176,1.927840284809374,6987.208586719741,843.2859649122806,201.6425438596491,3942.280077947811,0.07291666666666667,285.34416749999997,159.6500198117223,283.1553750038147,0.07291666666666667,339.9987829526265
20260124,Thermal_17,G17,203.28,200.0,-0.12,11.511392970952683,1.1295710800000176,1.927840284809374,6987.208586719741,843.2859649122806,201.6425438596491,3942.280077947811,0.07291666666666667,285.34416749999997,159.6500198117223,283.1553750038147,0.07291666666666667,339.9987829526265
20260124,Thermal_18,G17,203.28,200.0,-0.12,11.511392970952683,1.1295710800000176,1.927840284809374,6987.208586719741,843.2859649122806,201.6425438596491,3942.280077947811,0.07291666666666667,285.34416749999997,159.6500198117223,283.1553750038147,0.07291666666666667,339.9987829526265
20260124,Thermal_19,G17,203.28,200.0,-0.12,11.511392970952683,1.1295710800000176,1.927840284809374,6987.208586719741,843.2859649122806,201.6425438596491,3942.280077947811,0.07291666666666667,285.34416749999997,159.6500198117223,283.1553750038147,0.07291666666666667,339.9987829526265
20260124,Thermal_20,G17,203.28,200.0,-0.12,11.511392970952683,1.1295710800000176,1.927840284809374,6987.208586719741,843.2859649122806,201.6425438596491,3942.280077947811,0.07291666666666667,285.34416749999997,159.6500198117223,283.1553750038147,0.07291666666666667,339.9987829526265
20260125,Thermal_15,G17,203.28,200.0,-0.12,33.69305218566008,21.87707362315792,1.972961321637898,6846.008756807477,892.3438596491228,180.60427631578946,3773.060620842565,0.16666666666666666,347.5412746820175,226.63462617028216,335.78730312983197,0.15625,427.2690785725911
20260125,Thermal_16,G17,203.28,200.0,-0.12,33.69305218566008,21.87707362315792,1.972961321637898,6846.008756807477,892.3438596491228,180.60427631578946,3773.060620842565,0.16666666666666666,347.5412746820175,226.63462617028216,335.78730312983197,0.15625,427.2690785725911
20260125,Thermal_17,G17,203.28,200.0,-0.12,33.69305218566008,21.87707362315792,1.972961321637898,6846.008756807477,892.3438596491228,180.60427631578946,3773.060620842565,0.16666666666666666,347.5412746820175,226.63462617028216,335.78730312983197,0.15625,427.2690785725911
20260125,Thermal_18,G17,203.28,200.0,-0.12,33.69305218566008,21.87707362315792,1.972961321637898,6846.008756807477,892.3438596491228,180.60427631578946,3773.060620842565,0.16666666666666666,347.5412746820175,226.63462617028216,335.78730312983197,0.15625,427.2690785725911
20260125,Thermal_19,G17,203.28,200.0,-0.12,33.69305218566008,21.87707362315792,1.972961321637898,6846.008756807477,892.3438596491228,180.60427631578946,3773.060620842565,0.16666666666666666,347.5412746820175,226.63462617028216,335.78730312983197,0.15625,427.2690785725911
20260125,Thermal_20,G17,203.28,200.0,-0.12,33.69305218566008,21.87707362315792,1.972961321637898,6846.008756807477,892.3438596491228,180.60427631578946,3773.060620842565,0.16666666666666666,347.5412746820175,226.63462617028216,335.78730312983197,0.15625,427.2690785725911
20260126,Thermal_15,G17,203.28,200.0,-0.12,0.26590643500345656,-8.085480050526298,2.402935233815271,5559.5547932402915,774.0383771929825,184.22264254385968,2601.2937735034493,0.03125,258.77650779605267,107.19794608114971,274.1527614593506,0.0625,440.6619567871094
20260126,Thermal_16,G17,203.28,200.0,-0.12,0.26590643500345656,-8.085480050526298,2.402935233815271,5559.5547932402915,774.0383771929825,184.22264254385968,2601.2937735034493,0.03125,258.77650779605267,107.19794608114971,274.1527614593506,0.0625,440.6619567871094
20260126,Thermal_17,G17,203.28,200.0,-0.12,0.26590643500345656,-8.085480050526298,2.402935233815271,5559.5547932402915,774.0383771929825,184.22264254385968,2601.2937735034493,0.03125,258.77650779605267,107.19794608114971,274.1527614593506,0.0625,440.6619567871094
20260126,Thermal_18,G17,203.28,200.0,-0.12,0.26590643500345656,-8.085480050526298,2.402935233815271,5559.5547932402915,774.0383771929825,184.22264254385968,2601.2937735034493,0.03125,258.77650779605267,107.19794608114971,274.1527614593506,0.0625,440.6619567871094
20260126,Thermal_19,G17,203.28,200.0,-0.12,0.26590643500345656,-8.085480050526298,2.402935233815271,5559.5547932402915,774.0383771929825,184.22264254385968,2601.2937735034493,0.03125,258.77650779605267,107.19794608114971,274.1527614593506,0.0625,440.6619567871094
20260126,Thermal_20,G17,203.28,200.0,-0.12,0.26590643500345656,-8.085480050526298,2.402935233815271,5559.5547932402915,774.0383771929825,184.22264254385968,2601.2937735034493,0.03125,258.77650779605267,107.19794608114971,274.1527614593506,0.0625,440.6619567871094
20260127,Thermal_15,G17,203.28,200.0,-0.12,62.67239775264982,54.22178365789471,2.43723543868274,5559.674979726107,581.178399122807,215.8418311403509,2762.6547494629494,0.3125,434.8019480592105,283.31556524180485,419.8061156272888,0.2916666666666667,541.7200164794922
20260127,Thermal_16,G17,203.28,200.0,-0.12,62.67239775264982,54.22178365789471,2.43723543868274,5559.674979726107,581.178399122807,215.8418311403509,2762.6547494629494,0.3125,434.8019480592105,283.31556524180485,419.8061156272888,0.2916666666666667,541.7200164794922
20260127,Thermal_17,G17,203.28,200.0,-0.12,62.67239775264982,54.22178365789471,2.43723543868274,5559.674979726107,581.178399122807,215.8418311403509,2762.6547494629494,0.3125,434.8019480592105,283.31556524180485,419.8061156272888,0.2916666666666667,541.7200164794922
20260127,Thermal_18,G17,203.28,200.0,-0.12,62.67239775264982,54.22178365789471,2.43723543868274,5559.674979726107,581.178399122807,215.8418311403509,2762.6547494629494,0.3125,434.8019480592105,283.31556524180485,419.8061156272888,0.2916666666666667,541.7200164794922
20260127,Thermal_19,G17,203.28,200.0,-0.12,62.67239775264982,54.22178365789471,2.43723543868274,5559.674979726107,581.178399122807,215.8418311403509,2762.6547494629494,0.3125,434.8019480592105,283.31556524180485,419.8061156272888,0.2916666666666667,541.7200164794922
20260127,Thermal_20,G17,203.28,200.0,-0.12,62.67239775264982,54.22178365789471,2.43723543868274,5559.674979726107,581.178399122807,215.8418311403509,2762.6547494629494,0.3125,434.8019480592105,283.31556524180485,419.8061156272888,0.2916666666666667,541.7200164794922
20260128,Thermal_15,G17,203.28,200.0,-0.12,8.324061378664167,-3.47887779999998,1.853600035779999,7137.12892332553,563.4183114035087,250.50592105263158,4323.20469086939,0.052083333333333336,274.58573083333334,136.00718042309816,284.4104781150818,0.07291666666666667,331.56113115946454
20260128,Thermal_16,G17,203.28,200.0,-0.12,8.324061378664167,-3.47887779999998,1.853600035779999,7137.12892332553,563.4183114035087,250.50592105263158,4323.20469086939,0.052083333333333336,274.58573083333334,136.00718042309816,284.4104781150818,0.07291666666666667,331.56113115946454
20260128,Thermal_17,G17,203.28,200.0,-0.12,8.324061378664167,-3.47887779999998,1.853600035779999,7137.12892332553,563.4183114035087,250.50592105263158,4323.20469086939,0.052083333333333336,274.58573083333334,136.00718042309816,284.4104781150818,0.07291666666666667,331.56113115946454
20260128,Thermal_18,G17,203.28,200.0,-0.12,8.324061378664167,-3.47887779999998,1.853600035779999,7137.12892332553,563.4183114035087,250.50592105263158,4323.20469086939,0.052083333333333336,274.58573083333334,136.00718042309816,284.4104781150818,0.07291666666666667,331.56113115946454
20260128,Thermal_19,G17,203.28,200.0,-0.12,8.324061378664167,-3.47887779999998,1.853600035779999,7137.12892332553,563.4183114035087,250.50592105263158,4323.20469086939,0.052083333333333336,274.58573083333334,136.00718042309816,284.4104781150818,0.07291666666666667,331.56113115946454
20260128,Thermal_20,G17,203.28,200.0,-0.12,8.324061378664167,-3.47887779999998,1.853600035779999,7137.12892332553,563.4183114035087,250.50592105263158,4323.20469086939,0.052083333333333336,274.58573083333334,136.00718042309816,284.4104781150818,0.07291666666666667,331.56113115946454
20260129,Thermal_15,G17,203.28,200.0,-0.040000000000000036,0.0,0.0,1.711597133069126,7665.3649146491225,521.2890350877193,198.72757675438595,4945.348302807017,0.0,243.4829177083333,8.417364031763388,293.5032777786255,0.09375,348.1054542859395
20260129,Thermal_16,G17,203.28,200.0,-0.040000000000000036,0.0,0.0,1.711597133069126,7665.3649146491225,521.2890350877193,198.72757675438595,4945.348302807017,0.0,243.4829177083333,8.417364031763388,293.5032777786255,0.09375,348.1054542859395
20260129,Thermal_17,G17,203.28,200.0,-0.040000000000000036,0.0,0.0,1.711597133069126,7665.3649146491225,521.2890350877193,198.72757675438595,4945.348302807017,0.0,243.4829177083333,8.417364031763388,293.5032777786255,0.09375,348.1054542859395
20260129,Thermal_18,G17,203.28,200.0,-0.040000000000000036,0.0,0.0,1.711597133069126,7665.3649146491225,521.2890350877193,198.72757675438595,4945.348302807017,0.0,243.4829177083333,8.417364031763388,293.5032777786255,0.09375,348.1054542859395
20260129,Thermal_19,G17,203.28,200.0,-0.040000000000000036,0.0,0.0,1.711597133069126,7665.3649146491225,521.2890350877193,198.72757675438595,4945.348302807017,0.0,243.4829177083333,8.417364031763388,293.5032777786255,0.09375,348.1054542859395
20260129,Thermal_20,G17,203.28,200.0,-0.040000000000000036,0.0,0.0,1.711597133069126,7665.3649146491225,521.2890350877193,198.72757675438595,4945.348302807017,0.0,243.4829177083333,8.417364031763388,293.5032777786255,0.09375,348.1054542859395
20260130,Thermal_15,G17,203.28,200.0,-0.12,20.23284691943887,8.042244400000017,1.806749991286446,7528.374511568236,975.5820175438597,196.8280153508772,4355.964478673499,0.10416666666666667,307.62779187499996,186.42018059550023,307.1730324427287,0.10416666666666667,384.8550313313802
20260130,Thermal_16,G17,203.28,200.0,-0.12,20.23284691943887,8.042244400000017,1.806749991286446,7528.374511568236,975.5820175438597,196.8280153508772,4355.964478673499,0.10416666666666667,307.62779187499996,186.42018059550023,307.1730324427287,0.10416666666666667,384.8550313313802
20260130,Thermal_17,G17,203.28,200.0,-0.12,20.23284691943887,8.042244400000017,1.806749991286446,7528.374511568236,975.5820175438597,196.8280153508772,4355.964478673499,0.10416666666666667,307.62779187499996,186.42018059550023,307.1730324427287,0.10416666666666667,384.8550313313802
20260130,Thermal_18,G17,203.28,200.0,-0.12,20.23284691943887,8.042244400000017,1.806749991286446,7528.374511568236,975.5820175438597,196.8280153508772,4355.964478673499,0.10416666666666667,307.62779187499996,186.42018059550023,307.1730324427287,0.10416666666666667,384.8550313313802
20260130,Thermal_19,G17,203.28,200.0,-0.12,20.23284691943887,8.042244400000017,1.806749991286446,7528.374511568236,975.5820175438597,196.8280153508772,4355.964478673499,0.10416666666666667,307.62779187499996,186.42018059550023,307.1730324427287,0.10416666666666667,384.8550313313802
20260130,Thermal_20,G17,203.28,200.0,-0.12,20.23284691943887,8.042244400000017,1.806749991286446,7528.374511568236,975.5820175438597,196.8280153508772,4355.964478673499,0.10416666666666667,307.62779187499996,186.42018059550023,307.1730324427287,0.10416666666666667,384.8550313313802
20260131,Thermal_15,G17,203.28,200.0,-0.12,17.191165447889475,5.738019960000019,1.810094160034371,7365.404663320405,673.7707236842106,246.26025219298245,4445.3736874432125,0.09375,299.97666375,178.34344835576877,331.0824457804362,0.15625,393.6363898913066
20260131,Thermal_16,G17,203.28,200.0,-0.12,17.191165447889475,5.738019960000019,1.810094160034371,7365.404663320405,673.7707236842106,246.26025219298245,4445.3736874432125,0.09375,299.97666375,178.34344835576877,331.0824457804362,0.15625,393.6363898913066
20260131,Thermal_17,G17,203.28,200.0,-0.12,17.191165447889475,5.738019960000019,1.810094160034371,7365.404663320405,673.7707236842106,246.26025219298245,4445.3736874432125,0.09375,299.97666375,178.34344835576877,331.0824457804362,0.15625,393.6363898913066
20260131,Thermal_18,G17,203.28,200.0,-0.12,17.191165447889475,5.738019960000019,1.810094160034371,7365.404663320405,673.7707236842106,246.26025219298245,4445.3736874432125,0.09375,299.97666375,178.34344835576877,331.0824457804362,0.15625,393.6363898913066
20260131,Thermal_19,G17,203.28,200.0,-0.12,17.191165447889475,5.738019960000019,1.810094160034371,7365.404663320405,673.7707236842106,246.26025219298245,4445.3736874432125,0.09375,299.97666375,178.34344835576877,331.0824457804362,0.15625,393.6363898913066
20260131,Thermal_20,G17,203.28,200.0,-0.12,17.191165447889475,5.738019960000019,1.810094160034371,7365.404663320405,673.7707236842106,246.26025219298245,4445.3736874432125,0.09375,299.97666375,178.34344835576877,331.0824457804362,0.15625,393.6363898913066
20260201,Thermal_15,G17,203.28,200.0,-0.12,-0.8675304967231927,-12.69577555999998,1.810437564924129,7205.51268367701,370.9128289473685,274.09188596491225,4560.507968764729,0.010416666666666666,248.68531166666662,62.67977824426896,302.59368928273517,0.13541666666666666,388.0201465288798
20260201,Thermal_16,G17,203.28,200.0,-0.12,-0.8675304967231927,-12.69577555999998,1.810437564924129,7205.51268367701,370.9128289473685,274.09188596491225,4560.507968764729,0.010416666666666666,248.68531166666662,62.67977824426896,302.59368928273517,0.13541666666666666,388.0201465288798
20260201,Thermal_17,G17,203.28,200.0,-0.12,-0.8675304967231927,-12.69577555999998,1.810437564924129,7205.51268367701,370.9128289473685,274.09188596491225,4560.507968764729,0.010416666666666666,248.68531166666662,62.67977824426896,302.59368928273517,0.13541666666666666,388.0201465288798
20260201,Thermal_18,G17,203.28,200.0,-0.12,-0.8675304967231927,-12.69577555999998,1.810437564924129,7205.51268367701,370.9128289473685,274.09188596491225,4560.507968764729,0.010416666666666666,248.68531166666662,62.67977824426896,302.59368928273517,0.13541666666666666,388.0201465288798
20260201,Thermal_19,G17,203.28,200.0,-0.12,-0.8675304967231927,-12.69577555999998,1.810437564924129,7205.51268367701,370.9128289473685,274.09188596491225,4560.507968764729,0.010416666666666666,248.68531166666662,62.67977824426896,302.59368928273517,0.13541666666666666,388.0201465288798
20260201,Thermal_20,G17,203.28,200.0,-0.12,-0.8675304967231927,-12.69577555999998,1.810437564924129,7205.51268367701,370.9128289473685,274.09188596491225,4560.507968764729,0.010416666666666666,248.68531166666662,62.67977824426896,302.59368928273517,0.13541666666666666,388.0201465288798
20260202,Thermal_15,G17,203.28,200.0,-0.12,8.284674549066322,-3.4758000842105066,2.210558789429875,5867.279259887534,295.39912280701753,271.2139254385965,3300.66621164192,0.052083333333333336,275.5077534100877,135.80656711854354,281.90740331013996,0.0625,446.81551869710285
20260202,Thermal_16,G17,203.28,200.0,-0.12,8.284674549066322,-3.4758000842105066,2.210558789429875,5867.279259887534,295.39912280701753,271.2139254385965,3300.66621164192,0.052083333333333336,275.5077534100877,135.80656711854354,281.90740331013996,0.0625,446.81551869710285
20260202,Thermal_17,G17,203.28,200.0,-0.12,8.284674549066322,-3.4758000842105066,2.210558789429875,5867.279259887534,295.39912280701753,271.2139254385965,3300.66621164192,0.052083333333333336,275.5077534100877,135.80656711854354,281.90740331013996,0.0625,446.81551869710285
20260202,Thermal_18,G17,203.28,200.0,-0.12,8.284674549066322,-3.4758000842105066,2.210558789429875,5867.279259887534,295.39912280701753,271.2139254385965,3300.66621164192,0.052083333333333336,275.5077534100877,135.80656711854354,281.90740331013996,0.0625,446.81551869710285
20260202,Thermal_19,G17,203.28,200.0,-0.12,8.284674549066322,-3.4758000842105066,2.210558789429875,5867.279259887534,295.39912280701753,271.2139254385965,3300.66621164192,0.052083333333333336,275.5077534100877,135.80656711854354,281.90740331013996,0.0625,446.81551869710285
20260202,Thermal_20,G17,203.28,200.0,-0.12,8.284674549066322,-3.4758000842105066,2.210558789429875,5867.279259887534,295.39912280701753,271.2139254385965,3300.66621164192,0.052083333333333336,275.5077534100877,135.80656711854354,281.90740331013996,0.0625,446.81551869710285
20260203,Thermal_15,G17,203.28,200.0,-0.040000000000000036,0.0,0.0,2.259964560957316,5713.405119342106,276.7512061403509,235.3418859649123,3201.3120272368433,0.0,239.49042541666668,8.27354828467432,239.88938760757446,0.0,330.3734887440999
20260203,Thermal_16,G17,203.28,200.0,-0.040000000000000036,0.0,0.0,2.259964560957316,5713.405119342106,276.7512061403509,235.3418859649123,3201.3120272368433,0.0,239.49042541666668,8.27354828467432,239.88938760757446,0.0,330.3734887440999
20260203,Thermal_17,G17,203.28,200.0,-0.040000000000000036,0.0,0.0,2.259964560957316,5713.405119342106,276.7512061403509,235.3418859649123,3201.3120272368433,0.0,239.49042541666668,8.27354828467432,239.88938760757446,0.0,330.3734887440999
20260203,Thermal_18,G17,203.28,200.0,-0.040000000000000036,0.0,0.0,2.259964560957316,5713.405119342106,276.7512061403509,235.3418859649123,3201.3120272368433,0.0,239.49042541666668,8.27354828467432,239.88938760757446,0.0,330.3734887440999
20260203,Thermal_19,G17,203.28,200.0,-0.040000000000000036,0.0,0.0,2.259964560957316,5713.405119342106,276.7512061403509,235.3418859649123,3201.3120272368433,0.0,239.49042541666668,8.27354828467432,239.88938760757446,0.0,330.3734887440999
20260203,Thermal_20,G17,203.28,200.0,-0.040000000000000036,0.0,0.0,2.259964560957316,5713.405119342106,276.7512061403509,235.3418859649123,3201.3120272368433,0.0,239.49042541666668,8.27354828467432,239.88938760757446,0.0,330.3734887440999
20260204,Thermal_15,G17,203.28,200.0,-0.12,12.508986278539977,1.127947065263177,1.93955770688038,6825.541480795861,563.4183114035087,250.50592105263158,4011.6172483397213,0.07291666666666667,286.74367266447365,159.20020078413327,285.41476917266846,0.07291666666666667,340.46644417444867
20260204,Thermal_16,G17,203.28,200.0,-0.12,12.508986278539977,1.127947065263177,1.93955770688038,6825.541480795861,563.4183114035087,250.50592105263158,4011.6172483397213,0.07291666666666667,286.74367266447365,159.20020078413327,285.41476917266846,0.07291666666666667,340.46644417444867
20260204,Thermal_17,G17,203.28,200.0,-0.12,12.508986278539977,1.127947065263177,1.93955770688038,6825.541480795861,563.4183114035087,250.50592105263158,4011.6172483397213,0.07291666666666667,286.74367266447365,159.20020078413327,285.41476917266846,0.07291666666666667,340.46644417444867
20260204,Thermal_18,G17,203.28,200.0,-0.12,12.508986278539977,1.127947065263177,1.93955770688038,6825.541480795861,563.4183114035087,250.50592105263158,4011.6172483397213,0.07291666666666667,286.74367266447365,159.20020078413327,285.41476917266846,0.07291666666666667,340.46644417444867
20260204,Thermal_19,G17,203.28,200.0,-0.12,12.508986278539977,1.127947065263177,1.93955770688038,6825.541480795861,563.4183114035087,250.50592105263158,4011.6172483397213,0.07291666666666667,286.74367266447365,159.20020078413327,285.41476917266846,0.07291666666666667,340.46644417444867
20260204,Thermal_20,G17,203.28,200.0,-0.12,12.508986278539977,1.127947065263177,1.93955770688038,6825.541480795861,563.4183114035087,250.50592105263158,4011.6172483397213,0.07291666666666667,286.74367266447365,159.20020078413327,285.41476917266846,0.07291666666666667,340.46644417444867
20260205,Thermal_15,G17,203.28,200.0,-0.12,15.413958156558918,3.430633317894758,1.790969651725126,7332.577707351801,521.2890350877193,198.72757675438595,4612.561095509695,0.08333333333333333,294.58431826754384,168.78096450372206,296.6141511599223,0.09375,357.49268134435016
20260205,Thermal_16,G17,203.28,200.0,-0.12,15.413958156558918,3.430633317894758,1.790969651725126,7332.577707351801,521.2890350877193,198.72757675438595,4612.561095509695,0.08333333333333333,294.58431826754384,168.78096450372206,296.6141511599223,0.09375,357.49268134435016
20260205,Thermal_17,G17,203.28,200.0,-0.12,15.413958156558918,3.430633317894758,1.790969651725126,7332.577707351801,521.2890350877193,198.72757675438595,4612.561095509695,0.08333333333333333,294.58431826754384,168.78096450372206,296.6141511599223,0.09375,357.49268134435016
20260205,Thermal_18,G17,203.28,200.0,-0.12,15.413958156558918,3.430633317894758,1.790969651725126,7332.577707351801,521.2890350877193,198.72757675438595,4612.561095509695,0.08333333333333333,294.58431826754384,168.78096450372206,296.6141511599223,0.09375,357.49268134435016
20260205,Thermal_19,G17,203.28,200.0,-0.12,15.413958156558918,3.430633317894758,1.790969651725126,7332.577707351801,521.2890350877193,198.72757675438595,4612.561095509695,0.08333333333333333,294.58431826754384,168.78096450372206,296.6141511599223,0.09375,357.49268134435016
20260205,Thermal_20,G17,203.28,200.0,-0.12,15.413958156558918,3.430633317894758,1.790969651725126,7332.577707351801,521.2890350877193,198.72757675438595,4612.561095509695,0.08333333333333333,294.58431826754384,168.78096450372206,296.6141511599223,0.09375,357.49268134435016
20260206,Thermal_15,G17,203.28,200.0,-0.12,17.264556343276865,5.738019960000019,1.890535068171311,7187.246091273858,975.5820175438597,196.8280153508772,4014.836058379122,0.09375,300.0191683333333,178.30718964392105,308.0759474436442,0.10416666666666667,391.08968273798627
20260206,Thermal_16,G17,203.28,200.0,-0.12,17.264556343276865,5.738019960000019,1.890535068171311,7187.246091273858,975.5820175438597,196.8280153508772,4014.836058379122,0.09375,300.0191683333333,178.30718964392105,308.0759474436442,0.10416666666666667,391.08968273798627
20260206,Thermal_17,G17,203.28,200.0,-0.12,17.264556343276865,5.738019960000019,1.890535068171311,7187.246091273858,975.5820175438597,196.8280153508772,4014.836058379122,0.09375,300.0191683333333,178.30718964392105,308.0759474436442,0.10416666666666667,391.08968273798627
20260206,Thermal_18,G17,203.28,200.0,-0.12,17.264556343276865,5.738019960000019,1.890535068171311,7187.246091273858,975.5820175438597,196.8280153508772,4014.836058379122,0.09375,300.0191683333333,178.30718964392105,308.0759474436442,0.10416666666666667,391.08968273798627
20260206,Thermal_19,G17,203.28,200.0,-0.12,17.264556343276865,5.738019960000019,1.890535068171311,7187.246091273858,975.5820175438597,196.8280153508772,4014.836058379122,0.09375,300.0191683333333,178.30718964392105,308.0759474436442,0.10416666666666667,391.08968273798627
20260206,Thermal_20,G17,203.28,200.0,-0.12,17.264556343276865,5.738019960000019,1.890535068171311,7187.246091273858,975.5820175438597,196.8280153508772,4014.836058379122,0.09375,300.0191683333333,178.30718964392105,308.0759474436442,0.10416666666666667,391.08968273798627
20260207,Thermal_15,G17,203.28,200.0,-0.12,28.44573074711481,17.25914216000001,1.894034317277344,7042.863011884892,673.7707236842106,246.26025219298245,4122.8320360077,0.14583333333333334,332.493616875,215.58045216894058,334.49794896443683,0.16666666666666666,399.08059485753375
20260207,Thermal_16,G17,203.28,200.0,-0.12,28.44573074711481,17.25914216000001,1.894034317277344,7042.863011884892,673.7707236842106,246.26025219298245,4122.8320360077,0.14583333333333334,332.493616875,215.58045216894058,334.49794896443683,0.16666666666666666,399.08059485753375
20260207,Thermal_17,G17,203.28,200.0,-0.12,28.44573074711481,17.25914216000001,1.894034317277344,7042.863011884892,673.7707236842106,246.26025219298245,4122.8320360077,0.14583333333333334,332.493616875,215.58045216894058,334.49794896443683,0.16666666666666666,399.08059485753375
20260207,Thermal_18,G17,203.28,200.0,-0.12,28.44573074711481,17.25914216000001,1.894034317277344,7042.863011884892,673.7707236842106,246.26025219298245,4122.8320360077,0.14583333333333334,332.493616875,215.58045216894058,334.49794896443683,0.16666666666666666,399.08059485753375
20260207,Thermal_19,G17,203.28,200.0,-0.12,28.44573074711481,17.25914216000001,1.894034317277344,7042.863011884892,673.7707236842106,246.26025219298245,4122.8320360077,0.14583333333333334,332.493616875,215.58045216894058,334.49794896443683,0.16666666666666666,399.08059485753375
20260207,Thermal_20,G17,203.28,200.0,-0.12,28.44573074711481,17.25914216000001,1.894034317277344,7042.863011884892,673.7707236842106,246.26025219298245,4122.8320360077,0.14583333333333334,332.493616875,215.58045216894058,334.49794896443683,0.16666666666666666,399.08059485753375
20260208,Thermal_15,G17,203.28,200.0,-0.12,26.346131942502126,14.954917720000013,1.894393647007413,6890.677646222252,370.9128289473685,274.09188596491225,4245.672931309972,0.13541666666666666,326.3129160416667,208.9397125184305,309.4653679529826,0.13541666666666666,394.6361714998881
20260208,Thermal_16,G17,203.28,200.0,-0.12,26.346131942502126,14.954917720000013,1.894393647007413,6890.677646222252,370.9128289473685,274.09188596491225,4245.672931309972,0.13541666666666666,326.3129160416667,208.9397125184305,309.4653679529826,0.13541666666666666,394.6361714998881
20260208,Thermal_17,G17,203.28,200.0,-0.12,26.346131942502126,14.954917720000013,1.894393647007413,6890.677646222252,370.9128289473685,274.09188596491225,4245.672931309972,0.13541666666666666,326.3129160416667,208.9397125184305,309.4653679529826,0.13541666666666666,394.6361714998881
20260208,Thermal_18,G17,203.28,200.0,-0.12,26.346131942502126,14.954917720000013,1.894393647007413,6890.677646222252,370.9128289473685,274.09188596491225,4245.672931309972,0.13541666666666666,326.3129160416667,208.9397125184305,309.4653679529826,0.13541666666666666,394.6361714998881
20260208,Thermal_19,G17,203.28,200.0,-0.12,26.346131942502126,14.954917720000013,1.894393647007413,6890.677646222252,370.9128289473685,274.09188596491225,4245.672931309972,0.13541666666666666,326.3129160416667,208.9397125184305,309.4653679529826,0.13541666666666666,394.6361714998881
20260208,Thermal_20,G17,203.28,200.0,-0.12,26.346131942502126,14.954917720000013,1.894393647007413,6890.677646222252,370.9128289473685,274.09188596491225,4245.672931309972,0.13541666666666666,326.3129160416667,208.9397125184305,309.4653679529826,0.13541666666666666,394.6361714998881
20260209,Thermal_15,G17,203.28,200.0,-0.11,19.76627142958087,5.763016510526333,2.313069839118063,5611.709667248063,295.39912280701753,271.2139254385965,3045.096619002449,0.09375,304.2569834539474,177.1533971682122,316.74854803085327,0.13541666666666666,449.67870394388837
20260209,Thermal_16,G17,203.28,200.0,-0.11,19.76627142958087,5.763016510526333,2.313069839118063,5611.709667248063,295.39912280701753,271.2139254385965,3045.096619002449,0.09375,304.2569834539474,177.1533971682122,316.74854803085327,0.13541666666666666,449.67870394388837
20260209,Thermal_17,G17,203.28,200.0,-0.11,19.76627142958087,5.763016510526333,2.313069839118063,5611.709667248063,295.39912280701753,271.2139254385965,3045.096619002449,0.09375,304.2569834539474,177.1533971682122,316.74854803085327,0.13541666666666666,449.67870394388837
20260209,Thermal_18,G17,203.28,200.0,-0.11,19.76627142958087,5.763016510526333,2.313069839118063,5611.709667248063,295.39912280701753,271.2139254385965,3045.096619002449,0.09375,304.2569834539474,177.1533971682122,316.74854803085327,0.13541666666666666,449.67870394388837
20260209,Thermal_19,G17,203.28,200.0,-0.11,19.76627142958087,5.763016510526333,2.313069839118063,5611.709667248063,295.39912280701753,271.2139254385965,3045.096619002449,0.09375,304.2569834539474,177.1533971682122,316.74854803085327,0.13541666666666666,449.67870394388837
20260209,Thermal_20,G17,203.28,200.0,-0.11,19.76627142958087,5.763016510526333,2.313069839118063,5611.709667248063,295.39912280701753,271.2139254385965,3045.096619002449,0.09375,304.2569834539474,177.1533971682122,316.74854803085327,0.13541666666666666,449.67870394388837
20260210,Thermal_15,G17,203.28,200.0,-0.12,3.283788916026543,-5.783307421052612,2.364766722523707,5461.163556459328,276.7512061403509,235.3418859649123,2949.070464354065,0.041666666666666664,265.2700001754386,123.0999349087025,285.52207056681317,0.08333333333333333,374.2948163350423
20260210,Thermal_16,G17,203.28,200.0,-0.12,3.283788916026543,-5.783307421052612,2.364766722523707,5461.163556459328,276.7512061403509,235.3418859649123,2949.070464354065,0.041666666666666664,265.2700001754386,123.0999349087025,285.52207056681317,0.08333333333333333,374.2948163350423
20260210,Thermal_17,G17,203.28,200.0,-0.12,3.283788916026543,-5.783307421052612,2.364766722523707,5461.163556459328,276.7512061403509,235.3418859649123,2949.070464354065,0.041666666666666664,265.2700001754386,123.0999349087025,285.52207056681317,0.08333333333333333,374.2948163350423
20260210,Thermal_18,G17,203.28,200.0,-0.12,3.283788916026543,-5.783307421052612,2.364766722523707,5461.163556459328,276.7512061403509,235.3418859649123,2949.070464354065,0.041666666666666664,265.2700001754386,123.0999349087025,285.52207056681317,0.08333333333333333,374.2948163350423
20260210,Thermal_19,G17,203.28,200.0,-0.12,3.283788916026543,-5.783307421052612,2.364766722523707,5461.163556459328,276.7512061403509,235.3418859649123,2949.070464354065,0.041666666666666664,265.2700001754386,123.0999349087025,285.52207056681317,0.08333333333333333,374.2948163350423
20260210,Thermal_20,G17,203.28,200.0,-0.12,3.283788916026543,-5.783307421052612,2.364766722523707,5461.163556459328,276.7512061403509,235.3418859649123,2949.070464354065,0.041666666666666664,265.2700001754386,123.0999349087025,285.52207056681317,0.08333333333333333,374.2948163350423
20260211,Thermal_15,G17,203.28,200.0,-0.12,12.0729615625021,1.1295710800000176,1.960538499382692,6756.473644569676,563.4183114035087,250.50592105263158,3942.549412113536,0.07291666666666667,285.80608729166664,159.50773196387382,287.27869574228924,0.07291666666666667,343.7743655840556
20260211,Thermal_16,G17,203.28,200.0,-0.12,12.0729615625021,1.1295710800000176,1.960538499382692,6756.473644569676,563.4183114035087,250.50592105263158,3942.549412113536,0.07291666666666667,285.80608729166664,159.50773196387382,287.27869574228924,0.07291666666666667,343.7743655840556
20260211,Thermal_17,G17,203.28,200.0,-0.12,12.0729615625021,1.1295710800000176,1.960538499382692,6756.473644569676,563.4183114035087,250.50592105263158,3942.549412113536,0.07291666666666667,285.80608729166664,159.50773196387382,287.27869574228924,0.07291666666666667,343.7743655840556
20260211,Thermal_18,G17,203.28,200.0,-0.12,12.0729615625021,1.1295710800000176,1.960538499382692,6756.473644569676,563.4183114035087,250.50592105263158,3942.549412113536,0.07291666666666667,285.80608729166664,159.50773196387382,287.27869574228924,0.07291666666666667,343.7743655840556
20260211,Thermal_19,G17,203.28,200.0,-0.12,12.0729615625021,1.1295710800000176,1.960538499382692,6756.473644569676,563.4183114035087,250.50592105263158,3942.549412113536,0.07291666666666667,285.80608729166664,159.50773196387382,287.27869574228924,0.07291666666666667,343.7743655840556
20260211,Thermal_20,G17,203.28,200.0,-0.12,12.0729615625021,1.1295710800000176,1.960538499382692,6756.473644569676,563.4183114035087,250.50592105263158,3942.549412113536,0.07291666666666667,285.80608729166664,159.50773196387382,287.27869574228924,0.07291666666666667,343.7743655840556
20260212,Thermal_15,G17,203.28,200.0,-0.12,21.81925962934423,10.342719256842122,1.810343121515422,7259.536260417358,521.2890350877193,198.72757675438595,4539.519648575252,0.11458333333333333,313.7123809429824,194.42727467550827,297.497527440389,0.09375,361.3291298548381
20260212,Thermal_16,G17,203.28,200.0,-0.12,21.81925962934423,10.342719256842122,1.810343121515422,7259.536260417358,521.2890350877193,198.72757675438595,4539.519648575252,0.11458333333333333,313.7123809429824,194.42727467550827,297.497527440389,0.09375,361.3291298548381
20260212,Thermal_17,G17,203.28,200.0,-0.12,21.81925962934423,10.342719256842122,1.810343121515422,7259.536260417358,521.2890350877193,198.72757675438595,4539.519648575252,0.11458333333333333,313.7123809429824,194.42727467550827,297.497527440389,0.09375,361.3291298548381
20260212,Thermal_18,G17,203.28,200.0,-0.12,21.81925962934423,10.342719256842122,1.810343121515422,7259.536260417358,521.2890350877193,198.72757675438595,4539.519648575252,0.11458333333333333,313.7123809429824,194.42727467550827,297.497527440389,0.09375,361.3291298548381
20260212,Thermal_19,G17,203.28,200.0,-0.12,21.81925962934423,10.342719256842122,1.810343121515422,7259.536260417358,521.2890350877193,198.72757675438595,4539.519648575252,0.11458333333333333,313.7123809429824,194.42727467550827,297.497527440389,0.09375,361.3291298548381
20260212,Thermal_20,G17,203.28,200.0,-0.12,21.81925962934423,10.342719256842122,1.810343121515422,7259.536260417358,521.2890350877193,198.72757675438595,4539.519648575252,0.11458333333333333,313.7123809429824,194.42727467550827,297.497527440389,0.09375,361.3291298548381
20260213,Thermal_15,G17,203.28,200.0,-0.12,18.430994098108442,5.745406477894759,1.910985567706818,7109.600376007608,975.5820175438597,196.8280153508772,3937.190343112872,0.09375,302.3034878508772,177.61331636253345,308.5451286633809,0.11458333333333333,392.1659870147705
20260213,Thermal_16,G17,203.28,200.0,-0.12,18.430994098108442,5.745406477894759,1.910985567706818,7109.600376007608,975.5820175438597,196.8280153508772,3937.190343112872,0.09375,302.3034878508772,177.61331636253345,308.5451286633809,0.11458333333333333,392.1659870147705
20260213,Thermal_17,G17,203.28,200.0,-0.12,18.430994098108442,5.745406477894759,1.910985567706818,7109.600376007608,975.5820175438597,196.8280153508772,3937.190343112872,0.09375,302.3034878508772,177.61331636253345,308.5451286633809,0.11458333333333333,392.1659870147705
20260213,Thermal_18,G17,203.28,200.0,-0.12,18.430994098108442,5.745406477894759,1.910985567706818,7109.600376007608,975.5820175438597,196.8280153508772,3937.190343112872,0.09375,302.3034878508772,177.61331636253345,308.5451286633809,0.11458333333333333,392.1659870147705
20260213,Thermal_19,G17,203.28,200.0,-0.12,18.430994098108442,5.745406477894759,1.910985567706818,7109.600376007608,975.5820175438597,196.8280153508772,3937.190343112872,0.09375,302.3034878508772,177.61331636253345,308.5451286633809,0.11458333333333333,392.1659870147705
20260213,Thermal_20,G17,203.28,200.0,-0.12,18.430994098108442,5.745406477894759,1.910985567706818,7109.600376007608,975.5820175438597,196.8280153508772,3937.190343112872,0.09375,302.3034878508772,177.61331636253345,308.5451286633809,0.11458333333333333,392.1659870147705
20260214,Thermal_15,G17,203.28,200.0,-0.12,21.327291561727392,10.34646884000002,1.914522669267123,6966.366739112539,673.7707236842106,246.26025219298245,4046.3357632353463,0.11458333333333333,312.70255833333334,194.8587297127965,334.79274161656696,0.16666666666666666,400.2024121284485
20260214,Thermal_16,G17,203.28,200.0,-0.12,21.327291561727392,10.34646884000002,1.914522669267123,6966.366739112539,673.7707236842106,246.26025219298245,4046.3357632353463,0.11458333333333333,312.70255833333334,194.8587297127965,334.79274161656696,0.16666666666666666,400.2024121284485
20260214,Thermal_17,G17,203.28,200.0,-0.12,21.327291561727392,10.34646884000002,1.914522669267123,6966.366739112539,673.7707236842106,246.26025219298245,4046.3357632353463,0.11458333333333333,312.70255833333334,194.8587297127965,334.79274161656696,0.16666666666666666,400.2024121284485
20260214,Thermal_18,G17,203.28,200.0,-0.12,21.327291561727392,10.34646884000002,1.914522669267123,6966.366739112539,673.7707236842106,246.26025219298245,4046.3357632353463,0.11458333333333333,312.70255833333334,194.8587297127965,334.79274161656696,0.16666666666666666,400.2024121284485
20260214,Thermal_19,G17,203.28,200.0,-0.12,21.327291561727392,10.34646884000002,1.914522669267123,6966.366739112539,673.7707236842106,246.26025219298245,4046.3357632353463,0.11458333333333333,312.70255833333334,194.8587297127965,334.79274161656696,0.16666666666666666,400.2024121284485
20260214,Thermal_20,G17,203.28,200.0,-0.12,21.327291561727392,10.34646884000002,1.914522669267123,6966.366739112539,673.7707236842106,246.26025219298245,4046.3357632353463,0.11458333333333333,312.70255833333334,194.8587297127965,334.79274161656696,0.16666666666666666,400.2024121284485
20260215,Thermal_15,G17,203.28,200.0,-0.12,33.00849398711479,21.867591040000008,1.914885885977444,6825.4376184993525,370.9128289473685,274.09188596491225,4180.432903587072,0.16666666666666666,345.33633270833326,227.56265172628105,310.5707737604777,0.13541666666666666,397.26970895131427
20260215,Thermal_16,G17,203.28,200.0,-0.12,33.00849398711479,21.867591040000008,1.914885885977444,6825.4376184993525,370.9128289473685,274.09188596491225,4180.432903587072,0.16666666666666666,345.33633270833326,227.56265172628105,310.5707737604777,0.13541666666666666,397.26970895131427
20260215,Thermal_17,G17,203.28,200.0,-0.12,33.00849398711479,21.867591040000008,1.914885885977444,6825.4376184993525,370.9128289473685,274.09188596491225,4180.432903587072,0.16666666666666666,345.33633270833326,227.56265172628105,310.5707737604777,0.13541666666666666,397.26970895131427
20260215,Thermal_18,G17,203.28,200.0,-0.12,33.00849398711479,21.867591040000008,1.914885885977444,6825.4376184993525,370.9128289473685,274.09188596491225,4180.432903587072,0.16666666666666666,345.33633270833326,227.56265172628105,310.5707737604777,0.13541666666666666,397.26970895131427
20260215,Thermal_19,G17,203.28,200.0,-0.12,33.00849398711479,21.867591040000008,1.914885885977444,6825.4376184993525,370.9128289473685,274.09188596491225,4180.432903587072,0.16666666666666666,345.33633270833326,227.56265172628105,310.5707737604777,0.13541666666666666,397.26970895131427
20260215,Thermal_20,G17,203.28,200.0,-0.12,33.00849398711479,21.867591040000008,1.914885885977444,6825.4376184993525,370.9128289473685,274.09188596491225,4180.432903587072,0.16666666666666666,345.33633270833326,227.56265172628105,310.5707737604777,0.13541666666666666,397.26970895131427
20260216,Thermal_15,G17,203.28,200.0,-0.12,23.649599133744147,10.377251697368441,2.338091027281599,5556.735970333776,295.39912280701753,271.2139254385965,2990.1229220881623,0.11458333333333333,316.0318212719298,193.89175694086717,324.7127768198649,0.13541666666666666,451.03850332895917
20260216,Thermal_16,G17,203.28,200.0,-0.12,23.649599133744147,10.377251697368441,2.338091027281599,5556.735970333776,295.39912280701753,271.2139254385965,2990.1229220881623,0.11458333333333333,316.0318212719298,193.89175694086717,324.7127768198649,0.13541666666666666,451.03850332895917
20260216,Thermal_17,G17,203.28,200.0,-0.12,23.649599133744147,10.377251697368441,2.338091027281599,5556.735970333776,295.39912280701753,271.2139254385965,2990.1229220881623,0.11458333333333333,316.0318212719298,193.89175694086717,324.7127768198649,0.13541666666666666,451.03850332895917
20260216,Thermal_18,G17,203.28,200.0,-0.12,23.649599133744147,10.377251697368441,2.338091027281599,5556.735970333776,295.39912280701753,271.2139254385965,2990.1229220881623,0.11458333333333333,316.0318212719298,193.89175694086717,324.7127768198649,0.13541666666666666,451.03850332895917
20260216,Thermal_19,G17,203.28,200.0,-0.12,23.649599133744147,10.377251697368441,2.338091027281599,5556.735970333776,295.39912280701753,271.2139254385965,2990.1229220881623,0.11458333333333333,316.0318212719298,193.89175694086717,324.7127768198649,0.13541666666666666,451.03850332895917
20260216,Thermal_20,G17,203.28,200.0,-0.12,23.649599133744147,10.377251697368441,2.338091027281599,5556.735970333776,295.39912280701753,271.2139254385965,2990.1229220881623,0.11458333333333333,316.0318212719298,193.89175694086717,324.7127768198649,0.13541666666666666,451.03850332895917
20260217,Thermal_15,G17,203.28,200.0,-0.12,17.083666613548687,8.040808132631598,2.390347131781776,5405.727237811634,276.7512061403509,235.3418859649123,2893.63414570637,0.10416666666666667,305.2635839364035,187.3539638264958,294.1611080169678,0.09375,379.68529319763184
20260217,Thermal_16,G17,203.28,200.0,-0.12,17.083666613548687,8.040808132631598,2.390347131781776,5405.727237811634,276.7512061403509,235.3418859649123,2893.63414570637,0.10416666666666667,305.2635839364035,187.3539638264958,294.1611080169678,0.09375,379.68529319763184
20260217,Thermal_17,G17,203.28,200.0,-0.12,17.083666613548687,8.040808132631598,2.390347131781776,5405.727237811634,276.7512061403509,235.3418859649123,2893.63414570637,0.10416666666666667,305.2635839364035,187.3539638264958,294.1611080169678,0.09375,379.68529319763184
20260217,Thermal_18,G17,203.28,200.0,-0.12,17.083666613548687,8.040808132631598,2.390347131781776,5405.727237811634,276.7512061403509,235.3418859649123,2893.63414570637,0.10416666666666667,305.2635839364035,187.3539638264958,294.1611080169678,0.09375,379.68529319763184
20260217,Thermal_19,G17,203.28,200.0,-0.12,17.083666613548687,8.040808132631598,2.390347131781776,5405.727237811634,276.7512061403509,235.3418859649123,2893.63414570637,0.10416666666666667,305.2635839364035,187.3539638264958,294.1611080169678,0.09375,379.68529319763184
20260217,Thermal_20,G17,203.28,200.0,-0.12,17.083666613548687,8.040808132631598,2.390347131781776,5405.727237811634,276.7512061403509,235.3418859649123,2893.63414570637,0.10416666666666667,305.2635839364035,187.3539638264958,294.1611080169678,0.09375,379.68529319763184
20260218,Thermal_15,G17,203.28,200.0,-0.12,4.9994160178895,-5.78310223999998,2.023781676782133,6535.436217180747,563.4183114035087,250.50592105263158,3721.511984724607,0.041666666666666664,265.6219277083333,122.88874314508246,283.87752803166705,0.07291666666666667,347.62876574198407
20260218,Thermal_16,G17,203.28,200.0,-0.12,4.9994160178895,-5.78310223999998,2.023781676782133,6535.436217180747,563.4183114035087,250.50592105263158,3721.511984724607,0.041666666666666664,265.6219277083333,122.88874314508246,283.87752803166705,0.07291666666666667,347.62876574198407
20260218,Thermal_17,G17,203.28,200.0,-0.12,4.9994160178895,-5.78310223999998,2.023781676782133,6535.436217180747,563.4183114035087,250.50592105263158,3721.511984724607,0.041666666666666664,265.6219277083333,122.88874314508246,283.87752803166705,0.07291666666666667,347.62876574198407
20260218,Thermal_18,G17,203.28,200.0,-0.12,4.9994160178895,-5.78310223999998,2.023781676782133,6535.436217180747,563.4183114035087,250.50592105263158,3721.511984724607,0.041666666666666664,265.6219277083333,122.88874314508246,283.87752803166705,0.07291666666666667,347.62876574198407
20260218,Thermal_19,G17,203.28,200.0,-0.12,4.9994160178895,-5.78310223999998,2.023781676782133,6535.436217180747,563.4183114035087,250.50592105263158,3721.511984724607,0.041666666666666664,265.6219277083333,122.88874314508246,283.87752803166705,0.07291666666666667,347.62876574198407
20260218,Thermal_20,G17,203.28,200.0,-0.12,4.9994160178895,-5.78310223999998,2.023781676782133,6535.436217180747,563.4183114035087,250.50592105263158,3721.511984724607,0.041666666666666664,265.6219277083333,122.88874314508246,283.87752803166705,0.07291666666666667,347.62876574198407
20260219,Thermal_15,G17,203.28,200.0,-0.12,21.686929806062153,10.344505538947386,1.868741286725597,7035.1604158296395,521.2890350877193,198.72757675438595,4315.143803987534,0.11458333333333333,313.49658621710523,194.54287127707175,298.91826152801514,0.09375,368.2694058418274
20260219,Thermal_16,G17,203.28,200.0,-0.12,21.686929806062153,10.344505538947386,1.868741286725597,7035.1604158296395,521.2890350877193,198.72757675438595,4315.143803987534,0.11458333333333333,313.49658621710523,194.54287127707175,298.91826152801514,0.09375,368.2694058418274
20260219,Thermal_17,G17,203.28,200.0,-0.12,21.686929806062153,10.344505538947386,1.868741286725597,7035.1604158296395,521.2890350877193,198.72757675438595,4315.143803987534,0.11458333333333333,313.49658621710523,194.54287127707175,298.91826152801514,0.09375,368.2694058418274
20260219,Thermal_18,G17,203.28,200.0,-0.12,21.686929806062153,10.344505538947386,1.868741286725597,7035.1604158296395,521.2890350877193,198.72757675438595,4315.143803987534,0.11458333333333333,313.49658621710523,194.54287127707175,298.91826152801514,0.09375,368.2694058418274
20260219,Thermal_19,G17,203.28,200.0,-0.12,21.686929806062153,10.344505538947386,1.868741286725597,7035.1604158296395,521.2890350877193,198.72757675438595,4315.143803987534,0.11458333333333333,313.49658621710523,194.54287127707175,298.91826152801514,0.09375,368.2694058418274
20260219,Thermal_20,G17,203.28,200.0,-0.12,21.686929806062153,10.344505538947386,1.868741286725597,7035.1604158296395,521.2890350877193,198.72757675438595,4315.143803987534,0.11458333333333333,313.49658621710523,194.54287127707175,298.91826152801514,0.09375,368.2694058418274
20260220,Thermal_15,G17,203.28,200.0,-0.12,19.936278715630536,8.048399831578967,1.972630263439296,6893.967404462445,975.5820175438597,196.8280153508772,3721.557371567709,0.10416666666666667,307.3808086951754,186.53677109988115,310.46774832407635,0.11458333333333333,399.56474113464355
20260220,Thermal_16,G17,203.28,200.0,-0.12,19.936278715630536,8.048399831578967,1.972630263439296,6893.967404462445,975.5820175438597,196.8280153508772,3721.557371567709,0.10416666666666667,307.3808086951754,186.53677109988115,310.46774832407635,0.11458333333333333,399.56474113464355
20260220,Thermal_17,G17,203.28,200.0,-0.12,19.936278715630536,8.048399831578967,1.972630263439296,6893.967404462445,975.5820175438597,196.8280153508772,3721.557371567709,0.10416666666666667,307.3808086951754,186.53677109988115,310.46774832407635,0.11458333333333333,399.56474113464355
20260220,Thermal_18,G17,203.28,200.0,-0.12,19.936278715630536,8.048399831578967,1.972630263439296,6893.967404462445,975.5820175438597,196.8280153508772,3721.557371567709,0.10416666666666667,307.3808086951754,186.53677109988115,310.46774832407635,0.11458333333333333,399.56474113464355
20260220,Thermal_19,G17,203.28,200.0,-0.12,19.936278715630536,8.048399831578967,1.972630263439296,6893.967404462445,975.5820175438597,196.8280153508772,3721.557371567709,0.10416666666666667,307.3808086951754,186.53677109988115,310.46774832407635,0.11458333333333333,399.56474113464355
20260220,Thermal_20,G17,203.28,200.0,-0.12,19.936278715630536,8.048399831578967,1.972630263439296,6893.967404462445,975.5820175438597,196.8280153508772,3721.557371567709,0.10416666666666667,307.3808086951754,186.53677109988115,310.46774832407635,0.11458333333333333,399.56474113464355
20260221,Thermal_15,G17,203.28,200.0,-0.12,30.11860749634006,19.56336660000001,1.976281465049934,6758.049823850194,673.7707236842106,246.26025219298245,3838.0188479730014,0.15625,337.68253145833336,222.27848501538378,335.5368800163269,0.16666666666666666,405.5042492548625
20260221,Thermal_16,G17,203.28,200.0,-0.12,30.11860749634006,19.56336660000001,1.976281465049934,6758.049823850194,673.7707236842106,246.26025219298245,3838.0188479730014,0.15625,337.68253145833336,222.27848501538378,335.5368800163269,0.16666666666666666,405.5042492548625
20260221,Thermal_17,G17,203.28,200.0,-0.12,30.11860749634006,19.56336660000001,1.976281465049934,6758.049823850194,673.7707236842106,246.26025219298245,3838.0188479730014,0.15625,337.68253145833336,222.27848501538378,335.5368800163269,0.16666666666666666,405.5042492548625
20260221,Thermal_18,G17,203.28,200.0,-0.12,30.11860749634006,19.56336660000001,1.976281465049934,6758.049823850194,673.7707236842106,246.26025219298245,3838.0188479730014,0.15625,337.68253145833336,222.27848501538378,335.5368800163269,0.16666666666666666,405.5042492548625
20260221,Thermal_19,G17,203.28,200.0,-0.12,30.11860749634006,19.56336660000001,1.976281465049934,6758.049823850194,673.7707236842106,246.26025219298245,3838.0188479730014,0.15625,337.68253145833336,222.27848501538378,335.5368800163269,0.16666666666666666,405.5042492548625
20260221,Thermal_20,G17,203.28,200.0,-0.12,30.11860749634006,19.56336660000001,1.976281465049934,6758.049823850194,673.7707236842106,246.26025219298245,3838.0188479730014,0.15625,337.68253145833336,222.27848501538378,335.5368800163269,0.16666666666666666,405.5042492548625
20260222,Thermal_15,G17,203.28,200.0,-0.12,-1.90043449827259,-12.69577555999998,1.97665639842833,6599.621833350429,370.9128289473685,274.09188596491225,3954.617118438149,0.010416666666666666,246.94603625,62.78794778285502,309.44690529505414,0.13541666666666666,392.9106499354045
20260222,Thermal_16,G17,203.28,200.0,-0.12,-1.90043449827259,-12.69577555999998,1.97665639842833,6599.621833350429,370.9128289473685,274.09188596491225,3954.617118438149,0.010416666666666666,246.94603625,62.78794778285502,309.44690529505414,0.13541666666666666,392.9106499354045
20260222,Thermal_17,G17,203.28,200.0,-0.12,-1.90043449827259,-12.69577555999998,1.97665639842833,6599.621833350429,370.9128289473685,274.09188596491225,3954.617118438149,0.010416666666666666,246.94603625,62.78794778285502,309.44690529505414,0.13541666666666666,392.9106499354045
20260222,Thermal_18,G17,203.28,200.0,-0.12,-1.90043449827259,-12.69577555999998,1.97665639842833,6599.621833350429,370.9128289473685,274.09188596491225,3954.617118438149,0.010416666666666666,246.94603625,62.78794778285502,309.44690529505414,0.13541666666666666,392.9106499354045
20260222,Thermal_19,G17,203.28,200.0,-0.12,-1.90043449827259,-12.69577555999998,1.97665639842833,6599.621833350429,370.9128289473685,274.09188596491225,3954.617118438149,0.010416666666666666,246.94603625,62.78794778285502,309.44690529505414,0.13541666666666666,392.9106499354045
20260222,Thermal_20,G17,203.28,200.0,-0.12,-1.90043449827259,-12.69577555999998,1.97665639842833,6599.621833350429,370.9128289473685,274.09188596491225,3954.617118438149,0.010416666666666666,246.94603625,62.78794778285502,309.44690529505414,0.13541666666666666,392.9106499354045
20260223,Thermal_15,G17,203.28,200.0,-0.12,37.426071953335935,26.5298577031579,2.413513318484231,5399.883035654238,295.39912280701753,271.2139254385965,2833.269987408624,0.1875,359.97361843201753,237.85496944660187,343.90534591674805,0.17708333333333334,461.67172304789227
20260223,Thermal_16,G17,203.28,200.0,-0.12,37.426071953335935,26.5298577031579,2.413513318484231,5399.883035654238,295.39912280701753,271.2139254385965,2833.269987408624,0.1875,359.97361843201753,237.85496944660187,343.90534591674805,0.17708333333333334,461.67172304789227
20260223,Thermal_17,G17,203.28,200.0,-0.12,37.426071953335935,26.5298577031579,2.413513318484231,5399.883035654238,295.39912280701753,271.2139254385965,2833.269987408624,0.1875,359.97361843201753,237.85496944660187,343.90534591674805,0.17708333333333334,461.67172304789227
20260223,Thermal_18,G17,203.28,200.0,-0.12,37.426071953335935,26.5298577031579,2.413513318484231,5399.883035654238,295.39912280701753,271.2139254385965,2833.269987408624,0.1875,359.97361843201753,237.85496944660187,343.90534591674805,0.17708333333333334,461.67172304789227
20260223,Thermal_19,G17,203.28,200.0,-0.12,37.426071953335935,26.5298577031579,2.413513318484231,5399.883035654238,295.39912280701753,271.2139254385965,2833.269987408624,0.1875,359.97361843201753,237.85496944660187,343.90534591674805,0.17708333333333334,461.67172304789227
20260223,Thermal_20,G17,203.28,200.0,-0.12,37.426071953335935,26.5298577031579,2.413513318484231,5399.883035654238,295.39912280701753,271.2139254385965,2833.269987408624,0.1875,359.97361843201753,237.85496944660187,343.90534591674805,0.17708333333333334,461.67172304789227
20260224,Thermal_15,G17,203.28,200.0,-0.12,16.54555683422872,8.040192589473703,2.467455103774737,5235.39569425352,276.7512061403509,235.3418859649123,2723.3026021482565,0.10416666666666667,304.73510842105264,187.5221382425037,313.7374970118205,0.125,398.3180383046468
20260224,Thermal_16,G17,203.28,200.0,-0.12,16.54555683422872,8.040192589473703,2.467455103774737,5235.39569425352,276.7512061403509,235.3418859649123,2723.3026021482565,0.10416666666666667,304.73510842105264,187.5221382425037,313.7374970118205,0.125,398.3180383046468
20260224,Thermal_17,G17,203.28,200.0,-0.12,16.54555683422872,8.040192589473703,2.467455103774737,5235.39569425352,276.7512061403509,235.3418859649123,2723.3026021482565,0.10416666666666667,304.73510842105264,187.5221382425037,313.7374970118205,0.125,398.3180383046468
20260224,Thermal_18,G17,203.28,200.0,-0.12,16.54555683422872,8.040192589473703,2.467455103774737,5235.39569425352,276.7512061403509,235.3418859649123,2723.3026021482565,0.10416666666666667,304.73510842105264,187.5221382425037,313.7374970118205,0.125,398.3180383046468
20260224,Thermal_19,G17,203.28,200.0,-0.12,16.54555683422872,8.040192589473703,2.467455103774737,5235.39569425352,276.7512061403509,235.3418859649123,2723.3026021482565,0.10416666666666667,304.73510842105264,187.5221382425037,313.7374970118205,0.125,398.3180383046468
20260224,Thermal_20,G17,203.28,200.0,-0.12,16.54555683422872,8.040192589473703,2.467455103774737,5235.39569425352,276.7512061403509,235.3418859649123,2723.3026021482565,0.10416666666666667,304.73510842105264,187.5221382425037,313.7374970118205,0.125,398.3180383046468
20260225,Thermal_15,G17,203.28,200.0,-0.12,19.42187739346015,8.041834037894754,2.205620726966658,6001.533113671537,563.4183114035087,250.50592105263158,3187.6088812153967,0.10416666666666667,308.30831222587716,186.2851002702454,293.7820240656535,0.09375,390.7432333628337
20260225,Thermal_16,G17,203.28,200.0,-0.12,19.42187739346015,8.041834037894754,2.205620726966658,6001.533113671537,563.4183114035087,250.50592105263158,3187.6088812153967,0.10416666666666667,308.30831222587716,186.2851002702454,293.7820240656535,0.09375,390.7432333628337
20260225,Thermal_17,G17,203.28,200.0,-0.12,19.42187739346015,8.041834037894754,2.205620726966658,6001.533113671537,563.4183114035087,250.50592105263158,3187.6088812153967,0.10416666666666667,308.30831222587716,186.2851002702454,293.7820240656535,0.09375,390.7432333628337
20260225,Thermal_18,G17,203.28,200.0,-0.12,19.42187739346015,8.041834037894754,2.205620726966658,6001.533113671537,563.4183114035087,250.50592105263158,3187.6088812153967,0.10416666666666667,308.30831222587716,186.2851002702454,293.7820240656535,0.09375,390.7432333628337
20260225,Thermal_19,G17,203.28,200.0,-0.12,19.42187739346015,8.041834037894754,2.205620726966658,6001.533113671537,563.4183114035087,250.50592105263158,3187.6088812153967,0.10416666666666667,308.30831222587716,186.2851002702454,293.7820240656535,0.09375,390.7432333628337
20260225,Thermal_20,G17,203.28,200.0,-0.12,19.42187739346015,8.041834037894754,2.205620726966658,6001.533113671537,563.4183114035087,250.50592105263158,3187.6088812153967,0.10416666666666667,308.30831222587716,186.2851002702454,293.7820240656535,0.09375,390.7432333628337
20260226,Thermal_15,G17,203.28,200.0,-0.12,10.071921517114758,-1.174653359999981,2.036649784226719,6445.661812584257,521.2890350877193,198.72757675438595,3725.6452007421512,0.0625,280.6594877083333,148.22634141836645,287.50128173828125,0.08333333333333333,376.62357870737713
20260226,Thermal_16,G17,203.28,200.0,-0.12,10.071921517114758,-1.174653359999981,2.036649784226719,6445.661812584257,521.2890350877193,198.72757675438595,3725.6452007421512,0.0625,280.6594877083333,148.22634141836645,287.50128173828125,0.08333333333333333,376.62357870737713
20260226,Thermal_17,G17,203.28,200.0,-0.12,10.071921517114758,-1.174653359999981,2.036649784226719,6445.661812584257,521.2890350877193,198.72757675438595,3725.6452007421512,0.0625,280.6594877083333,148.22634141836645,287.50128173828125,0.08333333333333333,376.62357870737713
20260226,Thermal_18,G17,203.28,200.0,-0.12,10.071921517114758,-1.174653359999981,2.036649784226719,6445.661812584257,521.2890350877193,198.72757675438595,3725.6452007421512,0.0625,280.6594877083333,148.22634141836645,287.50128173828125,0.08333333333333333,376.62357870737713
20260226,Thermal_19,G17,203.28,200.0,-0.12,10.071921517114758,-1.174653359999981,2.036649784226719,6445.661812584257,521.2890350877193,198.72757675438595,3725.6452007421512,0.0625,280.6594877083333,148.22634141836645,287.50128173828125,0.08333333333333333,376.62357870737713
20260226,Thermal_20,G17,203.28,200.0,-0.12,10.071921517114758,-1.174653359999981,2.036649784226719,6445.661812584257,521.2890350877193,198.72757675438595,3725.6452007421512,0.0625,280.6594877083333,148.22634141836645,287.50128173828125,0.08333333333333333,376.62357870737713
20260227,Thermal_15,G17,203.28,200.0,-0.12,34.94605577984109,21.918673075789492,2.14987330184816,6354.019948726476,975.5820175438597,196.8280153508772,3181.6099158317393,0.16666666666666666,349.8186734100877,225.95775758368598,318.411504427592,0.125,423.9270912806193
20260227,Thermal_16,G17,203.28,200.0,-0.12,34.94605577984109,21.918673075789492,2.14987330184816,6354.019948726476,975.5820175438597,196.8280153508772,3181.6099158317393,0.16666666666666666,349.8186734100877,225.95775758368598,318.411504427592,0.125,423.9270912806193
20260227,Thermal_17,G17,203.28,200.0,-0.12,34.94605577984109,21.918673075789492,2.14987330184816,6354.019948726476,975.5820175438597,196.8280153508772,3181.6099158317393,0.16666666666666666,349.8186734100877,225.95775758368598,318.411504427592,0.125,423.9270912806193
20260227,Thermal_18,G17,203.28,200.0,-0.12,34.94605577984109,21.918673075789492,2.14987330184816,6354.019948726476,975.5820175438597,196.8280153508772,3181.6099158317393,0.16666666666666666,349.8186734100877,225.95775758368598,318.411504427592,0.125,423.9270912806193
20260227,Thermal_19,G17,203.28,200.0,-0.12,34.94605577984109,21.918673075789492,2.14987330184816,6354.019948726476,975.5820175438597,196.8280153508772,3181.6099158317393,0.16666666666666666,349.8186734100877,225.95775758368598,318.411504427592,0.125,423.9270912806193
20260227,Thermal_20,G17,203.28,200.0,-0.12,34.94605577984109,21.918673075789492,2.14987330184816,6354.019948726476,975.5820175438597,196.8280153508772,3181.6099158317393,0.16666666666666666,349.8186734100877,225.95775758368598,318.411504427592,0.125,423.9270912806193
20260228,Thermal_15,G17,203.28,200.0,-0.12,16.366653471112542,3.4577145347368567,2.153852568012661,6188.129982131856,673.7707236842106,246.26025219298245,3268.0990062546634,0.08333333333333333,295.6919848355263,168.68624488787887,308.92740058898926,0.13541666666666666,409.37336254119873
20260228,Thermal_16,G17,203.28,200.0,-0.12,16.366653471112542,3.4577145347368567,2.153852568012661,6188.129982131856,673.7707236842106,246.26025219298245,3268.0990062546634,0.08333333333333333,295.6919848355263,168.68624488787887,308.92740058898926,0.13541666666666666,409.37336254119873
20260228,Thermal_17,G17,203.28,200.0,-0.12,16.366653471112542,3.4577145347368567,2.153852568012661,6188.129982131856,673.7707236842106,246.26025219298245,3268.0990062546634,0.08333333333333333,295.6919848355263,168.68624488787887,308.92740058898926,0.13541666666666666,409.37336254119873
20260228,Thermal_18,G17,203.28,200.0,-0.12,16.366653471112542,3.4577145347368567,2.153852568012661,6188.129982131856,673.7707236842106,246.26025219298245,3268.0990062546634,0.08333333333333333,295.6919848355263,168.68624488787887,308.92740058898926,0.13541666666666666,409.37336254119873
20260228,Thermal_19,G17,203.28,200.0,-0.12,16.366653471112542,3.4577145347368567,2.153852568012661,6188.129982131856,673.7707236842106,246.26025219298245,3268.0990062546634,0.08333333333333333,295.6919848355263,168.68624488787887,308.92740058898926,0.13541666666666666,409.37336254119873
20260228,Thermal_20,G17,203.28,200.0,-0.12,16.366653471112542,3.4577145347368567,2.153852568012661,6188.129982131856,673.7707236842106,246.26025219298245,3268.0990062546634,0.08333333333333333,295.6919848355263,168.68624488787887,308.92740058898926,0.13541666666666666,409.37336254119873
20260301,Thermal_15,G17,203.28,200.0,-0.12,12.460896125009496,1.1330591578947544,2.154261189575011,6059.055036478831,370.9128289473685,274.09188596491225,3414.0503215665512,0.07291666666666667,288.0018903508772,158.91782079604465,300.3475974400838,0.10416666666666667,390.28948163986206
20260301,Thermal_16,G17,203.28,200.0,-0.12,12.460896125009496,1.1330591578947544,2.154261189575011,6059.055036478831,370.9128289473685,274.09188596491225,3414.0503215665512,0.07291666666666667,288.0018903508772,158.91782079604465,300.3475974400838,0.10416666666666667,390.28948163986206
20260301,Thermal_17,G17,203.28,200.0,-0.12,12.460896125009496,1.1330591578947544,2.154261189575011,6059.055036478831,370.9128289473685,274.09188596491225,3414.0503215665512,0.07291666666666667,288.0018903508772,158.91782079604465,300.3475974400838,0.10416666666666667,390.28948163986206
20260301,Thermal_18,G17,203.28,200.0,-0.12,12.460896125009496,1.1330591578947544,2.154261189575011,6059.055036478831,370.9128289473685,274.09188596491225,3414.0503215665512,0.07291666666666667,288.0018903508772,158.91782079604465,300.3475974400838,0.10416666666666667,390.28948163986206
20260301,Thermal_19,G17,203.28,200.0,-0.12,12.460896125009496,1.1330591578947544,2.154261189575011,6059.055036478831,370.9128289473685,274.09188596491225,3414.0503215665512,0.07291666666666667,288.0018903508772,158.91782079604465,300.3475974400838,0.10416666666666667,390.28948163986206
20260301,Thermal_20,G17,203.28,200.0,-0.12,12.460896125009496,1.1330591578947544,2.154261189575011,6059.055036478831,370.9128289473685,274.09188596491225,3414.0503215665512,0.07291666666666667,288.0018903508772,158.91782079604465,300.3475974400838,0.10416666666666667,390.28948163986206
20260302,Thermal_15,G17,203.28,200.0,-0.11,41.942363189887956,35.75864054210528,2.614392650814428,5049.874751737384,295.39912280701753,271.2139254385965,2483.2617034917703,0.22916666666666666,380.1266063157894,258.9934697951772,378.31902917226154,0.22916666666666666,490.03731060028076
20260302,Thermal_16,G17,203.28,200.0,-0.11,41.942363189887956,35.75864054210528,2.614392650814428,5049.874751737384,295.39912280701753,271.2139254385965,2483.2617034917703,0.22916666666666666,380.1266063157894,258.9934697951772,378.31902917226154,0.22916666666666666,490.03731060028076
20260302,Thermal_17,G17,203.28,200.0,-0.11,41.942363189887956,35.75864054210528,2.614392650814428,5049.874751737384,295.39912280701753,271.2139254385965,2483.2617034917703,0.22916666666666666,380.1266063157894,258.9934697951772,378.31902917226154,0.22916666666666666,490.03731060028076
20260302,Thermal_18,G17,203.28,200.0,-0.11,41.942363189887956,35.75864054210528,2.614392650814428,5049.874751737384,295.39912280701753,271.2139254385965,2483.2617034917703,0.22916666666666666,380.1266063157894,258.9934697951772,378.31902917226154,0.22916666666666666,490.03731060028076
20260302,Thermal_19,G17,203.28,200.0,-0.11,41.942363189887956,35.75864054210528,2.614392650814428,5049.874751737384,295.39912280701753,271.2139254385965,2483.2617034917703,0.22916666666666666,380.1266063157894,258.9934697951772,378.31902917226154,0.22916666666666666,490.03731060028076
20260302,Thermal_20,G17,203.28,200.0,-0.11,41.942363189887956,35.75864054210528,2.614392650814428,5049.874751737384,295.39912280701753,271.2139254385965,2483.2617034917703,0.22916666666666666,380.1266063157894,258.9934697951772,378.31902917226154,0.22916666666666666,490.03731060028076
20260303,Thermal_15,G17,203.28,200.0,-0.12,27.7045996742644,17.264887229473715,2.672824069425316,4842.650210348279,276.7512061403509,235.3418859649123,2330.557118243016,0.14583333333333334,332.246834254386,215.78399980592036,344.5464563369751,0.17708333333333334,443.1696507136027
20260303,Thermal_16,G17,203.28,200.0,-0.12,27.7045996742644,17.264887229473715,2.672824069425316,4842.650210348279,276.7512061403509,235.3418859649123,2330.557118243016,0.14583333333333334,332.246834254386,215.78399980592036,344.5464563369751,0.17708333333333334,443.1696507136027
20260303,Thermal_17,G17,203.28,200.0,-0.12,27.7045996742644,17.264887229473715,2.672824069425316,4842.650210348279,276.7512061403509,235.3418859649123,2330.557118243016,0.14583333333333334,332.246834254386,215.78399980592036,344.5464563369751,0.17708333333333334,443.1696507136027
20260303,Thermal_18,G17,203.28,200.0,-0.12,27.7045996742644,17.264887229473715,2.672824069425316,4842.650210348279,276.7512061403509,235.3418859649123,2330.557118243016,0.14583333333333334,332.246834254386,215.78399980592036,344.5464563369751,0.17708333333333334,443.1696507136027
20260303,Thermal_19,G17,203.28,200.0,-0.12,27.7045996742644,17.264887229473715,2.672824069425316,4842.650210348279,276.7512061403509,235.3418859649123,2330.557118243016,0.14583333333333334,332.246834254386,215.78399980592036,344.5464563369751,0.17708333333333334,443.1696507136027
20260303,Thermal_20,G17,203.28,200.0,-0.12,27.7045996742644,17.264887229473715,2.672824069425316,4842.650210348279,276.7512061403509,235.3418859649123,2330.557118243016,0.14583333333333334,332.246834254386,215.78399980592036,344.5464563369751,0.17708333333333334,443.1696507136027
20260304,Thermal_15,G17,203.28,200.0,-0.12,38.47268125441815,28.8335631557895,2.245515284097833,6009.920753141669,710.2240131578947,288.1705043859649,3011.5262355978093,0.19791666666666666,363.8157619517544,243.96462420957548,367.0877188046773,0.20833333333333334,485.899827003479
20260304,Thermal_16,G17,203.28,200.0,-0.12,38.47268125441815,28.8335631557895,2.245515284097833,6009.920753141669,710.2240131578947,288.1705043859649,3011.5262355978093,0.19791666666666666,363.8157619517544,243.96462420957548,367.0877188046773,0.20833333333333334,485.899827003479
20260304,Thermal_17,G17,203.28,200.0,-0.12,38.47268125441815,28.8335631557895,2.245515284097833,6009.920753141669,710.2240131578947,288.1705043859649,3011.5262355978093,0.19791666666666666,363.8157619517544,243.96462420957548,367.0877188046773,0.20833333333333334,485.899827003479
20260304,Thermal_18,G17,203.28,200.0,-0.12,38.47268125441815,28.8335631557895,2.245515284097833,6009.920753141669,710.2240131578947,288.1705043859649,3011.5262355978093,0.19791666666666666,363.8157619517544,243.96462420957548,367.0877188046773,0.20833333333333334,485.899827003479
20260304,Thermal_19,G17,203.28,200.0,-0.12,38.47268125441815,28.8335631557895,2.245515284097833,6009.920753141669,710.2240131578947,288.1705043859649,3011.5262355978093,0.19791666666666666,363.8157619517544,243.96462420957548,367.0877188046773,0.20833333333333334,485.899827003479
20260304,Thermal_20,G17,203.28,200.0,-0.12,38.47268125441815,28.8335631557895,2.245515284097833,6009.920753141669,710.2240131578947,288.1705043859649,3011.5262355978093,0.19791666666666666,363.8157619517544,243.96462420957548,367.0877188046773,0.20833333333333334,485.899827003479
20260305,Thermal_15,G17,203.28,200.0,-0.12,8.48701692854,-3.4663986347368247,2.151853703107392,6419.224014327563,1157.4939692982455,242.22867324561403,3019.5013717837037,0.052083333333333336,275.85224328947373,135.8882228828677,289.2146979967753,0.09375,406.93592198689777
20260305,Thermal_16,G17,203.28,200.0,-0.12,8.48701692854,-3.4663986347368247,2.151853703107392,6419.224014327563,1157.4939692982455,242.22867324561403,3019.5013717837037,0.052083333333333336,275.85224328947373,135.8882228828677,289.2146979967753,0.09375,406.93592198689777
20260305,Thermal_17,G17,203.28,200.0,-0.12,8.48701692854,-3.4663986347368247,2.151853703107392,6419.224014327563,1157.4939692982455,242.22867324561403,3019.5013717837037,0.052083333333333336,275.85224328947373,135.8882228828677,289.2146979967753,0.09375,406.93592198689777
20260305,Thermal_18,G17,203.28,200.0,-0.12,8.48701692854,-3.4663986347368247,2.151853703107392,6419.224014327563,1157.4939692982455,242.22867324561403,3019.5013717837037,0.052083333333333336,275.85224328947373,135.8882228828677,289.2146979967753,0.09375,406.93592198689777
20260305,Thermal_19,G17,203.28,200.0,-0.12,8.48701692854,-3.4663986347368247,2.151853703107392,6419.224014327563,1157.4939692982455,242.22867324561403,3019.5013717837037,0.052083333333333336,275.85224328947373,135.8882228828677,289.2146979967753,0.09375,406.93592198689777
20260305,Thermal_20,G17,203.28,200.0,-0.12,8.48701692854,-3.4663986347368247,2.151853703107392,6419.224014327563,1157.4939692982455,242.22867324561403,3019.5013717837037,0.052083333333333336,275.85224328947373,135.8882228828677,289.2146979967753,0.09375,406.93592198689777
20260306,Thermal_15,G17,203.28,200.0,-0.12,13.349541418664229,1.1295710800000176,2.028793775964563,6291.042887622952,189.55438596491226,166.54155701754385,3934.9469446404955,0.07291666666666667,288.7980725,158.68897360834256,296.32777818044025,0.08333333333333333,376.34003671010333
20260306,Thermal_16,G17,203.28,200.0,-0.12,13.349541418664229,1.1295710800000176,2.028793775964563,6291.042887622952,189.55438596491226,166.54155701754385,3934.9469446404955,0.07291666666666667,288.7980725,158.68897360834256,296.32777818044025,0.08333333333333333,376.34003671010333
20260306,Thermal_17,G17,203.28,200.0,-0.12,13.349541418664229,1.1295710800000176,2.028793775964563,6291.042887622952,189.55438596491226,166.54155701754385,3934.9469446404955,0.07291666666666667,288.7980725,158.68897360834256,296.32777818044025,0.08333333333333333,376.34003671010333
20260306,Thermal_18,G17,203.28,200.0,-0.12,13.349541418664229,1.1295710800000176,2.028793775964563,6291.042887622952,189.55438596491226,166.54155701754385,3934.9469446404955,0.07291666666666667,288.7980725,158.68897360834256,296.32777818044025,0.08333333333333333,376.34003671010333
20260306,Thermal_19,G17,203.28,200.0,-0.12,13.349541418664229,1.1295710800000176,2.028793775964563,6291.042887622952,189.55438596491226,166.54155701754385,3934.9469446404955,0.07291666666666667,288.7980725,158.68897360834256,296.32777818044025,0.08333333333333333,376.34003671010333
20260306,Thermal_20,G17,203.28,200.0,-0.12,13.349541418664229,1.1295710800000176,2.028793775964563,6291.042887622952,189.55438596491226,166.54155701754385,3934.9469446404955,0.07291666666666667,288.7980725,158.68897360834256,296.32777818044025,0.08333333333333333,376.34003671010333
20260307,Thermal_15,G17,203.28,200.0,-0.12,23.825457015565405,12.650693280000018,2.117117380701555,6181.292787892465,534.7506578947368,105.02044956140351,3541.5216804363245,0.125,320.63796666666667,201.7566182475678,262.60798358917236,0.041666666666666664,323.71715418497723
20260307,Thermal_16,G17,203.28,200.0,-0.12,23.825457015565405,12.650693280000018,2.117117380701555,6181.292787892465,534.7506578947368,105.02044956140351,3541.5216804363245,0.125,320.63796666666667,201.7566182475678,262.60798358917236,0.041666666666666664,323.71715418497723
20260307,Thermal_17,G17,203.28,200.0,-0.12,23.825457015565405,12.650693280000018,2.117117380701555,6181.292787892465,534.7506578947368,105.02044956140351,3541.5216804363245,0.125,320.63796666666667,201.7566182475678,262.60798358917236,0.041666666666666664,323.71715418497723
20260307,Thermal_18,G17,203.28,200.0,-0.12,23.825457015565405,12.650693280000018,2.117117380701555,6181.292787892465,534.7506578947368,105.02044956140351,3541.5216804363245,0.125,320.63796666666667,201.7566182475678,262.60798358917236,0.041666666666666664,323.71715418497723
20260307,Thermal_19,G17,203.28,200.0,-0.12,23.825457015565405,12.650693280000018,2.117117380701555,6181.292787892465,534.7506578947368,105.02044956140351,3541.5216804363245,0.125,320.63796666666667,201.7566182475678,262.60798358917236,0.041666666666666664,323.71715418497723
20260307,Thermal_20,G17,203.28,200.0,-0.12,23.825457015565405,12.650693280000018,2.117117380701555,6181.292787892465,534.7506578947368,105.02044956140351,3541.5216804363245,0.125,320.63796666666667,201.7566182475678,262.60798358917236,0.041666666666666664,323.71715418497723
20260308,Thermal_15,G17,203.28,200.0,-0.12,51.6813409693443,40.367528616842115,2.205256843802212,6125.538826652286,678.7785087719299,220.8904057017544,3225.869912178602,0.25,397.9487463596491,263.78036312563967,356.69762897491455,0.1875,463.9472427368164
20260308,Thermal_16,G17,203.28,200.0,-0.12,51.6813409693443,40.367528616842115,2.205256843802212,6125.538826652286,678.7785087719299,220.8904057017544,3225.869912178602,0.25,397.9487463596491,263.78036312563967,356.69762897491455,0.1875,463.9472427368164
20260308,Thermal_17,G17,203.28,200.0,-0.12,51.6813409693443,40.367528616842115,2.205256843802212,6125.538826652286,678.7785087719299,220.8904057017544,3225.869912178602,0.25,397.9487463596491,263.78036312563967,356.69762897491455,0.1875,463.9472427368164
20260308,Thermal_18,G17,203.28,200.0,-0.12,51.6813409693443,40.367528616842115,2.205256843802212,6125.538826652286,678.7785087719299,220.8904057017544,3225.869912178602,0.25,397.9487463596491,263.78036312563967,356.69762897491455,0.1875,463.9472427368164
20260308,Thermal_19,G17,203.28,200.0,-0.12,51.6813409693443,40.367528616842115,2.205256843802212,6125.538826652286,678.7785087719299,220.8904057017544,3225.869912178602,0.25,397.9487463596491,263.78036312563967,356.69762897491455,0.1875,463.9472427368164
20260308,Thermal_20,G17,203.28,200.0,-0.12,51.6813409693443,40.367528616842115,2.205256843802212,6125.538826652286,678.7785087719299,220.8904057017544,3225.869912178602,0.25,397.9487463596491,263.78036312563967,356.69762897491455,0.1875,463.9472427368164
20260309,Thermal_15,G17,203.28,200.0,-0.12,77.3224347294268,70.35979532315788,2.652110115905296,5061.374639609559,444.15043859649126,256.20433114035086,2361.019869872718,0.3854166666666667,478.78947072368413,297.8351840040486,407.6289318402608,0.2708333333333333,534.2322403589884
20260309,Thermal_16,G17,203.28,200.0,-0.12,77.3224347294268,70.35979532315788,2.652110115905296,5061.374639609559,444.15043859649126,256.20433114035086,2361.019869872718,0.3854166666666667,478.78947072368413,297.8351840040486,407.6289318402608,0.2708333333333333,534.2322403589884
20260309,Thermal_17,G17,203.28,200.0,-0.12,77.3224347294268,70.35979532315788,2.652110115905296,5061.374639609559,444.15043859649126,256.20433114035086,2361.019869872718,0.3854166666666667,478.78947072368413,297.8351840040486,407.6289318402608,0.2708333333333333,534.2322403589884
20260309,Thermal_18,G17,203.28,200.0,-0.12,77.3224347294268,70.35979532315788,2.652110115905296,5061.374639609559,444.15043859649126,256.20433114035086,2361.019869872718,0.3854166666666667,478.78947072368413,297.8351840040486,407.6289318402608,0.2708333333333333,534.2322403589884
20260309,Thermal_19,G17,203.28,200.0,-0.12,77.3224347294268,70.35979532315788,2.652110115905296,5061.374639609559,444.15043859649126,256.20433114035086,2361.019869872718,0.3854166666666667,478.78947072368413,297.8351840040486,407.6289318402608,0.2708333333333333,534.2322403589884
20260309,Thermal_20,G17,203.28,200.0,-0.12,77.3224347294268,70.35979532315788,2.652110115905296,5061.374639609559,444.15043859649126,256.20433114035086,2361.019869872718,0.3854166666666667,478.78947072368413,297.8351840040486,407.6289318402608,0.2708333333333333,534.2322403589884
20260310,Thermal_15,G17,203.28,200.0,-0.12,129.20114284973414,123.44442089578932,2.801215643852869,5051.73133275202,760.0699561403509,317.4066337719298,1974.2547428397393,0.625,626.5671627850878,294.780247063303,358.80268573760986,0.20833333333333334,479.56499163309735
20260310,Thermal_16,G17,203.28,200.0,-0.12,129.20114284973414,123.44442089578932,2.801215643852869,5051.73133275202,760.0699561403509,317.4066337719298,1974.2547428397393,0.625,626.5671627850878,294.780247063303,358.80268573760986,0.20833333333333334,479.56499163309735
20260310,Thermal_17,G17,203.28,200.0,-0.12,129.20114284973414,123.44442089578932,2.801215643852869,5051.73133275202,760.0699561403509,317.4066337719298,1974.2547428397393,0.625,626.5671627850878,294.780247063303,358.80268573760986,0.20833333333333334,479.56499163309735
20260310,Thermal_18,G17,203.28,200.0,-0.12,129.20114284973414,123.44442089578932,2.801215643852869,5051.73133275202,760.0699561403509,317.4066337719298,1974.2547428397393,0.625,626.5671627850878,294.780247063303,358.80268573760986,0.20833333333333334,479.56499163309735
20260310,Thermal_19,G17,203.28,200.0,-0.12,129.20114284973414,123.44442089578932,2.801215643852869,5051.73133275202,760.0699561403509,317.4066337719298,1974.2547428397393,0.625,626.5671627850878,294.780247063303,358.80268573760986,0.20833333333333334,479.56499163309735
20260310,Thermal_20,G17,203.28,200.0,-0.12,129.20114284973414,123.44442089578932,2.801215643852869,5051.73133275202,760.0699561403509,317.4066337719298,1974.2547428397393,0.625,626.5671627850878,294.780247063303,358.80268573760986,0.20833333333333334,479.56499163309735
20260311,Thermal_15,G17,203.28,200.0,-0.12,39.86720004884141,31.098030749473722,2.36518105728815,5798.697862489971,996.7176535087718,288.1705043859649,2513.8097045952345,0.20833333333333334,370.408877379386,248.36249937407882,308.63240671157837,0.13541666666666666,402.52959124247235
20260311,Thermal_16,G17,203.28,200.0,-0.12,39.86720004884141,31.098030749473722,2.36518105728815,5798.697862489971,996.7176535087718,288.1705043859649,2513.8097045952345,0.20833333333333334,370.408877379386,248.36249937407882,308.63240671157837,0.13541666666666666,402.52959124247235
20260311,Thermal_17,G17,203.28,200.0,-0.12,39.86720004884141,31.098030749473722,2.36518105728815,5798.697862489971,996.7176535087718,288.1705043859649,2513.8097045952345,0.20833333333333334,370.408877379386,248.36249937407882,308.63240671157837,0.13541666666666666,402.52959124247235
20260311,Thermal_18,G17,203.28,200.0,-0.12,39.86720004884141,31.098030749473722,2.36518105728815,5798.697862489971,996.7176535087718,288.1705043859649,2513.8097045952345,0.20833333333333334,370.408877379386,248.36249937407882,308.63240671157837,0.13541666666666666,402.52959124247235
20260311,Thermal_19,G17,203.28,200.0,-0.12,39.86720004884141,31.098030749473722,2.36518105728815,5798.697862489971,996.7176535087718,288.1705043859649,2513.8097045952345,0.20833333333333334,370.408877379386,248.36249937407882,308.63240671157837,0.13541666666666666,402.52959124247235
20260311,Thermal_20,G17,203.28,200.0,-0.12,39.86720004884141,31.098030749473722,2.36518105728815,5798.697862489971,996.7176535087718,288.1705043859649,2513.8097045952345,0.20833333333333334,370.408877379386,248.36249937407882,308.63240671157837,0.13541666666666666,402.52959124247235
20260312,Thermal_15,G17,203.28,200.0,-0.12,31.21503351005996,17.303036153684225,2.094137977606181,6231.726028024296,392.36940789473687,242.22867324561403,3597.1279468839457,0.14583333333333334,337.5263100109649,213.82763924723196,334.79424381256104,0.17708333333333334,430.385365486145
20260312,Thermal_16,G17,203.28,200.0,-0.12,31.21503351005996,17.303036153684225,2.094137977606181,6231.726028024296,392.36940789473687,242.22867324561403,3597.1279468839457,0.14583333333333334,337.5263100109649,213.82763924723196,334.79424381256104,0.17708333333333334,430.385365486145
20260312,Thermal_17,G17,203.28,200.0,-0.12,31.21503351005996,17.303036153684225,2.094137977606181,6231.726028024296,392.36940789473687,242.22867324561403,3597.1279468839457,0.14583333333333334,337.5263100109649,213.82763924723196,334.79424381256104,0.17708333333333334,430.385365486145
20260312,Thermal_18,G17,203.28,200.0,-0.12,31.21503351005996,17.303036153684225,2.094137977606181,6231.726028024296,392.36940789473687,242.22867324561403,3597.1279468839457,0.14583333333333334,337.5263100109649,213.82763924723196,334.79424381256104,0.17708333333333334,430.385365486145
20260312,Thermal_19,G17,203.28,200.0,-0.12,31.21503351005996,17.303036153684225,2.094137977606181,6231.726028024296,392.36940789473687,242.22867324561403,3597.1279468839457,0.14583333333333334,337.5263100109649,213.82763924723196,334.79424381256104,0.17708333333333334,430.385365486145
20260312,Thermal_20,G17,203.28,200.0,-0.12,31.21503351005996,17.303036153684225,2.094137977606181,6231.726028024296,392.36940789473687,242.22867324561403,3597.1279468839457,0.14583333333333334,337.5263100109649,213.82763924723196,334.79424381256104,0.17708333333333334,430.385365486145
20260313,Thermal_15,G17,203.28,200.0,-0.12,19.176044797114784,8.042244400000017,2.110125674485561,6110.862735630522,304.88695175438596,166.54155701754385,3639.4342268585924,0.10416666666666667,306.1734791666667,186.94773476893735,255.34442536036173,0.03125,326.4303207397461
20260313,Thermal_16,G17,203.28,200.0,-0.12,19.176044797114784,8.042244400000017,2.110125674485561,6110.862735630522,304.88695175438596,166.54155701754385,3639.4342268585924,0.10416666666666667,306.1734791666667,186.94773476893735,255.34442536036173,0.03125,326.4303207397461
20260313,Thermal_17,G17,203.28,200.0,-0.12,19.176044797114784,8.042244400000017,2.110125674485561,6110.862735630522,304.88695175438596,166.54155701754385,3639.4342268585924,0.10416666666666667,306.1734791666667,186.94773476893735,255.34442536036173,0.03125,326.4303207397461
20260313,Thermal_18,G17,203.28,200.0,-0.12,19.176044797114784,8.042244400000017,2.110125674485561,6110.862735630522,304.88695175438596,166.54155701754385,3639.4342268585924,0.10416666666666667,306.1734791666667,186.94773476893735,255.34442536036173,0.03125,326.4303207397461
20260313,Thermal_19,G17,203.28,200.0,-0.12,19.176044797114784,8.042244400000017,2.110125674485561,6110.862735630522,304.88695175438596,166.54155701754385,3639.4342268585924,0.10416666666666667,306.1734791666667,186.94773476893735,255.34442536036173,0.03125,326.4303207397461
20260313,Thermal_20,G17,203.28,200.0,-0.12,19.176044797114784,8.042244400000017,2.110125674485561,6110.862735630522,304.88695175438596,166.54155701754385,3639.4342268585924,0.10416666666666667,306.1734791666667,186.94773476893735,255.34442536036173,0.03125,326.4303207397461
20260314,Thermal_15,G17,203.28,200.0,-0.11,44.347403761810305,31.146396483157922,2.23223165189669,6029.843670032594,833.352192982456,105.02044956140351,3091.4710274887348,0.20833333333333334,375.67322239035093,245.85446544656807,327.6168909072876,0.15625,438.61570803324383
20260314,Thermal_16,G17,203.28,200.0,-0.11,44.347403761810305,31.146396483157922,2.23223165189669,6029.843670032594,833.352192982456,105.02044956140351,3091.4710274887348,0.20833333333333334,375.67322239035093,245.85446544656807,327.6168909072876,0.15625,438.61570803324383
20260314,Thermal_17,G17,203.28,200.0,-0.11,44.347403761810305,31.146396483157922,2.23223165189669,6029.843670032594,833.352192982456,105.02044956140351,3091.4710274887348,0.20833333333333334,375.67322239035093,245.85446544656807,327.6168909072876,0.15625,438.61570803324383
20260314,Thermal_18,G17,203.28,200.0,-0.11,44.347403761810305,31.146396483157922,2.23223165189669,6029.843670032594,833.352192982456,105.02044956140351,3091.4710274887348,0.20833333333333334,375.67322239035093,245.85446544656807,327.6168909072876,0.15625,438.61570803324383
20260314,Thermal_19,G17,203.28,200.0,-0.11,44.347403761810305,31.146396483157922,2.23223165189669,6029.843670032594,833.352192982456,105.02044956140351,3091.4710274887348,0.20833333333333334,375.67322239035093,245.85446544656807,327.6168909072876,0.15625,438.61570803324383
20260314,Thermal_20,G17,203.28,200.0,-0.11,44.347403761810305,31.146396483157922,2.23223165189669,6029.843670032594,833.352192982456,105.02044956140351,3091.4710274887348,0.20833333333333334,375.67322239035093,245.85446544656807,327.6168909072876,0.15625,438.61570803324383
20260315,Thermal_15,G17,203.28,200.0,-0.12,27.194173850367363,14.960110946315803,2.253436127679445,5871.454978689561,563.6640350877193,220.8904057017544,3086.9005379000873,0.13541666666666666,327.7445595723684,208.41218169428183,287.22776794433594,0.08333333333333333,377.63694699605304
20260315,Thermal_16,G17,203.28,200.0,-0.12,27.194173850367363,14.960110946315803,2.253436127679445,5871.454978689561,563.6640350877193,220.8904057017544,3086.9005379000873,0.13541666666666666,327.7445595723684,208.41218169428183,287.22776794433594,0.08333333333333333,377.63694699605304
20260315,Thermal_17,G17,203.28,200.0,-0.12,27.194173850367363,14.960110946315803,2.253436127679445,5871.454978689561,563.6640350877193,220.8904057017544,3086.9005379000873,0.13541666666666666,327.7445595723684,208.41218169428183,287.22776794433594,0.08333333333333333,377.63694699605304
20260315,Thermal_18,G17,203.28,200.0,-0.12,27.194173850367363,14.960110946315803,2.253436127679445,5871.454978689561,563.6640350877193,220.8904057017544,3086.9005379000873,0.13541666666666666,327.7445595723684,208.41218169428183,287.22776794433594,0.08333333333333333,377.63694699605304
20260315,Thermal_19,G17,203.28,200.0,-0.12,27.194173850367363,14.960110946315803,2.253436127679445,5871.454978689561,563.6640350877193,220.8904057017544,3086.9005379000873,0.13541666666666666,327.7445595723684,208.41218169428183,287.22776794433594,0.08333333333333333,377.63694699605304
20260315,Thermal_20,G17,203.28,200.0,-0.12,27.194173850367363,14.960110946315803,2.253436127679445,5871.454978689561,563.6640350877193,220.8904057017544,3086.9005379000873,0.13541666666666666,327.7445595723684,208.41218169428183,287.22776794433594,0.08333333333333333,377.63694699605304
20260316,Thermal_15,G17,203.28,200.0,-0.09000000000000001,35.67481394850444,21.91999736526318,2.759541926154565,4810.714512527283,567.9240131578948,256.20433114035086,1986.5861682290374,0.16666666666666666,349.38905662280695,226.0949241635852,286.1846335728963,0.09375,394.895170211792
20260316,Thermal_16,G17,203.28,200.0,-0.09000000000000001,35.67481394850444,21.91999736526318,2.759541926154565,4810.714512527283,567.9240131578948,256.20433114035086,1986.5861682290374,0.16666666666666666,349.38905662280695,226.0949241635852,286.1846335728963,0.09375,394.895170211792
20260316,Thermal_17,G17,203.28,200.0,-0.09000000000000001,35.67481394850444,21.91999736526318,2.759541926154565,4810.714512527283,567.9240131578948,256.20433114035086,1986.5861682290374,0.16666666666666666,349.38905662280695,226.0949241635852,286.1846335728963,0.09375,394.895170211792
20260316,Thermal_18,G17,203.28,200.0,-0.09000000000000001,35.67481394850444,21.91999736526318,2.759541926154565,4810.714512527283,567.9240131578948,256.20433114035086,1986.5861682290374,0.16666666666666666,349.38905662280695,226.0949241635852,286.1846335728963,0.09375,394.895170211792
20260316,Thermal_19,G17,203.28,200.0,-0.09000000000000001,35.67481394850444,21.91999736526318,2.759541926154565,4810.714512527283,567.9240131578948,256.20433114035086,1986.5861682290374,0.16666666666666666,349.38905662280695,226.0949241635852,286.1846335728963,0.09375,394.895170211792
20260316,Thermal_20,G17,203.28,200.0,-0.09000000000000001,35.67481394850444,21.91999736526318,2.759541926154565,4810.714512527283,567.9240131578948,256.20433114035086,1986.5861682290374,0.16666666666666666,349.38905662280695,226.0949241635852,286.1846335728963,0.09375,394.895170211792
20260317,Thermal_15,G17,203.28,200.0,-0.11,137.95565565785353,132.67164744315775,2.897132119496142,4894.076739293916,804.8233552631579,317.4066337719298,1771.8467502588283,0.6666666666666666,652.2961317653509,286.50592490926834,451.7454202969869,0.3958333333333333,588.379963239034
20260317,Thermal_16,G17,203.28,200.0,-0.11,137.95565565785353,132.67164744315775,2.897132119496142,4894.076739293916,804.8233552631579,317.4066337719298,1771.8467502588283,0.6666666666666666,652.2961317653509,286.50592490926834,451.7454202969869,0.3958333333333333,588.379963239034
20260317,Thermal_17,G17,203.28,200.0,-0.11,137.95565565785353,132.67164744315775,2.897132119496142,4894.076739293916,804.8233552631579,317.4066337719298,1771.8467502588283,0.6666666666666666,652.2961317653509,286.50592490926834,451.7454202969869,0.3958333333333333,588.379963239034
20260317,Thermal_18,G17,203.28,200.0,-0.11,137.95565565785353,132.67164744315775,2.897132119496142,4894.076739293916,804.8233552631579,317.4066337719298,1771.8467502588283,0.6666666666666666,652.2961317653509,286.50592490926834,451.7454202969869,0.3958333333333333,588.379963239034
20260317,Thermal_19,G17,203.28,200.0,-0.11,137.95565565785353,132.67164744315775,2.897132119496142,4894.076739293916,804.8233552631579,317.4066337719298,1771.8467502588283,0.6666666666666666,652.2961317653509,286.50592490926834,451.7454202969869,0.3958333333333333,588.379963239034
20260317,Thermal_20,G17,203.28,200.0,-0.11,137.95565565785353,132.67164744315775,2.897132119496142,4894.076739293916,804.8233552631579,317.4066337719298,1771.8467502588283,0.6666666666666666,652.2961317653509,286.50592490926834,451.7454202969869,0.3958333333333333,588.379963239034
20260318,Thermal_15,G17,203.28,200.0,-0.12,50.47303200801385,38.07074165473688,2.27899205525068,6067.45827582559,721.170504385965,288.1705043859649,3058.1172670536607,0.23958333333333334,394.0673231688597,258.70470858427433,381.3031924565633,0.23958333333333334,489.5047613779704
20260318,Thermal_16,G17,203.28,200.0,-0.12,50.47303200801385,38.07074165473688,2.27899205525068,6067.45827582559,721.170504385965,288.1705043859649,3058.1172670536607,0.23958333333333334,394.0673231688597,258.70470858427433,381.3031924565633,0.23958333333333334,489.5047613779704
20260318,Thermal_17,G17,203.28,200.0,-0.12,50.47303200801385,38.07074165473688,2.27899205525068,6067.45827582559,721.170504385965,288.1705043859649,3058.1172670536607,0.23958333333333334,394.0673231688597,258.70470858427433,381.3031924565633,0.23958333333333334,489.5047613779704
20260318,Thermal_18,G17,203.28,200.0,-0.12,50.47303200801385,38.07074165473688,2.27899205525068,6067.45827582559,721.170504385965,288.1705043859649,3058.1172670536607,0.23958333333333334,394.0673231688597,258.70470858427433,381.3031924565633,0.23958333333333334,489.5047613779704
20260318,Thermal_19,G17,203.28,200.0,-0.12,50.47303200801385,38.07074165473688,2.27899205525068,6067.45827582559,721.170504385965,288.1705043859649,3058.1172670536607,0.23958333333333334,394.0673231688597,258.70470858427433,381.3031924565633,0.23958333333333334,489.5047613779704
20260318,Thermal_20,G17,203.28,200.0,-0.12,50.47303200801385,38.07074165473688,2.27899205525068,6067.45827582559,721.170504385965,288.1705043859649,3058.1172670536607,0.23958333333333334,394.0673231688597,258.70470858427433,381.3031924565633,0.23958333333333334,489.5047613779704
