step,hour,time,true,Ensemble_q0.005,Ensemble_q0.025,Ensemble_q0.05,Ensemble_q0.5,Ensemble_q0.95,Ensemble_q0.975,Ensemble_q0.995
0,0.0,2024-08-27 16:45:00,638.37,282.46654881080843,417.02054495497777,474.81057287279225,642.0370747264043,811.900981414372,893.0331160701959,1138.283503718911
1,0.25,2024-08-27 17:00:00,433.87,291.3899757546517,412.68572762221453,474.34651171355387,621.4002014940158,786.955291839872,850.5695416636444,1073.644475720109
2,0.5,2024-08-27 17:15:00,448.28,206.69211964511456,330.4658789695602,391.9276989585221,458.17822313879583,623.6485276455707,712.2960790775608,882.0305460511976
3,0.75,2024-08-27 17:30:00,362.71,210.5268153414553,293.15118076510976,347.1066278007405,441.202517252095,544.1353520914298,602.1243441116216,743.7325485629299
4,1.0,2024-08-27 17:45:00,357.43,143.57517851091595,271.4005704655933,323.17645619790744,384.2019249828516,512.0928846530853,582.7794039340927,753.888531978701
5,1.25,2024-08-27 18:00:00,338.38,136.1565721488213,212.3598233593853,277.85518833290826,361.6507288137392,462.5300506305248,513.1754585084217,724.2763711308978
6,1.5,2024-08-27 18:15:00,346.4,132.46809228153376,248.6993033613069,286.73762220674155,350.55987995572684,411.4157770625084,461.8441331923571,638.035889670426
7,1.75,2024-08-27 18:30:00,351.22,167.59498022707365,257.4724915646698,303.7587768359333,354.33918223720116,430.51698444825337,473.4751429161123,663.5762989149322
8,2.0,2024-08-27 18:45:00,368.37,153.55694910702067,256.9821070519542,309.09261422917587,363.7625232687984,442.6698775071287,488.7391110303441,714.4006049132904
9,2.25,2024-08-27 19:00:00,349.69,182.82088303230123,288.6697854971056,320.5673486373452,375.05413351233943,454.13558134025004,496.2074451702457,729.9721778180807
10,2.5,2024-08-27 19:15:00,370.46,223.34356385662065,316.0472698302602,354.73674391983917,369.0983345823571,478.5783319155498,518.1721882886627,723.5754925248757
11,2.75,2024-08-27 19:30:00,373.98,229.47486947350137,320.5190339568562,347.8562494323763,378.6188128067809,503.28564963621625,576.8300169331907,774.3832829483295
12,3.0,2024-08-27 19:45:00,378.95,236.38011082774608,339.7600496585029,364.7218485424286,387.65839635016556,518.8910485580568,586.900596279804,805.7249336036596
13,3.25,2024-08-27 20:00:00,369.15,186.63662114493488,289.98942850718566,324.7538834862277,383.9434429878107,473.6513826472443,518.0022898317454,725.9740132576197
14,3.5,2024-08-27 20:15:00,368.23,223.0997957374037,302.4141220033242,336.5409874724748,376.90017735302825,471.8772742919011,527.9308882253305,700.8487543414319
15,3.75,2024-08-27 20:30:00,371.66,237.68717285576676,322.9432907245048,346.56123405899183,375.51955477774646,469.9506309129356,517.2498243417571,684.6690726695473
16,4.0,2024-08-27 20:45:00,361.65,213.49998976228935,332.9146264801017,351.6511664392147,378.96011996837433,467.758024955002,536.8528314169897,716.0651982264869
17,4.25,2024-08-27 21:00:00,368.98,239.31015486887665,312.20336692170673,350.0551569211625,371.5862513841825,461.29984343288817,505.3070853496463,677.248245095106
18,4.5,2024-08-27 21:15:00,151.7,255.15763502501082,375.0787390693895,384.47979290672413,378.95853906574985,502.6509039846774,582.8515248884612,727.1185867577843
19,4.75,2024-08-27 21:30:00,349.13,87.01358258723249,199.09933137485726,218.04953164845512,221.26913257783573,361.97291500224804,423.25385853450325,582.5336663104887
20,5.0,2024-08-27 21:45:00,370.04,167.8764162216741,272.86615551712123,301.3994165626149,332.65260732583664,432.3901332618735,516.8232632525957,684.6404397851409
21,5.25,2024-08-27 22:00:00,350.0,221.2462315694255,295.49601704755634,312.5707545606759,367.71123825498694,453.99806930749,512.8733559655451,647.228388007337
22,5.5,2024-08-27 22:15:00,404.07,212.3513977666266,291.69285550105315,315.72681468596573,356.0215673288174,435.75190944516356,488.8029741972604,645.550511579351
23,5.75,2024-08-27 22:30:00,350.28,249.89411688705633,344.4382408076873,362.7112848464891,393.07365906043003,490.09805139365255,582.815323101545,719.1961979540276
24,6.0,2024-08-27 22:45:00,494.76996,182.27684939672113,264.6841630723275,302.52351781538465,362.25570668708804,435.2506484990283,517.4770857179278,631.5377793172198
25,6.25,2024-08-27 23:00:00,338.77,234.47769323592644,318.36819385652836,343.7270730868181,459.3975671508002,543.1162351375307,617.9538690999586,837.7549392900308
26,6.5,2024-08-27 23:15:00,341.29,151.6669844353161,259.27943235301143,300.54639595066203,363.6994108098322,466.9617799437297,558.4671793916868,698.5740562611795
27,6.75,2024-08-27 23:30:00,307.09,152.03042864958215,248.11200245222065,285.5262975220169,346.61901649151156,419.92656192577283,465.2722896221612,567.2866112047819
28,7.0,2024-08-27 23:45:00,303.04,130.4251686570116,215.18387626980603,258.40430559988977,322.07734027209193,443.9925807560881,524.0846757858478,679.2766756402601
29,7.25,2024-08-28 00:00:00,310.18,118.55341572548583,202.13642636968623,241.52227481758635,322.5537969443668,471.76896038247475,545.60273001018,777.4501722169232
30,7.5,2024-08-28 00:15:00,353.85,115.5842598001499,217.14639024100364,257.7802862401805,328.53632990923455,472.27263242590874,548.2226565970834,723.8175207680197
31,7.75,2024-08-28 00:30:00,359.52,184.25606882777527,250.7100790218441,289.2548519460577,358.52205628084414,511.75096809327346,588.0265698865202,762.5000000258746
32,8.0,2024-08-28 00:45:00,349.98,186.37383803493228,262.03445987537594,296.2562854842977,364.7445905773905,487.9310666564663,542.9898600780084,688.4145577658296
33,8.25,2024-08-28 01:00:00,299.76,162.25470440917587,234.46058592652017,286.1550772533162,356.9769712573901,476.4190220631721,544.8988485723569,699.475894969541
34,8.5,2024-08-28 01:15:00,320.74,125.10469828121172,192.30030194777837,248.4714855780671,316.3103311437972,412.20988476408723,455.2403938146288,546.6372673885618
35,8.75,2024-08-28 01:30:00,319.75,115.7523786376324,184.03324104443968,214.8907645586154,324.0898381449855,423.44130589373873,471.71723218877685,576.2638241652924
36,9.0,2024-08-28 01:45:00,349.89,124.45543747065932,193.18849101923354,243.12848071597392,324.9722511811532,441.568041368976,476.7304245527729,611.4833847993198
37,9.25,2024-08-28 02:00:00,329.9,157.87775911261903,221.0398177946246,262.0987734670624,345.46755855785074,415.0479052583108,443.35507073292086,553.707796969724
38,9.5,2024-08-28 02:15:00,329.83,148.795866552347,215.8648566992189,255.9289918597694,334.3310224971751,436.44370890091756,432.5367774360511,543.2693442319384
39,9.75,2024-08-28 02:30:00,325.59,123.86525737578756,220.20005821781555,266.377817615055,331.6446847522539,412.6887834451647,464.03960950421794,585.6971142851944
40,10.0,2024-08-28 02:45:00,331.7,110.25161912369856,192.87598454735306,243.44904184256714,327.3564996309853,391.26128226334305,451.0228635592613,587.747377183912
41,10.25,2024-08-28 03:00:00,337.59,171.2735639972059,243.7869354909517,283.13660864751046,332.8979828432529,425.3688236266698,444.3970268722224,576.4006649768263
42,10.5,2024-08-28 03:15:00,308.52,163.19527523183842,232.57948402455708,269.424018255727,335.4962095544664,420.29308404263475,479.71100007081014,582.611616291294
43,10.75,2024-08-28 03:30:00,310.07,118.71224786403147,189.09127716863733,234.6540566130738,320.10800810633486,413.9207128551578,477.08277153716335,576.3839462691824
44,11.0,2024-08-28 03:45:00,306.49,126.91348934385418,210.29753588567712,251.36553538095023,315.31949379997513,406.2048393925717,460.5763022786281,555.2832150102951
45,11.25,2024-08-28 04:00:00,310.0,105.24891017543055,185.8836345753105,206.46737534854148,306.4914906684604,364.36347823072003,435.05904133456283,493.8800650556058
46,11.5,2024-08-28 04:15:00,299.74,95.22714450929669,154.05721205317502,198.40811923767606,311.2720607183354,369.4629843452725,412.04130225404714,548.3859753196136
47,11.75,2024-08-28 04:30:00,300.99,112.02437178880234,188.76120854665132,223.0915600295971,304.2169118182942,386.4772766206137,453.636704995839,542.7726228609373
48,12.0,2024-08-28 04:45:00,299.76,119.24070210168041,158.54515614406245,212.88044373877747,301.651217256899,373.1008090896381,424.469722794362,503.36803320985695
49,12.25,2024-08-28 05:00:00,299.64,128.23386098223892,187.48898819937818,220.67981800507124,300.7340420267079,380.8097318797911,433.55330665548655,580.1717624619978
50,12.5,2024-08-28 05:15:00,299.71,84.31741940002186,186.2593903999598,227.1465134385262,301.9156828358959,388.5516328286036,482.4807767964314,575.4512755437135
51,12.75,2024-08-28 05:30:00,494.18997,85.67075594927857,152.24233584020686,210.773957230519,301.68613842437065,379.1699384245259,422.9963038845773,541.6693471298919
52,13.0,2024-08-28 05:45:00,349.2,163.02716522621418,228.41400432571305,282.8939930857935,451.6065080790372,556.8087772111148,654.2152710591304,872.1714013907936
53,13.25,2024-08-28 06:00:00,300.93,130.58552429110324,222.65164075485134,274.14716797926997,366.9729655611865,480.1654521682859,538.534284747562,675.6024636399555
54,13.5,2024-08-28 06:15:00,302.78,83.26455591579686,159.57633300038492,229.19568118682236,315.7721971895199,435.4852933086858,471.9138116894301,581.8866973671488
55,13.75,2024-08-28 06:30:00,299.98,58.24694410373846,137.5160512554823,195.3784297559794,309.84326918822546,417.38619271787417,469.9669786825334,599.2032069995237
56,14.0,2024-08-28 06:45:00,309.87,76.85224706536931,162.93135281212318,211.1530161701492,305.2877657977493,405.323879197084,456.18633882302896,580.556990454607
57,14.25,2024-08-28 07:00:00,302.39,69.72695554720477,140.66670186760166,211.298958211597,309.76810124276494,404.72824101382145,449.98353048185635,566.8116338687619
58,14.5,2024-08-28 07:15:00,301.59,66.50511132583183,174.63305714514152,225.33272796005033,305.7171928249087,388.62799307492617,435.23985596826185,558.9955276470369
59,14.75,2024-08-28 07:30:00,320.42,44.6454938160174,153.20754313142334,207.85032070253982,305.8373149287988,409.256255245533,448.74158574462183,582.19223550288
60,15.0,2024-08-28 07:45:00,319.4,51.946141879490156,165.12054084091884,223.8149510422671,320.0920975137198,405.3787250367397,474.3469179790328,611.8492003675226
61,15.25,2024-08-28 08:00:00,328.95,71.06775527369318,177.47737475428852,226.71194626987244,321.2911150039903,400.31716941703445,442.226244435994,584.033386494105
62,15.5,2024-08-28 08:15:00,329.93,60.012432565441806,191.6543177566321,226.36450979866206,327.34727033912696,398.32375718979245,442.6023137916107,572.0375062109784
63,15.75,2024-08-28 08:30:00,318.88,84.15052377490527,177.21146075054065,234.76634927463624,332.11561268127195,421.2680505372038,476.5981586438061,615.0590862528418
64,16.0,2024-08-28 08:45:00,302.85,68.15113565708378,186.8965294850811,238.31970612681707,322.92537530006973,423.3563080900598,472.24721433790086,590.5223293784605
65,16.25,2024-08-28 09:00:00,310.94,80.73572111475647,203.23430141941935,247.04257923380007,308.48786598414114,417.73567818019563,456.913518702883,591.1419372249802
66,16.5,2024-08-28 09:15:00,328.31,44.03335772156688,143.58775949297544,186.0213762363847,309.8477027810608,383.2852399207928,451.22243705985716,558.0842476822194
67,16.75,2024-08-28 09:30:00,307.05,49.463162086419565,159.87015126023462,216.30360575274815,324.92274419980214,436.3036532929851,484.7966313360713,598.531747313291
68,17.0,2024-08-28 09:45:00,330.85,44.57528495895731,162.90466293652904,201.93780229385095,308.6475283173611,377.88536230757825,416.07742614121366,529.9210679924574
69,17.25,2024-08-28 10:00:00,321.33,64.8332538092348,159.07893157629954,203.1404364300698,323.45380304214393,393.29584211811425,423.53838567948685,481.400764179984
70,17.5,2024-08-28 10:15:00,349.61,30.741729020822056,175.41576291773546,221.32220762991477,321.10284628193864,402.23483962803044,422.05889928309284,545.3623798201008
71,17.75,2024-08-28 10:30:00,330.88,69.36968921777594,171.6734131311275,225.28519489901538,341.29144088575947,394.5584269080501,441.5410865376347,546.1238538054915
72,18.0,2024-08-28 10:45:00,333.19,47.93930885016882,178.43262854127113,229.45787697825216,333.043562778513,400.5127420858487,415.2541733074507,519.5475382445767
73,18.25,2024-08-28 11:00:00,334.42,49.379568548200346,164.75161645861633,221.76387561259156,333.63737718304947,414.3249381748362,448.69146494912326,569.2998862812003
74,18.5,2024-08-28 11:15:00,333.77,33.684950194443196,153.44325217999844,211.46841949153165,335.133087703026,409.83561631406366,454.24078643557675,528.9789383468159
75,18.75,2024-08-28 11:30:00,309.49,18.153314952603367,117.35726858914256,198.76071793002635,330.98296218972814,407.00376928874823,426.93635481783474,539.4415108894483
76,19.0,2024-08-28 11:45:00,297.37,-32.60919011773712,107.08056691905024,159.10063586791853,313.1915502921284,367.5924056023996,412.006619546748,557.57599190436
77,19.25,2024-08-28 12:00:00,267.96,-46.72397450180428,55.48846332480306,131.08436530808135,302.30428018242276,363.63044282885454,410.52266423008575,507.29156856821
78,19.5,2024-08-28 12:15:00,294.32,-50.53349057030949,89.93799190280747,157.03227649167198,283.83981444817834,376.6339586501712,401.55873438436475,516.5599855585318
79,19.75,2024-08-28 12:30:00,315.95,-23.678936147476158,101.21964864211475,159.93440744484252,297.8515752059035,370.6543490303801,437.6329009488987,576.003390329581
80,20.0,2024-08-28 12:45:00,306.55,43.14599442885693,138.49275762612413,214.5173933356902,316.5311496793837,387.4307640359488,431.6550577007551,543.7984608589551
81,20.25,2024-08-28 13:00:00,306.26,25.97962197059285,168.18469223345878,217.08916421555287,314.62001062755445,407.71035327519195,456.8002236254105,594.664258927314
82,20.5,2024-08-28 13:15:00,334.12,23.11284053001845,154.86551255094165,201.18345120212888,315.36058402042573,399.12560159918735,445.574675681487,667.8537798240166
83,20.75,2024-08-28 13:30:00,338.86,114.32054011643048,180.37662210574445,241.6937409293409,337.9234073309081,421.52110093942855,481.1922440069934,620.9735697499885
84,21.0,2024-08-28 13:45:00,327.76,133.79612555693967,258.65514362162594,287.06179114742486,346.07047419230116,460.32334902684397,516.4854888342974,693.7444429025109
85,21.25,2024-08-28 14:00:00,340.51,129.72267823686096,236.53926974504648,274.9936044409067,336.2168936025866,440.5498252646172,498.5569049304797,708.391655860434
86,21.5,2024-08-28 14:15:00,337.45,148.95781633685056,282.4536852092853,310.6184104742389,344.8176265260722,458.7449104907555,547.9712665842072,721.0338603612489
87,21.75,2024-08-28 14:30:00,342.88,134.1167882499026,250.20329816431035,279.5414594421491,343.0019642777209,446.9788086633974,509.63441326662405,682.3714294215936
88,22.0,2024-08-28 14:45:00,341.87,147.21446934374896,243.18751727236338,290.2153960161247,347.6821072675757,449.0249382524599,514.7373549740311,714.3164373042857
89,22.25,2024-08-28 15:00:00,337.25,166.5953110250139,296.92131999366245,324.1856196475726,346.4724253084833,472.6925519576754,546.5805845223927,679.2353778711409
90,22.5,2024-08-28 15:15:00,346.57,133.03814457148195,239.52011463475998,276.5455253226367,342.23194105355617,442.1017328985598,500.21733843844635,665.1043163723418
91,22.75,2024-08-28 15:30:00,339.07,149.4284660623341,262.2230244646786,299.33887338090864,349.49308863106114,468.9467135870636,537.2456636395415,714.070487716084
92,23.0,2024-08-28 15:45:00,351.74,158.9825715869978,281.4540204231547,306.5822821711433,345.54985381290896,445.3280901994922,525.8000257883361,698.5370684388803
93,23.25,2024-08-28 16:00:00,354.84,142.98018505330467,253.87554066022798,282.29123200886227,353.3177425045856,451.17556638819,499.795157950971,664.7544864675491
94,23.5,2024-08-28 16:15:00,325.52,142.1632160866778,268.8490863641025,302.7634219966227,358.49032783012547,470.58059852916784,543.3652847079738,711.7612923975555
95,23.75,2024-08-28 16:30:00,344.24,141.27515507716706,252.55939506600996,288.46337172230466,335.8247414331191,440.85178649776196,506.45567734530897,639.1828477723146
96,24.0,2024-08-28 16:45:00,343.15,136.52672415941882,261.62088161782395,292.5236242461763,344.79522451765246,437.43279753680855,497.64656997449373,616.9165320225154
97,24.25,2024-08-28 17:00:00,340.0,118.9065090018974,219.0578030804383,260.9126151623859,344.2750413152431,426.41458629687173,483.42684545084694,616.3348658389847
98,24.5,2024-08-28 17:15:00,344.63,97.75317077941754,210.89139444950484,256.020070397845,342.7056775134938,422.6253746704548,481.7900636592407,611.9487619054355
99,24.75,2024-08-28 17:30:00,282.69,97.61906784393727,201.35171576527233,257.58620615540843,343.4414772869877,428.297405995262,472.6664008254337,617.1143656470385
100,25.0,2024-08-28 17:45:00,304.93,64.84583920722343,162.88540065371276,209.90423557463873,299.8947946976766,385.70712091857536,438.4145204029294,574.415528200753
101,25.25,2024-08-28 18:00:00,291.83,64.88184669325828,171.05632678013475,221.81026053205565,309.04641036280566,396.39220329764686,450.43808856163093,598.1056278170415
102,25.5,2024-08-28 18:15:00,301.82,73.04749578438329,165.09552460246073,215.5962313149921,301.30680128120594,378.0775523746875,427.167422724906,596.5763120764708
103,25.75,2024-08-28 18:30:00,302.03,86.8734607403633,181.77933757440775,226.27494592427422,307.6302086466135,390.2032786376238,454.2516319574926,590.3792532750109
104,26.0,2024-08-28 18:45:00,298.83,103.47729240411032,190.51504337141012,233.47320183926897,309.1866735194066,394.5798618279929,443.57929394985797,561.275604328956
105,26.25,2024-08-28 19:00:00,305.82,84.03036192765312,190.18675436885894,230.81160654520045,306.7155637438075,394.6856763215379,444.028773711146,582.7971912965832
106,26.5,2024-08-28 19:15:00,330.65,83.88333798357121,186.1327989599107,230.5198814357531,310.4701014947834,384.4457460932181,437.0265320578773,562.7537571147561
107,26.75,2024-08-28 19:30:00,330.89,100.86141522420891,181.9664184115265,232.79270274613003,329.69274251536666,390.3089783170118,439.2270160333589,580.2925646189722
108,27.0,2024-08-28 19:45:00,330.77,98.63593708991479,221.75854117021606,252.41710058201429,334.2241305169251,407.3015972122377,466.75568853175446,603.0099233689675
109,27.25,2024-08-28 20:00:00,331.7,112.56375986694944,190.79282739262933,247.28054482215495,333.2679052255363,397.04623772757674,436.2059906045933,585.9355214664611
110,27.5,2024-08-28 20:15:00,325.76,113.5739743077449,209.9087751497729,254.71187347604086,335.58682441998457,415.3301802794438,456.9317653220019,592.4986696237293
111,27.75,2024-08-28 20:30:00,338.25,125.7823888434311,205.5127309597772,252.41399618384378,329.8459355124276,407.44320722722,456.8043922624987,587.7408592725326
112,28.0,2024-08-28 20:45:00,326.18,116.69001286743098,216.0273628907914,264.01388685509863,337.8244816867884,421.575381540157,475.31377682773973,611.6222746019647
113,28.25,2024-08-28 21:00:00,273.63,106.17415330812172,217.50361241114132,254.25770841395786,329.72770342620043,402.63066585052474,463.5317688236957,612.6643808828563
114,28.5,2024-08-28 21:15:00,324.91,59.27869944677552,143.41338328393158,196.98898976047812,290.0759277267651,373.0722203645229,416.1750799977472,566.7728178518074
115,28.75,2024-08-28 21:30:00,318.46,101.66801117333566,188.6876744949648,238.19356069560888,320.77383748294113,397.54573230206444,452.6587886606185,597.9025833961582
116,29.0,2024-08-28 21:45:00,319.89,96.20628847281216,192.64961518886423,242.11932609816694,321.22087523542643,399.7712457637914,448.98772963370476,612.9884129297369
117,29.25,2024-08-28 22:00:00,330.85,89.2685326324656,196.81767379031356,235.74228727361145,321.10226779522407,398.8928379753344,451.347010420299,592.5029972342656
118,29.5,2024-08-28 22:15:00,310.36,90.12882627967718,191.63669378351892,237.76019024374637,329.6069940037375,406.427472875026,461.37774042254404,609.2080684889906
119,29.75,2024-08-28 22:30:00,300.57,84.20166465003028,178.38403565724767,227.72713304685573,316.59456242152993,396.5029547999468,452.9364092924604,592.970962074845
120,30.0,2024-08-28 22:45:00,303.06,70.87557845437134,181.62623289592923,226.59212003323333,306.78765378667214,390.5566412857116,445.9952752663379,586.1564415684172
121,30.25,2024-08-28 23:00:00,303.01,53.911128770994324,162.75353659429575,208.18970251903747,305.67335148061704,380.27556342986253,434.5565880875654,581.1207809570647
122,30.5,2024-08-28 23:15:00,293.51,58.42113484375934,168.96378136010443,216.55237711965674,305.67783806460176,384.1525019041538,439.4645223650854,588.4705474001261
123,30.75,2024-08-28 23:30:00,288.73,51.45499341103702,164.29477092755818,210.61723149016305,298.18418740306197,376.4628678923917,429.85759791223154,583.9100760893913
124,31.0,2024-08-28 23:45:00,280.49,43.25113770117598,146.33263037836664,197.09560795312285,295.91307947318313,380.90226325854695,439.0902193811162,594.1736933615044
125,31.25,2024-08-29 00:00:00,330.56,36.49384322019902,154.05901816818462,201.55717569938358,292.29893735668173,401.46184889949785,464.29832995943127,619.3998915854902
126,31.5,2024-08-29 00:15:00,332.73,51.116132674175425,158.92302278283057,218.99209405515026,327.03412355752425,443.76728005244604,516.1721256721678,709.3120061436614
127,31.75,2024-08-29 00:30:00,324.68,76.00895032933603,183.06972505407575,232.99162710514548,333.341037427673,428.7180409075459,487.15922406950466,654.4699465232709
128,32.0,2024-08-29 00:45:00,311.75,72.77065235606638,176.7746149624616,228.8489468483419,328.4840364766095,422.1516161308716,478.5308076863731,639.5470029511689
129,32.25,2024-08-29 01:00:00,325.65,59.79436956962545,153.33462915553378,206.62083330134948,317.4551431041342,393.32152516186926,444.50956240988637,592.1047510826141
130,32.5,2024-08-29 01:15:00,309.99,79.03217489080279,170.66418785845465,221.83413746080106,326.36207655271875,405.0800757504341,458.89082162069946,610.2844158842695
131,32.75,2024-08-29 01:30:00,311.49,68.08063093277275,171.14403596429273,217.21326948750814,315.1054448837278,393.71252918976586,440.66805735084444,579.9067537237192
132,33.0,2024-08-29 01:45:00,306.69,74.05421722524578,177.01814020557705,220.68171685459234,314.24840136034766,389.7469541862016,437.7877410875209,576.0677922398498
133,33.25,2024-08-29 02:00:00,319.83,60.1045885902224,177.26731342203544,225.52515207140283,310.19031264174424,393.0890883167712,436.2642985326782,580.8750256697442
134,33.5,2024-08-29 02:15:00,305.06,64.28060469594388,167.38922884164054,222.0862693497691,317.5867775352371,383.50041931489454,434.27244071248606,572.100300723048
135,33.75,2024-08-29 02:30:00,303.99,55.12921424319988,168.62014700386538,218.72292551164188,308.8367067208112,385.05690185140423,440.4231852493478,557.4321650929601
136,34.0,2024-08-29 02:45:00,300.97,58.2223120511137,169.08149236669564,219.3651473311789,305.28404316950207,384.1074240997089,432.87171682785527,553.5163134512737
137,34.25,2024-08-29 03:00:00,329.73,43.88462481291597,155.72958181754987,205.7600097426436,301.962403365973,374.7890717829116,421.16579528252845,566.6266417661163
138,34.5,2024-08-29 03:15:00,327.83,77.7993446312695,162.25960609049773,218.89202468538875,323.03503606787734,390.9959732418845,441.1711023323437,575.3633455630995
139,34.75,2024-08-29 03:30:00,299.03,79.97841576645394,179.89457045127605,228.8216519904585,326.723966359935,399.8222674088303,449.5994682945346,578.8176089658541
140,35.0,2024-08-29 03:45:00,299.94,41.454486027681156,155.01776937102937,201.7924210754012,304.5223351398681,384.7127949907494,439.73541312095017,563.6176983194199
141,35.25,2024-08-29 04:00:00,292.55,37.044465422024395,137.85595856754503,193.54781958756087,300.47632840333375,376.7033064010531,427.42106486163266,550.2904419025443
142,35.5,2024-08-29 04:15:00,298.77,25.75976169162515,134.172587930248,180.15138322511,294.02844482792494,374.74733242088047,426.025807897251,547.2492091821312
143,35.75,2024-08-29 04:30:00,298.56,42.23451574722912,138.36583057546198,188.48669672890915,297.5495477338219,367.6629279904271,414.1300897183974,559.319621516925
144,36.0,2024-08-29 04:45:00,299.09,37.23841744485199,149.01102386680316,197.1693804649818,298.11059594429685,368.0614567615422,419.52080869461946,551.8681120669662
145,36.25,2024-08-29 05:00:00,297.63,20.70777539032027,134.60568017857605,185.96555006046458,299.9898564038174,370.83937646045865,417.65020345617177,552.6021278050961
146,36.5,2024-08-29 05:15:00,299.94,30.991856077970134,133.2322732314743,189.92799858621268,299.96871293519655,381.57564828987546,427.35547948235995,556.3927436969727
147,36.75,2024-08-29 05:30:00,300.53,50.583068206526455,163.7484233451198,212.883512809515,301.52753149821,390.30521594540255,450.4104625090637,570.8741826757753
148,37.0,2024-08-29 05:45:00,299.85,35.110385618422846,140.84171838636775,193.7390381502639,301.9033005706467,376.2795715065279,424.75446190394337,552.3266268192313
149,37.25,2024-08-29 06:00:00,299.94,41.59377326394691,140.56937037389378,195.66433908677726,302.5145446474152,382.1117774123328,436.44706500704785,565.7194686153794
150,37.5,2024-08-29 06:15:00,300.85,59.38270782531103,158.71101402583614,208.5967407855645,303.5452225037473,386.579160937243,436.320186531606,567.6003188093828
151,37.75,2024-08-29 06:30:00,306.64,59.79305803867715,155.63949244759687,206.5743026562245,304.0778762899882,379.29323116552325,423.69840128703635,561.598611880281
152,38.0,2024-08-29 06:45:00,308.24,59.8213685602579,162.64059037522375,212.0198630561731,308.2899440410357,383.0928025616529,432.5806011166263,562.5584229061143
153,38.25,2024-08-29 07:00:00,311.23,59.38860750661377,158.98822839219903,209.85068801814396,310.3730614523974,381.6109580591094,430.5199519526212,554.6192888991391
154,38.5,2024-08-29 07:15:00,301.57,50.818388653339134,160.42047759480903,209.94445144112382,312.3940069976952,387.47469369882276,433.2907001826487,568.5320268623038
155,38.75,2024-08-29 07:30:00,309.96,42.725257950203336,156.48750539592905,209.06829136058832,306.6155297014789,386.0920662917209,434.9106219568793,565.8470889669132
156,39.0,2024-08-29 07:45:00,327.31,30.865383868007193,141.88735299462527,198.6916042233877,311.4556397236629,388.0873420410511,432.42016157988144,573.63041133086
157,39.25,2024-08-29 08:00:00,338.27,51.25072577778786,160.40966740032616,216.26431723137804,325.7109654678655,403.1096970094759,456.4501640923036,600.7895765443094
158,39.5,2024-08-29 08:15:00,321.38,73.30975339882076,182.66765912373648,235.51975977345595,336.5929585422742,412.34457060221115,467.20439992137574,622.9209415002377
159,39.75,2024-08-29 08:30:00,320.29,65.51810259255576,177.39923488853103,226.99555931752852,325.652926911457,408.5774474532465,460.4528152367494,603.4175666177838
160,40.0,2024-08-29 08:45:00,323.17,68.65347408992402,174.48428890905765,226.54053314926733,323.1592252424858,406.0604031829534,459.690272596512,606.7066566077782
161,40.25,2024-08-29 09:00:00,330.45,68.57271116226997,173.5172313435404,225.26598560734854,324.77516826458043,405.0571835738822,462.70251032633115,610.0263843139987
162,40.5,2024-08-29 09:15:00,338.15,73.87221912254282,182.20817286706526,232.31095137484172,330.3946014576534,405.26500603007196,460.6493770736862,613.7432100303
163,40.75,2024-08-29 09:30:00,341.32,71.4289871074707,183.8437049507309,232.53564709619457,335.4074361313908,410.28294110194173,464.654403987998,599.732941856617
164,41.0,2024-08-29 09:45:00,513.83,65.7160996064562,177.85950276465627,228.30594654017557,338.1516534592724,411.0996936880417,461.31099806984224,595.4851536549274
165,41.25,2024-08-29 10:00:00,338.26,131.29230257842826,235.36861576750616,295.72708937055677,467.0532691632133,551.685363256313,613.9430396547848,818.6951886468531
166,41.5,2024-08-29 10:15:00,337.11,87.53874254175878,203.28158718842366,252.56137781818433,356.4975117533145,462.242397007725,520.4665284216356,663.0333515979152
167,41.75,2024-08-29 10:30:00,342.18,38.77260395524076,156.45450074169497,206.6070202750658,334.27055959568025,424.68977737421096,472.5858631101648,618.8968289402745
168,42.0,2024-08-29 10:45:00,338.71,39.23175460129895,155.6302764035259,209.77564371869877,338.4515789490934,423.02899942377303,481.3978320030491,636.4813059834373
169,42.25,2024-08-29 11:00:00,338.24,48.47940789290407,162.6734978790172,217.60567778086454,337.40114422588374,433.1923132818814,486.5146927190385,645.9392016603894
170,42.5,2024-08-29 11:15:00,324.39,28.90466717996093,141.37138700452437,196.93437354913652,332.4444713386795,415.1844281229481,466.0830630402344,603.3321183893347
171,42.75,2024-08-29 11:30:00,314.64,5.048356407569215,119.92299406204157,177.57114700912658,322.17565651799333,408.8098136434787,464.53784995483596,603.9935980757589
172,43.0,2024-08-29 11:45:00,322.94,-19.096177642478615,98.27568559240163,158.53072047177304,315.0303829205662,402.218209238969,454.0393140854598,594.6345838836354
173,43.25,2024-08-29 12:00:00,277.52,-22.045488382354602,85.38961582192904,150.01988261735914,321.2041874392864,415.4461779055369,472.3679988311588,636.8389609146287
174,43.5,2024-08-29 12:15:00,305.43,-38.37128873285173,76.9849324876024,133.12559321582188,292.7965463294357,397.12947799146644,449.2580728143588,601.592224652804
175,43.75,2024-08-29 12:30:00,309.46,-26.922427253389547,83.47523547812654,146.7407328838113,302.5889751327129,392.8757194536081,449.1463851350856,596.1989444376931
176,44.0,2024-08-29 12:45:00,314.27,-14.311756902412021,91.34779052177738,154.82073061374774,309.8461262943653,400.322097593931,455.39897866114376,625.7484255875837
177,44.25,2024-08-29 13:00:00,332.68,0.08759878592998914,116.27472122938089,170.3839132532124,314.14904295517425,396.06348153404207,446.5461006009027,599.5494953291632
178,44.5,2024-08-29 13:15:00,331.78,58.47008983397056,163.1794706215222,214.2951572868566,331.74276253798286,404.7580661990899,454.4629165021115,611.8977844196878
179,44.75,2024-08-29 13:30:00,348.72,77.71798113725528,178.86409572768346,230.48623647179684,334.06542202439476,417.5305671044847,470.7805959589591,623.585026584842
180,45.0,2024-08-29 13:45:00,327.98,96.36509411578308,205.77726277771083,249.69406646611566,346.56527905006465,425.99434881820855,479.8231823341445,646.953028331204
181,45.25,2024-08-29 14:00:00,334.65,80.21313564690645,191.5606823955967,241.30170798995965,332.69066821891175,413.3513936094434,464.6298690858139,626.0440455465139
182,45.5,2024-08-29 14:15:00,338.8,65.75667757912902,187.1338238522099,239.24433102943158,335.81964103498683,416.3585441889176,475.17956790996055,623.7876647402464
183,45.75,2024-08-29 14:30:00,332.24,76.86544186157631,187.29051868106205,240.5948104725484,339.6433234041052,418.3420912305082,471.23036717156896,624.3603754195242
184,46.0,2024-08-29 14:45:00,331.13,88.05976035477163,193.57404137466838,243.11610286665388,336.31637123784617,417.4267574427596,472.7930408407032,617.0601027100264
185,46.25,2024-08-29 15:00:00,335.42,98.85229112116214,195.2051796088608,240.76795905329723,332.99008146095497,407.78929242412005,454.38306767178506,594.1463057691095
186,46.5,2024-08-29 15:15:00,302.55,98.92115753577012,209.08396349303095,254.14028885868848,338.6835344579175,419.0815297295959,470.0706028752356,611.3712908545677
187,46.75,2024-08-29 15:30:00,321.39,60.29754702899826,168.19939727742448,213.35520469427067,313.5720664883678,394.71097076353055,448.28657724007707,580.7604941321185
188,47.0,2024-08-29 15:45:00,312.24,64.4750336391163,178.4724204785608,227.32715143506053,323.6096676763217,400.93236133443514,456.5880470631096,589.2790157031992
189,47.25,2024-08-29 16:00:00,342.5,65.51465816784308,179.5843955899703,223.88103983745935,317.06802509386216,392.8739265863859,442.1627610389819,589.3238462156135
190,47.5,2024-08-29 16:15:00,366.5,84.96392467080413,191.19266769469266,242.18174084033234,337.4595448884801,403.16178730936144,455.57978446298466,599.8468463323079
191,47.75,2024-08-29 16:30:00,367.72,119.98384114936977,222.37800329107466,270.21982609001645,360.4771779866968,429.0655303699057,481.55587810621154,632.1536424558466
192,48.0,2024-08-29 16:45:00,375.63998,126.57624483705007,228.39160231729335,274.5693617145328,365.08107112845704,442.8929790780696,505.15065547654126,646.0895905424599
193,48.25,2024-08-29 17:00:00,352.94,131.78043055136413,231.29865703143133,279.30326864140926,370.21629769365165,438.12184145279235,489.35509781498627,646.8261145283293
194,48.5,2024-08-29 17:15:00,362.08,111.10625154977983,224.0455111174897,272.53848916057586,356.6307800781913,438.81821581111353,495.6315108627113,647.8932856228992
195,48.75,2024-08-29 17:30:00,356.54,107.32936478153358,204.85795023782626,256.6609674386464,360.93341853546576,429.12665566076834,479.53692414494634,622.2303608409205
196,49.0,2024-08-29 17:45:00,348.75,120.37470828346368,216.79994735384506,266.55906059387866,357.35890055094757,432.3323199178499,482.72450075635726,626.9011243973271
197,49.25,2024-08-29 18:00:00,340.14,118.9383787623479,215.94242249419094,262.481934804844,349.8667424734499,426.66349455758296,476.1151178212151,626.134024518239
198,49.5,2024-08-29 18:15:00,344.04,111.63804864577168,211.7169921416299,258.50973149167237,343.36057304960184,410.3012672077848,462.19472263695826,601.216367261785
199,49.75,2024-08-29 18:30:00,346.15,123.9805131257887,221.36439741671597,265.02797406573126,346.6573776677667,427.07519162933033,483.7799608069041,627.7214450541551
200,50.0,2024-08-29 18:45:00,350.25,111.46372542787722,213.58657288452198,257.77469125798694,347.25625272707344,413.83491135237915,468.85752948257993,620.1606855177967
201,50.25,2024-08-29 19:00:00,363.29,123.56443545235545,219.80879806603008,267.1441667861929,350.5971724771353,417.52485289220505,469.02038011662364,615.7473617971589
202,50.5,2024-08-29 19:15:00,377.16,132.56414315579718,222.27886568235724,271.9837159853788,361.34629466028787,437.9559526595149,489.4514798839335,630.842606091619
203,50.75,2024-08-29 19:30:00,375.39,141.68199462688378,236.15376796483199,279.7449940311646,373.8691454288795,443.89037849256226,496.16367448082,657.0713703671664
204,51.0,2024-08-29 19:45:00,364.93,138.3409556467357,226.44587770860545,276.8380585471128,374.20413781183294,445.83093204825195,501.72175717064516,666.5363845218578
205,51.25,2024-08-29 20:00:00,358.51,140.49379174702523,234.92938979363208,279.3888228521572,366.78578315769806,441.02002456533074,492.28041239603056,639.278708761626
206,51.5,2024-08-29 20:15:00,389.24,133.47646086395758,223.13692045350558,268.60926166958865,361.1703861238397,439.17577359186413,484.88325420166603,646.206965938438
207,51.75,2024-08-29 20:30:00,376.91998,147.59150578784275,245.82550942529184,294.1014357203299,383.2916165224403,470.76347098583636,529.7111082265741,688.9908895069848
208,52.0,2024-08-29 20:45:00,414.65997,139.56643780021528,237.92705495735913,287.84895700842884,376.34078511597295,445.75410371344276,497.2858062292028,650.3073150987085
209,52.25,2024-08-29 21:00:00,309.71,158.6833393980485,247.42132905839196,295.0641877549563,403.7110229094436,475.54271625697567,526.2604747175552,677.8711207291733
210,52.5,2024-08-29 21:15:00,370.49002,110.47286600440955,205.6319698778435,250.57072554664157,331.97417488752535,422.3943155952418,469.5849831500392,604.1208916485381
211,52.75,2024-08-29 21:30:00,481.91,129.2873294487532,221.95033821963366,265.5415642859663,363.60260481168956,437.9349151731928,491.2572946103499,658.0253876939958
212,53.0,2024-08-29 21:45:00,364.09,179.1550215539603,269.19532170259254,322.0112470609706,454.5846460042008,554.0033904330793,610.8528607760185,813.2174405395576
213,53.25,2024-08-29 22:00:00,359.69,153.77257892589253,257.7584538866171,298.6365331023481,379.49735307311147,478.31920519485766,536.5795119001095,696.474299628898
214,53.5,2024-08-29 22:15:00,536.11,130.15091737908745,229.39782917409448,275.1595727209084,362.9454174083688,445.94312314344467,504.348131014062,660.516863734691
215,53.75,2024-08-29 22:30:00,531.75,175.047545084092,265.6847375398566,326.35070111930867,493.10522846870145,597.3827667158657,672.7833786497935,919.1371391799947
216,54.0,2024-08-29 22:45:00,448.69,202.36658459535903,298.8279989570817,353.41651359118623,515.7260020170102,637.8990046996009,712.3839295714504,923.3943774699985
217,54.25,2024-08-29 23:00:00,351.0,192.0702011291841,285.8365562859759,331.4716863130951,450.0463779850753,562.4509215276458,624.7447732174588,800.9907926325399
218,54.5,2024-08-29 23:15:00,342.33,142.5904483970652,250.93544596442297,293.6855965070691,366.7687288394412,479.1653590370308,545.1129151523207,695.1318218493445
219,54.75,2024-08-29 23:30:00,335.52,113.60318567886588,217.9869888443453,265.4127957928615,350.09328846910347,459.05913034313414,532.241744726695,725.8519039856261
220,55.0,2024-08-29 23:45:00,344.34,111.0546470020973,212.3997256949029,262.10457599792454,345.2972891628873,466.58541030493285,538.8636424049598,759.67762075259
221,55.25,2024-08-30 00:00:00,340.12,110.23302364617922,225.08957365498088,267.90303095747436,347.03308933312485,446.09348552994044,520.0086495631637,702.4225561519455
222,55.5,2024-08-30 00:15:00,390.43,154.20436405920142,231.7822763407369,281.43286370674645,352.78806063864164,454.1517789682578,510.4767075867474,670.6970729376081
223,55.75,2024-08-30 00:30:00,384.04,181.1888483644977,244.74883525125816,296.20818718433543,386.95729694768744,484.21117628535666,539.3242326439107,717.4513407131674
224,56.0,2024-08-30 00:45:00,350.67,185.29533566624343,254.89659620701016,295.9736395251186,386.34460444616786,475.493522806592,536.6297651734817,705.839690422669
225,56.25,2024-08-30 01:00:00,401.38,155.45174038925208,235.9960265607787,281.4864554225324,358.6486344731059,448.00130821900143,502.80687460115405,653.7301900772866
226,56.5,2024-08-30 01:15:00,380.21,145.21670742632494,237.39134976409716,285.50448724809905,388.3316224080459,472.6844884711045,547.7753494729218,741.7472881408412
227,56.75,2024-08-30 01:30:00,394.72,151.81422034399571,243.15683098091674,285.9702882834102,377.4730028464631,464.27829930494823,520.7479290888032,719.712031466255
228,57.0,2024-08-30 01:45:00,369.71,171.22810200692766,243.01796767384636,293.2654473469883,386.32977575618685,450.7997973157534,496.40779587436646,678.2066960147706
229,57.25,2024-08-30 02:00:00,364.21,159.47788427661,241.74049678685097,287.2309256486047,370.4934458210778,443.43582041278756,489.57740451868574,632.1623153406359
230,57.5,2024-08-30 02:15:00,359.15,147.80329374838124,240.61100368462712,280.0420712467039,364.0915453155833,438.8154249439104,494.0008318851472,642.2109740151034
231,57.75,2024-08-30 02:30:00,349.48,139.97407221717333,231.04536816903416,277.24121521194434,357.72162938469637,429.2136141369761,481.46882247956324,629.9864810814955
232,58.0,2024-08-30 02:45:00,345.19,132.90594931738104,229.8738177578827,278.8551622340772,349.5507253379199,417.94914419379927,466.3335963628614,621.2181062408722
233,58.25,2024-08-30 03:00:00,347.48,128.97537055208343,229.7959075204394,280.11573777626404,345.9589013271851,423.1528397399811,466.1833487905227,620.2358269676824
234,58.5,2024-08-30 03:15:00,338.92,99.74508159075913,210.0616325362208,264.48735835928915,346.4354154065385,426.80589060794847,498.61384392053776,637.5993132540232
235,58.75,2024-08-30 03:30:00,341.65,111.91896356073616,201.21767023687062,252.45997042189975,337.5549951963834,411.9929919894874,463.30764275719923,588.7997284203592
236,59.0,2024-08-30 03:45:00,328.33,123.30618750155787,213.52736410689693,250.87835241684581,336.87238970505473,403.1220792747251,446.31537713630274,563.1977434602203
237,59.25,2024-08-30 04:00:00,331.44,93.99789115234964,176.32381042243796,219.06491714224876,326.18030807833,395.81739063610854,436.4060675211087,544.5882762774304
238,59.5,2024-08-30 04:15:00,325.03,106.67127652867262,203.91045965423447,244.95132768100157,329.7004968868994,400.01672726350654,447.98516358214306,558.4825909843115
239,59.75,2024-08-30 04:30:00,336.83,113.91299843398389,199.84740301537232,243.13113910530345,322.63538565076607,391.4498336048584,441.89627738037774,566.9361719017709
240,60.0,2024-08-30 04:45:00,335.58,117.37545780118299,210.09272950907547,252.45399566980205,328.8856034069583,389.00667666058126,425.6251153208677,570.2901053949458
241,60.25,2024-08-30 05:00:00,512.76,102.98737597988132,203.59086120018918,254.30861966076867,331.12458986842694,404.3818025425919,451.3735059950119,604.666303054003
242,60.5,2024-08-30 05:15:00,329.72,177.388791216165,253.95379534014256,315.0719500613616,468.40996623452946,543.2849059661531,612.9392989660776,806.5132829336673
243,60.75,2024-08-30 05:30:00,329.22,162.0184654491065,240.62737353387058,286.89557115946343,354.1997007000541,455.85228261704873,507.9627897942703,651.7957481674973
244,61.0,2024-08-30 05:45:00,330.14,124.358423923848,223.70481777004383,263.4976382455342,332.7832128454548,422.54229338001346,472.8259483444966,610.183529567621
245,61.25,2024-08-30 06:00:00,330.14,111.08242761218379,202.58782706014088,252.9257449616362,334.9410654412234,415.1719133798254,468.1506275492395,600.0276521341488
246,61.5,2024-08-30 06:15:00,334.16,94.76737121723276,197.32432216997378,247.13769834701938,332.79068459752386,427.8332653492996,478.8223384949392,623.5415915060294
247,61.75,2024-08-30 06:30:00,334.16,101.59275490929276,186.2971995850752,234.37416177773574,331.5144280910361,388.4266267071081,437.4441464746439,560.1507347045196
248,62.0,2024-08-30 06:45:00,330.14,110.09394837451117,206.7000639015993,249.4773459127514,332.0819279739536,401.52208217267855,449.7618331763753,558.106830743733
249,62.25,2024-08-30 07:00:00,329.99,126.13134881018742,211.28798462773676,256.6879752611371,331.96338677268807,409.45621734789125,449.2128625320403,552.8912475163633
250,62.5,2024-08-30 07:15:00,319.99,104.40851912075748,197.23431670267402,240.66275395797052,329.3337628054398,392.3457638000588,443.4071875283812,583.5140908934486
251,62.75,2024-08-30 07:30:00,568.35,103.58158340210944,196.67869566908618,243.99597674357832,323.738754116323,391.53688923150673,447.0840490861571,575.6329468676615
252,63.0,2024-08-30 07:45:00,322.42,173.33752069212102,279.80140310972837,336.7051363896796,507.4796429893805,597.9721342797797,674.0306843249782,906.6107026769588
253,63.25,2024-08-30 08:00:00,344.59,134.45915081855543,242.07159873625082,287.0013105822135,357.58834781203217,498.1926614330432,558.0989438943268,722.3347930796526
254,63.5,2024-08-30 08:15:00,329.61,107.41664120463788,199.66363412509278,254.3968499245627,344.16018299886264,435.7254845253165,484.1822872770614,618.2479169881225
255,63.75,2024-08-30 08:30:00,304.6,129.78357389940945,218.76574677630705,263.0623910237961,337.57331688629733,427.38865194190055,487.02361971812405,621.4510023425987
256,64.0,2024-08-30 08:45:00,319.81,110.80735497144353,189.1087730798061,233.7852578863794,314.3956770123894,416.0182880184545,458.70513180125323,615.2356174352956
257,64.25,2024-08-30 09:00:00,316.86,103.87151564433454,202.19595751013702,240.6683798516679,319.9900542236422,399.82156086017125,453.9578843525088,590.2121191897219
258,64.5,2024-08-30 09:15:00,312.95,78.74131088753363,178.86547349756853,231.211120068509,319.19034712394074,407.92740502324017,457.9035700113219,603.129277101191
259,64.75,2024-08-30 09:30:00,314.32,79.90432972362753,180.26363172738127,237.23971559001515,317.97844395250155,425.0075652973175,470.46181886772996,572.4580528046799
260,65.0,2024-08-30 09:45:00,307.83,72.60497552738657,177.9926430275886,223.55542247202504,312.25130183229146,403.1476563361812,466.1650138528214,571.3989363648227
261,65.25,2024-08-30 10:00:00,311.8,52.481820577177466,143.01500907033565,189.79870459754284,310.0855049800382,383.77063001767493,432.5891856828333,553.6859734480187
262,65.5,2024-08-30 10:15:00,304.16,68.18989868288878,162.75211024919037,207.29293771323356,310.5468282632229,386.2792486952094,433.30712743897067,572.9256643709298
263,65.75,2024-08-30 10:30:00,304.42,73.61968538402498,173.27130825091345,215.75014410849937,309.36558047172645,420.5475122147446,477.03522964427026,633.7465917350194
264,66.0,2024-08-30 10:45:00,304.17,47.44234018713708,154.0373580358568,193.97487967671256,305.5969912342945,395.45316480238847,442.33634238078434,600.5128037708585
265,66.25,2024-08-30 11:00:00,303.51,37.547616385822494,148.06765334507924,202.1451919889871,307.80191321854045,409.88178926893,475.55803069915976,628.398636616384
266,66.5,2024-08-30 11:15:00,303.96,15.236169840428849,106.28485623520136,167.6313674830127,301.7043453001275,384.70571184044286,436.3278525845562,566.7578655158112
267,66.75,2024-08-30 11:30:00,295.59,-40.01612959509985,66.49127621990257,123.72228283870759,298.7006126497912,385.78964580194787,443.83290075915164,590.5056195026749
268,67.0,2024-08-30 11:45:00,289.15,16.021242551030504,114.1761127386704,166.84959788739192,298.4288828673939,388.40066104388944,440.3302917644043,571.6646869791931
269,67.25,2024-08-30 12:00:00,273.16,-25.822286832018484,70.83809163208169,137.62813636837612,291.7549434644637,391.1024677885139,450.1586309032757,561.3614764866005
270,67.5,2024-08-30 12:15:00,303.6,-19.517240899887003,84.49124361792587,139.9767924295105,279.9791265930443,372.1028974273677,421.7896600847186,563.4882762688055
271,67.75,2024-08-30 12:30:00,294.22,-12.15105161643274,107.99839570675091,166.31522630472378,300.1553256838286,384.0362039948806,445.4256734011598,570.465567922553
272,68.0,2024-08-30 12:45:00,292.84,-3.9804434369072816,92.5239290832833,148.49162669977693,295.53966409096677,371.1369924193504,407.3846343433881,528.0111433211358
273,68.25,2024-08-30 13:00:00,318.03,46.151237326951865,137.95960483989282,183.98361924893155,299.22396648930794,394.6730379323999,434.35733253386616,555.6892596927704
274,68.5,2024-08-30 13:15:00,299.76,83.83862228531405,163.32478118510602,207.47672426722963,314.5521952040767,400.0558877229322,445.4197030649912,566.8239808065781
275,68.75,2024-08-30 13:30:00,313.47,67.9839132532124,155.256803614231,212.07009866582877,307.0833708960429,392.76566566810897,444.24310524685694,567.1848328704515
276,69.0,2024-08-30 13:45:00,343.05,74.31071205218318,185.44120705282526,221.70693662253353,312.4967435886445,398.5498615925341,446.35550910013455,602.3976283010688
277,69.25,2024-08-30 14:00:00,300.07,61.92468884733815,178.86131810826774,226.21477447410123,334.67734173831843,403.47370204674,459.94333183059496,618.1921438033518
278,69.5,2024-08-30 14:15:00,290.06,68.39600775858048,163.98017130527535,217.35681367944446,309.5122378936915,392.4813858151559,448.2636850635251,589.8718630192587
279,69.75,2024-08-30 14:30:00,289.02,54.70501567611714,144.12807491623752,204.07957649169785,298.0759838918636,403.00750357780817,468.44860561431915,578.1501766069778
280,70.0,2024-08-30 14:45:00,294.23,44.80431712270479,152.82825897940808,201.1674920342935,294.57901845453,379.55689746134965,420.67011607079945,565.1904049795121
281,70.25,2024-08-30 15:00:00,288.78,37.10938399600014,152.13776663867324,202.3309833748031,299.3334020447304,406.7575547447994,472.1443938442983,610.098867374555
282,70.5,2024-08-30 15:15:00,295.56,42.973640715349475,135.1392392302863,190.70448673060739,294.16497210849144,378.906439934006,431.4329629616533,539.0001917651718
283,70.75,2024-08-30 15:30:00,294.12,61.61123736662623,149.8427729481907,198.69750390469045,298.07272493617387,379.62822354847674,419.9094104570754,545.4919343485888
284,71.0,2024-08-30 15:45:00,299.98,50.41919749285625,155.00196476071315,199.3709595908849,298.7911171170814,393.1077323695108,447.33449409020176,577.0048259032883
285,71.25,2024-08-30 16:00:00,299.51,49.36806946877494,159.4042619063411,210.79126325673565,302.75789766929506,379.5851594077101,431.6956665849317,563.5184282328289
286,71.5,2024-08-30 16:15:00,311.13,82.64770360904745,178.80162799436866,215.95365220194012,304.17872286327463,391.15060141590897,447.7830200108001,573.6187709417029
287,71.75,2024-08-30 16:30:00,319.27,75.09531667429825,169.56709001224647,213.2125790155911,311.57150045595336,381.01168115025297,428.65453984681733,567.061204518841
288,72.0,2024-08-30 16:45:00,330.69,78.89405345982442,190.784229578635,230.68557592814938,320.8197763935642,400.1487282167262,448.84067036218994,578.2758627815575
289,72.25,2024-08-30 17:00:00,324.57,97.70199457685955,192.5355208282213,242.58403639898575,329.3506139909572,416.67763922704336,455.2404997969277,565.1591225376344
290,72.5,2024-08-30 17:15:00,283.82,88.82075741981747,191.50432189225324,241.75180156539514,324.2622713452171,399.2770944635375,443.211985797613,563.54909244463
291,72.75,2024-08-30 17:30:00,324.46,40.996986939113405,137.49909850359518,196.8627515947585,294.93848833258915,387.99489014901945,445.69447983848045,584.1554074475162
292,73.0,2024-08-30 17:45:00,326.21,96.15259077472734,184.76396691537607,234.0166260766307,320.75706136821873,398.7769904908314,444.88239930538816,600.59894088425
293,73.25,2024-08-30 18:00:00,330.66,96.87700628295292,180.35149105312925,231.84701827754787,325.5201090113502,407.47805773982566,450.3276903336606,591.5922030216512
294,73.5,2024-08-30 18:15:00,333.31,103.4177745114469,190.72684016380686,240.06993755341486,331.1016667803711,414.38057888173324,464.3748315154856,607.6108975815802
295,73.75,2024-08-30 18:30:00,327.86,109.8010000526979,209.22878830441175,256.09387823713695,334.3390550722422,412.49775035148474,470.99319645045546,579.8989110336042
296,74.0,2024-08-30 18:45:00,333.74,100.54398499136092,204.11384410165988,244.10562867952765,330.1375369758596,407.90734787318246,450.57610401031053,562.8822959795466
297,74.25,2024-08-30 19:00:00,333.67,100.70767465193725,204.24135847089485,247.1452540017417,333.7703805521792,392.06347111520927,434.94927900038545,599.6553804775742
298,74.5,2024-08-30 19:15:00,340.62,109.89039170585015,205.2846349730029,249.6717174488453,337.42308256174607,401.4994019607243,466.1627352333961,588.8331481719304
299,74.75,2024-08-30 19:30:00,338.9,129.54340917835344,224.43119836672724,269.99397781116363,342.4765437833766,431.4443030676304,461.1080419675414,582.4761444177868
300,75.0,2024-08-30 19:45:00,327.61,123.32025223580132,221.6808693929452,263.01113975044314,339.4995539997839,411.31174660432737,459.76854935607224,622.1774933375101
301,75.25,2024-08-30 20:00:00,325.56,114.12250335916796,194.66678953069456,248.13387013321704,331.37194372208836,397.95385247122556,448.1470692073554,588.742339005531
302,75.5,2024-08-30 20:15:00,329.07,113.86924540827465,207.99735347847997,256.0381403797992,329.4536332013701,409.6746027065333,455.43634625334727,604.1891442489983
303,75.75,2024-08-30 20:30:00,330.7,122.70385035382202,215.40303441604385,255.7023089703131,332.1142746547489,413.1914398249015,487.74871527943384,640.878723527389
304,76.0,2024-08-30 20:45:00,326.37,124.55006199981734,211.31649828205698,256.84310243515205,333.92713720403896,417.04538014034205,472.2307870815789,629.5209538337897
305,76.25,2024-08-30 21:00:00,339.45,110.52065960526251,197.7392870292691,250.17537182856293,329.37393009670456,410.9926427343433,461.43908650986265,615.563915269705
306,76.5,2024-08-30 21:15:00,352.51,116.5418231180617,199.79925614018993,251.60227334101003,338.8067697918364,423.9594356891079,478.2404603468109,623.0863268775958
307,76.75,2024-08-30 21:30:00,354.18,128.86355922679496,236.91915446342193,270.6887889305767,350.42026152477723,426.17019111571983,487.6320111046818,648.6482328650523
308,77.0,2024-08-30 21:45:00,340.58,125.88626032816391,223.48719636713935,265.39627138609893,354.28899520276576,421.90866937447066,481.5979000877062,638.6890762419649
309,77.25,2024-08-30 22:00:00,345.99,132.90179392808022,211.58305259552705,261.26981525287795,344.5114215850443,416.2990262962542,456.0375838347325,608.0642456967763
310,77.5,2024-08-30 22:15:00,354.29,142.1709792900687,235.70219505314165,278.4613894186231,347.7449856822986,442.1003198012418,489.9059673088422,652.3692007228668
311,77.75,2024-08-30 22:30:00,341.49,132.77131647040653,246.19894247122465,284.85224126946235,354.5075351189269,442.1243071282152,513.5162445903791,674.8218686814803
312,78.0,2024-08-30 22:45:00,335.19,115.75807077026657,217.51916531349775,265.95788041957195,343.74839319260377,427.8423091721349,480.11560516039276,632.8476852035928
313,78.25,2024-08-30 23:00:00,330.09,104.77919662692015,218.26108556475037,256.7154202606106,337.74962727229524,408.2175403982047,464.831871347425,624.907562028495
314,78.5,2024-08-30 23:15:00,326.16,111.17903489351619,207.83941335761634,251.97326879406927,332.2230301570872,415.46749801132256,468.7175268657969,620.5452246254632
315,78.75,2024-08-30 23:30:00,330.83,98.71004079645769,196.16627567006768,253.52220009178578,330.19452895706706,415.5151547183729,471.78582039985037,641.8820402869009
316,79.0,2024-08-30 23:45:00,308.82,97.36996969827389,202.332577525215,256.2518492695044,333.16786676727855,433.709754192308,493.47133548822626,672.0687488404951
317,79.25,2024-08-31 00:00:00,292.0,78.91856186643385,190.91726385926847,234.8159799020026,318.64147804597553,420.75697739656664,481.4410286216893,656.800753398907
318,79.5,2024-08-31 00:15:00,437.55,87.99946084265416,180.55394373951057,234.1476378617278,314.6280520344798,472.61515838393905,547.1905214841421,747.3845837672
319,79.75,2024-08-31 00:30:00,360.09,144.67089858723907,229.44769384570418,279.69517351884605,410.1749274756954,526.4739672267335,605.4717596934172,826.2857645366221
320,80.0,2024-08-31 00:45:00,351.7,128.0937832946609,216.99456176604045,267.1335155651583,363.69215102236086,441.1909298540872,484.9630323771266,652.6536218855517
321,80.25,2024-08-31 01:00:00,351.61,115.20974485158295,233.34015872677722,269.04517128069455,352.10392281990886,428.3068914110092,485.1201864626071,639.5524787032762
322,80.5,2024-08-31 01:15:00,341.96,117.57947814240147,215.94009529954536,262.9679740433067,350.478194098887,426.26322591039514,483.11269625333426,642.7180816513919
323,80.75,2024-08-31 01:30:00,341.86,109.60087456096221,235.27383668082896,274.1622748727855,343.93875948098685,426.73157935273696,476.4183420100878,654.0028472047989
324,81.0,2024-08-31 01:45:00,346.69,112.19975924561442,206.23742908746638,253.46427193360518,339.3599576484798,407.5348377564355,463.1362605480979,602.248343401278
325,81.25,2024-08-31 02:00:00,335.96,100.84470093249416,222.77352039853068,268.6076145280273,343.095365594513,418.1562689331883,473.3959388114372,597.0069093248467
326,81.5,2024-08-31 02:15:00,341.11,115.60542093248728,208.23225441202638,260.3065862979067,335.2316203294542,407.7751614509397,454.62216373799424,589.7368768979546
327,81.75,2024-08-31 02:30:00,341.02,111.08051551487534,209.8571485224448,255.02199976212634,338.4936583376666,406.39750638002573,456.4098466594488,615.2194021435714
328,82.0,2024-08-31 02:45:00,330.78,112.31074037622855,196.61725684725604,251.09724560733645,338.66971259977566,417.4854981318981,469.88540763985065,613.1395348560411
329,82.25,2024-08-31 03:00:00,335.61,95.02475806185217,193.02362230558248,239.05668053745654,330.8398949181367,401.8997677583527,458.18852108550095,596.1068193244164
330,82.5,2024-08-31 03:15:00,332.07,104.27151491984615,198.4538859270635,248.75562853721743,332.57660476977276,408.3971892266164,464.8487313648007,610.1467890373524
331,82.75,2024-08-31 03:30:00,330.07,97.42664814851392,190.48758512414926,241.62135943515437,330.6214786479909,399.7978208252285,452.19773033318097,584.5450337055278
332,83.0,2024-08-31 03:45:00,325.27,109.79238457498711,203.92049264519244,244.50916953019262,329.2623307360138,403.19209824683304,450.2923275732771,567.8981997240217
333,83.25,2024-08-31 04:00:00,306.7,88.98751173520226,192.32223145178241,240.01935308535877,324.0477720041996,393.16746222677193,438.079086427064,582.6174629814474
334,83.5,2024-08-31 04:15:00,310.05,88.2640103243043,178.79267690604482,224.6629463268828,310.403191336775,376.78004641728,429.43318296462195,565.7597683845177
335,83.75,2024-08-31 04:30:00,300.03,87.25335429059696,191.3839304166869,234.12503713649764,311.5388888194109,382.24476753367514,428.76619219865745,568.4028167762873
336,84.0,2024-08-31 04:45:00,296.48,65.33327829521677,165.42126561391032,219.6118520432599,303.8511050819496,389.4910069344749,431.2915560794105,566.3700939480295
337,84.25,2024-08-31 05:00:00,300.03,52.685319838759945,179.84146890362226,223.38747585577818,299.72497131155427,383.1285185963659,438.76611667936965,586.6145323914869
338,84.5,2024-08-31 05:15:00,298.6,60.7842354090414,148.72636865987508,208.16237233372107,301.31009114839947,375.31029272866385,430.1520344021578,548.4633247340589
339,84.75,2024-08-31 05:30:00,294.19,63.07349280759858,166.37203723283739,214.32238590580323,301.67977948643954,381.36179367450933,427.79278011113826,567.3389664604146
340,85.0,2024-08-31 05:45:00,300.02,65.74525357049863,165.76993412934482,212.52649818804596,298.2955703832259,381.39275816949043,435.4929063704867,576.7574190584774
341,85.25,2024-08-31 06:00:00,296.22,57.60385234616503,142.6067431755136,201.44585454222727,301.25959499892576,380.9114748866888,430.7067634180637,549.0180537499648
342,85.5,2024-08-31 06:15:00,298.02,63.34572600591545,169.50211844712126,211.75485873382377,299.46241782986584,387.2592846764068,438.501584861436,554.4795689018197
343,85.75,2024-08-31 06:30:00,298.02,68.69440975285546,161.21271735837053,207.8426678973769,299.0907423237223,371.33691036241754,420.9874977284271,570.427626259564
344,86.0,2024-08-31 06:45:00,300.02,61.83014822083338,161.5563826261134,208.005456708413,299.35612200004675,369.9622492914461,420.17355367324654,546.6966351396352
345,86.25,2024-08-31 07:00:00,292.01,62.1257637638344,161.96052404313846,206.7093594323944,301.99085519728555,369.3172940117845,407.80780399898606,556.8680919710388
346,86.5,2024-08-31 07:15:00,296.22,77.80402993206457,167.77197949801408,215.79467875366265,298.74009988797167,388.6402340304435,444.85663677490896,571.3435429499561
347,86.75,2024-08-31 07:30:00,283.0,90.83894742534515,202.63868531580232,241.17441441718063,299.0264066523902,391.1843037869439,448.088037066895,578.9340658485755
348,87.0,2024-08-31 07:45:00,280.0,45.63736007132416,156.25235717035198,203.01796505188847,289.21633621228335,375.5469865294325,430.00888764384223,565.4672660715454
349,87.25,2024-08-31 08:00:00,278.51,25.641185162926654,131.25494823401215,184.5230647341572,284.9470865950763,370.61782046470927,423.32521994906335,547.0447163364969
350,87.5,2024-08-31 08:15:00,105.84,16.671050936793655,124.27445503165369,176.79193423646558,282.5617032514607,370.68245200329227,423.11853680258616,547.9956425129432
351,87.75,2024-08-31 08:30:00,180.05,-73.0712932264046,21.979284773005283,67.8268033270231,159.18312100792892,309.9843448757843,364.59096040334686,473.6594637975317
352,88.0,2024-08-31 08:45:00,243.23999,-61.225141643945186,26.76786311033725,75.05792037855554,184.69561937243955,299.77714109816395,349.5181666925269,463.65121087450143
353,88.25,2024-08-31 09:00:00,0.0,-32.004521359426526,54.560689864726804,107.86045974479552,237.3747856139724,333.386269789637,388.9695916878414,526.1462964542591
354,88.5,2024-08-31 09:15:00,143.78,-80.64376822271532,-1.940465237107362,26.870328121645738,65.61745658180004,259.2321377521489,316.0454328037467,423.3775222135466
355,88.75,2024-08-31 09:30:00,0.0,-75.93748293247708,-1.2852473381736627,40.054349461623204,135.51387782486856,254.50119391371118,307.98636216190437,417.10912849310125
356,89.0,2024-08-31 09:45:00,38.14,-89.87298942617848,-30.820288399845822,3.195295655510609,37.02541068787669,232.17301982881546,289.14910369144934,403.66198843250817
357,89.25,2024-08-31 10:00:00,0.0,-82.69697654615521,-30.25722100578133,-1.677327748792972,44.78983397917734,222.1555950210054,271.1188518515292,384.3294128565119
358,89.5,2024-08-31 10:15:00,0.0,-102.11154267810058,-53.09063147700151,-20.585436490012537,16.441669914645782,203.5583643778038,262.6507027839069,381.6674112969645
359,89.75,2024-08-31 10:30:00,3.68,-103.32002350447273,-50.851154847400764,-24.790248869517836,10.014338073356,202.5816315115872,256.64560442124207,385.3572910137826
360,90.0,2024-08-31 10:45:00,4.33,-109.14180560959272,-67.91780348235686,-35.45047784751745,11.429590916778798,197.084296550685,247.63925957633472,362.18833285652227
361,90.25,2024-08-31 11:00:00,5.8,-108.96660141383907,-64.64056143018834,-32.61638477025396,14.100612563542589,217.37070177652313,271.2176229381298,407.4537701296722
362,90.5,2024-08-31 11:15:00,2.66,-118.27246327512384,-64.86868943244875,-37.386774447536645,14.13814520109684,202.73350635380615,253.92153697792958,365.6127489943627
363,90.75,2024-08-31 11:30:00,201.48,-119.81279896681059,-75.74451124591387,-40.12089309751467,9.861912619975058,207.7951613319167,264.5180181551611,379.1575031681273
364,91.0,2024-08-31 11:45:00,4.33,-86.33764073294418,-23.57577121140234,23.4802281689876,173.3512100723893,288.0449712701549,332.0974323010898,480.9768438164357
365,91.25,2024-08-31 12:00:00,16.86,-117.21682879537681,-50.89621167618234,-23.380380699664297,43.62530268736024,235.38599686451784,286.9357870259485,405.55456733425103
366,91.5,2024-08-31 12:15:00,301.78,-117.63704419439438,-65.8747208843864,-29.254021268391114,28.201385204515738,240.2993759826413,282.1903633559302,386.4113777103736
367,91.75,2024-08-31 12:30:00,303.55,-79.4234880337377,-0.5116118839897473,53.733802721299064,252.6453378785204,331.26781169753747,382.74525127628544,511.7825154908982
368,92.0,2024-08-31 12:45:00,280.97,-51.991965975956134,50.16027390490348,104.95679646422076,296.28395569615617,391.2774445639179,432.30022494501435,596.1200317843399
369,92.25,2024-08-31 13:00:00,284.96,-41.17364176758258,61.22504228554002,116.50314841083907,275.83665388490937,371.1817346131823,409.4190175609944,521.5081577821824
370,92.5,2024-08-31 13:15:00,285.94,-37.81054522148602,67.17608525986147,121.53341717273759,281.09047464251887,384.2836020078333,439.19769426400995,562.0670713049217
371,92.75,2024-08-31 13:30:00,294.63,-31.686309507124527,65.91017527529911,123.59782429242283,285.8784855329591,395.9050556609754,443.20424908979675,566.8875701858891
372,93.0,2024-08-31 13:45:00,322.12,-26.75436582298558,81.18987734498126,136.5126373455298,289.332612041911,392.07524398224,456.30447375881556,560.8148904439897
373,93.25,2024-08-31 14:00:00,300.04,10.020405559965264,114.87561799073671,163.70321747873044,310.3284561523682,394.31617786845004,440.9642160531271,556.6889730541213
374,93.5,2024-08-31 14:15:00,285.12,-9.751568211140745,102.70836874629617,158.99712207344433,298.7154236760557,391.3600754295893,445.1346460085133,549.5907997566754
375,93.75,2024-08-31 14:30:00,302.73,-36.709826313400384,78.00739229984435,138.88051594611844,284.59517237173947,382.33571800980627,444.79235851065545,563.5377523386528
376,94.0,2024-08-31 14:45:00,289.57,-0.12248904189776315,104.78359489232248,160.3397985698082,300.0055329521892,382.8087964963052,439.5316533195496,540.7862937840019
377,94.25,2024-08-31 15:00:00,283.82,-6.61726095269013,102.90625977789774,152.3804925986182,289.28673053836644,378.80164110415825,431.87079350192585,545.6239971248161
378,94.5,2024-08-31 15:15:00,278.56,-20.785323521575815,83.04624121202076,151.3180597959927,283.6619717347762,379.6926607861786,443.1802970902564,566.2305505878749
379,94.75,2024-08-31 15:30:00,283.64,-10.637302026005852,98.36676413047725,149.3739249217876,280.6079902269969,382.107661766394,440.6211955110355,581.958058781709
380,95.0,2024-08-31 15:45:00,282.0,4.03541292257833,107.19377809386937,159.70221347584595,285.836410560315,374.9542275319553,432.4548531190389,579.3265359649396
381,95.25,2024-08-31 16:00:00,287.49,3.372462731757583,105.82993163330987,162.72462109042573,284.7992721996821,372.8849761380268,425.8998655987823,572.1203932005387
382,95.5,2024-08-31 16:15:00,280.93,-4.656407370841176,100.36046339311196,156.92053140532028,289.85794421767287,387.7007892697062,453.5940824479841,602.2564422152819
383,95.75,2024-08-31 16:30:00,283.96,5.760142358514972,103.55099867703248,161.82939302795518,285.69302534182697,375.1731869613828,417.5163654764387,575.8917909688903
384,96.0,2024-08-31 16:45:00,283.96,28.912514286005074,134.41775148306652,181.28284141579172,286.5212858392107,387.17449883732553,435.63130158907046,602.3813070270456
385,96.25,2024-08-31 17:00:00,320.65,7.053594492991403,111.31982796161142,173.25192673801095,289.3649322271316,380.3735440651508,424.9595906433707,576.7692007573663
386,96.5,2024-08-31 17:15:00,314.84,22.212384007471208,129.11941374401016,195.70003745777376,316.49837906939297,395.8036482646908,449.63248178062685,591.3672732560551
387,96.75,2024-08-31 17:30:00,310.67,42.647299137539726,141.26114333407307,202.9581027167538,314.71996959908796,409.33815306697056,455.1722471964672,612.1187486809353
388,97.0,2024-08-31 17:45:00,314.34,49.06251808525659,158.65556320389115,207.38368064069616,311.91161973261376,389.8699378121607,424.1279387124237,601.2964015611344
389,97.25,2024-08-31 18:00:00,320.32,49.40147155662971,155.3408122497874,210.92414739577913,314.7859524119813,406.88568734411103,451.5983474420256,609.431143564357
390,97.5,2024-08-31 18:15:00,333.54,58.83179858809292,161.6600642258941,217.4242758285926,321.5621647333033,403.8355521105943,445.7446271295538,593.0865887628921
391,97.75,2024-08-31 18:30:00,343.18,78.28562232990458,183.04926605446826,228.14176671146708,332.3285841108143,417.3566148246363,469.3224208364926,625.5815917854749
392,98.0,2024-08-31 18:45:00,344.52,67.57368668586162,190.42497608110267,241.5225751007664,337.53745070999435,410.06325746013874,447.8121739748425,622.0324035703823
393,98.25,2024-08-31 19:00:00,358.4,82.16046765379357,199.02474633204048,249.29031365085297,341.39995351199616,403.56890064668346,441.1821598188572,611.6220449736505
394,98.5,2024-08-31 19:15:00,452.12,91.60989799462482,191.86971794718983,246.45823258129428,355.81613830621,432.41731772152895,486.49937827685443,635.1074751071402
395,98.75,2024-08-31 19:30:00,403.14,140.62493600999588,249.63917646716877,305.8374915659635,428.2343288637288,501.68147506522337,567.6923379403606,784.2737807054774
396,99.0,2024-08-31 19:45:00,412.83,128.36594583811188,249.5169965403093,298.986707449612,401.2011236124646,482.70292452668275,547.1311184056357,751.7747680192548
397,99.25,2024-08-31 20:00:00,405.54996,127.25235449664491,245.20189191513245,300.22451004533315,405.16789974874916,478.17076815345763,531.9634263780524,709.1138545722418
398,99.5,2024-08-31 20:15:00,405.13,128.38299132451053,237.72280940375558,290.9909259039006,401.88910770546,468.4488175789169,539.1895997969362,736.8332775448538
399,99.75,2024-08-31 20:30:00,415.43,139.6528487012123,240.96175210267657,288.89401312997177,401.63939574564904,481.02098544390736,550.8031224413809,743.4546629753409
400,100.0,2024-08-31 20:45:00,427.99,151.83793388336377,268.4308978765505,316.50786006921106,406.0914471646587,477.14424127049733,529.9601666288754,715.2318947380496
401,100.25,2024-08-31 21:00:00,461.92,156.46182676810312,264.408896130706,308.9768550632552,417.96961644119415,495.6232707389755,576.8006245089758,769.8319791064454
402,100.5,2024-08-31 21:15:00,476.55,165.62358140648897,276.37423584804685,327.7431495527707,450.5616550902338,544.7496784867232,621.4684275989015,854.2925761762866
403,100.75,2024-08-31 21:30:00,466.86,163.09678676470148,282.5295111281845,339.01722855771015,464.4200064703711,551.2395752117684,639.2721466909554,867.0498421262216
404,101.0,2024-08-31 21:45:00,466.86,166.5436579021111,283.95056595047834,333.5468903794758,459.88909538915766,543.8067274782657,618.7528873147174,821.0089412042324
405,101.25,2024-08-31 22:00:00,481.87,177.1611059107988,280.80331560378045,335.2652167181902,458.08824416707085,554.1980799160698,618.4273096926453,830.8486204490811
406,101.5,2024-08-31 22:15:00,453.14005,157.04600119937328,288.2356952487967,348.9740094109315,469.9181826657705,594.5318870360483,685.2776053658368,897.3009879175177
407,101.75,2024-08-31 22:30:00,402.53,164.244442583391,270.36465973325545,329.1495081629571,447.6077606159324,540.5036478248229,610.9007647750994,848.0117118720099
408,102.0,2024-08-31 22:45:00,398.25,145.92479282866913,260.0759246563144,308.9668309041555,406.35382400918246,507.29786568313347,571.2196054833074,773.9459116646854
409,102.25,2024-08-31 23:00:00,375.58,126.02882418383584,246.7095960985956,301.29811073270014,397.0117139937258,503.445638748191,567.7833943987906,759.1145367987913
410,102.5,2024-08-31 23:15:00,343.69,118.37765291469867,233.08950175813493,292.18184016423805,380.9319824615165,498.4171761013021,559.4991555311798,788.1993473912253
411,102.75,2024-08-31 23:30:00,356.33,109.2823050184016,237.9939916109422,287.6897980911284,353.22670812580117,469.0094021168343,526.2929759558698,699.1023426935218
412,103.0,2024-08-31 23:45:00,335.97,104.02406391574411,215.950415325896,271.94976632231334,353.72740383300925,426.4182603498986,473.048210888905,661.6480922970585
413,103.25,2024-09-01 00:00:00,350.07,78.29660916155221,194.63634611534943,253.49354512773374,347.697395214185,450.12432796588075,514.2450318684323,721.167698340982
414,103.5,2024-09-01 00:15:00,499.60004,94.31724231436432,229.866058970421,278.70270228125,360.36065044910947,487.34369509251417,548.3171486483677,763.4877550511718
415,103.75,2024-09-01 00:30:00,649.04,171.84418594201043,287.84025762806476,335.5012039702998,466.46932436025736,585.9698773950055,649.7559598526494,886.7041181385238
416,104.0,2024-09-01 00:45:00,478.72998,220.17788142178082,331.0732370287041,396.3696378998497,596.391867549036,704.0631003151611,774.523524025285,1079.5038660855696
417,104.25,2024-09-01 01:00:00,434.96002,205.53610005667394,340.9944784843772,385.8518397476573,487.5111912839909,611.6037453633822,663.1535355248129,887.1690271561529
418,104.5,2024-09-01 01:15:00,421.86,184.60996580328643,298.3089064891647,341.3213278940357,436.57369619045903,519.7378647895978,582.2306805817883,764.6445871705702
419,104.75,2024-09-01 01:30:00,424.78998,198.6359988439236,295.8751819694854,338.10983461051717,420.9916663655153,503.19577664679014,562.5051668009413,765.1048859581992
420,105.0,2024-09-01 01:45:00,408.84998,200.05034145395675,316.0102378486697,349.99692406387265,419.87515167897163,506.18374443017217,571.1907429705868,766.899042631742
421,105.25,2024-09-01 02:00:00,411.40002,191.6077738637198,288.1053635167839,332.9265494887225,403.28353447516724,467.8603861919762,511.70483929769824,677.9303295067986
422,105.5,2024-09-01 02:15:00,406.31,181.59786938319905,288.07983944647714,326.7512258903854,403.32527383719827,462.94215396775115,528.4103874727681,675.3363067601061
423,105.75,2024-09-01 02:30:00,381.4,180.66011150738518,288.6976190983414,332.75912395211174,401.7519047877383,453.95539376848575,514.1782100290062,665.987820143002
424,106.0,2024-09-01 02:45:00,373.01,170.34455407697638,273.2451702974603,315.22659589910256,383.810991609821,438.05075382583766,499.08751414153863,628.3599177498702
425,106.25,2024-09-01 03:00:00,382.7,177.3750135173143,256.0743598304318,295.4692521011673,373.89332705673405,430.1860370563727,486.78228035992237,613.196835952287
426,106.5,2024-09-01 03:15:00,375.35,182.66447523884182,269.8650150171777,313.74564341424116,376.64712695080357,443.75964049507047,503.7925364760489,651.3515233618607
427,106.75,2024-09-01 03:30:00,367.37,182.3965431554867,238.84808529367095,293.6898269671649,371.89685017468366,432.1236231076946,493.4678733997971,654.3574816404729
428,107.0,2024-09-01 03:45:00,362.26,155.55970102434895,255.49394335484178,291.94054938125674,367.0511230906605,427.25421339580726,477.5740436516318,632.0244500335465
429,107.25,2024-09-01 04:00:00,354.42,152.65650141633165,246.60373302983024,280.6989451190572,362.45510355051914,427.6610794410987,494.38640432022765,645.8523491664805
430,107.5,2024-09-01 04:15:00,352.42,152.2392756013275,218.8560746064325,268.3800484527473,354.787134087014,410.53988635364914,471.30533198429,626.2079295079715
431,107.75,2024-09-01 04:30:00,350.02,138.05234818324624,229.17790707211913,282.03000772183856,351.235035774632,416.16798801558235,470.6118014843214,655.793117860717
432,108.0,2024-09-01 04:45:00,350.02,131.00515678747712,226.3270494719472,272.9027370739416,349.58361517799693,409.4915801082748,457.6680243521241,637.1336446965856
433,108.25,2024-09-01 05:00:00,340.03,129.8294598188831,232.76625133070831,287.761737992403,352.1187117665278,435.7819730906044,498.94403177261006,643.0663924765678
434,108.5,2024-09-01 05:15:00,338.03,119.7657516579787,210.65617115313276,273.25751281934737,342.2460543630199,425.51930082732264,488.9345865487177,639.8217267335087
435,108.75,2024-09-01 05:30:00,340.03,129.9971326475246,207.97297313381497,262.2359101458473,339.48146193818405,409.27039505057144,468.7968369527709,617.7485990507995
436,109.0,2024-09-01 05:45:00,340.03,143.20734044717668,218.34342056317072,261.30157903102963,340.9123731142711,424.1446397563511,481.21116184733836,620.576471739908
437,109.25,2024-09-01 06:00:00,340.03,132.86120712354918,217.52947650799024,259.45663917262044,342.5182169064709,431.1264709852325,487.27052314701535,646.1885780095872
438,109.5,2024-09-01 06:15:00,362.39,130.8173031627626,220.3511492326159,257.7744881252475,342.2389888764298,418.88113486618397,487.0172961076259,651.470170545425
439,109.75,2024-09-01 06:30:00,359.4,169.357050759639,224.30731830715703,265.9089033497151,358.2791183563015,431.9896791456626,488.3869583468349,610.5509172065902
440,110.0,2024-09-01 06:45:00,362.39,149.18598739441984,253.76875466227676,278.60309216811686,357.67266997855603,442.2601234441936,494.98561057421824,658.3170509804355
441,110.25,2024-09-01 07:00:00,363.33,155.339125364864,228.12381154366997,270.792567680798,357.91058257576145,420.7029882471599,482.77978818892484,636.7056528463897
442,110.5,2024-09-01 07:15:00,341.81,149.59052182913652,232.99265601663012,278.700136626432,361.8524352080994,440.00577396532066,499.0076741430704,616.7582474591804
443,110.75,2024-09-01 07:30:00,331.3,148.7068105098078,240.89954049325067,274.88622670845353,346.05729705981054,446.4475458948289,512.6845043408497,649.8974108941834
444,111.0,2024-09-01 07:45:00,341.81,130.698090740271,210.33799462826374,257.6552757027559,333.75056627822306,422.88590565660684,480.2237424326543,632.7749460191477
445,111.25,2024-09-01 08:00:00,360.7,95.04076580490789,207.7267983332283,254.48336239192943,339.37320543583627,426.876713279156,482.8037136928906,615.9649611204178
446,111.5,2024-09-01 08:15:00,397.44003,85.93572494419499,152.82383863436016,216.67322785185146,355.95488238319416,425.50412769487036,473.30073137963547,616.3378333433525
447,111.75,2024-09-01 08:30:00,428.82,155.85773649650704,222.0404320055158,266.57221564672363,387.69161296899733,471.1434881820853,531.7732764701962,636.0666414073222
448,112.0,2024-09-01 08:45:00,448.08,178.86397649759724,259.49870089747725,302.36642113698275,415.8641367647748,500.7788503214788,545.2111519114978,684.3413224103487
449,112.25,2024-09-01 09:00:00,525.11,162.05854000585975,234.53573620826418,290.58935014169356,436.03436993531955,501.5998245358164,554.8317657446202,721.8711735133262
450,112.5,2024-09-01 09:15:00,508.6,213.0878334339136,283.88287858894506,340.31633308145865,502.7614788498126,592.5982929846498,672.6225593431443,839.5353535921556
451,112.75,2024-09-01 09:30:00,501.05997,178.65500589983657,274.8812808678405,331.6403129824263,500.4602233718396,586.7258579645724,653.2929159440829,820.9835054525082
452,113.0,2024-09-01 09:45:00,471.07996,173.29896079905546,277.5561504448402,332.8681709057717,491.1508972141611,566.8951744158317,623.7084694674295,801.7360954854973
453,113.25,2024-09-01 10:00:00,467.59003,179.56648899739352,244.98950338823377,315.9292497086306,465.22693803011094,537.2587259578751,583.8977203197168,708.756738384403
454,113.5,2024-09-01 10:15:00,470.52,183.29673913821594,264.85393346730046,321.50443970786216,457.590233344767,533.0032805350934,581.6047844522035,716.3577446987505
455,113.75,2024-09-01 10:30:00,504.79004,171.81456388948138,259.44920716391357,320.9110271528754,459.24081933079873,518.373854939661,579.6909737632574,766.3373894389778
456,114.0,2024-09-01 10:45:00,470.17,180.81858153974306,264.8899586170518,334.3103427011117,486.58797064683614,548.0995316613925,614.0719582894794,786.8993861772277
457,114.25,2024-09-01 11:00:00,476.22003,165.02068343575502,258.6242497815107,323.34184599119453,464.6549692269252,557.5859012493025,607.3721459578422,762.0757528835717
458,114.5,2024-09-01 11:15:00,468.27,164.30964819275948,247.4585553408636,325.30778230745926,465.7221756489281,575.5322725156108,648.642536316489,824.0926728264852
459,114.75,2024-09-01 11:30:00,454.36,164.0253595079482,262.40406431076275,330.90197846561813,457.162789069782,554.9807768568054,632.3325935674576,772.4756722238661
460,115.0,2024-09-01 11:45:00,422.07,123.04924666577945,205.4746479870565,270.44547123612983,440.86387731168935,509.8535493332163,563.8451716601884,707.0088871436002
461,115.25,2024-09-01 12:00:00,321.41,75.07869070116588,150.31425286834866,221.2992183029222,413.63137234743465,489.52995977623306,538.8278380516645,702.6114695996486
462,115.5,2024-09-01 12:15:00,416.06,-19.502959785116758,87.9336988262167,150.78431085933033,343.3623438371785,468.4836327640896,527.7206723355581,674.1220763940213
463,115.75,2024-09-01 12:30:00,450.92,76.3665346056614,176.94175787960884,234.50569022653977,395.9718421729683,490.99754965958107,530.75419484373,694.375037580678
464,116.0,2024-09-01 12:45:00,478.33,141.02637929432936,238.88054237269426,294.64475397539275,433.0242871789104,510.7469006258113,565.6700367048234,757.0373543961653
465,116.25,2024-09-01 13:00:00,495.97,168.74097124048538,268.9103529646969,329.7752806465265,461.442036350514,541.6087429186653,602.6093279430249,814.506096975011
466,116.5,2024-09-01 13:15:00,696.09,198.62449093263993,295.84558641253113,358.0489998739908,482.30886467583593,566.5181600513835,630.8649595248185,840.283694604347
467,116.75,2024-09-01 13:30:00,648.97,269.2629649048346,364.1869293845497,431.97942535824876,640.7018125750309,755.5176653810735,836.681426921246,1107.0826858750384
468,117.0,2024-09-01 13:45:00,619.03,288.66997538205766,394.3380013901552,454.75073793021784,639.5855628442343,790.4664854008263,870.2963095683612,1127.1408780919808
469,117.25,2024-09-01 14:00:00,601.6,271.08584278136607,377.16988463988923,440.40429390457746,608.5764404834097,766.3617565358554,852.0429605734291,1071.5546284327704
470,117.5,2024-09-01 14:15:00,692.48,250.75197294139434,353.7249397445609,413.6312222058446,589.8749806652166,720.271079260839,797.7766674552665,997.2110486201558
471,117.75,2024-09-01 14:30:00,471.88,266.6447605302876,385.7157319803571,443.7770745832316,660.1188825387866,781.066447227189,867.371675040401,1112.2964850670442
472,118.0,2024-09-01 14:45:00,524.75,230.14928783224372,340.35731290368125,385.01571006458386,496.747619283776,625.7622739413005,689.9553284265346,841.6745003121769
473,118.25,2024-09-01 15:00:00,483.14,237.3082508099392,325.0514199583954,379.1334805137209,504.6300880882985,596.5741129437696,647.101951124807,786.9013645134728
474,118.5,2024-09-01 15:15:00,446.73,239.76313646195587,328.2298114372392,377.4462953071524,483.2156403929522,586.5033039688421,644.8359612567768,796.1210296463228
475,118.75,2024-09-01 15:30:00,430.57,216.39777544120696,311.0866005272033,360.01368206638574,446.0105455492308,538.8281471667027,600.7421582974316,743.3451832606272
476,119.0,2024-09-01 15:45:00,439.61,198.59850760570484,308.86079561415437,351.2944123575637,429.23068611894945,501.9916322628127,558.1085529560894,689.4067993751116
477,119.25,2024-09-01 16:00:00,430.06998,195.52130272668964,295.310843891817,342.2301967615542,434.8265073390241,505.3536292425586,578.4005862835895,732.1274868386769
478,119.5,2024-09-01 16:15:00,421.14,199.94447396926225,285.86079090498004,340.61209435012057,431.5833430118655,520.9278340411039,590.9270227866255,763.3022860281814
479,119.75,2024-09-01 16:30:00,418.85,192.05421546577398,265.74328392811384,325.59530345238545,420.1060782763111,497.21088557577286,555.8329451944385,733.4536256804909
480,120.0,2024-09-01 16:45:00,402.57,195.56387228339506,278.0977994786961,325.43316819885894,419.00055925327337,496.4337703694433,536.769220215054,710.3382680708746
481,120.25,2024-09-01 17:00:00,435.52,173.11644161671651,253.06383548111074,303.90820746138496,403.7582291917237,485.6709588060225,543.4248114324955,691.9244088843319
482,120.5,2024-09-01 17:15:00,452.71002,186.21209138316817,262.0535896803187,318.8307094405751,427.4187597466326,512.6398328018837,575.9646802949254,745.1564914028675
483,120.75,2024-09-01 17:30:00,396.79,197.9007643093569,281.1762849771558,332.96121453230523,440.91393628418024,498.1647262654375,549.1266679425712,725.4450379403347
484,121.0,2024-09-01 17:45:00,392.06,172.72333560655935,265.0788544010383,321.4218706651985,402.6331387708313,475.69140059040626,518.1973679164983,689.4692582765681
485,121.25,2024-09-01 18:00:00,397.92996,157.76661900855663,263.4889079536662,310.89662725651175,393.63792648323255,465.3470336384263,518.2533972251578,670.9673631271125
486,121.5,2024-09-01 18:15:00,419.99002,179.62946897848607,274.28211877314106,323.2634632493356,401.4160822101104,468.9051861896302,523.4394378867225,681.43502282009
487,121.75,2024-09-01 18:30:00,431.79996,214.06421302580068,300.0528805442012,338.416777011708,418.5439168549546,478.98491534137764,518.298413206595,667.9375058401093
488,122.0,2024-09-01 18:45:00,523.13,220.17345666080377,306.84945471469,344.90586120579536,431.20039363868165,497.74646712301967,544.0146647486124,681.7882618221624
489,122.25,2024-09-01 19:00:00,557.63,246.7728322035771,335.58317244660327,382.3397365053044,504.6235260176281,585.3464276901525,634.5176924458891,812.5905905692831
490,122.5,2024-09-01 19:15:00,776.94,271.92240522549315,360.22629138974037,414.9956824805516,545.7094453532652,650.3069088332296,724.276335803465,902.9641873840873
491,122.75,2024-09-01 19:30:00,539.21,322.6746962517818,410.09228777816577,469.02183737323287,707.5390989210384,803.2227445189221,866.4435880493575,1132.7299076130703
492,123.0,2024-09-01 19:45:00,533.48,287.00706012192626,387.4115812398566,437.09834389720754,558.9186374892199,717.0227482966114,794.3112582474162,988.5725727504918
493,123.25,2024-09-01 20:00:00,472.67,261.6467942898932,348.84733406822903,398.44365849722664,524.9034332037678,646.8955594296517,714.9774577340817,897.0114972682044
494,123.5,2024-09-01 20:15:00,482.53,247.35436590923422,332.58335230946625,381.998800281757,481.44467617914154,598.8877595188501,680.8790573440309,845.8383858606089
495,123.75,2024-09-01 20:30:00,480.34,258.64238158647254,347.83256238858297,382.4704038479303,478.05117596106186,588.8866162417011,650.8368026637713,848.4624192615929
496,124.0,2024-09-01 20:45:00,510.08,245.91508213153796,350.2265347143347,393.51027080426576,476.79766148953604,563.118124258208,618.2673559081036,770.4930083680994
497,124.25,2024-09-01 21:00:00,483.67,255.07701340708857,361.9749993207922,410.1785750331475,500.76037407404567,602.8662643628742,654.4703174613169,832.941117293891
498,124.5,2024-09-01 21:15:00,453.93997,268.8224053203666,360.9066094297854,405.6192695277,486.7779704131024,588.2321402188593,656.5491779170079,804.0720160070531
499,124.75,2024-09-01 21:30:00,430.04,263.2297282418246,348.54915287041,391.93237101152977,456.9766753211403,551.8362025631536,615.8122053003397,763.3712451773008
500,125.0,2024-09-01 21:45:00,415.08,251.38583540710943,336.976574720755,375.4309094166152,437.81859076834496,535.6331871218053,599.6996280873448,752.5763828003358
501,125.25,2024-09-01 22:00:00,400.08997,230.20066275161201,308.6467820253401,348.56621602052513,418.06318997922193,507.44809559175565,582.1138969203121,737.9570785144435
502,125.5,2024-09-01 22:15:00,390.08,225.49343245254235,291.9655302922819,333.49476475215727,405.84732577111225,505.65297624566506,579.1973435426394,753.055793729191
503,125.75,2024-09-01 22:30:00,375.05,194.9786821884275,284.838105880353,317.03411517415884,394.72528720573376,478.8461933440391,548.7006809241954,709.6445785974578
504,126.0,2024-09-01 22:45:00,370.08,178.20107488199682,257.6781899589534,298.32112978096563,383.6040964987461,452.8529305683982,515.8250689708617,655.5883070681862
505,126.25,2024-09-01 23:00:00,350.03,172.68680704088848,237.54910441593776,283.907740269884,375.175315439218,456.21065292875716,517.4915964610124,639.9087823601573
506,126.5,2024-09-01 23:15:00,342.48,159.51728761213724,245.59639335889113,285.24451266901605,358.3259492846065,435.55284819234544,493.8855054802802,646.9070143497859
507,126.75,2024-09-01 23:30:00,339.97,173.70801272926067,248.40998934915845,294.3435655298438,347.8018849289945,421.07466816923255,467.1619893381186,629.8965374372034
508,127.0,2024-09-01 23:45:00,306.0,157.80423830871987,229.30470164490774,283.2691925033738,346.8613980089852,436.87853660938924,487.2345421565552,649.1551462004595
509,127.25,2024-09-02 00:00:00,350.03,127.87196234316445,200.16828208886213,251.56432726209206,327.3266921094333,448.3669559818978,507.513557325013,685.0619137239573
510,127.5,2024-09-02 00:15:00,380.01,130.04346899176835,219.29695655372615,275.2782199044728,356.5396529648954,503.4719576857392,580.1997506207529,744.7973527194922
511,127.75,2024-09-02 00:30:00,360.01,202.05022743328695,284.42136581755193,309.6626753509823,377.97688685449486,477.95917449380045,529.2014746788295,677.1583897693962
512,128.0,2024-09-02 00:45:00,356.02,178.0038639034795,257.24583958671735,289.4780241718645,370.6836398882253,484.4266824582132,533.842130430504,664.5434580468191
513,128.25,2024-09-02 01:00:00,345.02,161.08547677674088,231.7539084120776,269.6656137378175,359.58325703924544,439.5266809833619,478.9758361911093,603.7986789644543
514,128.5,2024-09-02 01:15:00,344.92,148.87829870120797,231.15899885711963,278.15070230953955,350.22657887362584,441.3193539047207,479.84603918326354,584.8267346558754
515,128.75,2024-09-02 01:30:00,348.02,161.2987882328254,240.8663415381354,274.7445018793142,344.1496245123396,421.85132411893375,449.25410731001006,568.8496204845292
516,129.0,2024-09-02 01:45:00,350.02,146.6085817890016,233.2122292602051,282.3292310789297,347.8119135040234,426.2978467946867,473.832179617227,604.3888060681766
517,129.25,2024-09-02 02:00:00,350.02,170.77988961729682,244.26999397725916,288.74751468145496,350.11578762796387,421.23950597137974,472.9701725895173,607.1805034659438
518,129.5,2024-09-02 02:15:00,341.98,168.50084626279144,249.3526224107196,293.8391869377507,351.32398583487236,439.50802809876393,499.25152174901154,615.7178722225034
519,129.75,2024-09-02 02:30:00,345.02,149.3876231339142,237.87238575486816,272.70919131659286,343.06292617920616,405.67147464174263,464.2935342604082,607.6742749962935
520,130.0,2024-09-02 02:45:00,335.51,132.74411876296372,237.83334010959953,276.97500534094553,346.0853558734316,427.12055205323884,491.1508177274369,612.826410154084
521,130.25,2024-09-02 03:00:00,340.02,124.63248090089095,211.43509247447193,253.83253392653978,336.645689151882,413.45600697026816,467.3752787145575,567.7978874781586
522,130.5,2024-09-02 03:15:00,337.48,130.19630871449976,208.9137426732879,247.87453144792713,336.5141695349363,413.8286937241798,481.9829426112924,573.072326208824
523,130.75,2024-09-02 03:30:00,339.02,131.56634630768383,212.81605066036684,249.8414613482435,335.02692435108054,412.0152924315373,470.4022126564841,563.1194843643767
524,131.0,2024-09-02 03:45:00,330.01,119.71141806610076,204.44299421038917,250.6931041903114,336.96269545553463,410.4070022146057,470.837826400339,558.4724696747712
525,131.25,2024-09-02 04:00:00,332.02,116.03279013667733,193.6468777095542,233.74718816144602,331.0026219061651,417.30060317969327,479.01565020804463,571.515870167889
526,131.5,2024-09-02 04:15:00,320.0,87.77401441335115,169.4035593251184,215.798370470406,329.8279759287014,399.08049729916775,456.29172055552044,576.3394248718065
527,131.75,2024-09-02 04:30:00,330.01,75.67834737992662,167.02095801684763,215.85760132767666,321.78818081746266,399.19397784566314,445.8420160303402,542.4300439117576
528,132.0,2024-09-02 04:45:00,320.0,91.92195845766432,169.21046840846898,220.41659330215677,327.6811366601552,400.53335564297527,438.2822721576791,548.9424883708836
529,132.25,2024-09-02 05:00:00,320.32,96.83184899178389,190.40828386903354,232.3173588879932,323.87476031725345,415.0749307445179,456.3509381650038,572.4193604337408
530,132.5,2024-09-02 05:15:00,310.0,96.32748806340722,175.73225255768114,234.0829974912865,322.33862638212327,407.4169059533883,457.1398439020806,580.7146391241488
531,132.75,2024-09-02 05:30:00,320.0,100.65343821049994,185.4935402288124,241.49289122522976,315.29896414550177,414.4469591282473,445.90137494955536,564.7552946515767
532,133.0,2024-09-02 05:45:00,315.0,86.96503827842935,180.08023819107675,230.85225958866826,322.8683170799255,418.27644402822784,460.3844831495648,594.8118657740396
533,133.25,2024-09-02 06:00:00,320.0,77.9961140168749,170.56868455940196,233.27855209964062,322.3607722666542,440.4725200094632,492.7819912890623,593.9823688165026
534,133.5,2024-09-02 06:15:00,321.0,73.43547931676262,158.04948576419164,226.8187146041072,324.74294964572954,417.02839647695106,466.208705055523,565.2204774568112
535,133.75,2024-09-02 06:30:00,330.01,80.74600139774509,166.69849362480423,215.28190989624377,324.34970674176964,409.68791231689744,439.36973886247904,538.0016707046831
536,134.0,2024-09-02 06:45:00,330.01,77.92212070855999,172.68329637723903,219.3494222075868,331.1305072134461,398.8692922412729,427.9361388340516,536.6790646061643
537,134.25,2024-09-02 07:00:00,314.88,88.84705869364916,179.2852870470363,230.27436019267597,334.189862906963,408.36530621837863,446.0418721503996,552.3791410483121
538,134.5,2024-09-02 07:15:00,302.01,90.13328636808718,203.6875258886001,244.27620277360023,323.9375857408269,404.5327566635896,431.7546633979591,532.918865634058
539,134.75,2024-09-02 07:30:00,300.06,75.30283884730797,190.39452824982843,232.3849976743061,310.87464034542916,392.2345530411305,432.6242658237532,548.6746004468196
540,135.0,2024-09-02 07:45:00,295.07,65.53215849494096,187.99456350826247,234.226585842514,308.276276740413,397.25053627232967,447.1000877407166,559.9127337887318
541,135.25,2024-09-02 08:00:00,320.03,75.62457019511766,170.42192115513805,224.8114716868651,304.08227455539054,391.74235358154715,439.294774049758,580.1432708873232
542,135.5,2024-09-02 08:15:00,331.83,100.60303921146686,200.39258037659425,241.43344840336133,321.79897776415817,411.78288208201394,468.95793004702534,587.9927262057535
543,135.75,2024-09-02 08:30:00,333.03,112.13258854778807,190.5606201758454,234.3327226988848,334.5235835023303,423.7465349144315,476.12835677671336,615.5479296062949
544,136.0,2024-09-02 08:45:00,340.19,106.65757390061694,213.81783067654536,252.7605318055139,336.5368541628196,437.47156939447177,489.09371013858515,615.4358886526923
545,136.25,2024-09-02 09:00:00,338.16,105.69911856502314,191.14515671330332,241.24793522107979,341.0001706170114,421.1476723094248,479.73355663674903,606.1300245834428
546,136.5,2024-09-02 09:15:00,338.35,88.30171794304987,193.7798236716053,238.58292199787329,341.0242815900001,421.5032959132215,479.56463851609607,613.6302682271571
547,136.75,2024-09-02 09:30:00,337.99,88.69608690893502,198.18060615354548,246.78211007065573,342.28996636217744,432.81353254578573,495.52340008602437,602.8554894958243
548,137.0,2024-09-02 09:45:00,334.78,95.32624237465208,197.42195836279083,244.6668888546003,340.1055033775389,421.5821644072836,456.6902846540685,575.3633278993831
549,137.25,2024-09-02 10:00:00,345.22,88.41710617092458,182.41860072143518,235.8495060326163,337.4314198359224,425.76977232694196,466.0147839441992,580.9255968900129
550,137.5,2024-09-02 10:15:00,321.93,89.95119111494363,198.30523250513676,246.34601940645604,344.68657058168395,421.27165393536484,475.0823998056301,590.3007027278454
551,137.75,2024-09-02 10:30:00,312.07,57.152469319426835,185.3079608075941,228.99866892511542,328.8989969199757,419.1812060816659,463.09800977007075,581.3550371649598
552,138.0,2024-09-02 10:45:00,311.83,8.00021513854676,151.20688878042645,197.54743698870203,317.8692821846843,396.62458715159545,448.1020267303435,614.833944522648
553,138.25,2024-09-02 11:00:00,309.71,18.95072135323388,134.1170222941459,196.5691408835774,316.87572462852506,414.9480699327925,467.6012064801345,604.3438077504559
554,138.5,2024-09-02 11:15:00,314.54,4.517698621290006,119.11876063499336,188.31078819246102,315.9304331776345,421.00156687859965,476.27741204818994,612.1879816176601
555,138.75,2024-09-02 11:30:00,305.39,-5.280691686297571,108.68617225107765,176.94781653435987,315.84510859520066,432.27415329949685,480.2245019724627,611.034355462802
556,139.0,2024-09-02 11:45:00,297.31,-44.86024044906549,74.65048688637236,139.825361388168,308.1032076463883,400.9911815102978,462.326387979565,591.4721780682017
557,139.25,2024-09-02 12:00:00,255.05,-45.32200090923292,37.95125880285714,114.29808070093215,300.82805715764755,408.894970420606,458.36468132990876,563.5805161962394
558,139.5,2024-09-02 12:15:00,306.65,-68.35373848505515,47.502153947051454,104.87616601444026,272.4355935961783,388.00661885675913,441.98015353806056,588.1464182028047
559,139.75,2024-09-02 12:30:00,330.8,-31.564995102372364,77.90821936369393,134.89334704916317,300.6824463108837,393.083170971752,444.16268234574494,617.2252761227867
560,140.0,2024-09-02 12:45:00,339.45,13.352939460630486,134.92000601325347,188.0072460566917,326.5829171679508,401.85748082111104,452.4848010533371,624.9143272319051
561,140.25,2024-09-02 13:00:00,339.99,55.60002294213175,177.59667107943332,223.96435075621494,337.8715819867696,434.7939354458437,483.9199810874036,652.0265599506796
562,140.5,2024-09-02 13:15:00,352.9,83.37653504639184,219.4498934268981,256.07737591001995,342.31474855639226,440.99640817640324,499.329065464338,662.226402374459
563,140.75,2024-09-02 13:30:00,377.92,107.82647033836797,228.36254108776237,266.7897443151166,352.8937205746676,459.10663690859434,521.6537156377968,659.8071797660059
564,141.0,2024-09-02 13:45:00,380.56,121.6085321270487,253.03336557019085,292.92566809686997,374.14368374219634,477.70001244567527,529.249802607106,686.937871068497
565,141.25,2024-09-02 14:00:00,376.92996,129.21570307844598,242.86038082731224,293.03550991777144,378.71802990222255,483.9686976174424,549.6087637563307,712.542275957793
566,141.5,2024-09-02 14:15:00,367.61,130.87226823250455,261.80873524253843,299.44008206038285,376.75996277164757,476.5995275818329,536.3249335864098,684.9330039211208
567,141.75,2024-09-02 14:30:00,353.93,97.18111365764943,209.69531355209836,263.2890076743156,368.5910414770455,464.1523128471884,515.1775612841694,669.5737312246467
568,142.0,2024-09-02 14:45:00,336.83,106.51813210683204,213.1538471583108,256.4918461852539,357.66396176633367,443.55429095918726,490.726870868314,628.3738544221692
569,142.25,2024-09-02 15:00:00,344.23,92.1974550276,195.38747357881473,242.46961525958807,342.69552087652056,427.741369864337,476.0896467420578,584.3984690180741
570,142.5,2024-09-02 15:15:00,328.87,100.9604247709819,220.44741207147703,260.42110900367413,346.41910296437356,427.4966920637215,474.7416225555309,592.9262993677372
571,142.75,2024-09-02 15:30:00,335.81,95.2534060397663,211.06860126911388,256.65851218205637,336.477031571047,418.46153328131396,466.9364236787294,586.3872356878832
572,143.0,2024-09-02 15:45:00,350.49,89.0893651403278,223.40822189077838,267.66869084692604,340.2790008166882,420.2198944334195,467.9531913583373,595.8328462500266
573,143.25,2024-09-02 16:00:00,345.84,97.48135267843783,207.2190989624378,260.90323131300835,351.13458221903716,417.98539014000653,469.01968239982295,598.0569466144357
574,143.5,2024-09-02 16:15:00,354.73,95.0350206811243,213.49101217839075,263.12351189872965,350.7157622536211,427.03377021419584,484.4620452185967,614.1142893860125
575,143.75,2024-09-02 16:30:00,359.99,111.69189648544656,212.34964464276644,263.91752244986776,355.6501479465628,425.8200256003141,464.40097381586907,607.2210240315379
576,144.0,2024-09-02 16:45:00,363.3,113.25616430499271,224.78458751038974,269.89517581305927,362.1876704671544,431.8519551483049,476.25712526981806,645.3585246449813
577,144.25,2024-09-02 17:00:00,388.16,141.59586634535032,230.2615054230111,283.11360607273053,366.29557969807644,446.86106232937334,498.2299760340972,638.4092299818473
578,144.5,2024-09-02 17:15:00,403.60004,132.22015994115776,246.317028831791,298.3009224893179,385.65591380451355,463.2240757145547,522.0089241442563,676.8391710852551
579,144.75,2024-09-02 17:30:00,366.69,143.18441735912086,251.3485384697719,303.5313962296763,399.2339773316214,475.7257830145254,535.6863284128211,700.3924298900098
580,145.0,2024-09-02 17:45:00,373.58002,124.69211360771146,224.5901806468629,283.15797732851644,374.0981378492649,454.21284243611285,507.31817012522174,651.0426026244246
581,145.25,2024-09-02 18:00:00,356.78,145.48483381056133,250.5378798658558,293.1161977746305,374.5660673624112,458.0755262912086,507.1834842870978,652.571980188003
582,145.5,2024-09-02 18:15:00,379.44,143.83367375374416,239.75245874534656,284.2118918038717,364.4226870083452,436.4736930596343,488.0596585124063,665.8250666593988
583,145.75,2024-09-02 18:30:00,391.32996,162.80169671726557,261.8134691185538,301.29879961764266,379.15127670806976,451.1368563535345,506.2499127120886,677.7931177572185
584,146.0,2024-09-02 18:45:00,417.5,171.88914893229824,276.9964579246047,316.3009119669868,391.74419943991876,468.5446255770787,520.6913080456417,712.9991303207094
585,146.25,2024-09-02 19:00:00,401.77,199.72797862828304,299.2100298170089,340.6488260485309,414.1971500179958,504.93891167529404,565.8038393571235,752.070387978185
586,146.5,2024-09-02 19:15:00,439.97,208.16055738685327,320.99129108053904,356.8138733313157,406.00153001594134,509.6996983627167,580.4585682264067,741.4024394040945
587,146.75,2024-09-02 19:30:00,440.84,209.10409129795454,301.4415224467628,344.94231028474206,432.1575462751854,520.2115968336063,587.6785151852331,767.6505631128989
588,147.0,2024-09-02 19:45:00,437.97,210.58472583591944,309.45179707184224,348.9913905079431,436.9145882547153,523.6999600410164,590.4071972744748,778.2654852101305
589,147.25,2024-09-02 20:00:00,401.13998,200.30726904194782,299.68079435664964,343.39863394267695,433.82216608395663,518.1795540584329,581.1245609923905,770.610737038407
590,147.5,2024-09-02 20:15:00,400.68,187.8499859889124,288.97801293366996,329.6209527556821,406.4974035285516,491.288329760197,548.3548518511842,719.9704339745716
591,147.75,2024-09-02 20:30:00,429.09,185.90991818542574,286.60384163408696,327.08399264506306,401.52246194258277,484.7178246650168,541.6034702992973,704.1390807915794
592,148.0,2024-09-02 20:45:00,420.9,198.59680305706496,299.3630770884089,343.26179313114295,422.19288740441607,500.8775375054262,557.6003943286706,731.2417927671738
593,148.25,2024-09-02 21:00:00,430.84,197.11945397036448,301.2319424507837,343.5570333201689,418.6456333662774,497.3743721036098,558.980893257937,726.5086939553262
594,148.5,2024-09-02 21:15:00,420.88,206.71906564459758,301.4802413132767,345.0533797339386,425.93567878393594,503.24792876968337,560.1697496953052,727.1548680314246
595,148.75,2024-09-02 21:30:00,440.71,198.5906384200151,295.37763040381,339.4753105489216,419.39133365285574,495.7344814979039,552.9276171085859,725.7731591375795
596,149.0,2024-09-02 21:45:00,454.5,203.27166459569366,296.15172511462225,342.8721138819821,434.0977200609709,514.0716801549439,575.1717472304922,759.9551354021329
597,149.25,2024-09-02 22:00:00,438.86,208.9048799035465,302.0743427532059,348.7042932922123,446.048610858235,526.6505514003368,589.8126100823424,766.709758245993
598,149.5,2024-09-02 22:15:00,419.37003,199.7379144688004,299.12952742917287,343.33573344830853,434.84226337412,519.4370516980239,585.4207831046552,764.5246505357032
599,149.75,2024-09-02 22:30:00,478.94998,186.32560725709655,283.8722803590599,329.3084462838016,417.6833405882794,496.81813283994524,561.8613066717013,736.2985615197143
600,150.0,2024-09-02 22:45:00,421.35995,203.2443564900229,293.628321906398,344.4907815323429,460.887042378861,543.6448041893368,610.8675393244093,810.5008845916761
601,150.25,2024-09-02 23:00:00,351.15,189.43686778147605,286.2238597652709,331.6600256900126,423.48082845935227,508.1954474358244,565.804598896932,736.2264229016295
602,150.5,2024-09-02 23:15:00,353.69,133.65471867469688,239.88346169858545,287.67102156051516,366.29462585738673,458.40030904603947,516.8776674993396,668.1989111802269
603,150.75,2024-09-02 23:30:00,339.74,125.845492470539,232.0380602030862,279.3010783405663,356.8298148354346,433.7514847224808,490.29346508901847,642.3743633924995
604,151.0,2024-09-02 23:45:00,339.82,115.79333638020944,216.01698104143307,266.6985642106712,345.9367951860163,428.45637944353945,484.0578022352019,651.7664793892977
605,151.25,2024-09-03 00:00:00,350.37,117.48732211762086,217.24068799140687,265.33573782973815,345.3074369680024,433.5508425670383,492.7517068471655,668.4189480963595
606,151.5,2024-09-03 00:15:00,482.97,120.5072744756106,224.80063941273664,275.60883610166957,354.9675336233759,455.4904590487692,522.4870986129584,694.3197324843939
607,151.75,2024-09-03 00:30:00,443.0,185.48862971563227,281.20845060485726,333.26469484506686,458.4040714176487,582.2592251476124,655.2609630744664,891.8111931555859
608,152.0,2024-09-03 00:45:00,400.5,183.97149310757126,280.23394336691655,331.58476942596974,442.3995784857658,558.2591449708993,624.4237528342373,821.8142300383402
609,152.25,2024-09-03 01:00:00,388.59003,175.817541812682,268.64333939459857,313.12086009879437,403.36690721693054,483.45221937956376,532.8676673518544,693.35937388335
610,152.5,2024-09-03 01:15:00,400.85,160.96621577902897,254.51551918777264,301.6700114512287,387.933879672314,461.20304626660356,517.4194490110691,663.6399766128254
611,152.75,2024-09-03 01:30:00,437.33,171.63224783988187,259.75525754742233,306.60225983447685,394.971148475353,470.8199948785572,526.855521166316,703.5898805189304
612,153.0,2024-09-03 01:45:00,441.19,195.1481302205748,284.79050216445216,328.815831726881,423.32151940046174,494.25448285373216,548.6169019169531,730.6147661597347
613,153.25,2024-09-03 02:00:00,427.41,202.3477992328876,295.462999145535,341.0257785899714,429.9955162104705,496.5704875349619,546.0311546214294,716.5433903589055
614,153.5,2024-09-03 02:15:00,408.93997,191.83693408941176,284.01157642718385,333.20997265142654,421.5432512398885,491.36834639582986,541.887140754032,688.234281875483
615,153.75,2024-09-03 02:30:00,388.89005,184.26392476567761,283.0043824819057,327.735130225491,406.9867149704914,476.75924290620236,537.7688717533972,678.5269038670343
616,154.0,2024-09-03 02:45:00,382.5,181.16925047106838,277.19656133669486,318.3097799461446,389.267048673285,458.1272809804812,514.1628072682398,653.5100295151387
617,154.25,2024-09-03 03:00:00,378.86002,170.78750709502677,266.86908089766524,311.54556570423847,379.9469653122731,448.9212345730336,505.1557249631697,635.6400008314367
618,154.5,2024-09-03 03:15:00,390.61,163.5389625792269,254.8996608618186,302.7776589521018,375.4145351514427,449.1067124278821,508.0000867316079,649.734904702611
619,154.75,2024-09-03 03:30:00,373.53003,168.45461590084653,255.54662980515837,300.74765633618125,384.1243547719505,453.787226355783,512.3369353917658,648.7177572530989
620,155.0,2024-09-03 03:45:00,371.67004,167.48559324687142,252.73266729277415,293.66500944551717,372.96845486208883,438.99924240941033,491.3810642716921,621.0333084391079
621,155.25,2024-09-03 04:00:00,350.39,163.0776481279005,249.82599676446944,289.1304508068515,369.419814222207,436.68946418823793,489.7224412946641,607.2197875713848
622,155.5,2024-09-03 04:15:00,349.42,131.86024405425763,220.16413021850482,261.98276700911106,352.53715196203956,418.6217785171776,472.8666278835392,593.8368021290298
623,155.75,2024-09-03 04:30:00,349.42,133.15935740986438,222.60276525136427,269.03375168799323,348.6516112578248,416.5927650693797,466.27952772673063,602.009220839494
624,156.0,2024-09-03 04:45:00,349.42,128.0043783937213,222.49423937734022,271.2947073968279,348.18811533751375,413.69874176207134,462.15554451381615,604.1435630286339
625,156.25,2024-09-03 05:00:00,349.42,123.01218818861437,221.1919288890514,270.6435521526835,349.1476084164504,419.01650958925046,465.9720377503291,610.3295378480057
626,156.5,2024-09-03 05:15:00,349.71,121.49282595227743,216.3263522036392,270.86060390073163,350.5465747612919,427.9698941962358,481.4369747987583,609.6783826038612
627,156.75,2024-09-03 05:30:00,349.13,134.70800167218817,218.6708528754728,267.72454793435,350.67307788275866,422.42816810786667,473.94178297795594,607.2839068621901
628,157.0,2024-09-03 05:45:00,352.0,142.3366605346776,226.51656348601034,272.3144823241656,351.77315648112204,423.3282227808641,468.583512248899,609.106431464392
629,157.25,2024-09-03 06:00:00,350.01,135.64790568955382,223.897528916789,270.0391130226871,354.4188279347881,428.46878820436336,477.160730349827,615.0609409430717
630,157.5,2024-09-03 06:15:00,360.03,130.51080235448373,219.0679155581204,269.2973075855916,355.10142459425845,435.2695310119404,485.77023772447177,613.0710879546995
631,157.75,2024-09-03 06:30:00,360.93,144.95163686503878,227.61217758003463,273.627148166238,360.79207789215974,433.0516571075889,480.7306910954946,607.7964019320034
632,158.0,2024-09-03 06:45:00,360.22,146.75776512242257,233.9583049007585,277.42291744739634,361.2975913780364,433.1213581328003,479.17250401034505,601.6077775551605
633,158.25,2024-09-03 07:00:00,350.65,143.27497040163135,227.65383745534157,272.655899883987,361.23562264471207,423.22650626954123,470.2091658991259,591.6315312863835
634,158.5,2024-09-03 07:15:00,330.81,142.70602209396287,231.17269706924617,274.09468024576375,356.30359505791984,430.11871180102725,485.72013459268965,604.2665643183094
635,158.75,2024-09-03 07:30:00,332.06,123.36800167736308,219.6123642910377,262.0640686801176,339.3486219584318,414.00027906602065,463.7232170147129,596.0162574500475
636,159.0,2024-09-03 07:45:00,330.71,117.26279420157458,217.52261415413957,262.8502542048572,337.3377579793123,415.87174982657564,463.98488731057756,602.3011137542478
637,159.25,2024-09-03 08:00:00,332.35,109.74226819541764,206.8729254469554,256.8310027893665,336.61004377203494,420.5784590460093,469.8130305615932,600.0440793904706
638,159.5,2024-09-03 08:15:00,336.16,114.19910206566298,205.57788799392532,254.19747955670627,337.12424780641743,420.45910531378587,472.3525607429593,597.4105429100231
639,159.75,2024-09-03 08:30:00,351.9,123.521194674424,207.24890648398983,254.6385381411647,339.37774501097044,423.1068699178543,478.183750985067,603.4587849001789
640,160.0,2024-09-03 08:45:00,362.47,137.72224864975638,226.02613481400354,269.852500274055,351.762968932645,429.8558138768675,484.95078258975104,616.1947395761863
641,160.25,2024-09-03 09:00:00,340.04,147.80838531465523,230.10717311623753,274.74748263146944,361.9367176312611,441.515562467328,492.59507384132104,634.7639688128456
642,160.5,2024-09-03 09:15:00,353.37,118.81310768510527,208.70870666837212,257.6538758532252,346.6699630657553,430.82499550429094,489.5917562883219,627.202538055261
643,160.75,2024-09-03 09:30:00,353.45,114.27636316152582,211.93156213751325,260.4968907632821,353.00445882918024,427.861862906273,483.44519805226474,606.8752921089676
644,161.0,2024-09-03 09:45:00,336.15,112.6422220955326,209.3026005596328,256.167690492358,353.4170479186096,427.15019176948437,476.5837273874457,591.9467314750265
645,161.25,2024-09-03 10:00:00,341.71,106.32288621677262,200.5504763381667,245.31739937309334,339.66743437709397,418.0544022802754,462.3148712364231,571.7993904810335
646,161.5,2024-09-03 10:15:00,332.08,95.28824330458465,187.22774624863806,237.13156065403706,341.374336707178,410.29363648226746,461.4726299074492,586.8200144052438
647,161.75,2024-09-03 10:30:00,332.61,91.82546599048904,192.39277591945554,239.98137167900785,335.54532793405497,413.67703305452324,462.1157481605974,596.6335690134254
648,162.0,2024-09-03 10:45:00,333.23,77.79996286134612,183.41372593243165,232.84726155039303,334.21063985346706,410.73925672150557,462.5422739223257,598.8326840508802
649,162.25,2024-09-03 11:00:00,330.29,62.39954695327198,170.7988074576418,225.6767244224771,334.4871255915254,423.08527602446316,478.7771370444791,609.9487434482317
650,162.5,2024-09-03 11:15:00,336.5,48.0194182203133,151.3722255825641,212.4994241266185,332.1000951063485,423.43756118584605,482.58416252896126,608.7997540189483
651,162.75,2024-09-03 11:30:00,335.93,34.148393123604876,127.95770643886452,191.75283271934381,333.31183488841026,422.2798635443403,480.8476602259938,588.6862037145727
652,163.0,2024-09-03 11:45:00,328.38,17.68916547478267,111.56743793916178,172.54541340643306,332.53374817767457,411.51937475963587,462.0019938264966,583.3158333397301
653,163.25,2024-09-03 12:00:00,288.83,-4.489842940408507,89.5308697336272,150.51110615660733,327.31392124242166,409.1056543988649,457.9242100640232,585.0080085462029
654,163.5,2024-09-03 12:15:00,335.88,-34.23061330786815,71.46002225731775,132.41991007891835,301.3720863772985,410.87921517899736,457.5634286550158,576.5077865853906
655,163.75,2024-09-03 12:30:00,341.07,19.933411307831747,119.753757994492,178.3486861446515,328.30996496667484,414.45575565905204,462.84020782811416,600.6499801930055
656,164.0,2024-09-03 12:45:00,359.66,52.063667417058376,161.43061696480945,214.7710840476372,338.64489066219875,416.88245001957415,467.9619613935672,601.3764358604839
657,164.25,2024-09-03 13:00:00,359.55,82.499098762341,183.31059190786164,239.81639698305796,353.87030771522325,425.55844362303185,468.11867388613575,611.4090028892424
658,164.5,2024-09-03 13:15:00,372.37,102.67316054343183,202.5260084684066,253.5512569053876,358.35019273546885,439.0038879668433,487.84053127767237,622.3764397761711
659,164.75,2024-09-03 13:30:00,375.50998,132.1336518897201,224.07315483377351,272.6927463965544,370.31713985100896,455.17900356801897,504.7572403513458,648.6264005114888
660,165.0,2024-09-03 13:45:00,398.07,136.07963783171328,238.72702701280767,286.17092160699457,375.0420250346957,466.5590118806606,515.431830482831,658.0348024548772
661,165.25,2024-09-03 14:00:00,364.48,142.25397226192774,244.43108265558453,293.0868495097068,392.1732334493866,473.6919915314209,532.5491905438053,679.6379516333288
662,165.5,2024-09-03 14:15:00,363.91,115.26285081516586,222.35980083124693,270.7623406459797,368.7838144467984,452.81449432134804,507.8732877428901,642.3730209500475
663,165.75,2024-09-03 14:30:00,364.79,106.24781983768185,210.116125101547,262.22663227876865,363.91890898261215,441.9816549539609,500.0068222654941,626.8373937082843
664,166.0,2024-09-03 14:45:00,343.5,125.01721430943883,214.09886923752515,266.6977428478551,365.1861040025481,439.52519723117797,485.54016781738136,612.4250021971835
665,166.25,2024-09-03 15:00:00,348.28,116.48476048198833,209.77179302850718,254.5025407720924,349.01161987923643,434.0405249470239,478.89788621030397,590.3177835416769
666,166.5,2024-09-03 15:15:00,354.63,116.4316059431851,209.92664641491675,256.52042166258184,349.2357150342291,425.58564574640377,478.5462722701472,593.004894074194
667,166.75,2024-09-03 15:30:00,355.37,118.05299822181229,215.6539342607877,263.9117729101551,354.4178299348073,426.79103542239267,482.79038641881004,598.0086893410253
668,167.0,2024-09-03 15:45:00,352.81,111.1534136727688,222.6818368781658,265.82087180273146,356.8743627283853,428.62777048449897,482.98114572488464,617.5894048060661
669,167.25,2024-09-03 16:00:00,346.37,112.31247142044313,219.62647318457232,264.3753085738283,355.38216728798733,428.0323266021176,479.039487393428,617.7898173331945
670,167.5,2024-09-03 16:15:00,360.39,116.1176377987663,211.69275752262584,263.76708940850614,352.0158647773505,432.6514502834086,487.99964603568156,627.708621195994
671,167.75,2024-09-03 16:30:00,365.21,130.71562639480186,220.77401418910478,272.41424257888883,360.83145914804135,442.1306219068552,489.9000941231142,629.5005434094026
