step,hour,time,true,TCN_q0.005,TCN_q0.025,TCN_q0.05,TCN_q0.5,TCN_q0.95,TCN_q0.975,TCN_q0.995,Mamba_q0.005,Mamba_q0.025,Mamba_q0.05,Mamba_q0.5,Mamba_q0.95,Mamba_q0.975,Mamba_q0.995,NLinear_q0.005,NLinear_q0.025,NLinear_q0.05,NLinear_q0.5,NLinear_q0.95,NLinear_q0.975,NLinear_q0.995,Ensemble_q0.005,Ensemble_q0.025,Ensemble_q0.05,Ensemble_q0.5,Ensemble_q0.95,Ensemble_q0.975,Ensemble_q0.995
0,0.0,2024-05-10 04:45:00,324.9958,-120.94116,52.55127,152.52686,328.85742,402.46582,411.6211,540.89355,-44.769287,93.38379,131.56128,322.44873,345.88623,351.01318,387.08496,-51.835278,70.47918,172.46892,315.69745,453.99356,477.98038,701.0944,-57.332664,73.26731,162.29318,318.3637,427.2193,445.95102,622.2724
1,0.25,2024-05-10 05:00:00,325.0,-122.77222,54.656982,154.90723,330.13916,403.56445,412.35352,548.9502,-46.211243,90.4541,128.72314,322.81494,347.35107,352.84424,390.01465,-47.806957,102.70574,144.36223,318.99335,385.9241,461.13467,697.7985,-54.98434,95.45053,142.28893,320.87225,379.97354,434.59848,621.3569
2,0.5,2024-05-10 05:15:00,325.0,-107.666016,67.840576,164.97803,332.88574,409.05762,419.67773,569.458,-46.714783,88.57727,126.98364,323.54736,348.81592,354.6753,393.31055,-59.15527,64.07471,177.05078,317.9161,438.06763,508.8379,721.97266,-61.518246,69.351814,165.83008,320.5393,417.3163,469.08936,640.9888
3,0.75,2024-05-10 05:30:00,325.0,-94.48242,77.0874,171.20361,334.16748,410.15625,423.33984,575.3174,-41.47339,92.69714,130.92041,325.1953,350.09766,356.32324,395.5078,-66.11328,121.56983,221.82007,322.39075,436.41968,473.31543,688.64746,-64.02222,111.347046,198.5785,324.1293,416.5289,444.91946,618.6865
4,1.0,2024-05-10 05:45:00,331.0,-74.020386,93.84155,183.38013,336.54785,410.52246,425.5371,582.2754,-33.25653,105.19409,143.37158,327.02637,351.7456,358.1543,396.97266,-32.788082,95.38575,176.59302,332.97653,515.4297,606.4331,765.1856,-37.005,97.19299,170.62744,332.14362,472.20218,538.68774,673.252
5,1.25,2024-05-10 06:00:00,334.9874,-56.44226,113.80005,200.8667,343.68896,414.55078,431.03027,599.1211,-15.151978,127.075195,164.61182,331.604,354.12598,360.90088,400.63477,27.411125,129.21777,211.79834,347.9716,526.0073,630.74365,955.02344,10.513165,127.24748,201.26787,344.2698,480.48538,556.8038,808.5555
6,1.5,2024-05-10 06:15:00,340.323,-28.793335,138.61084,219.17725,349.18213,416.01562,432.1289,603.88184,11.764526,164.42871,201.0498,336.91406,357.05566,364.19678,403.56445,-60.154217,119.47225,185.39023,346.96936,536.2203,600.6734,821.6817,-42.634377,130.3774,191.90083,345.17957,488.36688,536.5237,716.27826
7,1.75,2024-05-10 06:30:00,344.9733,-8.079529,157.2876,234.1919,355.0415,418.2129,435.79102,608.27637,49.346924,208.92334,243.16406,343.13965,360.53467,367.8589,407.22656,59.62231,165.36572,216.45215,345.57584,548.697,641.7146,777.94507,50.79705,173.26942,223.56851,346.0352,498.0161,566.3511,686.8345
8,2.0,2024-05-10 06:45:00,340.3272,11.329651,175.96436,248.65723,359.80225,420.77637,438.7207,615.6006,88.66882,250.12207,281.4331,348.2666,363.83057,371.1548,410.88867,-50.900726,122.68326,179.1713,345.9489,496.76773,608.8283,831.30145,-16.76378,153.49913,206.57225,347.7978,462.58115,544.2828,725.64874
9,2.25,2024-05-10 07:00:00,344.9833,22.93396,184.75342,254.15039,357.7881,423.70605,442.74902,623.291,106.47583,268.79883,298.2788,348.81592,364.9292,371.8872,410.15625,32.160694,122.24858,229.9146,341.60394,492.03006,612.97125,844.5997,46.101048,157.80911,246.01103,344.66476,459.77747,547.73224,735.5801
10,2.5,2024-05-10 07:15:00,337.9891,30.578613,193.35938,260.55908,360.53467,426.63574,444.58008,626.9531,124.32861,278.68652,306.15234,350.64697,366.02783,373.35205,413.45215,12.097568,143.38419,183.11807,347.1391,477.73477,524.70135,844.49506,36.391884,175.44217,215.46902,349.18024,450.28348,486.41937,736.5323
11,2.75,2024-05-10 07:30:00,339.9874,27.832031,191.16211,256.53076,355.77393,426.63574,445.6787,636.8408,120.025635,277.03857,304.6875,348.81592,366.02783,373.16895,412.71973,-65.57536,132.54475,206.51936,339.15997,489.50888,629.493,898.658,-19.114422,167.30525,231.15414,342.75256,458.52533,559.84674,775.2887
12,3.0,2024-05-10 07:45:00,341.9858,28.198242,194.0918,258.54492,357.05566,429.93164,451.17188,649.292,118.83545,273.74268,301.3916,348.81592,366.02783,373.53516,415.2832,9.298905,113.30281,206.04573,343.84406,514.76154,620.68805,855.9786,33.096146,153.46968,230.36484,346.15958,476.5318,554.30585,747.17084
13,3.25,2024-05-10 08:00:00,349.9791,33.554077,200.13428,262.20703,359.43604,431.7627,454.10156,657.34863,127.44141,277.5879,304.5044,350.28076,366.57715,374.26758,418.2129,-76.59329,151.92233,219.67136,352.37134,560.7969,681.4634,930.85297,-24.77162,181.87663,240.89153,352.6597,509.04947,597.288,800.9745
14,3.5,2024-05-10 08:15:00,360.0,50.125122,219.17725,277.9541,366.94336,434.32617,457.39746,663.9404,156.09741,293.51807,317.8711,355.59082,369.68994,377.9297,426.26953,63.60215,123.66074,211.18517,351.04056,526.3097,607.4254,875.1256,80.7535,167.18385,239.19922,353.54086,485.78738,546.5235,764.23584
15,3.75,2024-05-10 08:30:00,360.0,74.06616,245.54443,300.47607,376.46484,437.62207,461.05957,665.03906,196.10596,315.30762,335.63232,363.09814,376.09863,385.62012,440.55176,-51.987312,120.681145,172.59155,355.20493,496.0474,646.19385,857.31445,10.236687,172.09277,217.98816,358.90958,466.21515,575.5657,754.7344
16,4.0,2024-05-10 08:45:00,351.4671,79.46777,250.67139,304.3213,376.83105,437.98828,461.792,660.2783,211.85303,322.26562,340.57617,365.47852,378.2959,387.45117,443.11523,71.791985,134.59717,220.19897,362.94684,522.5061,594.1919,861.3428,100.57178,183.73828,252.68665,364.8416,485.21228,539.60376,757.5908
17,4.25,2024-05-10 09:00:00,354.5309,63.354492,233.09326,289.30664,369.14062,433.59375,456.66504,648.19336,195.37354,312.19482,331.7871,361.08398,376.46484,384.8877,436.15723,20.412415,191.06671,192.62311,347.98523,548.8548,596.8284,814.3577,59.69885,219.495,230.12428,352.72052,502.8507,540.42395,722.1012
18,4.5,2024-05-10 09:15:00,356.6187,48.980713,221.37451,279.96826,367.8589,430.66406,451.5381,633.5449,188.59863,307.9834,328.3081,359.98535,376.09863,384.52148,436.15723,-62.217148,64.125626,190.55995,351.7085,496.3461,574.25745,870.5221,-0.93420506,128.62207,227.05043,354.9789,465.7284,524.03827,759.9515
19,4.75,2024-05-10 09:30:00,406.57196,31.929016,210.20508,273.01025,367.30957,427.36816,445.3125,620.3613,191.52832,309.63135,329.77295,361.2671,377.19727,385.98633,439.45312,-49.14301,154.10406,179.46417,355.59518,567.0069,607.6563,856.86285,7.0984607,190.81961,218.88052,357.901,515.0811,547.08795,749.7308
20,5.0,2024-05-10 09:45:00,345.7272,53.05481,250.48828,312.74414,402.46582,440.91797,455.2002,624.02344,268.0664,345.52002,359.80225,390.01465,432.49512,458.8623,563.96484,-79.389946,133.37862,207.53633,388.39874,503.98407,603.0441,820.75653,3.3458042,187.51787,248.51028,390.12863,483.37967,559.4234,749.72485
21,5.25,2024-05-10 10:00:00,349.0431,7.0266724,194.45801,264.7705,362.54883,421.14258,435.0586,599.4873,212.21924,312.19482,329.58984,370.05615,396.97266,409.05762,475.3418,-24.328955,134.4235,187.98184,351.88412,538.90344,580.6515,854.02795,26.116245,175.98122,223.98232,356.585,498.7412,531.77344,752.8366
22,5.5,2024-05-10 10:15:00,337.3091,-27.259827,159.2102,238.95264,359.61914,421.875,436.15723,595.8252,140.89966,280.70068,305.96924,357.9712,386.71875,397.70508,454.10156,-58.549694,82.624626,195.6007,344.6285,473.92105,562.7272,692.54895,-15.530834,129.8984,222.00961,348.7961,451.27594,517.0658,635.1871
23,5.75,2024-05-10 10:30:00,336.7913,-44.10553,135.31494,218.44482,349.91455,416.01562,430.66406,573.4863,93.10913,239.31885,268.43262,348.99902,379.39453,390.01465,443.11523,-22.126928,116.1177,165.09842,339.0901,475.09598,558.68365,828.03174,-1.2775753,142.67766,191.09988,342.15433,450.04767,512.1479,725.5939
24,6.0,2024-05-10 10:45:00,332.6617,-53.237915,124.96948,211.85303,348.2666,417.84668,432.49512,559.9365,60.333252,203.24707,234.5581,344.23828,375.0,385.2539,437.62207,-3.601782,111.75466,185.72928,335.315,484.649,557.9827,779.17413,4.221612,131.37462,198.10742,338.39484,456.03894,510.88818,688.93994
25,6.25,2024-05-10 11:00:00,334.0392,-60.562134,113.61694,202.69775,343.68896,407.59277,418.9453,541.25977,13.950348,152.34375,186.58447,338.3789,371.7041,381.2256,432.86133,10.029875,131.79501,219.41098,337.51974,506.06256,606.58746,910.54254,3.754768,134.08696,211.17435,338.3085,469.3439,542.75085,778.078
26,6.5,2024-05-10 11:15:00,327.8486,-70.72449,103.17993,196.28906,344.05518,405.76172,415.6494,528.4424,-40.32898,71.136475,107.39136,331.0547,368.042,377.56348,432.86133,-49.017437,109.18569,165.30751,325.8109,442.71228,523.91956,670.0377,-49.45045,100.975266,156.82243,328.68408,424.0832,483.82135,608.44293
27,6.75,2024-05-10 11:30:00,332.2881,-82.80945,83.26721,179.44336,338.562,402.0996,414.18457,526.6113,-105.10254,-22.167206,15.209198,317.13867,360.53467,369.32373,425.1709,-102.81547,66.92331,169.00461,320.5072,385.80148,457.48727,831.3886,-101.27228,50.739594,139.2894,321.63898,382.37796,435.52432,719.6673
28,7.0,2024-05-10 11:45:00,330.4607,-84.228516,77.316284,175.14038,341.1255,400.63477,414.55078,524.7803,-137.69531,-80.15442,-44.059753,304.5044,355.0415,363.83057,419.67773,-74.938484,13.501458,122.63232,308.18683,376.1418,396.97006,644.666,-88.41885,1.151765,94.54471,310.7442,374.37106,392.10025,587.6798
29,7.25,2024-05-10 12:00:00,5.4512,-81.25305,78.46069,177.4292,339.84375,398.8037,409.79004,518.9209,-112.701416,-62.438965,-28.97644,303.03955,358.88672,368.2251,419.67773,-101.30201,-9.749271,42.985104,307.03464,390.38193,451.21872,740.25073,-101.577,-11.466214,42.037205,309.51654,384.92508,430.4771,654.0031
30,7.5,2024-05-10 12:15:00,329.2186,-135.49805,-57.037354,-7.587433,104.278564,401.00098,422.60742,541.9922,-24.879456,-2.128601,14.350891,287.8418,369.32373,377.19727,431.39648,-176.09787,-4.425051,49.78561,93.89114,336.5059,412.31155,520.70996,-141.7942,-9.226992,36.961365,133.72002,349.51898,406.31827,504.97552
31,7.75,2024-05-10 12:30:00,325.1509,-136.23047,-30.601501,67.38281,309.08203,424.43848,445.3125,552.6123,14.408112,70.54138,97.961426,320.25146,357.42188,364.563,403.19824,36.616066,133.29576,184.38219,302.80563,426.9054,481.19617,687.92224,14.88982,104.355156,155.39809,306.92245,412.76202,454.2812,617.4465
32,8.0,2024-05-10 12:45:00,324.5571,-111.41968,40.626526,135.04028,324.4629,407.22656,422.60742,530.63965,68.481445,155.36499,183.01392,326.66016,358.88672,365.1123,388.1836,-107.344215,28.703146,163.28566,321.56604,431.0774,488.0232,712.23584,-72.58663,55.22785,164.40678,322.87454,414.25418,456.8994,629.26575
33,8.25,2024-05-10 13:00:00,332.4373,-63.76648,90.408325,180.08423,333.61816,396.24023,405.76172,514.52637,92.926025,211.1206,238.40332,331.4209,362.18262,368.7744,389.64844,-37.44241,102.08396,180.54465,328.9259,461.1538,504.82446,807.95557,-14.001128,122.723724,192.07036,329.8941,434.8682,467.7082,694.95123
34,8.5,2024-05-10 13:15:00,342.888,-37.582397,56.44226,135.95581,343.50586,412.35352,438.7207,616.333,144.01245,261.1084,284.9121,344.7876,365.2954,372.61963,403.56445,-45.1262,99.52712,176.33986,335.64734,451.3643,547.03687,893.10626,-6.544087,127.5349,194.01591,338.26126,430.24945,501.32178,767.52057
35,8.75,2024-05-10 13:30:00,359.9286,3.6506653,130.09644,207.27539,356.87256,404.6631,414.917,543.45703,202.88086,307.25098,325.92773,358.1543,376.09863,385.2539,429.56543,66.21563,156.39507,235.67973,358.5092,574.6995,623.4056,893.30304,87.29218,183.9364,250.88892,358.27457,517.9757,554.92633,765.5709
36,9.0,2024-05-10 13:45:00,359.5855,34.355164,189.33105,257.08008,370.60547,415.6494,429.93164,554.07715,237.854,327.57568,342.40723,366.94336,385.2539,395.87402,448.9746,-3.7188828,147.52623,215.64146,357.63547,519.96277,654.3622,841.12976,48.403107,187.71661,245.13849,360.79404,482.58966,580.2215,733.99347
37,9.25,2024-05-10 14:00:00,385.8985,82.99255,221.92383,279.96826,371.7041,404.29688,415.6494,529.1748,237.854,329.40674,343.50586,366.39404,383.05664,391.4795,438.7207,-11.386179,141.14069,204.12897,361.5868,540.3106,622.15875,866.05524,47.89974,186.87221,239.58827,363.55997,495.25845,555.37195,746.90027
38,9.5,2024-05-10 14:15:00,386.0213,86.15112,203.06396,273.19336,388.91602,431.03027,443.84766,596.5576,263.67188,345.70312,357.7881,376.09863,395.87402,407.22656,464.35547,92.92973,170.38335,232.08989,378.12796,490.0855,642.42926,850.62024,126.40031,208.71538,261.33987,378.80087,465.3377,575.5305,747.961
39,9.75,2024-05-10 14:30:00,376.6556,131.46973,261.4746,311.0962,392.2119,422.60742,428.833,554.8096,268.61572,349.18213,360.71777,379.39453,397.33887,406.49414,458.8623,40.135056,199.89458,248.05132,384.07294,545.0484,608.12823,860.9969,94.96466,235.9101,276.8891,383.95117,503.2624,549.8718,749.95123
40,10.0,2024-05-10 14:45:00,386.0322,147.2168,282.53174,323.36426,388.1836,413.45215,414.18457,521.8506,245.36133,341.8579,355.59082,375.0,391.8457,397.70508,437.25586,40.473953,191.62752,231.81917,386.3087,564.7049,704.5975,883.8578,92.12571,230.76404,265.72803,384.2344,515.0078,614.1777,758.3367
41,10.25,2024-05-10 15:00:00,399.43964,171.56982,300.8423,335.44922,392.57812,414.55078,416.01562,528.0762,257.6294,346.80176,359.80225,377.9297,392.57812,398.8037,439.0869,-39.871128,203.9338,265.1826,385.84338,540.2986,630.66113,888.83984,40.773075,242.19824,291.13318,384.9341,498.1797,562.8251,762.8129
42,10.5,2024-05-10 15:15:00,386.065,156.00586,284.5459,327.20947,407.95898,434.32617,442.74902,580.0781,292.23633,359.43604,369.32373,387.08496,402.83203,411.25488,458.8623,37.257,162.13493,239.03923,399.27557,573.75604,661.28046,915.4308,100.127754,213.83626,273.91315,397.7058,525.62823,589.4222,790.58185
43,10.75,2024-05-10 15:30:00,400.2294,192.44385,320.43457,351.7456,397.70508,425.5371,433.22754,559.5703,286.92627,351.5625,361.4502,383.42285,398.8037,405.0293,446.41113,-51.923275,119.64655,224.74908,384.52005,516.89386,626.1163,867.6324,40.283344,186.10854,264.78897,385.61914,484.14017,562.61005,752.5819
44,11.0,2024-05-10 15:45:00,395.3849,201.59912,335.083,364.563,405.76172,428.833,435.4248,558.4717,302.67334,360.53467,369.32373,388.5498,404.6631,413.45215,465.0879,32.736717,172.26309,237.54019,395.0967,512.1068,586.53925,861.6552,103.61028,226.1994,276.59918,394.8538,482.29068,536.81036,752.0234
45,11.25,2024-05-10 16:00:00,428.141,207.09229,339.29443,366.94336,403.93066,431.03027,439.81934,565.7959,310.36377,363.28125,371.3379,391.8457,413.08594,424.43848,485.9619,67.62609,216.39929,288.8175,403.2241,578.0326,686.1564,915.0382,130.12024,258.06522,313.13416,401.01904,530.343,609.1791,794.29865
46,11.5,2024-05-10 16:15:00,399.1621,218.26172,340.57617,376.46484,431.7627,462.1582,477.17285,613.4033,333.25195,377.19727,384.8877,413.81836,474.24316,504.27246,616.6992,-93.343376,157.69423,223.7953,417.17184,561.6249,672.4037,948.52673,23.136204,219.88303,271.28073,417.96024,534.2019,619.2544,848.64886
47,11.75,2024-05-10 16:30:00,401.7836,218.99414,347.35107,375.73242,410.52246,438.3545,447.87598,580.0781,325.1953,370.42236,377.9297,403.93066,437.98828,454.46777,533.2031,32.401844,174.49168,300.5598,410.22855,589.4087,697.0747,962.02826,109.619774,230.96378,323.55103,408.99835,544.01917,623.6334,838.0682
48,12.0,2024-05-10 16:45:00,404.281,210.57129,342.95654,370.05615,406.49414,429.56543,434.32617,562.5,312.74414,368.95752,377.19727,398.0713,420.77637,432.49512,498.4131,24.220123,242.39029,241.47476,398.09573,546.25385,610.8901,856.6176,100.56004,277.76035,281.47742,398.93066,509.4895,557.5546,755.56494
49,12.25,2024-05-10 17:00:00,372.4106,216.43066,344.9707,372.25342,407.95898,431.39648,437.98828,568.7256,315.30762,372.98584,381.2256,399.16992,419.31152,431.03027,496.58203,10.604247,190.59692,272.35352,401.01373,529.52515,600.9363,897.20087,92.12756,242.51208,304.11795,401.33948,497.6696,550.6603,784.2296
50,12.5,2024-05-10 17:15:00,369.8287,183.65479,310.54688,340.39307,382.69043,423.33984,434.32617,574.9512,262.93945,343.68896,356.14014,381.5918,404.6631,411.6211,459.59473,32.566868,184.5444,206.70016,357.6363,514.592,567.2348,766.81976,93.75018,228.97357,249.95746,364.93283,483.48102,522.82117,686.18787
51,12.75,2024-05-10 17:30:00,349.3391,178.07007,302.30713,334.3506,376.09863,404.29688,409.42383,532.1045,232.36084,326.84326,342.22412,371.521,394.7754,402.0996,447.50977,-167.03653,7.4629784,102.311615,335.86264,398.62204,483.99496,738.78625,-52.6464,100.82345,173.49802,347.0179,398.42017,460.1588,659.8628
52,13.0,2024-05-10 17:45:00,350.1548,149.68872,273.55957,309.63135,357.42188,390.38086,391.11328,501.70898,191.89453,299.92676,318.60352,359.43604,388.1836,395.5078,438.7207,-6.8010316,124.8518,201.7561,358.111,482.54837,555.33276,762.42505,48.58706,174.73756,235.91312,358.3071,454.45865,506.94583,671.6126
53,13.25,2024-05-10 18:00:00,340.3515,147.12524,268.98193,304.8706,356.50635,391.8457,393.67676,512.3291,181.91528,291.87012,311.4624,355.4077,381.958,390.01465,435.79102,-69.52295,85.56738,171.26074,353.9943,468.44092,515.4075,782.2837,2.429517,145.16939,212.66208,354.52817,443.4848,478.15585,685.9897
54,13.5,2024-05-10 18:15:00,348.2987,150.97046,272.46094,305.41992,353.02734,411.6211,427.00195,587.40234,172.3938,287.4756,307.9834,351.5625,378.2959,385.98633,432.1289,-20.549387,102.314384,158.61932,337.65213,496.2658,631.123,888.5693,35.191235,156.36128,203.1722,341.97174,464.20734,561.68353,767.16455
55,13.75,2024-05-10 18:30:00,345.4254,152.98462,275.20752,309.63135,357.05566,399.90234,409.79004,548.584,189.33105,299.01123,318.0542,355.0415,377.19727,384.8877,433.95996,-34.39173,139.55847,196.32117,348.64273,465.39465,542.3905,815.9501,29.090462,185.01393,231.9988,350.7638,441.20596,497.62988,712.8155
56,14.0,2024-05-10 18:45:00,350.1757,158.02002,275.93994,309.44824,355.77393,397.33887,409.05762,548.9502,191.71143,303.40576,322.26562,354.30908,375.3662,381.958,427.73438,32.131947,139.06554,229.24498,346.87164,461.42276,573.5748,804.2877,76.63665,185.62103,255.86945,349.24936,437.80304,518.79974,703.4433
57,14.25,2024-05-10 19:00:00,350.4849,154.08325,271.3623,306.15234,357.23877,396.60645,406.49414,543.82324,192.07764,304.6875,323.36426,354.6753,374.08447,380.49316,424.8047,-24.824314,132.6464,227.31192,355.85196,511.21698,579.79,731.0351,36.446835,180.9262,254.40643,355.7553,472.3294,522.601,651.0678
58,14.5,2024-05-10 19:15:00,373.6216,152.52686,264.5874,302.30713,357.60498,402.83203,414.18457,554.07715,192.62695,305.78613,324.4629,355.0415,373.16895,378.6621,422.60742,-17.557093,115.926796,192.8311,361.17368,519.125,629.1714,854.3911,41.488113,168.76472,230.10506,359.5904,478.30447,557.57086,738.003
59,14.75,2024-05-10 19:30:00,384.07297,167.63306,292.05322,325.1953,372.98584,401.00098,405.76172,542.3584,239.68506,332.70264,347.35107,367.8589,383.05664,391.4795,446.41113,28.65091,161.21927,231.53177,374.8304,534.846,600.1231,694.4224,84.75596,208.59933,264.06198,373.25162,491.10364,538.9582,629.6138
60,15.0,2024-05-10 19:45:00,369.8287,184.47876,309.99756,339.47754,381.958,405.0293,406.49414,542.7246,276.85547,352.11182,363.28125,378.6621,395.1416,404.6631,466.55273,-19.125269,127.72532,191.26292,377.73294,495.67575,548.8679,802.6521,60.431282,190.82985,240.48805,378.34128,466.50427,505.78958,709.4395
61,15.25,2024-05-10 20:00:00,369.1646,171.84448,296.63086,327.7588,371.7041,397.70508,398.0713,536.499,260.19287,342.40723,354.4922,372.61963,385.98633,391.4795,440.18555,-42.524815,144.05966,229.66147,372.61105,528.85583,617.3873,696.3058,39.455654,198.9863,264.43735,372.52206,487.1668,550.2742,629.1011
62,15.5,2024-05-10 20:15:00,369.8287,166.71753,284.729,317.13867,371.3379,410.88867,420.77637,574.9512,247.37549,338.92822,352.29492,370.05615,383.78906,389.28223,439.0869,30.41949,147.7901,206.20074,368.30344,447.89993,526.36066,687.95123,87.4405,199.71161,246.51338,368.95743,431.37665,488.38654,626.8783
63,15.75,2024-05-10 20:30:00,384.6969,169.00635,295.89844,326.84326,372.25342,404.29688,410.88867,564.33105,251.2207,341.4917,354.6753,371.1548,385.62012,392.57812,448.9746,-8.1009865,145.5245,225.17538,370.13608,522.7218,612.6266,726.7013,61.474087,199.75533,261.24216,370.55157,483.45898,548.4431,654.91895
64,16.0,2024-05-10 20:45:00,369.8287,172.85156,309.99756,340.39307,383.78906,416.38184,425.1709,591.06445,279.23584,355.95703,366.57715,380.49316,399.90234,410.88867,483.76465,46.501102,143.36389,215.04968,378.45987,503.89856,547.5692,685.173,105.68309,202.5459,257.88953,379.39944,474.34766,507.9933,635.4805
65,16.25,2024-05-10 21:00:00,365.3287,164.79492,301.0254,331.2378,372.80273,405.76172,410.88867,570.92285,263.12256,346.06934,357.42188,373.71826,388.91602,396.24023,457.39746,11.674404,165.6661,249.89462,371.2213,542.0394,651.62805,826.86,77.276085,215.28268,279.53436,371.87885,497.787,576.4765,727.3738
66,16.5,2024-05-10 21:15:00,365.3287,153.35083,290.03906,321.5332,367.67578,403.19824,404.6631,563.59863,241.33301,335.99854,349.54834,368.2251,384.15527,391.11328,451.17188,60.458088,192.75179,224.61214,360.83688,471.8045,532.2293,660.8609,105.92235,231.12987,259.2915,362.9984,447.414,491.24948,609.19684
67,16.75,2024-05-10 21:30:00,368.6016,146.39282,289.48975,321.7163,368.042,404.29688,407.95898,580.0781,237.4878,333.80127,347.9004,367.49268,385.2539,394.04297,461.42578,114.29109,259.4022,263.4305,367.91934,561.0684,596.04156,823.82477,142.14061,277.29074,286.15305,367.84628,510.22836,536.8336,726.9703
68,17.0,2024-05-10 21:45:00,363.8913,127.89917,281.6162,317.8711,369.87305,407.59277,412.71973,592.8955,246.64307,338.92822,351.9287,369.50684,389.28223,399.90234,475.708,-0.17282367,201.06009,258.7383,365.21988,482.3101,570.56696,662.8521,61.99755,236.68933,283.28967,366.54257,456.23276,520.6493,618.4276
69,17.25,2024-05-10 22:00:00,367.8463,106.20117,265.68604,305.96924,364.9292,405.76172,410.88867,599.1211,236.75537,334.16748,347.9004,366.21094,385.2539,395.5078,469.84863,94.17694,186.18744,269.40887,364.64874,496.18497,556.33514,775.5124,123.89506,223.73332,288.7632,364.98923,464.95648,509.625,696.7405
70,17.5,2024-05-10 22:15:00,419.3894,92.33093,258.91113,301.7578,365.66162,402.83203,405.0293,595.8252,240.9668,336.73096,350.09766,368.2251,390.38086,403.19824,486.69434,45.214466,200.4879,230.79185,364.04974,505.3585,534.56384,707.32385,89.07658,233.57883,261.74963,365.046,472.11032,495.33722,652.04803
71,17.75,2024-05-10 22:30:00,399.5023,118.011475,300.10986,339.66064,404.29688,437.62207,443.11523,648.5596,309.26514,368.7744,378.2959,403.19824,509.76562,559.5703,745.9717,76.98217,149.49194,246.9956,404.78674,546.8308,616.7771,746.23267,127.5417,208.41023,282.5222,404.42004,528.4969,587.96954,736.41315
72,18.0,2024-05-10 22:45:00,379.26294,111.328125,299.01123,338.74512,395.1416,437.25586,444.58008,659.9121,321.8994,369.14062,375.73242,398.0713,459.59473,491.8213,633.91113,14.614597,162.1976,211.26987,395.52835,526.7606,656.9486,845.91345,85.74291,217.26756,256.90988,395.99826,504.37695,602.6863,784.9129
73,18.25,2024-05-10 23:00:00,379.11224,94.11621,278.3203,321.7163,379.39453,424.8047,432.49512,647.82715,292.05322,357.7881,366.21094,385.62012,416.74805,435.0586,540.52734,-13.681412,188.65013,229.94041,382.39288,535.8181,646.78,781.72876,58.245277,231.44473,266.3721,382.7385,500.9027,583.00726,720.09827
74,18.5,2024-05-10 23:15:00,379.21817,87.29553,272.46094,316.04004,377.19727,424.07227,433.22754,653.6865,279.23584,355.59082,365.47852,381.5918,416.01562,436.88965,548.584,49.33928,148.58244,233.08562,374.10544,534.3857,578.1479,842.0028,99.11422,202.37196,267.85965,375.9119,499.68036,535.4042,764.4874
75,18.75,2024-05-10 23:30:00,369.6787,71.77734,267.33398,314.02588,378.2959,430.66406,440.91797,670.5322,277.5879,354.4922,364.19678,380.12695,420.04395,443.48145,565.4297,54.389076,128.36368,215.79655,370.64655,476.53873,537.0551,808.7836,100.76766,187.48642,255.29955,373.3076,460.6523,508.72662,746.2877
76,19.0,2024-05-10 23:45:00,362.963,50.628662,249.57275,300.47607,370.97168,431.39648,442.74902,685.18066,257.6294,344.6045,355.77393,372.98584,407.59277,427.73438,542.3584,-71.971695,121.38769,194.1721,357.45642,518.2688,632.06885,771.7783,6.2085595,178.84955,237.12288,361.91382,487.44635,572.26996,717.23456
77,19.25,2024-05-11 00:00:00,365.9551,33.805847,229.98047,285.0952,364.19678,427.36816,438.3545,675.6592,232.72705,331.2378,344.7876,366.94336,399.53613,418.9453,529.1748,31.725214,168.68811,206.40784,369.61774,540.7584,624.98694,837.2061,72.133644,207.3273,241.95251,368.54074,501.17496,565.11536,759.4451
78,19.5,2024-05-11 00:15:00,426.1166,109.313965,304.8706,333.61816,385.98633,507.56836,562.1338,834.2285,289.48975,351.3794,363.46436,400.26855,640.1367,736.4502,1054.6875,97.33938,223.31595,287.03665,388.7403,667.1636,805.042,979.7246,136.96692,257.0841,306.98035,390.77054,645.7987,767.03284,980.16754
79,19.75,2024-05-11 00:30:00,417.4538,149.41406,330.13916,353.02734,418.5791,522.2168,587.40234,843.75,324.09668,366.39404,375.3662,408.3252,579.7119,656.6162,919.18945,-19.1959,175.99454,222.86954,404.71616,518.4475,591.2777,849.8227,66.323616,229.4889,266.38464,406.82425,531.07733,603.9579,863.08875
80,20.0,2024-05-11 00:45:00,398.2095,156.73828,332.70264,361.8164,412.35352,473.14453,523.3154,755.12695,334.8999,373.53516,381.2256,410.15625,517.08984,572.3877,777.83203,51.609055,148.10564,227.0241,408.56744,547.55023,616.1232,870.0906,118.78015,211.65125,271.34363,409.2638,534.0176,598.09534,840.14246
81,20.25,2024-05-11 01:00:00,391.0904,116.27197,293.51807,331.2378,391.8457,445.6787,481.9336,701.29395,323.54736,369.32373,376.46484,399.16992,451.17188,484.49707,635.00977,74.66215,199.72319,249.16167,392.25858,500.01614,564.8355,808.3658,128.60017,243.02278,282.82993,393.59955,484.81357,540.47766,762.9874
82,20.5,2024-05-11 01:15:00,395.9972,98.7854,271.91162,321.5332,385.62012,443.11523,476.44043,715.5762,310.9131,366.57715,374.26758,391.8457,438.7207,469.1162,611.9385,13.160706,195.53375,220.6192,386.51562,525.3067,636.2686,817.72614,81.27366,237.38023,261.44028,387.49207,499.7704,586.8553,766.35364
83,20.75,2024-05-11 01:30:00,378.8456,89.6759,279.78516,322.26562,388.5498,442.3828,471.31348,702.7588,313.29346,368.5913,376.09863,392.57812,449.34082,484.13086,639.0381,54.322376,218.75108,263.42883,392.54965,552.18616,598.51184,795.5334,109.65195,254.82256,291.84647,392.15536,520.6367,562.9158,754.9569
84,21.0,2024-05-11 01:45:00,362.2923,98.7854,276.48926,318.4204,376.46484,424.43848,444.21387,636.4746,298.0957,360.53467,368.7744,384.15527,413.81836,436.52344,559.9365,47.607826,158.02042,214.60002,380.94705,542.3588,627.50287,861.5116,102.823166,210.37016,255.81694,381.14047,504.8587,570.9781,778.6929
85,21.25,2024-05-11 02:00:00,375.21466,79.055786,247.19238,296.44775,361.2671,413.08594,429.19922,609.0088,255.61523,342.04102,354.12598,372.25342,389.64844,405.0293,502.80762,58.520325,190.26471,279.9406,362.169,492.2972,579.0892,865.8324,99.99285,226.31273,296.4284,364.0957,463.84634,529.2882,767.54504
86,21.5,2024-05-11 02:15:00,361.0029,73.33374,242.24854,290.9546,370.78857,423.33984,440.91797,632.0801,254.3335,342.59033,355.0415,372.43652,396.60645,415.2832,518.5547,21.08869,143.95245,195.67975,367.3011,488.55695,564.7288,876.92365,72.96216,193.50963,237.07959,368.6769,463.64514,522.4586,780.7655
87,21.75,2024-05-11 02:30:00,359.2355,40.786743,212.76855,267.5171,360.16846,423.33984,442.74902,631.34766,231.2622,332.70264,347.35107,366.57715,380.12695,392.94434,477.17285,-60.87211,107.40182,174.23532,358.20053,532.3896,614.60394,836.3447,7.720641,162.99866,218.18665,360.07263,491.0321,553.08655,744.0106
88,22.0,2024-05-11 02:45:00,359.1805,32.75299,206.90918,263.67188,356.87256,414.917,432.1289,598.3887,208.37402,322.81494,340.02686,362.36572,374.8169,385.62012,459.96094,-52.385597,153.79117,221.26553,357.61902,526.41077,586.8356,832.38007,8.280186,192.90771,249.25845,358.49374,484.94263,531.1218,734.4971
89,22.25,2024-05-11 03:00:00,354.0818,25.45166,199.76807,258.91113,356.14014,410.52246,424.07227,581.54297,195.00732,316.22314,334.8999,360.16846,371.7041,381.5918,448.9746,-69.286285,78.84604,135.24252,356.59988,513.63,634.02185,860.8895,-6.953772,138.41365,187.54086,357.2676,474.93405,562.5409,750.57184
90,22.5,2024-05-11 03:15:00,350.3573,5.962372,179.3518,240.41748,349.91455,414.18457,428.833,581.9092,176.14746,307.8003,328.4912,357.05566,367.49268,376.09863,435.0586,33.647217,158.52515,246.23267,356.32196,525.4685,623.97925,842.97345,59.378784,190.46286,262.10287,355.82794,482.74496,554.88855,735.284
91,22.75,2024-05-11 03:30:00,350.7661,-9.561539,163.8794,228.88184,346.06934,410.15625,424.8047,571.28906,157.37915,296.99707,319.88525,353.75977,364.563,372.0703,424.43848,-13.656378,98.95348,190.87244,346.28033,501.69397,588.2113,759.4149,20.960213,145.0548,220.47594,347.75513,465.114,528.64246,673.60706
92,23.0,2024-05-11 03:45:00,352.4921,-10.93483,165.43579,231.2622,346.61865,404.6631,417.48047,547.85156,149.68872,291.687,315.30762,352.29492,363.28125,370.42236,418.9453,-46.938972,111.81347,183.68237,338.99014,463.28442,520.3218,788.3881,-4.0130177,153.15042,214.76541,342.41394,437.42166,480.05774,690.4459
93,23.25,2024-05-11 04:00:00,344.8146,-13.595581,163.60474,231.2622,348.4497,404.6631,417.84668,546.3867,150.5127,292.96875,316.77246,352.47803,363.28125,370.23926,416.38184,-44.846783,76.55215,145.03358,342.45563,463.54553,520.766,662.3065,-2.6497626,128.54074,188.00421,345.05948,437.60446,480.3687,601.5296
94,23.5,2024-05-11 04:15:00,349.622,-34.37805,135.4065,207.8247,343.13965,413.81836,430.66406,556.6406,134.76562,286.37695,311.6455,349.73145,361.6333,367.8589,409.05762,-132.35826,60.63491,127.65151,341.38138,462.09366,545.49817,810.63495,-69.13546,113.26048,172.46762,343.22723,437.17404,498.4869,704.92004
95,23.75,2024-05-11 04:30:00,347.3532,-26.184082,145.01953,216.24756,346.80176,410.15625,424.43848,545.6543,135.31494,284.1797,309.63135,350.28076,362.36572,368.95752,410.52246,46.765568,121.6557,209.54633,348.1314,515.51556,599.19476,733.4111,57.180473,156.49689,230.23344,348.4283,474.34964,535.6717,650.0577
96,24.0,2024-05-11 04:45:00,349.5365,-20.759583,152.2522,222.47314,345.70312,405.76172,418.2129,539.0625,134.94873,285.82764,311.4624,350.28076,362.36572,368.7744,408.6914,-50.351883,72.8781,141.35954,344.5165,473.0551,529.6347,698.9157,-10.332526,123.40542,183.49147,345.78802,444.1879,486.3205,624.88556
97,24.25,2024-05-11 05:00:00,339.4142,-22.945404,153.62549,224.85352,348.6328,409.05762,421.875,551.14746,138.8855,288.75732,314.20898,351.5625,363.64746,370.23926,410.88867,-24.364874,140.97937,190.87561,346.17764,462.2379,576.7704,687.9154,8.427147,171.79958,218.94008,347.50015,437.2018,519.9746,618.83325
98,24.5,2024-05-11 05:15:00,339.431,-27.85492,143.7378,213.31787,342.77344,413.81836,430.66406,570.1904,118.65234,279.23584,306.70166,348.0835,362.36572,368.5913,406.12793,-29.177092,130.30777,208.95157,340.22318,488.4621,594.66327,778.8674,0.5210135,161.4364,228.9382,342.05026,455.77847,533.04895,683.4518
99,24.75,2024-05-11 05:30:00,339.431,-21.812439,147.3999,215.14893,343.13965,415.2832,433.95996,579.7119,106.38428,268.0664,296.63086,346.25244,361.6333,368.2251,405.76172,48.110203,147.90268,194.96078,336.97052,465.4991,561.17175,741.89685,52.772755,171.88515,217.3136,339.44385,439.70438,509.8612,658.45135
100,25.0,2024-05-11 05:45:00,339.431,-8.02803,159.75952,223.57178,344.4214,416.38184,437.62207,591.7969,104.278564,265.50293,294.2505,346.06934,361.4502,367.8589,406.12793,-48.75259,142.59262,192.0311,343.445,547.62195,573.98914,918.77673,-14.073903,168.89137,215.62904,344.0675,497.26355,519.12634,783.549
101,25.25,2024-05-11 06:00:00,339.4142,-3.9653778,166.25977,228.51562,346.06934,419.67773,442.74902,606.8115,104.55322,266.23535,295.34912,346.25244,361.8164,368.4082,406.49414,-82.81021,40.60288,172.16415,348.97537,491.13388,668.83777,796.09607,-37.45304,98.295074,202.43628,348.1402,458.1248,586.14294,699.24725
102,25.5,2024-05-11 06:15:00,349.1708,-7.1468353,159.48486,223.93799,345.88623,418.5791,443.84766,608.27637,106.20117,267.7002,296.63086,346.43555,362.36572,369.14062,407.59277,31.79703,150.44937,217.00821,348.50082,559.1408,597.04364,826.4748,42.783474,174.80309,233.62573,347.82632,505.7296,536.14343,720.87854
103,25.75,2024-05-11 06:30:00,349.1096,9.012222,176.97144,238.03711,353.21045,416.38184,440.55176,600.95215,132.2937,281.98242,308.71582,351.5625,365.84473,373.53516,416.01562,-107.86046,84.03408,164.96669,350.11423,496.75378,568.1649,872.4862,-48.142357,132.91748,201.02356,350.7135,462.5348,516.47766,754.0387
104,26.0,2024-05-11 06:45:00,347.7517,24.19281,192.99316,249.57275,354.8584,418.5791,442.74902,608.27637,151.61133,295.71533,320.43457,354.4922,368.2251,375.73242,419.31152,-22.777632,177.08199,207.8437,351.47995,527.91205,680.16425,792.2248,16.797205,202.39977,234.53477,352.42023,485.04138,595.5364,699.24725
105,26.25,2024-05-11 07:00:00,349.1708,34.65271,202.33154,255.61523,354.8584,421.5088,446.77734,615.6006,158.844,299.37744,323.36426,355.0415,369.32373,376.83105,419.67773,-50.685795,55.698486,174.9917,347.74142,474.73535,570.59106,821.62866,-0.24598372,119.09758,212.72858,349.91312,448.33035,519.4577,720.6356
106,26.5,2024-05-11 07:15:00,349.2306,19.752502,193.72559,251.95312,355.59082,423.33984,447.14355,621.09375,163.51318,300.47607,323.91357,355.59082,370.42236,378.2959,421.5088,15.003316,157.27626,185.01674,354.9472,530.9945,598.3773,840.62585,45.18021,189.56114,219.48975,355.1403,488.11462,539.2377,734.8492
107,26.75,2024-05-11 07:30:00,334.431,17.3378,192.99316,250.48828,354.8584,424.07227,447.50977,622.9248,165.06958,300.65918,323.91357,355.77393,371.3379,379.02832,423.70605,-2.881229,75.121704,163.8363,349.99304,490.4049,545.15344,627.9171,32.73084,132.01634,204.51697,351.63577,459.95825,502.16406,586.5756
108,27.0,2024-05-11 07:45:00,339.4184,10.374069,180.26733,237.6709,345.3369,423.70605,449.70703,627.68555,134.67407,283.63037,309.63135,349.73145,368.95752,376.46484,417.11426,71.85774,222.09578,236.65266,341.8067,507.00787,633.8084,838.7034,78.272644,230.21986,251.3502,343.74466,471.06763,563.92957,733.28375
109,27.25,2024-05-11 08:00:00,339.4184,5.001068,178.07007,237.30469,348.0835,427.36816,453.73535,630.98145,122.406006,273.55957,300.8423,347.9004,368.042,375.73242,417.11426,28.688416,132.87543,189.45502,349.12872,552.55316,558.96185,744.4477,45.063198,165.53172,216.51744,348.77853,503.13245,511.7933,667.6344
110,27.5,2024-05-11 08:15:00,339.9874,3.109932,178.07007,240.60059,349.73145,427.73438,456.29883,634.64355,126.708984,275.0244,302.12402,348.4497,367.8589,375.3662,417.84668,-20.750061,77.76068,202.36395,343.3666,498.07928,561.89154,790.224,11.12775,127.24437,226.13963,345.0197,465.00073,514.0272,700.1905
111,27.75,2024-05-11 08:30:00,320.0,16.799927,188.78174,249.20654,351.1963,426.26953,454.83398,623.6572,136.41357,280.70068,306.70166,349.36523,368.042,375.3662,417.48047,48.483475,155.50862,174.9178,342.27048,479.69687,585.3487,719.7481,62.901142,183.87434,208.70345,344.582,452.02316,530.3007,649.6855
112,28.0,2024-05-11 08:45:00,334.9916,11.810303,167.44995,227.41699,336.54785,422.2412,451.17188,610.1074,98.87695,258.36182,287.4756,340.94238,366.39404,373.35205,409.42383,-8.857414,59.074715,209.77052,326.2828,505.21118,556.20605,755.42487,14.756231,109.76966,227.07617,330.2412,469.15076,509.13184,671.69293
113,28.25,2024-05-11 09:00:00,325.2297,15.449524,170.37964,230.34668,344.4214,424.07227,453.36914,607.54395,103.45459,253.41797,282.16553,342.40723,366.02783,373.71826,413.08594,14.373936,95.67277,145.47745,334.46448,495.57513,564.789,745.5141,32.297626,134.69249,181.30199,337.0487,462.51538,515.43286,665.23145
114,28.5,2024-05-11 09:15:00,332.8086,7.2841644,155.7312,215.88135,336.73096,421.875,452.63672,606.0791,95.12329,251.58691,281.0669,340.02686,365.2954,372.43652,410.15625,-70.2781,181.58348,212.5283,328.91757,480.13696,600.9866,784.45825,-29.441595,192.99893,226.57132,331.92078,451.34247,540.4416,691.75995
115,28.75,2024-05-11 09:30:00,325.8161,10.356903,156.82983,217.16309,339.66064,417.84668,447.87598,591.06445,102.17285,253.41797,282.34863,341.6748,365.2954,372.80273,411.9873,60.34765,177.35204,200.8811,335.26764,498.15283,583.48,775.5576,63.71361,190.51302,218.80281,336.98837,463.55072,527.7841,684.3942
116,29.0,2024-05-11 09:45:00,324.1429,4.122734,140.16724,202.51465,333.80127,413.45215,442.74902,579.7119,90.911865,248.47412,278.1372,339.11133,365.1123,372.25342,409.79004,-70.79036,67.271164,179.88103,327.16006,478.34293,542.613,709.9714,-30.9586,110.80136,201.79564,330.21445,449.20773,498.55463,636.9091
117,29.25,2024-05-11 10:00:00,322.2425,-3.6506653,134.0332,197.5708,331.9702,411.25488,436.88965,565.4297,72.784424,232.91016,264.0381,337.09717,366.02783,373.35205,410.88867,28.427572,88.30306,175.3697,324.73584,437.94296,557.23615,701.70636,34.091118,121.79749,195.32349,327.93155,420.8911,508.4247,629.91516
118,29.5,2024-05-11 10:15:00,316.8289,-14.728546,126.068115,191.89453,329.95605,408.3252,430.29785,554.8096,51.223755,212.03613,244.81201,335.083,366.39404,374.08447,413.08594,6.934874,127.05206,172.73688,318.6376,451.9727,494.5447,770.8509,13.6263075,143.95049,189.06766,323.05853,430.49222,464.02798,677.6937
119,29.75,2024-05-11 10:30:00,320.6085,-28.450012,108.12378,177.06299,325.56152,410.52246,433.95996,547.11914,18.447876,178.89404,213.86719,331.0547,365.66162,373.71826,414.18457,42.170673,118.34255,182.1548,317.81235,441.1575,555.7815,766.1697,30.364046,129.43098,187.9881,321.23575,422.9948,507.18668,673.8676
120,30.0,2024-05-11 10:45:00,320.0,-40.626526,99.88403,172.02759,328.125,413.08594,439.45312,543.0908,-5.719185,138.06152,174.04175,329.22363,365.2954,373.90137,420.77637,-128.73233,105.825775,130.72812,319.3575,450.79645,530.99664,765.92096,-95.319115,111.67876,143.5208,322.20746,429.9252,490.42325,674.609
121,30.25,2024-05-11 11:00:00,321.1571,-47.88208,98.602295,173.40088,328.125,412.71973,439.45312,544.18945,-33.851624,96.588135,133.57544,326.29395,364.9292,374.08447,425.90332,-14.716789,150.71901,253.44118,326.94656,513.7256,618.4619,756.8897,-21.860287,134.68115,221.46399,326.93387,473.86572,551.68555,669.4224
122,30.5,2024-05-11 11:15:00,322.4689,-46.875,99.15161,175.04883,328.67432,413.08594,438.3545,549.6826,-71.502686,36.643982,74.24927,320.9839,363.46436,372.98584,431.03027,-31.320938,109.85338,153.70714,319.7838,451.98593,484.48715,680.41003,-40.912693,94.14133,139.94974,320.91284,430.3916,457.5736,617.4613
123,30.75,2024-05-11 11:30:00,327.7269,-37.719727,101.44043,176.14746,329.22363,406.86035,428.4668,525.8789,-115.448,-33.164978,4.3258667,310.72998,359.06982,368.7744,431.39648,-97.94127,99.446434,199.69667,319.75092,435.62808,553.548,643.45276,-95.420456,73.12354,158.2676,318.894,417.43967,504.08514,589.2841
124,31.0,2024-05-11 11:45:00,325.685,-28.61023,107.48291,181.64062,332.51953,401.00098,418.9453,502.0752,-151.61133,-90.042114,-53.78723,297.18018,353.39355,363.46436,428.1006,-49.47037,70.46371,136.56479,312.50626,416.62457,471.46466,564.29913,-67.812546,42.064465,103.00197,311.44238,402.41602,444.61267,530.83704
125,31.25,2024-05-11 12:00:00,311.9478,-30.464172,106.56738,180.9082,331.4209,402.46582,421.14258,513.79395,-151.15356,-99.15161,-65.18555,289.67285,353.02734,363.28125,425.1709,-172.36188,-5.5527987,19.89886,298.3565,426.30145,478.1203,716.7983,-153.93045,-13.060543,18.982914,299.92624,409.2631,449.45474,638.17236
126,31.5,2024-05-11 12:15:00,326.9451,-44.83795,88.027954,162.87231,320.43457,402.83203,422.2412,525.8789,-72.60132,-19.763947,10.591507,302.67334,367.8589,379.02832,433.95996,-70.01019,74.46002,200.16193,335.4311,507.1382,614.07184,679.0743,-68.01119,56.97202,158.51888,327.37988,468.85175,547.88007,614.7319
127,31.75,2024-05-11 12:30:00,328.7527,-32.63855,100.89111,176.23901,329.95605,399.53613,418.2129,512.3291,62.98828,120.75806,146.94214,332.33643,374.8169,384.52148,427.73438,-85.77463,84.69656,191.08084,339.09872,474.61966,513.62115,682.53595,-50.708435,93.52831,180.76892,336.832,447.15076,478.2604,614.55493
128,32.0,2024-05-11 12:45:00,332.7291,-16.13617,118.011475,192.44385,333.98438,396.24023,415.6494,503.90625,144.56177,247.5586,270.08057,335.083,367.8589,375.73242,399.53613,-36.725834,102.98364,186.11353,334.4833,456.3772,561.1135,742.93726,1.5906562,133.40141,203.53996,334.55338,432.65985,509.49088,650.3539
129,32.25,2024-05-11 13:00:00,327.7644,-0.52785873,138.42773,209.10645,339.11133,396.97266,413.45215,507.56836,162.1399,273.74268,294.4336,333.98438,363.64746,370.78857,394.7754,-27.622461,113.36875,152.46176,338.79446,492.39706,552.4557,735.92737,13.039472,147.94943,186.5206,337.86414,457.1047,502.22192,644.8611
130,32.5,2024-05-11 13:15:00,339.4881,8.216858,144.01245,211.30371,337.64648,399.90234,416.01562,518.9209,171.02051,283.99658,304.3213,337.28027,361.9995,369.14062,400.63477,-38.995853,143.28564,178.8081,335.63794,518.5603,626.4094,785.5281,7.72869,171.50052,207.16028,336.16724,475.38235,553.9163,681.88873
131,32.75,2024-05-11 13:30:00,341.1732,40.603638,174.68262,235.47363,347.9004,402.0996,418.9453,526.97754,205.44434,307.43408,325.37842,349.18213,367.67578,376.46484,421.875,41.209282,210.12408,267.11566,352.41992,562.8768,636.30206,888.0721,73.995735,226.04193,275.604,351.3204,507.75885,562.59894,758.7232
132,33.0,2024-05-11 13:45:00,340.0,69.625854,198.12012,252.31934,351.7456,402.83203,421.5088,538.3301,216.79688,314.02588,330.32227,353.21045,370.97168,379.76074,429.19922,-19.910797,135.36264,197.6185,343.79245,508.5316,601.183,768.9076,36.384407,177.37105,229.62935,346.47137,470.44965,538.9311,677.9082
133,33.25,2024-05-11 14:00:00,341.4052,94.66553,213.86719,262.93945,351.9287,402.83203,423.33984,538.6963,205.99365,309.99756,327.02637,351.3794,369.50684,376.83105,421.875,96.46972,186.64915,228.48875,343.92532,486.57593,551.853,710.42236,118.19409,214.04063,251.64134,346.21646,454.7877,503.9973,635.5403
134,33.5,2024-05-11 14:15:00,334.991,100.89111,213.13477,259.82666,350.46387,399.16992,418.5791,531.3721,189.33105,304.5044,323.18115,349.18213,368.5913,374.8169,416.74805,-64.72273,98.607346,171.02556,345.59375,487.52338,560.21625,691.13666,2.6494107,151.2395,210.33678,346.7984,454.90158,508.97263,620.2825
135,33.75,2024-05-11 14:30:00,340.0,108.21533,215.88135,257.8125,343.68896,394.40918,410.88867,514.16016,159.2102,288.75732,310.54688,344.9707,367.67578,373.35205,410.15625,45.86745,189.51369,220.36696,341.5656,502.25787,586.57794,735.2596,74.77079,211.99916,242.1475,342.45898,464.55655,526.36383,648.12897
136,34.0,2024-05-11 14:45:00,340.0,125.15259,234.1919,270.813,346.61865,391.8457,405.3955,503.54004,149.04785,279.05273,301.94092,344.6045,367.49268,373.16895,409.05762,38.242176,158.45091,232.33397,344.22,497.92847,554.0503,618.6865,69.09435,190.14537,250.10326,344.53677,461.23303,503.0085,565.2461
137,34.25,2024-05-11 15:00:00,325.2742,128.9978,235.29053,270.08057,345.52002,388.5498,401.3672,499.1455,151.33667,278.86963,301.5747,344.9707,368.042,373.71826,407.59277,55.45409,195.80443,227.48167,345.03253,506.71753,561.9238,716.09863,81.98498,216.36609,246.56017,345.0689,467.16562,508.22702,632.70215
138,34.5,2024-05-11 15:15:00,321.8705,120.57495,220.27588,254.5166,334.8999,384.8877,399.90234,498.7793,129.27246,263.67188,288.208,339.84375,369.14062,375.0,405.76172,35.052025,128.80203,204.33304,332.2837,486.68164,565.32544,695.1472,62.4484,164.92339,226.12639,334.05734,452.99405,510.71805,617.63336
139,34.75,2024-05-11 15:30:00,319.6275,130.46265,226.50146,258.36182,332.51953,383.05664,401.7334,501.70898,124.420166,255.06592,279.78516,335.81543,365.47852,371.521,402.0996,-11.38144,193.42203,225.37393,326.93454,513.7651,580.41547,740.08344,29.963293,209.05875,239.55498,329.26923,471.03696,520.7684,648.64923
140,35.0,2024-05-11 15:45:00,327.0702,139.0686,230.52979,260.7422,330.68848,384.15527,404.6631,509.76562,128.72314,257.6294,281.98242,333.61816,362.18262,368.042,399.53613,64.01226,167.92462,215.44049,324.57135,461.16803,560.2281,645.0059,84.460075,192.1261,233.27905,326.99243,433.66965,506.23438,582.38794
141,35.25,2024-05-11 16:00:00,335.8287,140.71655,236.57227,266.96777,335.81543,386.35254,404.6631,515.2588,144.01245,269.34814,292.41943,335.81543,360.71777,366.57715,401.00098,-25.04164,179.21251,222.6085,341.85596,532.69763,632.4901,769.8192,25.344997,202.97563,241.00664,340.0438,483.6671,556.52484,670.59955
142,35.5,2024-05-11 16:15:00,342.1591,144.01245,242.79785,274.292,342.77344,386.71875,402.0996,517.08984,168.64014,287.4756,308.5327,341.8579,361.9995,367.8589,405.76172,43.409275,96.14365,171.4,332.00067,468.67172,555.9215,687.57434,78.51577,149.07545,209.11575,335.04938,439.142,502.9268,614.1634
143,35.75,2024-05-11 16:30:00,367.8522,145.20264,247.5586,279.05273,346.98486,387.81738,402.0996,515.625,188.23242,300.65918,320.06836,347.16797,364.9292,370.42236,409.79004,74.458885,198.32973,253.03249,348.57922,549.06824,608.9437,825.1913,104.28798,223.71849,269.04172,348.13754,496.11533,540.55505,711.15436
144,36.0,2024-05-11 16:45:00,376.0191,158.29468,270.62988,301.0254,366.02783,396.97266,411.6211,525.8789,231.99463,324.646,340.39307,361.08398,376.83105,384.52148,433.95996,74.51724,190.423,229.33292,357.58115,489.4342,616.3263,759.33167,114.39047,225.2883,258.7142,359.12637,457.66742,549.4948,670.91205
145,36.25,2024-05-11 17:00:00,367.8617,173.76709,287.29248,316.04004,374.08447,405.76172,420.77637,536.1328,255.43213,335.083,348.4497,369.87305,385.2539,392.94434,443.84766,67.30328,217.99908,268.7193,369.39297,505.74933,608.56305,750.2866,115.575424,248.3452,289.39743,369.95813,471.6515,546.66064,667.58344
146,36.5,2024-05-11 17:15:00,372.4352,178.89404,288.3911,316.40625,368.5913,403.19824,418.2129,532.8369,246.09375,330.13916,344.23828,367.67578,382.32422,387.45117,429.19922,47.244007,168.64293,197.02428,349.78003,437.3044,506.2894,724.18494,100.17896,212.91699,238.40529,355.2403,422.89774,473.7141,646.053
147,36.75,2024-05-11 17:30:00,362.8324,185.7605,293.70117,319.33594,370.60547,399.53613,412.35352,524.04785,249.93896,334.7168,348.81592,369.14062,383.42285,388.5498,430.29785,-75.07456,37.901512,99.05874,338.12582,377.03857,425.3069,618.89514,16.011654,122.844536,171.0379,347.57675,380.5652,416.66013,571.691
148,37.0,2024-05-11 17:45:00,363.0924,178.07007,287.29248,312.74414,362.73193,391.4795,401.7334,511.59668,239.13574,329.04053,343.87207,365.84473,381.2256,385.62012,425.1709,18.044807,96.41395,181.19179,364.39166,441.56778,546.30414,666.60443,78.265526,162.02711,226.88307,364.51633,424.4905,499.71027,602.8169
149,37.25,2024-05-11 18:00:00,369.3018,174.3164,285.46143,311.0962,361.4502,390.38086,400.26855,514.16016,234.375,327.57568,342.95654,364.563,380.12695,384.52148,425.5371,87.88488,153.98596,216.79114,360.24854,491.63248,510.12613,809.86975,125.82606,201.85146,251.45473,361.2316,459.2062,474.01944,703.4323
150,37.5,2024-05-11 18:15:00,342.7372,180.26733,295.16602,320.25146,366.57715,394.7754,405.3955,525.1465,248.47412,335.81543,349.91455,368.5913,382.32422,387.81738,433.95996,44.47268,104.53127,159.82913,365.29062,462.73135,581.3379,665.2002,98.85243,169.85158,213.88844,366.07944,439.85434,525.03955,604.94684
151,37.75,2024-05-11 18:30:00,314.239,177.88696,283.08105,308.5327,349.18213,388.1836,401.7334,515.2588,210.7544,313.29346,330.50537,357.7881,377.56348,381.5918,420.04395,23.584373,153.22305,182.24527,349.2718,521.90594,566.85834,756.9218,76.44863,198.22293,224.52602,350.96606,479.66522,513.29254,665.37994
152,38.0,2024-05-11 18:45:00,324.3361,155.18188,247.5586,276.30615,326.47705,383.42285,402.0996,510.86426,125.24414,261.1084,286.01074,340.57617,373.35205,379.02832,414.18457,23.467518,121.06274,176.45213,321.88937,456.3289,548.2478,648.4065,56.99428,161.72147,208.34926,326.0855,432.4429,499.78906,587.8079
153,38.25,2024-05-11 19:00:00,320.7188,152.89307,245.72754,273.74268,329.95605,384.8877,405.0293,521.4844,114.62402,244.99512,270.9961,336.73096,365.66162,372.25342,414.55078,-36.198578,158.80875,178.49258,325.59567,476.58832,498.46942,720.57635,12.875109,184.7379,206.5183,328.25876,445.23294,463.8822,639.46204
154,38.5,2024-05-11 19:15:00,330.3553,148.04077,239.50195,267.15088,325.74463,384.52148,403.93066,531.7383,118.10303,251.77002,277.4048,335.63232,362.36572,368.7744,412.35352,-15.645928,92.3863,176.98103,334.48605,521.2193,644.9986,722.8184,27.472534,138.97461,206.08276,333.84116,475.7788,565.647,641.61743
155,38.75,2024-05-11 19:30:00,329.803,154.63257,249.38965,274.6582,330.68848,379.76074,396.24023,525.8789,135.5896,265.50293,289.85596,338.74512,361.08398,367.30957,413.08594,-6.5587835,112.09356,167.39142,331.3695,490.93875,517.3975,692.3548,37.990032,156.50504,202.61101,332.77655,453.84998,475.2642,619.8534
156,39.0,2024-05-11 19:45:00,332.2728,158.66089,251.40381,275.39062,329.95605,373.53516,387.81738,518.5547,143.9209,274.6582,298.0957,339.84375,360.16846,365.66162,410.52246,-4.730679,139.00711,208.40408,329.91138,450.1033,496.15433,648.0403,41.338795,177.377,233.04105,331.9023,424.4595,459.22208,587.58813
157,39.25,2024-05-11 20:00:00,331.5909,147.49146,247.19238,273.37646,331.0547,376.09863,391.11328,530.27344,146.02661,277.4048,300.8423,340.57617,359.43604,364.7461,409.42383,-39.797523,139.27963,170.49911,329.7508,427.94537,534.055,640.4393,16.096205,177.69594,206.8555,332.04626,409.05884,485.89908,583.2196
158,39.5,2024-05-11 20:15:00,340.8512,133.8501,239.68506,267.8833,329.95605,380.85938,397.70508,551.14746,140.16724,274.8413,298.64502,340.02686,358.5205,363.46436,408.3252,59.12997,126.32967,228.9603,333.462,474.9625,487.77988,670.15295,82.80944,167.36754,246.78954,334.42438,442.26376,453.9093,605.88684
159,39.75,2024-05-11 20:30:00,345.661,138.42773,252.50244,279.96826,337.28027,384.52148,399.90234,553.71094,162.323,287.6587,309.63135,345.3369,360.16846,365.66162,415.6494,32.684685,174.04211,232.91052,339.07736,440.82678,525.8793,672.089,69.186646,204.61147,252.96048,340.14957,419.06458,481.23807,608.9633
160,40.0,2024-05-11 20:45:00,341.9183,137.96997,259.46045,287.10938,341.3086,386.35254,399.53613,552.9785,183.01392,302.12402,322.08252,349.36523,361.9995,367.30957,418.9453,34.381718,143.69568,191.76086,341.90448,447.193,515.3082,733.1122,74.46699,186.95782,227.36005,343.33704,424.07025,474.13132,652.2654
161,40.25,2024-05-11 21:00:00,340.8637,132.84302,255.79834,282.71484,338.562,383.05664,394.40918,548.2178,179.26025,301.2085,321.167,348.2666,360.90088,365.1123,413.81836,19.835785,178.03891,224.18149,341.58624,474.12045,544.2499,770.0189,63.0214,210.44876,249.43195,342.61987,442.37018,493.43826,676.5987
162,40.5,2024-05-11 21:15:00,340.8637,131.74438,256.53076,282.53174,338.3789,382.69043,392.94434,552.2461,173.58398,297.5464,317.8711,347.35107,360.53467,364.9292,414.18457,68.76898,189.8017,239.88104,342.9966,498.51752,544.8432,761.27386,96.02952,218.02354,259.7441,343.40573,459.33823,493.6705,670.9532
163,40.75,2024-05-11 21:30:00,351.5463,128.54004,258.54492,285.64453,338.92822,385.98633,399.16992,563.2324,172.76001,296.44775,316.95557,347.35107,360.71777,365.2954,417.11426,38.00726,166.45575,220.65497,340.34836,471.0517,593.18304,798.26117,74.011086,201.66306,246.41405,341.60687,440.47836,528.2042,698.52893
164,41.0,2024-05-11 21:45:00,340.8637,124.60327,264.4043,292.96875,346.61865,392.94434,409.05762,578.2471,196.83838,309.81445,328.125,352.84424,366.02783,372.43652,432.86133,-18.876068,117.90372,186.47672,350.2195,483.84003,560.6528,765.7309,38.614754,170.93591,225.45558,350.38434,451.18802,507.85,680.4086
165,41.25,2024-05-11 22:00:00,341.4276,106.75049,248.10791,280.70068,338.92822,390.38086,406.86035,580.0781,183.47168,303.40576,322.63184,348.81592,361.2671,365.84473,420.41016,41.120052,115.82709,245.55731,344.41425,502.54584,550.7026,752.4848,76.15343,166.5709,264.48654,344.74597,463.0736,499.34677,668.8292
166,41.5,2024-05-11 22:15:00,343.3617,96.588135,238.40332,274.4751,338.3789,391.8457,409.79004,587.76855,177.15454,298.4619,318.2373,347.7173,361.4502,366.76025,424.43848,43.331913,189.26697,229.55017,346.82352,491.5741,612.6068,753.0487,75.422066,216.01959,251.78008,346.1578,455.57648,543.1558,670.79865
167,41.75,2024-05-11 22:30:00,346.2384,94.29932,242.98096,278.3203,340.39307,394.40918,413.08594,600.95215,182.6477,301.0254,320.25146,348.81592,363.46436,370.05615,432.86133,17.983273,111.18396,186.98962,345.04828,492.8673,551.7357,623.51306,58.547764,162.33194,222.77505,345.33627,457.1409,501.53482,583.12665
168,42.0,2024-05-11 22:45:00,339.9874,97.961426,249.93896,285.0952,343.13965,395.87402,414.18457,609.0088,197.02148,309.08203,327.02637,351.7456,366.94336,374.26758,442.0166,33.860474,155.0763,242.2345,344.58618,494.73694,593.797,809.86145,72.90278,195.36371,263.47894,345.8734,459.2919,531.9299,716.2072
169,42.25,2024-05-11 23:00:00,339.431,80.88684,233.82568,271.91162,337.8296,394.40918,411.9873,609.375,183.92944,302.85645,321.7163,348.6328,363.64746,369.87305,433.59375,-2.4198444,133.62752,219.77864,341.94003,540.12164,604.02545,817.89264,43.180683,177.49313,245.37949,342.86755,490.25558,537.9912,720.1811
170,42.5,2024-05-11 23:15:00,339.431,64.86511,222.47314,263.48877,336.73096,396.24023,414.18457,612.6709,171.02051,294.7998,314.7583,346.80176,364.19678,371.1548,437.98828,-26.413725,83.81577,205.764,338.00406,450.11826,558.24207,696.6698,22.201008,139.87833,233.33533,339.6363,427.54617,506.41885,636.53357
171,42.75,2024-05-11 23:30:00,341.4276,52.642822,213.86719,257.26318,335.63232,400.26855,420.77637,619.2627,162.41455,288.57422,309.44824,345.52002,364.9292,372.98584,443.48145,-43.259426,171.34018,202.1019,334.61877,484.17587,587.35583,774.85583,7.465596,199.03969,229.0873,336.9004,451.93582,527.82385,693.02167
172,43.0,2024-05-11 23:45:00,336.4259,43.190002,213.31787,256.89697,336.73096,406.86035,430.66406,632.0801,161.77368,287.8418,308.71582,345.88623,366.57715,375.73242,450.80566,-55.91125,76.47401,188.71765,336.26062,452.38953,533.13904,731.8085,-2.46414,132.43195,219.53523,338.2328,430.67413,491.4102,665.6351
173,43.25,2024-05-12 00:00:00,339.9874,29.800415,201.78223,247.7417,332.88574,405.0293,428.4668,633.5449,145.29419,279.23584,301.5747,342.59033,364.01367,373.16895,447.14355,-34.728886,173.46204,213.19592,344.76865,544.98303,687.9884,910.64465,7.7286596,197.4488,234.32625,343.14468,494.7938,599.0724,790.2345
174,43.5,2024-05-12 00:15:00,359.9707,-20.050049,161.22437,214.96582,331.7871,409.42383,436.88965,661.37695,148.49854,277.5879,299.56055,343.50586,369.14062,381.958,472.0459,28.15877,172.44588,230.76497,360.1519,576.92584,643.21,903.586,47.40584,192.35211,242.94417,353.9862,518.6186,570.3276,793.05707
175,43.75,2024-05-12 00:30:00,350.0,23.151398,201.59912,247.19238,347.53418,406.49414,432.86133,648.5596,205.99365,311.0962,328.3081,356.87256,390.01465,409.05762,520.01953,34.042953,136.2158,233.99413,355.3902,517.34985,619.98047,901.23047,67.34394,177.73022,254.17674,354.90106,480.79724,559.0839,799.7212
176,44.0,2024-05-12 00:45:00,346.252,27.305603,204.71191,252.68555,345.3369,402.0996,427.36816,636.1084,207.6416,318.4204,334.8999,354.12598,372.80273,384.8877,472.77832,-44.04297,92.73682,171.19751,348.25192,509.94266,584.375,734.15533,13.428806,149.07106,212.0868,349.13525,471.73038,528.77686,672.0752
177,44.25,2024-05-12 01:00:00,344.0,7.633209,190.42969,241.88232,341.4917,404.29688,427.36816,633.91113,185.7605,308.71582,327.39258,350.46387,367.12646,377.19727,456.29883,-13.550229,174.95685,210.1131,344.50824,445.31207,594.1768,792.66315,28.430262,203.25592,236.74593,345.3977,425.57343,534.10004,709.5151
178,44.5,2024-05-12 01:15:00,341.9858,2.6564598,186.85913,243.34717,340.57617,410.52246,437.98828,645.9961,164.97803,296.08154,316.58936,347.53418,365.2954,375.73242,453.36914,-41.62013,162.35936,188.90965,342.07452,489.9351,516.30225,758.917,4.1271596,191.55379,219.88936,343.0166,457.0659,480.3569,686.5153
179,44.75,2024-05-12 01:30:00,339.9874,11.552811,188.41553,242.79785,337.64648,409.05762,437.25586,641.60156,159.66797,290.9546,312.01172,346.25244,363.83057,374.08447,450.80566,-0.23831427,141.48532,221.77707,344.71664,449.1025,561.7124,772.2836,32.92206,176.07219,241.92609,344.31677,428.04364,511.74118,694.9198
180,45.0,2024-05-12 01:45:00,339.9874,23.712158,185.11963,238.76953,335.81543,405.76172,435.0586,636.4746,158.75244,290.77148,312.01172,345.52002,360.71777,369.87305,441.28418,-14.687911,121.35945,187.46053,341.02164,482.26035,502.8597,709.3111,23.840166,161.61787,217.50168,341.4007,450.30194,469.48224,648.42206
181,45.25,2024-05-12 02:00:00,339.9874,16.262054,177.79541,231.81152,335.083,401.00098,423.70605,623.291,153.9917,289.30664,311.2793,344.9707,358.88672,366.76025,432.1289,-36.843674,129.5992,187.27742,337.95892,394.87326,443.07578,627.64606,6.6339746,166.3603,216.5312,339.0737,388.28873,425.8757,588.1071
182,45.5,2024-05-12 02:15:00,331.9941,23.757935,175.6897,230.34668,334.8999,398.8037,416.38184,614.13574,148.40698,287.10938,309.63135,344.6045,357.42188,364.7461,425.1709,54.159744,154.13533,205.67952,340.19357,455.4354,546.71344,736.96,69.96901,182.88557,228.9366,340.54636,430.16953,497.28683,662.3198
183,45.75,2024-05-12 02:30:00,325.5795,4.0683746,151.88599,210.20508,327.7588,396.60645,415.6494,599.1211,120.20874,271.91162,297.18018,339.66064,353.57666,359.80225,411.9873,-56.189484,137.71921,198.14401,334.41168,457.8791,485.43646,687.2187,-14.884053,165.97437,219.15735,334.79617,430.89133,453.33093,623.3626
184,46.0,2024-05-12 02:45:00,328.333,-10.723114,138.7024,196.28906,322.44873,397.33887,419.67773,589.5996,82.717896,244.99512,273.74268,333.80127,350.64697,356.32324,403.56445,-21.405369,106.58536,195.0253,327.00427,432.05533,544.7568,649.6762,0.48750967,137.47902,210.89514,327.90814,412.30203,494.56216,594.44617
185,46.25,2024-05-12 03:00:00,302.4929,-31.951904,127.075195,191.71143,323.73047,401.3672,426.26953,596.5576,66.604614,226.13525,256.34766,331.604,348.2666,354.12598,400.26855,-25.42676,105.12744,176.44702,327.24368,472.52856,509.33276,828.9433,-7.6730003,131.52377,193.95358,327.76443,440.56003,469.98508,719.9698
186,46.5,2024-05-12 03:15:00,319.4644,-52.27661,92.69714,159.39331,305.78613,406.86035,435.0586,613.4033,-2.0542145,180.26733,216.24756,318.78662,345.52002,351.01318,389.64844,-40.82986,128.7258,223.52866,311.70538,464.54126,588.50366,743.4109,-34.219406,135.43124,215.6589,312.5297,434.96893,525.6611,659.65765
187,46.75,2024-05-12 03:30:00,302.4929,-58.82263,92.0105,162.87231,315.67383,403.56445,427.36816,585.9375,-10.688782,135.04028,170.28809,318.2373,340.94238,346.61865,390.74707,-44.91549,123.35844,175.63506,315.02982,445.44098,494.7879,699.22516,-39.460865,122.56001,173.28938,315.7357,420.3536,458.41205,626.20074
188,47.0,2024-05-12 03:45:00,300.2766,-86.242676,61.843872,138.7024,304.5044,404.29688,429.19922,576.0498,-39.711,119.11011,156.82983,311.0962,339.47754,344.6045,383.42285,-39.548122,88.2595,147.58566,301.2376,419.58887,496.0354,660.4641,-44.250153,91.788055,148.54617,303.53604,402.03738,459.06558,596.6144
189,47.25,2024-05-12 04:00:00,299.4979,-98.968506,46.39435,125.88501,300.8423,407.95898,436.15723,579.3457,-61.38611,77.95715,115.81421,305.41992,336.73096,341.6748,380.49316,-74.17408,119.73462,191.60352,299.88858,401.07617,464.97998,599.83716,-74.095924,104.045105,169.8738,301.0902,388.89542,437.43665,553.9192
190,47.5,2024-05-12 04:15:00,301.4946,-108.48999,32.455444,113.342285,299.01123,413.81836,442.3828,586.3037,-70.129395,54.153442,91.69006,302.85645,335.2661,340.20996,379.02832,-117.61636,10.9236765,120.78696,299.46848,412.10773,488.0965,678.5262,-107.20633,21.722805,114.223114,300.10034,396.9105,453.94785,609.40436
191,47.75,2024-05-12 04:30:00,299.4979,-112.60986,34.309387,118.011475,301.7578,415.6494,444.9463,589.9658,-73.791504,41.97693,79.37622,302.85645,335.083,340.02686,379.39453,-38.898468,95.68405,178.35617,305.2597,438.54904,464.45847,688.5796,-53.24822,78.80516,152.52571,304.42886,415.56586,437.6209,616.88116
192,48.0,2024-05-12 04:45:00,0.0,-128.90625,21.045685,108.8562,300.47607,420.41016,453.73535,606.0791,-78.27759,34.721375,72.143555,302.30713,335.2661,340.57617,380.12695,-57.740875,89.10971,193.11362,302.77377,414.305,467.49713,707.45685,-68.96476,71.425644,160.49387,302.45068,399.10776,440.73676,631.8531
193,48.25,2024-05-12 05:00:00,299.4979,-156.37207,-70.495605,-36.117554,78.552246,416.38184,457.76367,617.43164,-104.73633,-43.167114,-23.918152,192.26074,325.56152,330.50537,354.12598,-71.73157,84.18274,93.61267,74.295044,256.71387,321.167,541.9922,-86.79658,43.244934,57.133484,98.3139,286.4502,336.69434,511.9629
194,48.5,2024-05-12 05:15:00,189.682,-167.08374,-57.22046,20.931244,270.62988,439.81934,477.90527,628.05176,-62.805176,-18.59665,4.4202805,284.1797,337.8296,344.23828,392.57812,-44.374176,85.99692,172.33115,259.74112,337.97293,398.64948,575.2547,-60.33133,50.756466,123.608986,265.7177,348.1289,395.6928,543.9991
195,48.75,2024-05-12 05:30:00,299.4979,-176.51367,-71.18225,-5.2757263,210.57129,435.4248,472.4121,640.86914,-82.39746,-25.70343,-4.014015,209.65576,325.92773,332.88574,367.30957,-111.7096,70.48034,103.34777,210.56747,334.7931,392.74594,610.4584,-112.32758,37.077324,71.01307,210.3855,343.0832,388.7405,564.8696
196,49.0,2024-05-12 05:45:00,304.8489,-134.30786,0.16754866,78.323364,290.9546,418.2129,444.21387,602.417,-63.812256,-16.067505,11.5242,298.0957,341.6748,349.36523,399.16992,-90.516754,76.47543,164.54916,290.09085,421.90387,505.3084,628.1722,-89.55497,50.336056,125.321594,291.7782,405.48898,468.01035,579.7962
197,49.25,2024-05-12 06:00:00,301.4946,-104.55322,5.352974,71.77734,303.58887,411.9873,450.80566,665.4053,-68.984985,-0.15556812,32.958984,312.19482,342.95654,348.99902,393.31055,-82.60227,100.86941,165.7803,309.58963,476.96802,552.5906,789.34595,-82.073906,71.11277,129.81575,309.51056,443.66763,501.6938,697.7448
198,49.5,2024-05-12 06:15:00,336.4218,-100.70801,35.52246,110.22949,309.63135,417.11426,447.87598,639.4043,-73.56262,16.742706,52.871704,316.04004,345.88623,351.9287,391.8457,-71.85745,48.259735,153.82004,308.76733,440.3801,494.67087,580.73047,-75.08354,40.682602,129.27132,310.3083,419.15475,461.44296,548.82086
199,49.75,2024-05-12 06:30:00,331.4343,-79.10156,76.62964,147.49146,335.63232,422.60742,457.76367,662.4756,-41.610718,55.2063,92.14783,334.16748,353.39355,360.90088,405.0293,-86.185616,94.722595,169.79584,331.44077,444.36246,563.4726,826.77826,-76.562225,85.01003,152.0358,332.40527,423.9932,512.3873,725.99817
200,50.0,2024-05-12 06:45:00,339.4184,-57.44934,109.22241,179.1687,335.81543,415.6494,441.6504,629.5166,-13.48114,128.9978,167.3584,339.29443,357.23877,364.37988,401.7334,-90.80692,113.355675,186.1401,332.8226,476.3623,496.96167,771.9861,-72.00601,116.07078,181.68663,334.41626,446.4663,464.91418,683.6886
201,50.25,2024-05-12 07:00:00,329.4435,-60.47058,101.257324,182.55615,340.94238,431.03027,457.76367,679.3213,28.518677,188.23242,224.85352,344.6045,361.08398,368.4082,403.56445,-23.862854,58.900818,172.70087,338.14166,467.226,570.3144,770.8148,-17.04732,89.00279,184.11693,339.7143,442.37802,518.6781,688.2154
202,50.5,2024-05-12 07:15:00,320.0,-57.037354,109.49707,184.29565,335.44922,422.60742,446.04492,660.2783,44.815063,222.83936,258.54492,342.22412,361.08398,368.042,398.4375,-27.795263,159.33853,233.5878,336.64755,515.3871,622.77844,820.89856,-16.197407,167.05455,233.65,337.64304,475.2485,554.1578,720.34436
203,50.75,2024-05-12 07:30:00,329.9958,-65.78064,105.10254,179.80957,330.13916,428.1006,451.9043,654.05273,33.76007,219.17725,255.43213,336.73096,359.25293,366.21094,395.1416,-50.971672,87.63917,173.51564,325.7249,436.45508,504.021,656.36475,-35.50622,115.69313,190.52832,328.36755,420.17923,471.2473,603.889
204,51.0,2024-05-12 07:45:00,342.0,-57.724,120.025635,191.16211,336.18164,430.66406,460.32715,666.8701,48.52295,221.37451,256.16455,338.3789,358.5205,365.66162,399.53613,-43.53936,129.49532,172.342,331.16165,466.50092,524.6369,827.31024,-26.545362,146.92418,190.98853,333.10712,441.32117,486.4109,725.71136
205,51.25,2024-05-12 08:00:00,350.12,-66.78772,117.91992,197.02148,350.64697,437.25586,468.75,693.9697,90.82031,253.23486,284.729,345.88623,361.4502,369.14062,407.95898,-41.42285,68.07422,185.44482,344.16437,528.4929,623.9824,767.9033,-17.510704,110.09091,206.45934,345.157,485.96066,557.4908,688.5211
206,51.5,2024-05-12 08:15:00,357.0,-32.203674,152.16064,224.85352,357.42188,442.74902,476.44043,703.125,138.06152,288.208,315.49072,353.39355,366.02783,374.26758,417.11426,-76.14954,164.45103,185.50818,350.7401,490.83658,582.1146,908.9579,-28.91274,187.97342,215.43924,351.939,461.06607,529.97784,790.00586
207,51.75,2024-05-12 08:30:00,362.5444,-37.513733,157.37915,231.2622,364.563,441.6504,476.07422,718.13965,174.95728,310.72998,334.16748,360.16846,372.0703,381.2256,430.66406,-36.310562,38.945786,159.9785,352.61404,495.33615,609.31934,804.876,5.8226905,105.14597,201.94469,355.31982,465.31442,550.37604,721.3599
208,52.0,2024-05-12 08:45:00,353.598,-34.950256,167.90771,238.95264,369.14062,444.9463,482.66602,735.35156,197.3877,321.7163,342.59033,365.2954,377.9297,388.5498,446.04492,-4.948273,154.9028,196.28464,363.8798,487.05612,602.7788,869.7465,32.518726,189.566,229.81256,364.689,461.01987,547.9217,771.5668
209,52.25,2024-05-12 09:00:00,350.158,-12.577057,172.66846,242.79785,363.83057,442.74902,484.86328,733.8867,193.72559,317.32178,338.1958,363.46436,375.73242,385.62012,441.28418,-6.7535787,90.109215,167.74594,348.1077,509.1461,633.0169,862.63116,32.75991,143.80765,209.3411,352.7513,475.82367,568.72217,765.48724
210,52.5,2024-05-12 09:15:00,349.5607,-25.932312,158.93555,230.16357,357.42188,438.7207,477.53906,703.4912,181.18286,309.26514,331.0547,359.98535,373.35205,382.32422,435.4248,-106.50706,124.02273,187.74344,350.25473,484.649,594.0545,775.6951,-40.9116,164.5625,220.6477,352.91757,457.79675,540.0569,700.42065
211,52.75,2024-05-12 09:30:00,348.0755,-22.23587,159.11865,228.51562,353.94287,430.29785,464.72168,674.19434,177.2461,305.41992,327.57568,358.1543,372.0703,380.85938,432.86133,26.013338,118.84781,176.43448,343.30078,456.0365,540.9059,782.7882,51.434967,160.18933,211.87085,347.3357,436.6694,501.27817,701.9434
212,53.0,2024-05-12 09:45:00,348.9304,-15.403748,163.97095,230.52979,352.11182,427.00195,458.8623,651.48926,174.40796,302.85645,325.1953,356.68945,370.78857,379.39453,429.19922,-58.052437,99.78448,206.07721,344.15305,475.5169,551.6888,791.5569,-7.2954884,146.81754,232.34608,347.4562,449.71973,507.94727,705.0786
213,53.25,2024-05-12 10:00:00,325.9303,-15.357971,166.25977,230.16357,352.66113,427.73438,461.42578,660.2783,171.47827,301.7578,324.2798,356.50635,370.97168,379.39453,429.19922,-50.60575,77.56808,159.59933,344.6932,462.63885,548.1491,719.90204,-2.6641684,131.2752,199.59184,347.85263,440.81497,505.72586,655.79913
214,53.5,2024-05-12 10:15:00,137.0488,-51.361084,115.6311,189.69727,336.73096,421.5088,452.63672,634.64355,112.42676,270.813,298.64502,346.98486,366.94336,374.26758,416.01562,-80.930046,93.93568,171.20619,324.6872,457.1254,520.38837,732.4245,-39.30179,131.48068,198.54306,330.3511,435.52737,484.38904,659.36456
215,53.75,2024-05-12 10:30:00,143.5236,-114.44092,-32.318115,25.611877,198.48633,446.04492,494.38477,678.22266,-157.56226,15.129089,56.80847,316.77246,358.1543,362.36572,391.4795,-59.42337,30.115206,103.28873,184.15268,365.38135,475.42773,641.6875,-84.5529,20.874651,86.22499,212.11,372.0023,454.71106,595.2994
216,54.0,2024-05-12 10:45:00,323.8745,-122.31445,-43.693542,6.958008,182.37305,444.9463,489.62402,652.2217,-97.13745,-27.626038,-4.225731,214.78271,340.39307,349.91455,396.60645,-69.24495,52.29131,84.563644,161.41072,355.55975,427.8864,651.092,-80.130394,26.70935,59.04521,174.18137,361.4651,418.46582,600.30786
217,54.25,2024-05-12 11:00:00,307.6324,-144.28711,-18.836975,70.67871,307.43408,448.9746,492.91992,655.8838,-55.70984,-8.840561,19.546509,316.40625,383.42285,402.0996,494.01855,-93.972176,37.680656,130.33203,298.6975,394.04968,467.52075,608.2373,-91.351204,22.72465,102.20959,303.1129,397.41684,456.97644,590.1582
218,54.5,2024-05-12 11:15:00,321.9811,-123.413086,19.237518,105.92651,308.71582,429.93164,469.1162,617.0654,-78.73535,-11.569977,22.3732,316.22314,365.47852,377.9297,453.00293,-3.0975938,121.04791,169.20465,302.00763,446.701,505.5694,716.69,-30.256693,84.34329,133.51056,305.52155,428.77954,476.39615,653.9902
219,54.75,2024-05-12 11:30:00,137.6403,-98.69385,21.858215,104.278564,322.26562,415.2832,458.4961,629.1504,-98.41919,-20.244598,16.25061,316.04004,361.4502,372.80273,440.18555,47.322906,144.0026,216.4208,317.5036,435.04877,545.5529,624.10516,3.5728114,98.93872,165.17255,317.6871,418.3525,502.2972,587.8258
220,55.0,2024-05-12 11:45:00,320.2512,-97.0459,-33.943176,10.242462,190.6128,421.14258,479.0039,634.27734,-107.02515,-44.7464,-21.457672,224.4873,344.4214,353.21045,399.16992,-123.468094,50.848312,85.50102,171.26305,299.2309,386.11444,548.529,-117.537285,23.250221,56.58343,183.84286,320.46014,388.8226,527.232
221,55.25,2024-05-12 12:00:00,0.0,-153.8086,-43.785095,49.75891,308.89893,436.52344,482.2998,623.6572,-85.510254,-43.945312,-17.429352,280.51758,359.06982,372.43652,442.0166,-163.51346,-38.26931,49.987526,277.70206,340.80478,382.50705,561.76733,-146.94232,-39.956093,36.481285,281.38486,354.02963,390.47223,544.00616
222,55.5,2024-05-12 12:15:00,131.9959,-155.63965,-70.44983,-39.04724,82.214355,404.6631,442.74902,588.8672,-61.065674,-35.202026,-24.261475,147.85767,348.2666,361.2671,412.35352,-113.80005,92.33093,97.68677,87.70752,318.4204,387.81738,530.27344,-107.43713,50.546265,59.623714,99.188225,333.01392,388.0005,512.5488
223,55.75,2024-05-12 12:30:00,261.1674,-144.01245,-54.56543,-14.717102,146.75903,417.48047,453.00293,581.9092,-69.122314,-28.793335,-15.8958435,123.50464,329.95605,342.22412,378.2959,-56.96895,-2.86128,108.28374,143.8863,290.47366,362.70877,492.34744,-68.10397,-13.218106,71.14774,140.09726,311.07083,367.64127,478.49332
224,56.0,2024-05-12 12:45:00,6.3373,-146.11816,-63.12561,-4.508972,242.06543,433.95996,481.56738,637.20703,-56.350708,0.77319145,24.238586,264.0381,344.05518,355.2246,403.19824,-153.01718,86.02701,133.26822,243.63504,322.9197,406.91937,562.92523,-132.99399,54.060978,97.68457,247.55869,338.25082,404.0452,538.408
225,56.25,2024-05-12 13:00:00,69.9158,-150.6958,-63.949585,-35.957336,74.61548,409.05762,442.0166,576.0498,-82.214355,-40.168762,-26.367188,126.068115,327.7588,338.92822,370.23926,-101.145615,-12.453899,64.015526,75.18496,271.10782,312.85587,491.933,-102.314384,-23.14644,35.941692,85.30464,296.23297,330.98642,476.00592
226,56.5,2024-05-12 13:15:00,312.5819,-112.79297,-39.45923,-22.647858,95.21484,388.1836,432.86133,558.8379,-77.8656,-32.569885,-19.35196,103.08838,328.3081,344.4214,388.1836,-157.6843,-3.5094917,49.79709,87.43671,253.47903,350.43338,456.26834,-137.23143,-12.916544,28.722782,91.34486,281.9153,357.4738,452.90836
227,56.75,2024-05-12 13:30:00,347.6286,-136.77979,-57.95288,1.7952919,283.99658,443.11523,497.68066,660.2783,-49.66736,2.310276,28.10669,307.6172,362.91504,380.12695,455.2002,13.9368925,56.96668,146.13904,282.14062,399.557,456.41125,557.94324,-13.855628,34.54344,108.0982,287.4215,396.58444,445.28134,547.6281
228,57.0,2024-05-12 13:45:00,365.4148,-125.427246,6.0195923,86.517334,335.81543,430.66406,469.84863,654.05273,-25.543213,39.276123,71.82312,344.4214,381.5918,399.90234,481.9336,-72.78156,96.224785,165.53021,332.8085,423.9378,521.3957,665.6828,-68.59846,75.81453,138.8875,335.4318,416.14124,491.94232,627.76996
229,57.25,2024-05-12 14:00:00,323.8492,-51.452637,46.806335,109.03931,358.5205,448.9746,496.94824,718.13965,24.673462,141.17432,175.96436,360.71777,387.45117,403.93066,471.31348,8.359127,83.06616,158.1394,357.7873,460.2634,510.8005,633.8474,5.6408176,91.0618,156.79439,358.44672,444.57208,488.0413,609.76984
230,57.5,2024-05-12 14:15:00,337.9004,-26.870728,42.274475,102.996826,331.7871,444.58008,485.9619,722.9004,3.0269623,178.89404,216.06445,347.9004,377.19727,387.08496,423.33984,-44.742107,85.07967,168.85042,330.60693,457.05844,532.5894,616.81793,-33.401154,99.56203,171.70787,334.18365,439.83835,498.8258,588.7306
231,57.75,2024-05-12 14:30:00,334.4646,-30.899048,71.54846,144.47021,340.02686,429.56543,463.25684,659.1797,-1.3532639,145.75195,181.54907,340.75928,367.49268,376.83105,414.18457,-49.550793,112.68065,206.7053,338.21796,463.32764,525.9497,766.001,-38.046112,115.18169,195.45056,338.9071,440.7844,489.85666,684.95557
232,58.0,2024-05-12 14:45:00,351.8991,-17.76123,98.69385,170.56274,343.68896,413.81836,440.18555,609.7412,18.218994,161.31592,195.55664,339.66064,364.563,372.80273,408.3252,36.918217,148.521,202.26245,336.78775,463.8286,528.5564,721.9158,27.710426,146.09726,197.75131,338.05243,438.97446,488.56857,647.98016
233,58.25,2024-05-12 15:00:00,353.0601,-19.878387,97.50366,175.59814,349.54834,420.41016,440.18555,614.13574,68.115234,203.61328,234.1919,346.43555,366.76025,374.45068,409.79004,39.33806,173.55437,248.16985,349.3714,496.46088,577.30194,804.90204,39.17185,171.96107,238.11708,348.80194,462.9157,523.02,706.80304
234,58.5,2024-05-12 15:15:00,350.0593,-16.239166,96.221924,177.79541,354.8584,427.73438,437.98828,643.0664,117.55371,256.34766,283.26416,351.9287,369.68994,376.09863,407.22656,-10.770477,68.8804,172.88431,350.4637,472.0786,592.9282,827.3032,14.347494,109.107994,195.45139,351.1962,447.16644,534.0683,724.8642
235,58.75,2024-05-12 15:30:00,350.317,11.856079,139.25171,207.8247,357.23877,418.9453,429.93164,591.06445,147.85767,283.08105,307.25098,353.39355,370.60547,376.09863,403.93066,54.160862,164.2988,243.3088,354.55112,513.11475,581.1384,798.6677,68.66975,185.55054,252.54884,354.58835,475.19592,525.00977,698.95996
236,59.0,2024-05-12 15:45:00,346.8293,30.303955,161.13281,223.93799,357.60498,415.2832,428.1006,565.0635,165.802,294.6167,316.77246,353.94287,370.60547,375.73242,403.93066,-47.75432,130.2242,214.0865,349.83347,503.3016,578.28326,732.27496,2.762776,166.19356,235.60884,351.4325,467.96054,522.7548,649.885
237,59.25,2024-05-12 16:00:00,348.0621,0.27483702,132.75146,206.35986,354.6753,416.01562,436.52344,590.33203,171.11206,297.5464,318.96973,353.39355,370.60547,375.3662,404.29688,93.41135,176.35812,232.93771,353.0263,504.30002,622.95233,815.9455,99.63784,196.2351,247.48633,353.26465,468.73267,554.79224,711.05444
238,59.5,2024-05-12 16:15:00,348.5148,18.035889,139.52637,215.14893,357.23877,417.11426,439.0869,596.5576,178.80249,301.3916,322.08252,353.94287,370.97168,375.73242,406.49414,-3.1341836,139.13876,220.34604,352.7256,490.5182,574.0143,743.20374,35.37016,171.6281,240.17363,353.42035,459.2685,520.8652,661.1972
239,59.75,2024-05-12 16:30:00,353.2047,63.40027,184.021,246.45996,356.50635,414.55078,436.52344,582.6416,182.83081,304.13818,324.4629,354.6753,371.521,376.46484,407.95898,16.54458,150.21158,217.13663,354.46,538.3952,598.4538,946.1711,54.487396,184.37784,241.53423,354.70767,492.6359,537.863,802.17566
240,60.0,2024-05-12 16:45:00,352.2265,73.88306,201.0498,255.61523,357.23877,413.45215,435.4248,574.9512,191.89453,309.44824,329.04053,356.87256,372.98584,377.9297,411.25488,32.95324,168.17664,237.84827,353.734,499.23135,603.693,864.8014,68.83448,199.71826,257.86343,354.7122,465.4043,541.71356,745.10706
241,60.25,2024-05-12 17:00:00,355.6721,69.992065,191.52832,249.02344,356.14014,406.49414,429.19922,555.542,190.6128,309.63135,329.40674,357.42188,373.90137,378.2959,411.6211,42.04584,154.6557,240.2575,354.59543,512.81,605.2783,784.7217,74.553856,189.3381,258.96396,355.31522,474.39667,542.2739,687.1836
242,60.5,2024-05-12 17:15:00,403.6492,70.44983,193.17627,249.02344,356.87256,408.6914,432.86133,565.4297,192.62695,310.9131,330.87158,359.06982,375.0,379.76074,413.45215,-10.172635,159.19992,216.23727,351.9499,475.05685,550.31323,785.23755,38.449535,192.94019,242.44275,353.86615,448.40894,504.4575,688.89966
243,60.75,2024-05-12 17:30:00,337.5163,91.049194,235.65674,288.57422,387.81738,414.18457,432.86133,553.71094,272.82715,350.64697,364.01367,383.78906,409.05762,423.70605,492.1875,-137.97676,31.5789,125.695114,371.72018,466.2713,492.86737,744.4085,-32.913383,115.80029,189.64673,375.74368,449.61987,473.0345,674.89453
244,61.0,2024-05-12 17:45:00,351.9774,59.051514,188.96484,243.89648,343.13965,405.3955,427.00195,562.5,195.19043,305.96924,325.0122,364.7461,391.11328,396.97266,435.0586,18.91277,111.381035,183.52458,349.9217,493.24753,557.6091,737.0524,58.18218,158.05705,217.8593,352.20837,464.0355,512.4211,659.1985
245,61.25,2024-05-12 18:00:00,349.2191,70.86182,196.28906,244.4458,346.98486,400.63477,422.97363,553.71094,161.77368,290.40527,313.29346,357.7881,380.12695,385.98633,424.8047,19.640968,149.64586,216.84557,351.579,501.1168,583.0565,783.37384,53.18959,182.46207,238.89516,352.3614,466.87064,527.63416,688.6937
246,61.5,2024-05-12 18:15:00,352.4375,103.17993,226.13525,264.9536,348.81592,411.6211,442.3828,602.417,174.77417,296.26465,318.0542,358.5205,376.46484,382.32422,425.90332,-41.527996,96.89974,197.42465,345.73434,464.11774,571.5091,745.4593,16.203236,149.69627,228.30344,348.59973,441.33746,520.75946,667.24384
247,61.75,2024-05-12 18:30:00,356.9569,121.21582,244.2627,281.25,353.21045,413.45215,443.48145,597.29004,191.16211,308.1665,328.3081,359.80225,375.73242,380.85938,424.07227,12.959965,163.83887,227.01025,348.8927,514.94366,588.4605,821.5538,59.42598,200.74678,252.69382,351.50638,476.95224,532.4423,719.63104
248,62.0,2024-05-12 18:45:00,355.8966,140.89966,254.3335,289.30664,357.42188,406.86035,433.59375,579.3457,206.35986,317.32178,335.81543,361.9995,376.09863,381.2256,424.43848,69.84754,150.78015,235.55798,355.90692,493.7367,582.17664,744.7743,104.25522,194.44382,260.98434,357.27692,461.52145,527.1282,664.16425
249,62.25,2024-05-12 19:00:00,361.2673,148.68164,260.55908,293.33496,358.3374,419.31152,453.00293,624.02344,213.86719,321.5332,339.29443,362.91504,376.46484,381.2256,424.43848,-33.019424,176.17857,218.56749,356.89725,520.1422,580.7501,829.04114,34.52801,213.68755,250.18962,358.2448,481.32367,528.0705,727.61884
250,62.5,2024-05-12 19:15:00,366.3024,151.79443,262.93945,297.7295,362.54883,425.5371,462.5244,640.5029,229.98047,329.95605,346.25244,366.57715,378.6621,383.42285,430.66406,28.930866,135.86446,232.08638,367.882,542.5417,659.5461,800.7204,81.42715,187.39027,261.48392,367.0877,498.0653,584.61926,710.6874
251,62.75,2024-05-12 19:30:00,373.5431,145.29419,264.9536,301.3916,365.2954,413.08594,442.3828,604.61426,244.4458,337.8296,352.66113,370.60547,381.958,387.45117,437.98828,39.82535,147.85757,229.98038,367.886,499.69473,568.08466,777.9235,91.296326,197.5616,261.65768,368.17084,467.4865,519.38776,692.6056
252,63.0,2024-05-12 19:45:00,370.4144,158.75244,276.67236,312.74414,369.68994,403.93066,428.4668,580.81055,262.02393,346.98486,360.16846,376.09863,387.45117,393.67676,449.70703,7.1490483,150.52063,243.26355,367.86682,488.0756,530.2814,698.7384,73.28436,202.42863,273.59262,369.6955,459.53622,492.77902,637.13934
253,63.25,2024-05-12 20:00:00,370.4144,147.49146,263.67188,305.41992,366.76025,406.86035,428.833,574.58496,257.26318,344.23828,357.7881,375.0,385.62012,390.74707,443.48145,-30.586594,178.15364,227.95833,365.3704,453.4985,551.9635,731.3153,44.791164,219.9224,261.67047,367.4353,435.25906,507.40717,658.0755
254,63.5,2024-05-12 20:15:00,369.5981,137.05444,255.43213,299.92676,367.12646,419.31152,447.87598,601.31836,250.48828,341.8579,355.95703,373.90137,385.2539,390.01465,443.84766,4.2034464,152.33577,231.07112,368.8065,490.5316,537.31506,791.9232,66.745514,200.54985,262.93387,369.65747,462.35406,498.9111,703.24756
255,63.75,2024-05-12 20:30:00,369.4865,131.01196,260.9253,303.77197,365.47852,416.01562,445.3125,604.24805,245.91064,340.02686,354.6753,373.16895,385.2539,390.74707,447.50977,-5.7680907,121.49021,223.75462,366.2593,484.6799,564.9717,754.1196,58.245667,179.14105,257.9405,367.56317,457.92828,518.1608,677.8105
256,64.0,2024-05-12 20:45:00,363.9335,126.34277,267.8833,308.3496,365.66162,415.2832,443.48145,609.7412,241.88232,338.562,353.39355,372.61963,385.62012,391.4795,451.5381,26.713081,175.57784,223.55147,366.36227,498.30124,590.8611,804.54517,79.7099,217.4052,257.9997,367.5437,467.46323,536.24677,714.4633
257,64.25,2024-05-12 21:00:00,355.0795,127.16675,259.09424,298.82812,362.54883,425.90332,463.98926,647.0947,231.0791,332.51953,348.4497,369.50684,383.05664,389.28223,450.07324,17.49795,144.02383,231.54825,362.55307,512.6151,592.4491,768.23035,71.18106,193.23001,261.65652,363.9434,478.03223,538.9697,692.48535
258,64.5,2024-05-12 21:15:00,352.3724,116.82129,244.4458,285.27832,355.59082,421.875,458.8623,640.86914,209.28955,320.06836,337.8296,364.01367,379.39453,385.62012,446.41113,11.024326,131.69083,207.49649,353.659,523.17035,584.3276,771.46136,61.25707,180.64185,241.34128,355.9231,484.2856,532.03955,693.3921
259,64.75,2024-05-12 21:30:00,353.5467,109.58862,245.17822,286.19385,353.75977,418.9453,451.17188,636.4746,193.72559,309.81445,328.85742,360.53467,377.56348,384.8877,448.9746,-6.697431,115.98323,206.62044,352.10828,507.18808,605.0579,784.5013,45.01578,167.66898,239.02519,353.9587,472.4389,545.6353,702.59326
260,65.0,2024-05-12 21:45:00,354.6303,101.71509,245.17822,286.92627,353.02734,411.9873,436.88965,623.6572,194.45801,309.08203,328.125,360.35156,378.2959,386.35254,455.93262,32.19659,132.35529,210.72443,350.76578,503.327,576.75226,749.7869,71.60072,178.98293,241.8247,352.9091,469.1868,524.68604,678.4031
261,65.25,2024-05-12 22:00:00,350.0,98.41919,241.33301,282.16553,352.11182,408.6914,431.03027,614.50195,201.41602,313.65967,332.15332,361.4502,379.02832,387.81738,461.05957,14.603443,136.55168,168.32048,349.8009,475.47995,543.22894,809.0981,60.347534,182.45142,212.47154,352.36185,449.51074,500.92676,720.03076
262,65.5,2024-05-12 22:15:00,349.4675,92.9718,235.29053,276.67236,347.35107,402.0996,425.90332,603.5156,195.19043,310.9131,329.77295,359.25293,376.83105,384.8877,456.29883,3.381349,166.61987,205.43823,349.20392,488.88553,592.43164,779.9317,50.70221,202.34558,237.42859,351.02844,457.79605,534.27,697.5635
263,65.75,2024-05-12 22:30:00,349.1368,82.26013,228.51562,271.72852,346.06934,402.46582,428.1006,615.9668,185.30273,304.8706,324.646,357.23877,375.73242,384.15527,456.66504,-21.687292,134.86789,201.42673,349.21393,470.958,556.1936,722.08716,30.105461,178.2332,233.10075,350.50446,445.0637,508.97662,658.3907
264,66.0,2024-05-12 22:45:00,348.6354,78.09448,227.41699,271.3623,345.88623,406.12793,435.79102,635.7422,184.75342,303.40576,323.18115,357.05566,376.09863,385.62012,461.42578,12.588948,118.24081,205.94832,344.62497,474.56406,576.92,814.2247,53.5724,166.19142,235.9363,347.23724,448.02734,524.5471,725.81665
265,66.25,2024-05-12 23:00:00,346.4633,69.5343,223.93799,269.16504,345.3369,406.12793,434.69238,637.93945,181.73218,302.12402,322.08252,356.14014,375.73242,385.2539,462.1582,15.0172415,136.96548,196.56631,344.6214,477.8163,512.69794,810.4274,53.811935,178.69444,228.92943,346.9967,450.23068,479.40857,723.5248
266,66.5,2024-05-12 23:15:00,346.7619,69.21387,223.57178,268.98193,344.05518,405.76172,432.1289,637.93945,175.8728,298.4619,318.96973,354.8584,374.8169,384.52148,461.792,21.634184,149.2587,205.10587,345.9365,490.2926,573.69714,750.3939,57.239876,186.53065,234.26624,347.53275,458.7444,521.7052,681.4281
267,66.75,2024-05-12 23:30:00,343.401,55.664062,212.03613,260.19287,344.05518,409.05762,436.15723,647.82715,169.37256,294.4336,315.49072,353.94287,374.8169,384.8877,463.98926,-50.943172,175.83295,219.77826,343.26575,456.16742,552.38934,775.9611,3.7806966,203.1734,242.96223,345.4801,435.1863,507.2658,700.75336
268,67.0,2024-05-12 23:45:00,342.9749,39.344788,200.50049,250.48828,341.8579,415.6494,446.04492,671.9971,155.82275,286.56006,308.71582,351.5625,373.35205,383.42285,462.89062,-10.541863,116.53333,185.93031,335.02966,452.34875,554.3385,777.7272,27.719725,158.9354,216.94319,339.01907,432.8795,509.32602,704.1868
269,67.25,2024-05-13 00:00:00,300.0,24.94812,190.06348,243.34717,341.1255,420.41016,453.36914,683.7158,147.3999,279.78516,302.85645,350.46387,373.35205,384.15527,466.18652,0.56768954,139.17853,196.39899,345.03485,488.36066,568.74396,772.9066,32.372177,172.38835,222.3853,345.72974,458.56387,520.28876,702.64343
270,67.5,2024-05-13 00:15:00,334.9916,-58.410645,20.301819,85.55603,302.85645,520.01953,569.458,843.75,-54.748535,142.73071,182.55615,322.44873,387.08496,403.19824,483.76465,13.256841,143.90259,220.53223,321.75522,537.6709,644.6045,904.61426,-7.510983,131.30814,199.4394,320.00403,505.78857,588.80853,814.3579
271,67.75,2024-05-13 00:30:00,338.7331,-37.67395,51.589966,123.13843,333.43506,507.20215,545.6543,811.52344,2.4490356,76.62964,107.84912,335.99854,387.08496,407.59277,532.8369,36.712803,147.49161,194.64127,334.0246,511.3222,591.1562,790.55804,22.421375,123.72905,170.13255,334.3604,486.06277,549.8933,741.11035
272,68.0,2024-05-13 00:45:00,324.4567,-47.973633,87.20398,159.39331,336.18164,472.4121,498.04688,737.1826,55.57251,173.21777,203.43018,341.6748,377.19727,392.57812,497.68066,16.650572,141.3454,215.59467,335.78625,502.70404,583.1789,788.074,17.972538,142.30573,207.54164,337.0035,474.5735,536.5456,724.9061
273,68.25,2024-05-13 01:00:00,320.1183,-51.9104,98.14453,167.5415,329.95605,460.69336,487.06055,724.73145,45.455933,197.3877,228.88184,334.3506,370.60547,383.05664,466.55273,-34.979336,79.461586,181.81754,325.22488,454.4616,532.83075,672.7233,-20.585388,104.9151,189.8028,327.52313,438.31354,498.29892,636.69
274,68.5,2024-05-13 01:15:00,318.8299,-59.921265,80.24597,144.74487,323.36426,435.4248,471.6797,717.4072,22.865295,173.85864,206.54297,327.9419,364.7461,376.46484,453.73535,1.697883,137.28749,187.73305,319.8381,434.28455,541.3097,753.71204,-0.23054966,138.89757,187.19621,321.8115,420.4909,501.37775,690.0862
275,68.75,2024-05-13 01:30:00,319.1713,-46.714783,76.72119,147.2168,320.43457,433.59375,466.55273,693.6035,15.380859,158.93555,191.71143,325.37842,359.61914,370.05615,443.48145,-22.844912,101.849915,175.82452,318.58063,455.06036,508.34406,760.1141,-17.586744,110.754166,176.14114,320.12558,433.82544,476.50732,690.1365
276,69.0,2024-05-13 01:45:00,318.2944,-54.382324,77.27051,150.6958,320.43457,434.69238,472.77832,693.2373,14.511108,157.83691,190.6128,324.4629,355.95703,364.9292,432.49512,1.3002008,93.03604,185.5043,319.79214,451.55655,526.6298,720.5385,-1.6258702,104.41966,183.04515,320.79053,430.7502,488.90454,660.1997
277,69.25,2024-05-13 02:00:00,329.4435,-60.2417,71.91467,143.9209,319.70215,432.49512,469.48242,681.88477,10.145187,157.4707,190.7959,322.99805,353.02734,360.90088,421.5088,-18.25346,125.66744,218.41035,316.98404,464.50412,523.5556,724.7885,-16.772554,126.65282,205.43852,318.45865,439.00784,485.61734,659.8422
278,69.5,2024-05-13 02:15:00,318.4243,-75.07324,65.826416,151.51978,326.11084,428.1006,463.62305,673.0957,32.661438,172.11914,203.79639,328.4912,351.7456,358.5205,415.2832,-21.02036,104.22378,187.53677,325.26642,432.6234,520.6056,711.7677,-15.689288,113.96312,187.18698,325.99582,415.9956,482.49033,648.60364
279,69.75,2024-05-13 02:30:00,324.4561,-87.61597,52.871704,139.89258,319.51904,427.36816,462.5244,661.74316,21.125793,183.10547,216.43066,324.2798,351.3794,357.42188,403.56445,-33.504433,128.36081,185.48972,319.7089,445.49945,542.17914,719.42523,-27.989544,131.76082,187.1182,320.6041,424.8623,497.2622,650.48486
280,70.0,2024-05-13 02:45:00,319.4644,-85.83069,60.012817,141.99829,324.09668,428.1006,457.39746,649.6582,20.256042,172.3938,205.26123,324.646,349.36523,355.0415,398.8037,-87.897446,92.46145,179.07033,320.95703,452.81305,531.3653,698.3575,-66.060074,105.20306,180.6013,322.0088,429.65225,488.70377,633.5768
281,70.25,2024-05-13 03:00:00,319.4644,-94.48242,49.804688,135.04028,320.80078,427.36816,459.22852,643.7988,11.24382,169.83032,203.61328,322.26562,348.99902,354.30908,393.67676,-78.606895,71.722694,164.00786,318.953,460.08942,549.8111,731.81793,-62.224304,89.15241,169.03218,319.80026,434.5992,501.65244,655.38776
282,70.5,2024-05-13 03:15:00,298.9794,-111.328125,39.756775,133.66699,322.81494,416.01562,441.28418,621.8262,3.0441284,157.4707,191.71143,320.61768,347.9004,353.21045,390.38086,-22.210411,132.51372,171.24052,317.67053,449.92706,509.5279,750.8609,-26.071274,128.22942,171.57735,318.77438,426.13058,471.44003,665.86145
283,70.75,2024-05-13 03:30:00,299.4979,-130.46265,14.888763,110.4126,307.06787,420.41016,446.41113,621.09375,-48.706055,115.26489,152.80151,307.6172,347.53418,353.39355,387.08496,-58.99179,74.30899,153.22745,301.9234,443.54117,511.01553,738.43256,-64.081726,76.55815,148.86078,303.57663,422.02667,473.03067,656.42914
284,71.0,2024-05-13 03:45:00,298.3794,-147.2168,-0.81682205,97.961426,303.58887,426.26953,451.9043,625.1221,-74.661255,47.10388,83.54187,299.19434,342.22412,347.9004,386.71875,-77.33316,49.742035,137.63266,291.7903,407.25543,484.4344,611.8758,-83.78714,44.15852,122.847374,294.451,396.1506,453.87457,568.169
285,71.25,2024-05-13 04:00:00,298.3794,-153.8086,-7.833481,92.33093,302.49023,425.5371,451.5381,616.333,-78.46069,20.713806,55.93872,295.89844,340.57617,346.25244,387.81738,-73.324715,84.69531,146.85962,296.53546,416.48242,481.48486,686.9292,-82.40029,62.646126,123.22257,297.00354,402.20663,451.44366,620.0472
286,71.5,2024-05-13 04:15:00,294.0023,-134.21631,19.294739,113.52539,305.60303,418.5791,441.6504,596.1914,-77.40784,12.554169,47.195435,295.71533,340.94238,346.61865,388.1836,-89.437996,24.270506,114.266846,289.80206,418.31348,487.16113,696.8169,-91.50979,21.42966,100.77842,292.56482,402.86584,454.5016,625.02765
287,71.75,2024-05-13 04:30:00,0.0,-136.23047,16.651154,110.87036,302.85645,413.81836,436.15723,593.2617,-80.24597,6.752014,41.130066,293.33496,341.4917,347.53418,388.1836,-26.24917,70.979836,133.6019,291.41022,401.3021,470.33286,693.17224,-48.04666,52.7014,112.83437,292.9398,390.59164,442.35556,622.1835
288,72.0,2024-05-13 04:45:00,0.0,-173.49243,-79.01001,-37.971497,80.61218,419.67773,454.46777,633.91113,-87.249756,-41.931152,-26.641846,153.9917,328.67432,335.81543,360.16846,-187.13379,-11.152267,9.561539,60.287476,261.84082,331.7871,548.2178,-165.79285,-24.093817,-2.4324422,81.06079,290.9912,344.86084,519.17725
289,72.25,2024-05-13 05:00:00,0.0,-197.3877,-95.85571,-62.7594,48.843384,407.59277,435.4248,592.8955,-70.54138,-47.01233,-40.992737,20.679474,322.99805,336.54785,370.05615,-163.51318,-33.64563,9.744644,36.575317,223.02246,324.646,452.2705,-148.30627,-42.53998,-7.6532373,34.622955,261.4746,338.10425,449.89014
290,72.5,2024-05-13 05:15:00,0.0,-241.69922,-131.01196,-93.15491,36.18622,410.88867,435.79102,588.13477,-70.22095,-47.058105,-41.70227,11.936188,317.8711,332.88574,372.25342,-97.961426,-24.627686,1.5077591,25.611877,190.6128,236.38916,487.42676,-106.78711,-39.752197,-16.600515,23.934174,238.09206,275.62866,474.46292
291,72.75,2024-05-13 05:30:00,0.0,-257.4463,-141.17432,-101.80664,32.318115,417.48047,445.3125,604.61426,-70.17517,-47.10388,-41.58783,12.72583,313.65967,328.3081,368.2251,-192.81006,-86.242676,-18.45932,25.33722,178.61938,250.85449,404.29688,-174.7467,-83.90808,-31.419754,23.51303,229.51355,285.79102,417.11426
292,73.0,2024-05-13 05:45:00,0.0,-216.61377,-119.11011,-93.47534,25.405884,403.93066,446.77734,614.50195,-69.122314,-46.76056,-41.22162,11.741638,311.8286,326.11084,365.2954,-168.36548,-68.38989,-25.039673,26.59607,213.68408,308.5327,516.72363,-153.34167,-69.13605,-35.11963,23.506165,252.33765,325.8728,496.21582
293,73.25,2024-05-13 06:00:00,298.3803,-209.47266,-111.23657,-89.35547,28.35846,407.59277,453.73535,623.291,-68.06946,-46.34857,-40.786743,10.4084015,310.18066,324.09668,362.18262,-180.54199,-57.907104,-10.248184,29.754639,215.69824,294.4336,483.39844,-160.94055,-60.928345,-24.266624,25.745773,253.78418,316.2964,473.14453
294,73.5,2024-05-13 06:15:00,324.4561,-226.86768,-108.76465,-39.024353,265.50293,456.29883,521.8506,735.35156,-37.216187,-23.80371,-8.234024,264.5874,338.0127,349.18213,411.25488,-92.36676,26.468687,113.53534,253.70258,335.50494,389.2006,580.54584,-94.78674,2.8908737,73.9255,257.05957,348.08588,394.46194,562.1682
295,73.75,2024-05-13 06:30:00,324.4519,-205.62744,-62.576294,13.572693,316.04004,458.4961,519.6533,766.1133,-33.64563,0.40268898,26.138306,318.0542,350.09766,357.7881,410.15625,-91.925766,47.05129,119.74416,312.1537,411.29385,484.6734,700.18854,-91.63991,26.75881,90.40584,313.7224,403.77484,462.79434,648.77454
296,74.0,2024-05-13 06:45:00,299.4979,-157.92847,-25.222778,56.854248,327.7588,471.31348,525.5127,807.8613,-34.698486,38.726807,70.67871,331.4209,357.60498,364.01367,406.86035,-96.69069,70.301506,149.49461,320.78122,425.80078,523.85376,692.4939,-90.41602,54.434135,124.4674,323.6069,416.71292,492.0516,646.90393
297,74.25,2024-05-13 07:00:00,319.4644,-149.41406,-23.426056,60.058594,314.02588,477.53906,535.0342,848.87695,-55.023193,46.64612,80.93262,318.0542,359.06982,366.39404,404.29688,-45.289703,47.54477,145.6893,301.8797,445.98224,536.98566,722.8377,-57.648838,40.267956,124.17489,306.32922,431.75546,502.67218,671.73346
298,74.5,2024-05-13 07:15:00,303.1566,-158.29468,12.943268,111.78589,331.0547,459.96094,502.4414,783.6914,-43.624878,36.643982,70.129395,325.0122,362.73193,371.7041,418.9453,-27.337364,101.9351,169.68413,319.11267,469.794,547.2476,697.3941,-43.690598,79.97769,143.98335,321.48676,447.3983,507.6583,650.33405
299,74.75,2024-05-13 07:30:00,296.285,-154.72412,19.21463,115.6311,319.88525,462.1582,502.80762,785.15625,-44.60907,53.28369,87.9364,321.8994,364.01367,373.35205,421.14258,-102.23892,81.23276,169.58115,306.60413,468.1346,543.2079,695.3685,-95.96147,69.44113,147.8572,310.99127,446.7128,505.19666,649.5021
300,75.0,2024-05-13 07:45:00,318.8524,-143.55469,10.1623535,109.13086,317.8711,464.35547,494.38477,786.6211,-50.994873,45.89081,80.61218,317.13867,364.01367,373.90137,422.97363,-79.81362,74.36118,143.39195,298.95578,439.4735,521.68787,695.08875,-80.42398,62.247223,127.40989,304.4839,426.86972,489.40024,649.819
301,75.25,2024-05-13 08:00:00,318.3315,-123.413086,35.820007,134.85718,337.46338,468.3838,496.58203,803.4668,-31.082153,55.984497,90.4541,329.04053,367.30957,377.9297,433.22754,-78.8527,83.92806,169.98764,320.33298,460.48447,530.3392,750.6151,-73.75463,73.52854,150.56789,323.7875,442.6394,496.4816,692.4228
302,75.5,2024-05-13 08:15:00,329.9958,-103.637695,68.93921,158.47778,340.94238,459.96094,489.99023,771.24023,-16.971588,97.595215,133.57544,333.25195,369.14062,379.76074,432.1289,-56.302273,44.58884,139.25436,315.19583,453.28027,539.15674,723.72705,-53.169674,57.62515,140.04092,321.3817,437.12042,502.36087,670.15875
303,75.75,2024-05-13 08:30:00,330.0,-96.40503,77.8656,167.1753,349.54834,456.29883,491.8213,763.916,9.344101,138.8855,174.77417,340.20996,370.42236,380.85938,431.7627,-33.10235,85.549995,162.08809,327.64117,477.48724,555.2155,776.4069,-30.943327,95.448654,165.13402,332.34564,453.95544,514.0049,706.22894
304,76.0,2024-05-13 08:45:00,325.89,-73.013306,86.1969,176.78833,351.01318,457.39746,500.97656,796.875,33.00476,186.76758,222.29004,342.04102,370.78857,380.85938,426.63574,-49.760746,128.58398,164.93042,329.0294,480.14648,591.2915,726.24023,-35.532898,135.982,177.58815,333.8301,456.0,540.1736,673.3828
305,76.25,2024-05-13 09:00:00,201.0358,-58.59375,97.32056,187.04224,349.54834,454.46777,499.51172,804.1992,41.015625,207.09229,242.43164,340.20996,369.87305,379.39453,422.2412,-44.53236,75.76794,169.24327,323.26074,467.8883,552.02527,669.02966,-28.8289,104.188065,185.66084,329.27933,446.9432,512.24774,633.1889
306,76.5,2024-05-13 09:15:00,297.2033,-119.75098,-8.4171295,67.06238,249.93896,461.42578,512.6953,813.7207,-124.420166,53.237915,94.39087,300.65918,363.28125,372.0703,402.46582,-134.04723,54.917625,109.16262,230.40134,403.0011,459.7638,681.1383,-130.69218,48.248207,101.99824,246.40666,400.8996,447.51825,638.66205
307,76.75,2024-05-13 09:30:00,170.5086,-117.73682,13.584137,100.15869,305.41992,453.73535,500.61035,777.83203,-63.308716,0.11783838,31.974792,306.33545,366.94336,379.39453,442.3828,-133.82697,32.799015,107.32294,284.78647,423.63766,485.98508,696.3733,-118.114296,24.34129,91.53688,291.15964,415.30856,466.1295,653.72107
308,77.0,2024-05-13 09:45:00,0.0,-157.65381,-54.4281,12.073517,212.95166,465.0879,517.45605,811.52344,-80.24597,-10.053635,15.575409,227.6001,353.21045,365.2954,411.9873,-100.30438,13.221011,82.16022,197.10468,384.00958,469.88605,669.2879,-102.02763,1.8011705,61.83459,204.78845,385.95758,453.72488,632.05133
309,77.25,2024-05-13 10:00:00,55.6016,-193.17627,-84.6405,-51.498413,70.17517,442.3828,480.10254,760.2539,-62.301636,-29.708862,-18.436432,62.25586,337.8296,352.84424,391.8457,-211.66992,-69.44275,-16.902924,46.806335,244.6289,337.46338,470.94727,-179.9469,-63.01575,-20.669176,52.233128,283.04443,354.80347,484.05765
310,77.5,2024-05-13 10:15:00,50.2025,-209.47266,-97.50366,-58.95996,82.53479,414.18457,444.58008,676.7578,-55.2063,-23.94104,-14.030457,55.2063,341.1255,359.98535,413.81836,-280.76312,-124.024864,-47.761436,55.76146,201.0789,273.31403,468.68756,-228.52272,-101.35599,-42.135098,58.327766,250.39879,307.77487,478.52075
311,77.75,2024-05-13 10:30:00,6.8383,-252.13623,-128.63159,-85.64758,74.3866,423.33984,450.80566,665.7715,-54.519653,-25.33722,-15.804291,51.589966,337.09717,356.50635,415.2832,-246.61147,-102.599014,-34.941544,60.622345,188.44713,250.8861,447.9076,-208.74557,-89.74991,-36.1847,60.19229,241.66641,292.00208,463.1691
312,78.0,2024-05-13 10:45:00,0.0,-270.26367,-140.99121,-101.257324,38.978577,402.0996,439.0869,648.5596,-57.86133,-32.75299,-24.673462,23.403168,330.50537,348.81592,403.56445,-197.69052,-84.62288,-42.783283,41.216354,207.88809,259.15762,437.13614,-176.982,-79.885735,-45.00872,37.429935,251.8327,295.0822,451.56415
313,78.25,2024-05-13 11:00:00,0.0,-269.16504,-144.28711,-110.87036,23.231506,388.91602,436.52344,626.9531,-59.051514,-36.52954,-29.22821,13.320923,325.56152,342.95654,397.70508,-268.61572,-122.49756,-53.42102,25.062561,205.81055,279.05273,454.83398,-226.75781,-107.48291,-54.32739,22.531128,248.0713,307.58057,460.6201
314,78.5,2024-05-13 11:15:00,0.0,-268.2495,-140.89966,-107.666016,21.11435,390.74707,436.52344,618.16406,-59.509277,-38.772583,-31.929016,8.834839,320.80078,337.64648,391.4795,-185.48584,-98.14453,-62.805176,21.949768,206.35986,269.16504,439.81934,-168.5669,-90.545654,-61.116028,19.24324,247.68677,299.59717,447.98587
315,78.75,2024-05-13 11:30:00,300.0157,-291.687,-155.5481,-119.659424,21.846771,399.90234,455.93262,629.5166,-60.195923,-41.038513,-34.561157,4.7063828,316.77246,332.70264,384.52148,-199.76807,-109.22241,-60.97412,8.7890625,153.16772,219.17725,338.74512,-181.04553,-100.2182,-61.560055,9.278297,210.56213,265.55786,376.97754
316,79.0,2024-05-13 11:45:00,299.999,-314.9414,-159.30176,-82.94678,251.0376,468.01758,554.8096,750.7324,-36.04889,-24.925232,-9.252548,245.36133,358.7036,379.02832,472.4121,-191.0732,-38.18013,39.822803,239.1331,305.13977,352.97894,484.4029,-172.45515,-47.64131,17.730774,241.5692,332.14032,378.3719,508.63766
317,79.25,2024-05-13 12:00:00,1.8032001,-320.80078,-165.802,-65.64331,282.34863,478.27148,566.5283,811.52344,-56.9458,-29.846191,-6.6776276,268.98193,353.57666,368.4082,446.77734,-279.71292,-134.69339,-44.239285,256.603,292.97806,343.7383,565.13574,-239.2683,-116.834816,-38.867355,261.65335,323.6271,370.9513,566.1028
318,79.5,2024-05-13 12:15:00,238.86479,-225.58594,-94.39087,-59.509277,64.04114,409.42383,467.65137,660.64453,-44.952393,-36.643982,-30.73883,69.76318,330.32227,343.32275,385.2539,-116.849144,-22.549828,5.791466,76.09824,301.9131,342.7456,492.8921,-113.34347,-32.55276,-8.044667,73.62552,318.34598,355.3516,488.13968
319,79.75,2024-05-13 12:30:00,115.6135,-235.10742,-112.701416,-45.34149,218.07861,446.04492,511.23047,697.99805,-41.862488,-19.088745,-6.6833496,166.44287,333.25195,347.7173,398.4375,-95.485794,6.1377435,75.44316,220.38258,326.435,382.05328,516.8189,-98.7233,-10.791471,46.939396,209.36426,339.75937,388.1038,511.26053
320,80.0,2024-05-13 12:45:00,3.0629,-249.75586,-111.694336,-46.25702,146.85059,437.25586,479.73633,665.7715,-57.44934,-27.648926,-16.765594,96.221924,322.99805,336.54785,370.60547,-223.31473,-63.5552,11.060279,135.46901,286.72556,349.9885,527.2346,-192.78577,-61.18786,-0.23662601,128.75775,309.03308,360.27515,509.76245
321,80.25,2024-05-13 13:00:00,2.5767,-246.09375,-112.88452,-59.646606,55.343628,418.9453,447.50977,645.6299,-64.13269,-45.50171,-38.635254,24.879456,314.20898,328.3081,358.88672,-175.55649,-41.77505,-2.6648679,46.43601,233.04338,306.83487,473.27774,-160.32544,-49.63133,-15.557119,43.015457,267.86667,325.19702,467.63474
322,80.5,2024-05-13 13:15:00,2.5697,-195.00732,-86.70044,-55.480957,30.303955,401.3672,425.90332,625.8545,-65.68909,-44.86084,-37.765503,22.212982,315.30762,332.15332,372.43652,-137.13278,-30.771383,19.880167,46.041363,236.7686,329.41998,548.231,-128.63148,-39.182182,0.81491935,39.701942,268.93625,339.615,520.8345
323,80.75,2024-05-13 13:30:00,51.2573,-213.50098,-101.34888,-63.308716,31.562805,428.4668,447.87598,645.9961,-66.467285,-43.46466,-35.865784,24.307251,316.58936,335.083,381.5918,-171.3805,-61.196777,25.11456,41.525387,267.70642,351.75183,522.95544,-154.60991,-61.665565,4.076163,37.085503,293.55905,358.0305,506.9868
324,81.0,2024-05-13 13:45:00,195.5861,-203.43018,-97.961426,-63.720703,68.20679,426.26953,457.03125,647.46094,-63.079834,-35.339355,-26.229858,50.949097,320.43457,340.02686,393.31055,-193.00539,-65.9302,-26.013208,69.922615,278.30807,376.0864,523.6694,-168.06276,-63.015156,-29.827288,65.95632,301.5295,376.96896,509.97678
325,81.25,2024-05-13 14:00:00,27.6739,-171.84448,-83.90808,-43.73932,185.02808,460.69336,513.0615,704.22363,-50.628662,-16.788483,-1.1658669,179.44336,338.1958,357.9712,425.5371,-146.63802,-46.113117,34.911053,179.83904,327.8798,372.92374,553.5573,-129.95679,-44.027683,19.830631,180.27881,343.22437,383.947,543.0199
326,81.5,2024-05-13 14:15:00,49.9778,-131.56128,-50.03357,-41.038513,68.20679,425.5371,460.32715,664.67285,-69.39697,-38.772583,-28.61023,51.9104,318.96973,334.5337,371.3379,-175.75627,-38.518726,24.4295,73.49605,267.54205,327.78375,536.70715,-150.0649,-39.72098,7.274753,68.64999,293.6271,342.3881,516.4299
327,81.75,2024-05-13 14:30:00,0.0,-137.96997,-60.97412,-49.89624,73.287964,410.15625,445.3125,630.98145,-66.970825,-38.085938,-28.72467,44.10553,318.0542,335.44922,378.2959,-177.8054,-63.547596,-6.0982537,65.8622,227.22389,310.9031,469.2893,-151.65494,-58.197918,-15.003336,62.253433,263.6832,329.25327,467.25986
328,82.0,2024-05-13 14:45:00,5.0005,-151.70288,-67.06238,-64.086914,27.626038,385.2539,411.6211,594.72656,-71.04492,-43.99109,-35.362244,23.712158,314.20898,331.9702,375.3662,-210.20508,-78.96423,-26.527405,33.233643,154.26636,253.96729,448.6084,-176.52283,-70.77942,-32.050323,30.768583,209.35365,285.33325,448.57178
329,82.25,2024-05-13 15:00:00,177.898,-186.85913,-87.70752,-76.538086,21.73233,383.05664,406.49414,591.43066,-72.32666,-44.425964,-35.591125,24.124146,313.65967,331.9702,378.2959,-249.88231,-107.884026,-80.280876,22.807508,166.95729,259.88333,455.43994,-208.06886,-93.17476,-70.96865,22.963318,217.90768,288.9618,453.6102
330,82.5,2024-05-13 15:15:00,0.3597,-142.45605,-62.667847,-42.434692,156.46362,419.31152,456.66504,647.0947,-54.840088,-17.669678,-2.4204254,164.42871,331.7871,351.3794,417.11426,-176.41109,-69.11128,4.2224565,156.08556,288.76837,348.09454,489.54352,-148.70139,-58.178616,-1.7718352,157.79199,310.42642,359.60855,490.81277
331,82.75,2024-05-13 15:30:00,173.5547,-135.68115,-56.9458,-59.280396,35.499573,387.45117,412.35352,595.0928,-77.0874,-45.570374,-35.40802,38.45215,313.11035,328.4912,363.09814,-215.15543,-41.434124,5.7355623,45.861412,214.77621,307.42758,458.85577,-179.59439,-43.812542,-8.99475,43.343372,251.71053,322.1329,453.32794
332,83.0,2024-05-13 15:45:00,179.8761,-118.011475,-42.57202,-20.015717,160.03418,404.6631,436.52344,626.5869,-55.755615,-16.616821,-1.6379356,156.46362,330.87158,349.54834,409.05762,-219.02342,-77.849106,29.725359,155.6447,255.72328,352.72342,578.9502,-176.26868,-62.07494,18.478592,156.24744,285.6469,360.46838,549.73535
333,83.25,2024-05-13 16:00:00,324.0481,-132.2937,-61.431885,-29.800415,189.33105,414.55078,457.39746,663.208,-60.653687,-14.259338,4.3945312,186.67603,334.3506,351.01318,406.86035,-100.458374,-21.906126,64.4281,181.84448,322.6068,392.46155,579.77844,-95.68097,-24.329346,42.998535,183.55946,334.14996,390.66544,553.5378
334,83.5,2024-05-13 16:15:00,234.9712,-125.88501,-17.944336,54.56543,312.01172,428.4668,458.12988,696.167,-20.656586,20.61081,47.927856,317.8711,372.61963,390.74707,466.91895,-159.35036,35.47387,96.08178,296.67383,388.08923,494.42773,650.70825,-128.26506,27.159433,82.29936,302.44705,389.03305,470.0618,618.4963
335,83.75,2024-05-13 16:30:00,318.2514,-96.49658,-17.635345,38.31482,259.09424,413.08594,450.07324,722.16797,-70.58716,17.944336,47.790527,276.12305,353.02734,364.01367,405.0293,-83.2661,22.751972,98.92385,247.11339,407.45657,509.2632,702.62256,-82.05336,17.751713,82.63628,254.1134,397.13364,474.2943,645.0585
336,84.0,2024-05-13 16:45:00,321.9312,-64.22424,24.902344,99.42627,320.25146,425.1709,447.87598,707.88574,-36.78131,24.261475,54.885864,314.5752,365.2954,378.6621,436.88965,-48.32574,52.748478,110.97602,305.38824,433.24167,522.9634,637.5874,-47.60671,44.266464,98.60301,308.71194,418.84537,486.5944,604.47766
337,84.25,2024-05-13 17:00:00,348.7865,-51.68152,50.39978,128.08228,331.0547,444.58008,473.87695,747.80273,-6.1740875,73.10486,105.285645,330.68848,367.49268,379.02832,434.69238,-118.62054,84.44343,121.06452,316.08044,439.85117,515.65686,725.1295,-89.43735,78.77135,118.61053,320.49945,425.85236,484.15314,669.3094
338,84.5,2024-05-13 17:15:00,333.2278,-27.122498,111.968994,189.88037,357.05566,440.55176,460.69336,702.7588,50.354004,157.74536,189.33105,347.35107,371.3379,381.5918,431.7627,-97.990845,75.77625,148.1029,338.48682,476.2279,563.7523,745.39294,-61.23504,95.78935,160.52629,342.11658,451.6823,517.0143,678.40344
339,84.75,2024-05-13 17:30:00,327.6098,-27.145386,97.41211,179.3518,347.9004,438.7207,460.32715,721.06934,70.35828,221.55762,252.86865,343.68896,369.32373,376.83105,413.08594,-186.79172,-18.517792,58.93582,310.5113,400.42752,471.83865,645.23956,-119.39708,41.090282,109.76399,320.88574,398.03607,451.68597,606.3918
340,85.0,2024-05-13 17:45:00,322.0108,-31.12793,94.20776,178.9856,341.1255,420.77637,432.1289,664.30664,51.04065,208.55713,241.1499,336.54785,364.9292,372.0703,406.12793,-71.19392,103.85491,139.92668,327.2872,466.76996,531.5893,741.06195,-42.740402,123.83064,164.07721,330.52316,441.8025,489.73944,666.3996
341,85.25,2024-05-13 18:00:00,328.3191,-41.038513,93.933105,176.14746,335.2661,419.31152,436.15723,668.33496,29.685974,179.99268,213.50098,330.68848,360.90088,368.042,405.0293,-46.763622,67.494194,157.21587,322.01633,443.95908,522.8775,698.10944,-30.901192,92.63778,170.36604,325.07574,424.88266,483.2384,636.516
342,85.5,2024-05-13 18:15:00,333.862,-1.5707016,141.63208,210.9375,338.562,428.1006,453.73535,684.44824,32.821655,169.83032,202.69775,331.604,359.43604,366.39404,408.6914,-120.65553,71.78832,139.72044,322.18506,451.27444,507.57938,788.64624,-78.051605,98.3811,159.4376,325.70654,430.58936,473.9579,702.2355
343,85.75,2024-05-13 18:30:00,336.8078,-1.6851425,138.97705,213.13477,344.6045,425.5371,449.34082,680.4199,57.128906,192.62695,223.93799,336.73096,359.98535,366.39404,409.79004,-62.012024,85.20477,157.53143,330.31146,438.9645,515.86884,690.00214,-32.15115,112.06644,176.37308,333.02466,421.82596,479.32108,633.00146
344,86.0,2024-05-13 18:45:00,341.8556,31.74591,171.02051,235.65674,345.88623,422.60742,450.43945,673.8281,84.77783,226.13525,255.79834,340.75928,361.08398,366.94336,407.95898,-34.53009,69.107605,157.6391,332.6679,436.32562,523.5754,702.4694,-4.0409045,110.70442,185.07271,335.608,419.90546,484.9354,640.7032
345,86.25,2024-05-13 19:00:00,341.4566,39.413452,180.35889,244.07959,350.46387,427.73438,459.22852,689.5752,112.88452,255.06592,282.53174,345.1538,362.18262,367.49268,408.6914,-15.56629,111.69201,170.92664,339.1419,470.48718,571.83606,784.2384,15.621848,147.23349,200.56294,341.47647,444.551,519.7066,699.66266
346,86.5,2024-05-13 19:15:00,346.459,53.28369,201.59912,255.98145,348.4497,428.4668,466.18652,693.6035,133.30078,275.75684,301.3916,347.9004,363.09814,368.042,409.42383,-33.543392,135.09674,200.37384,348.9811,518.8858,612.8189,810.9391,8.508154,169.87901,226.13817,348.71182,478.68634,549.20026,718.90247
347,86.75,2024-05-13 19:30:00,352.0241,67.0166,211.48682,264.5874,353.75977,434.32617,475.708,701.66016,160.12573,294.7998,318.0542,352.11182,364.563,369.32373,412.71973,5.8828444,119.95755,181.29788,345.66437,510.97928,540.36774,661.21735,42.8448,164.07893,216.9781,347.76337,474.03073,499.69296,615.5621
348,87.0,2024-05-13 19:45:00,346.6534,83.358765,231.0791,278.86963,354.6753,418.9453,450.43945,646.3623,188.78174,314.20898,334.5337,357.05566,367.30957,371.8872,417.11426,-55.568665,81.94354,181.09515,347.1289,453.83075,513.9809,698.09344,7.1941595,143.31018,221.5603,349.86893,433.038,479.20804,636.7245
349,87.25,2024-05-13 20:00:00,344.6179,63.949585,213.86719,265.86914,347.7173,407.22656,428.833,607.17773,183.83789,313.47656,333.98438,354.8584,367.67578,371.8872,415.2832,-24.31827,108.066986,192.57016,340.69104,467.13684,523.71643,666.3556,26.139748,159.72893,228.18289,344.22714,441.2536,483.86224,610.2233
350,87.5,2024-05-13 20:15:00,343.546,71.04492,215.88135,265.31982,345.3369,409.79004,436.15723,618.8965,169.55566,303.03955,324.8291,352.29492,366.76025,371.3379,416.38184,-68.468056,61.719933,150.7092,340.8728,468.85498,529.55444,722.9138,-6.9120135,125.4,196.99423,343.60364,442.52954,488.57138,651.2057
351,87.75,2024-05-13 20:30:00,346.6476,69.992065,216.97998,263.67188,343.87207,413.08594,442.3828,633.5449,162.23145,295.89844,318.2373,351.01318,365.84473,370.60547,418.9453,-20.284586,136.08748,187.63168,338.64218,458.35315,505.77747,759.92786,25.246286,176.13893,221.35681,341.63934,435.3247,472.40363,679.093
352,88.0,2024-05-13 20:45:00,342.0675,82.214355,226.31836,271.5454,346.80176,416.01562,450.43945,648.19336,170.56274,299.56055,320.9839,352.84424,366.02783,371.3379,423.33984,-3.2669306,102.56803,204.924,340.69098,473.5397,559.5993,697.84393,40.047134,154.34157,234.79813,343.7327,446.28488,511.031,637.9781
353,88.25,2024-05-13 21:00:00,342.4783,83.77075,223.75488,268.0664,343.13965,417.11426,454.10156,661.37695,161.59058,295.89844,318.0542,350.28076,365.1123,370.23926,421.875,6.0689673,136.07385,186.88562,338.14505,454.31113,555.7516,719.9972,44.94347,176.80687,221.23741,341.07166,432.75168,508.48407,654.51074
354,88.5,2024-05-13 21:15:00,336.9,83.45032,220.45898,266.60156,343.50586,412.35352,443.84766,638.6719,157.37915,290.77148,313.29346,349.54834,364.563,370.05615,424.43848,-83.05881,90.891396,173.74661,337.52588,482.46243,576.1209,809.7635,-18.320297,143.82416,210.94148,340.52835,451.87167,521.6806,715.5893
355,88.75,2024-05-13 21:30:00,342.4783,79.28467,217.16309,262.93945,341.3086,429.19922,472.4121,693.6035,142.27295,281.25,305.0537,346.25244,363.09814,368.7744,423.70605,-25.465742,122.30037,223.9239,337.45108,504.34995,571.09186,789.5367,18.557041,163.57657,244.05142,339.59714,468.5845,520.76044,706.7772
356,89.0,2024-05-13 21:45:00,342.1931,74.24927,216.43066,263.30566,344.05518,427.36816,466.91895,684.08203,148.49854,281.4331,304.5044,348.2666,363.46436,369.87305,430.29785,-29.225798,104.07499,162.57718,336.28134,478.70877,560.19073,777.5369,16.666576,150.78218,201.03548,339.45578,450.52582,512.8,698.7436
357,89.25,2024-05-13 22:00:00,339.9856,75.48523,219.90967,265.31982,344.4214,421.875,456.29883,668.33496,158.02002,289.85596,312.01172,349.54834,363.83057,370.05615,432.1289,-9.735592,100.860115,191.58887,337.04614,480.98706,576.2019,788.60425,32.337616,150.56424,223.04654,340.28412,451.64453,522.9824,705.2822
358,89.5,2024-05-13 22:15:00,335.0,73.19641,214.96582,260.7422,340.57617,406.86035,435.4248,630.61523,157.2876,290.9546,313.11035,348.6328,363.09814,369.32373,430.29785,38.7771,145.16138,188.28271,335.2792,466.60303,544.5144,757.8322,65.921135,181.30046,220.49419,338.4796,439.9278,498.56732,679.60364
359,89.75,2024-05-13 22:30:00,337.0,60.2417,203.79639,253.05176,337.8296,415.2832,448.2422,658.44727,136.50513,277.9541,301.94092,344.6045,361.6333,368.042,428.833,-55.014656,112.52685,185.95215,330.471,445.0464,541.35986,730.5078,-5.185062,154.73926,215.85985,334.03354,425.38745,497.38452,662.9668
360,90.0,2024-05-13 22:45:00,337.4234,47.88208,198.12012,249.75586,338.1958,415.2832,448.2422,662.1094,127.16675,267.15088,291.687,343.87207,361.2671,368.5913,434.32617,-37.999996,71.13087,156.82422,329.10358,423.0138,490.35083,742.3955,3.6215634,123.0338,193.08995,332.9665,409.8914,461.78806,672.753
361,90.25,2024-05-13 23:00:00,339.4184,35.339355,188.41553,242.98096,337.8296,416.74805,451.5381,669.4336,126.068115,265.86914,290.77148,344.23828,361.4502,369.14062,437.98828,8.93218,95.90728,166.586,331.88733,451.9559,518.05695,806.1734,35.000084,139.15048,199.06258,334.95175,430.33398,481.62183,718.8624
362,90.5,2024-05-13 23:15:00,339.9874,31.951904,193.35938,247.00928,338.92822,410.52246,440.18555,654.78516,131.37817,270.08057,294.2505,345.52002,361.9995,370.05615,441.28418,-32.285706,84.53558,152.83392,333.06122,456.51434,533.8764,676.51556,6.870832,132.52696,190.53476,336.13968,433.01218,491.7433,627.29626
363,90.75,2024-05-13 23:30:00,339.9874,25.84076,188.04932,244.07959,339.84375,418.2129,451.17188,673.8281,131.83594,272.64404,296.99707,345.52002,361.8164,369.87305,441.28418,-57.351486,93.89363,156.3326,332.52585,482.99277,573.99615,770.6514,-11.194775,139.05928,193.2402,335.85648,452.2795,520.8891,695.09564
364,91.0,2024-05-13 23:45:00,331.9941,12.966156,182.83081,240.9668,339.66064,417.11426,448.2422,670.5322,129.36401,271.5454,295.89844,345.3369,361.6333,370.05615,442.3828,-106.05754,52.6949,146.07869,329.52176,429.93796,537.37506,787.1309,-47.070858,109.4786,185.53146,333.69867,414.99466,494.99802,706.5214
365,91.25,2024-05-14 00:00:00,330.0,-6.4201355,165.16113,226.13525,333.61816,420.04395,451.9043,681.15234,100.06714,253.96729,280.8838,340.20996,359.06982,367.30957,436.52344,-43.3721,76.92819,180.56589,329.28186,470.33026,561.059,808.0683,-10.989057,121.1593,205.1864,331.9011,443.04956,511.39365,721.06775
366,91.5,2024-05-14 00:15:00,339.9874,-57.266235,113.342285,187.6831,331.7871,425.90332,455.5664,669.4336,3.7221909,181.45752,216.61377,327.20947,360.35156,369.87305,437.25586,-9.477541,116.31592,166.66992,337.90787,544.5996,628.8281,865.03424,-11.616464,129.04688,178.76,335.1561,495.88037,559.71094,759.91846
367,91.75,2024-05-14 00:30:00,340.442,-28.793335,147.2168,217.5293,343.13965,427.36816,453.73535,660.2783,34.584045,148.59009,179.53491,338.562,362.36572,373.71826,464.35547,-46.365158,112.9366,148.82527,336.99188,492.14804,623.98395,790.4268,-28.418133,123.495316,161.83762,337.9207,459.7136,556.90594,712.1977
368,92.0,2024-05-14 00:45:00,340.0,-30.258179,148.49854,219.17725,342.59033,424.8047,450.07324,643.0664,66.101074,208.92334,239.13574,342.77344,360.71777,369.50684,448.9746,12.683183,92.70027,180.40779,335.02606,491.41245,568.5914,715.25885,19.072626,121.52471,196.03032,337.33194,458.61273,516.92267,654.7828
369,92.25,2024-05-14 01:00:00,342.9849,-41.72516,130.00488,202.88086,340.02686,424.43848,451.5381,644.53125,74.34082,228.51562,258.36182,343.13965,359.43604,367.49268,439.45312,1.437977,122.470695,178.0432,336.5696,466.0681,557.3462,795.20026,11.702233,144.4331,196.59068,338.22934,440.57877,508.79468,708.9839
370,92.5,2024-05-14 01:15:00,339.9874,-45.24994,116.45508,193.54248,341.3086,430.66406,462.89062,661.01074,86.47156,239.50195,268.2495,344.9707,359.61914,367.49268,437.62207,-45.198708,96.34182,164.36551,335.695,441.67874,546.59814,761.9302,-18.869776,126.985176,188.06,338.11148,424.16534,502.4063,686.9766
371,92.75,2024-05-14 01:30:00,340.0,-50.67444,118.927,197.20459,340.20996,426.63574,453.73535,637.57324,89.035034,247.19238,275.75684,344.4214,358.5205,365.84473,431.03027,-51.49211,114.58455,174.46004,338.18637,474.56992,564.29156,728.9034,-23.304914,141.54037,196.99387,339.6357,446.56662,513.5466,660.19574
372,93.0,2024-05-14 01:45:00,331.4444,-53.741455,121.032715,199.40186,341.3086,429.19922,457.76367,640.86914,87.11243,246.27686,275.0244,343.68896,357.60498,364.563,427.00195,-49.282238,86.76513,149.20409,337.38214,466.43433,512.76,768.10065,-22.449226,122.09423,179.38792,339.03613,440.94492,477.62097,687.1577
373,93.25,2024-05-14 02:00:00,331.4385,-59.509277,103.54614,183.92944,334.8999,424.8047,452.63672,630.98145,62.48474,231.2622,262.20703,339.11133,355.0415,361.4502,418.5791,-62.59858,115.56304,210.961,328.11703,455.40683,526.81793,675.4996,-37.272987,137.50119,218.50705,330.99417,432.27356,486.32626,619.6637
374,93.5,2024-05-14 02:15:00,329.4435,-53.05481,100.06714,181.18286,333.98438,421.5088,446.04492,615.9668,46.0968,210.57129,242.61475,336.54785,352.66113,359.06982,415.2832,-14.997035,120.867226,191.17972,327.2357,448.90067,534.3194,756.60944,-6.584045,136.72803,200.46706,329.77298,426.91357,490.44202,674.2799
375,93.75,2024-05-14 02:30:00,329.9958,-71.82312,88.62305,173.58398,332.15332,422.97363,448.2422,614.50195,26.573181,194.0918,227.7832,333.80127,351.01318,357.23877,410.88867,-69.36021,154.30313,209.9672,327.14468,445.89856,542.02893,766.3331,-50.41982,155.69284,209.89206,328.97684,424.629,495.6922,680.06116
376,94.0,2024-05-14 02:45:00,325.7694,-80.65796,81.9397,167.81616,331.604,421.5088,445.3125,606.0791,9.681702,174.3164,209.28955,331.7871,349.36523,355.59082,408.6914,-78.3294,75.6623,179.75777,325.3781,433.63348,485.63544,706.82684,-60.960033,96.02086,184.46996,327.2825,415.56738,455.5942,637.12494
377,94.25,2024-05-14 03:00:00,319.4644,-86.9751,69.90051,158.66089,328.85742,421.14258,445.3125,595.459,-6.1397552,157.4707,193.54248,329.04053,347.53418,353.57666,403.93066,-45.934708,96.33824,175.16515,322.731,465.57043,557.58093,792.32214,-42.079754,105.92096,177.1902,324.60553,437.5204,505.55322,694.9575
378,94.5,2024-05-14 03:15:00,310.4795,-90.36255,59.829712,150.23804,325.0122,420.41016,442.3828,581.9092,-29.98352,132.75146,170.37964,323.91357,345.70312,351.3794,398.0713,-86.663536,115.85111,179.38872,315.9568,428.9615,492.04132,732.91656,-75.69744,113.62905,174.67183,318.4537,411.45468,458.94308,650.8468
379,94.75,2024-05-14 03:30:00,309.611,-105.3772,43.693542,136.23047,317.32178,418.9453,442.0166,582.2754,-63.446045,91.00342,130.27954,316.22314,343.50586,349.36523,394.40918,-24.786629,81.780754,176.35474,306.1193,451.0129,518.3042,756.5244,-40.57757,79.81657,163.12727,309.2603,426.30475,476.88763,666.67645
380,95.0,2024-05-14 03:45:00,304.8489,-112.701416,36.003113,130.5542,315.67383,417.84668,441.28418,584.47266,-79.92554,49.575806,88.43994,311.8286,340.75928,346.43555,393.31055,-55.50132,80.54604,124.58291,299.17398,378.8706,429.17883,655.6803,-66.10617,69.897705,117.95144,303.3549,375.14597,413.84073,596.0856
381,95.25,2024-05-14 04:00:00,299.4979,-125.61035,20.805359,118.10303,312.19482,419.67773,442.74902,585.5713,-91.87317,24.993896,63.583374,307.06787,340.39307,346.25244,393.31055,-162.43625,35.86697,146.73734,296.59198,417.5503,473.03125,749.42896,-144.64105,32.18619,127.24311,300.24747,402.33163,444.64728,661.8195
382,95.5,2024-05-14 04:15:00,314.4728,-158.47778,-8.399963,95.947266,307.6172,425.1709,449.70703,590.33203,-100.06714,2.5048256,40.260315,302.30713,340.20996,346.43555,394.04297,-56.642242,21.726898,109.80063,284.9868,370.68015,471.15924,665.7088,-75.51078,14.869798,94.50723,290.7139,370.0352,444.0693,603.838
383,95.75,2024-05-14 04:30:00,314.4728,-153.25928,6.7634583,111.60278,318.96973,424.43848,446.04492,585.9375,-87.79907,-0.7381439,36.117554,309.44824,341.4917,347.7173,398.4375,-114.36021,5.9400873,96.7604,288.3345,387.5777,458.94305,690.5715,-112.93789,4.686778,86.116066,295.6208,382.04657,435.40808,621.6813
384,96.0,2024-05-14 04:45:00,302.4929,-160.12573,8.892059,115.53955,320.43457,425.90332,444.9463,587.03613,-83.724976,12.22229,49.804688,312.56104,344.05518,350.64697,400.63477,-124.98032,14.72915,85.590965,289.868,370.2742,452.0766,590.4128,-120.2438,13.644069,81.428566,297.46326,370.59332,431.07767,552.1195
385,96.25,2024-05-14 05:00:00,300.3347,-157.10449,2.3646355,107.666016,313.11035,425.90332,447.14355,587.40234,-92.559814,8.399963,46.25702,307.6172,344.7876,351.7456,399.53613,-88.25417,49.99045,120.0283,299.7406,409.15186,499.3313,701.66284,-96.00033,36.90977,104.03781,302.6529,397.95416,464.5954,629.8114
386,96.5,2024-05-14 05:15:00,299.4979,-167.5415,-10.059357,96.588135,311.2793,425.1709,450.07324,583.374,-93.20068,-2.7108192,34.309387,305.41992,344.6045,351.7456,400.26855,-90.41239,33.1838,145.79367,292.7358,367.44284,447.45993,633.4035,-98.68296,21.68056,118.57626,297.12695,368.64798,428.57837,581.7736
387,96.75,2024-05-14 05:30:00,302.8523,-159.85107,-1.4705658,102.996826,312.56104,428.4668,454.46777,602.7832,-90.545654,-4.2743683,32.36389,305.78613,345.70312,353.39355,403.56445,-102.235504,62.742523,143.67514,298.35278,420.98834,490.65997,699.7664,-105.659096,42.917835,117.34506,301.26025,406.67914,459.5875,630.8277
388,97.0,2024-05-14 05:45:00,319.4644,-147.12524,8.714676,110.4126,316.22314,430.66406,456.29883,621.8262,-85.46448,-0.31292439,36.346436,309.08203,347.53418,355.4077,407.59277,-53.837166,90.44994,162.86816,310.15933,496.9441,576.41187,763.9119,-69.49143,64.12384,132.31825,310.55026,460.43408,520.1997,678.4395
389,97.25,2024-05-14 06:00:00,319.4644,-113.06763,42.640686,139.80103,331.2378,427.36816,452.2705,622.9248,-65.50598,21.972656,59.09729,321.7163,350.64697,358.88672,413.81836,-83.73385,96.25883,175.72661,335.921,509.711,561.16364,775.76324,-83.02166,76.03978,148.80818,332.61176,469.6639,509.8189,688.0904
390,97.5,2024-05-14 06:15:00,339.4142,-89.17236,60.74524,155.5481,335.2661,428.4668,455.93262,644.53125,-47.74475,67.474365,105.83496,327.57568,354.30908,362.54883,413.81836,-2.4350212,120.24564,192.2061,332.75098,489.2032,585.15045,802.49664,-20.170702,103.74134,171.26607,331.96744,456.15073,527.7084,708.9644
391,97.75,2024-05-14 06:30:00,329.4393,-65.13977,93.47534,184.47876,351.7456,432.1289,458.8623,655.15137,-3.727913,126.15967,163.60474,340.20996,359.25293,367.8589,418.9453,-18.007658,96.79947,191.465,340.67307,517.6674,606.1989,833.4328,-19.864922,102.3391,185.19432,341.68768,477.43066,543.79724,732.70715
392,98.0,2024-05-14 06:45:00,329.4477,-52.78015,102.0813,189.51416,347.16797,435.0586,461.792,671.63086,22.109985,189.33105,226.50146,340.20996,362.36572,370.60547,413.08594,-34.02505,128.7557,182.77182,331.87833,485.3536,595.6746,763.76544,-24.673553,138.20334,192.19199,335.07364,455.72653,537.2725,684.41614
393,98.25,2024-05-14 07:00:00,329.4477,-47.14966,105.92651,192.07764,347.35107,439.81934,468.3838,688.11035,34.469604,207.8247,244.07959,339.29443,362.73193,371.1548,411.9873,-61.299385,98.55169,178.84344,328.8608,459.36102,581.4008,810.64886,-40.730614,121.14378,193.2141,332.79657,438.08105,528.04987,718.66266
394,98.5,2024-05-14 07:15:00,319.4644,-48.88916,106.38428,191.89453,348.0835,446.77734,480.83496,712.2803,45.066833,218.44482,253.60107,339.29443,362.54883,371.1548,413.08594,-33.65046,114.29876,175.91376,329.59012,513.74335,595.68304,767.436,-19.430868,134.33653,193.04929,333.3803,476.8078,539.2926,691.05035
395,98.75,2024-05-14 07:30:00,320.0,-56.30493,96.77124,181.73218,339.84375,450.07324,485.9619,722.5342,34.65271,213.86719,249.75586,335.2661,362.36572,370.97168,411.6211,-39.97164,127.56986,182.1353,318.07608,471.07574,573.4317,749.02985,-26.680098,141.74947,195.6191,323.69086,447.2335,524.1927,678.89856
396,99.0,2024-05-14 07:45:00,320.0,-54.611206,94.75708,177.88696,338.562,451.5381,487.06055,730.95703,29.273987,201.41602,237.30469,333.25195,361.2671,370.05615,411.9873,-34.85839,162.1631,211.14381,320.7117,457.146,512.99316,734.917,-24.007198,163.27307,213.05031,325.00476,437.40942,481.8125,669.93506
397,99.25,2024-05-14 08:00:00,329.9958,-50.354004,102.996826,185.66895,341.1255,454.83398,490.72266,739.7461,29.159546,198.30322,233.82568,332.88574,361.08398,370.05615,413.45215,20.805672,120.41505,199.1504,323.32452,481.68213,563.7134,805.59576,15.360479,134.25087,204.7373,327.01688,454.87772,517.68286,720.5821
398,99.5,2024-05-14 08:15:00,328.34,-32.043457,124.60327,205.99365,351.5625,458.8623,498.7793,747.80273,58.31909,216.61377,249.93896,338.74512,361.8164,370.78857,417.48047,-40.609673,95.07148,170.41939,323.98193,473.36737,536.53876,777.13934,-19.967297,122.333115,189.88074,329.69263,449.6067,499.61276,702.27386
399,99.75,2024-05-14 08:30:00,332.1263,-31.814575,118.011475,199.58496,350.28076,457.39746,500.24414,741.94336,85.55603,245.72754,277.03857,341.1255,362.73193,371.1548,414.917,46.906895,100.5568,185.60928,325.2873,464.84515,567.842,833.3449,46.764576,131.33643,205.29271,330.95428,443.67773,521.74475,740.5192
400,100.0,2024-05-14 08:45:00,330.0142,-39.3219,104.91943,188.96484,350.64697,457.39746,500.61035,733.8867,104.37012,261.1084,290.58838,342.40723,363.64746,371.7041,413.81836,-42.324364,107.639015,173.00768,326.32703,474.21616,582.7977,793.5521,-12.685222,138.06093,198.11954,331.97507,450.42056,532.3603,711.63885
401,100.25,2024-05-14 09:00:00,319.994,-42.57202,99.243164,185.21118,347.53418,454.83398,498.4131,722.9004,110.50415,265.50293,294.06738,342.04102,364.37988,372.43652,413.81836,-26.675262,50.961456,128.41507,318.6731,477.68872,533.99365,832.08936,-0.82905406,98.69793,167.22514,326.2328,452.74152,498.12418,737.5163
402,100.5,2024-05-14 09:15:00,321.6468,-65.73486,73.150635,163.69629,337.64648,453.73535,497.68066,710.8154,87.06665,249.75586,280.15137,336.73096,364.37988,372.61963,411.9873,-41.82241,80.12583,138.99425,316.47208,461.25986,556.3831,829.3934,-18.435844,113.354324,169.69588,322.64133,441.13138,513.7602,734.0544
403,100.75,2024-05-14 09:30:00,323.8948,-79.10156,53.512573,146.30127,334.5337,448.2422,491.08887,692.1387,78.00293,235.29053,266.23535,335.2661,363.64746,372.25342,413.08594,-107.18621,35.452946,112.35725,306.68936,429.3128,542.1058,765.8606,-67.33992,77.22643,146.52727,315.18915,418.0727,503.03363,687.9335
404,101.0,2024-05-14 09:45:00,314.6737,-91.50696,38.864136,135.5896,333.98438,442.3828,482.2998,670.5322,80.52063,234.1919,264.7705,335.81543,363.83057,372.25342,413.81836,-46.161354,24.334251,103.25271,303.387,457.5618,519.4514,756.02374,-25.359516,67.758766,138.78996,312.93243,437.2976,486.29666,679.0335
405,101.25,2024-05-14 10:00:00,293.8316,-103.36304,27.900696,127.716064,327.7588,437.62207,475.708,658.08105,56.44226,218.81104,251.40381,331.604,364.01367,372.25342,411.9873,-122.94837,43.86071,106.665886,303.96204,445.96036,528.9071,735.08386,-85.11171,77.254776,137.71849,311.8701,428.73718,492.25647,662.7643
406,101.5,2024-05-14 10:15:00,122.9204,-130.64575,-5.0611496,98.602295,311.8286,437.98828,478.27148,655.15137,-14.48822,154.08325,191.34521,319.51904,362.36572,371.1548,409.79004,-160.63618,-25.504343,98.64117,283.56625,420.1744,482.43027,732.5523,-128.40753,12.457495,117.17809,293.58304,410.39407,459.75928,660.2597
407,101.75,2024-05-14 10:30:00,0.0,-149.50562,-63.858032,2.4204254,184.11255,449.70703,495.4834,658.44727,-126.068115,-17.910004,14.533997,276.85547,347.9004,353.21045,384.8877,-177.00636,-67.8755,-18.986341,151.7595,296.41284,368.83105,544.4292,-164.06865,-57.480656,-10.141596,180.014,322.03976,378.37216,523.92267
408,102.0,2024-05-14 10:45:00,62.5864,-175.41504,-82.30591,-43.373108,71.73157,419.31152,447.87598,584.83887,-64.40735,-32.936096,-20.233154,101.07422,331.9702,343.50586,383.42285,-217.5293,-96.49658,-4.6977997,44.700623,262.57324,325.92773,539.4287,-182.69348,-82.36542,-11.672401,58.678436,292.12646,341.63818,512.76855
409,102.25,2024-05-14 11:00:00,49.844696,-206.17676,-102.17285,-55.892944,96.77124,425.90332,452.2705,573.85254,-52.368164,-23.391724,-12.874603,60.37903,340.02686,357.05566,411.25488,-193.57816,-74.28494,-6.581694,73.08063,241.66354,344.56882,498.0112,-166.59601,-66.89509,-12.771401,72.90937,279.76016,357.83633,488.24408
410,102.5,2024-05-14 11:15:00,221.6712,-233.45947,-123.50464,-76.034546,84.365845,432.49512,461.42578,573.85254,-54.748535,-28.816223,-19.077301,46.531677,333.98438,350.64697,405.0293,-155.41653,-35.52823,-4.7207327,74.70126,271.2192,333.47507,501.01657,-143.08722,-42.983467,-14.723428,70.033806,299.89984,349.70453,489.1027
411,102.75,2024-05-14 11:30:00,10.4951,-220.27588,-114.25781,-45.707703,207.4585,449.70703,504.27246,610.83984,-48.477173,-30.647278,-14.99176,188.78174,349.54834,367.30957,444.9463,-138.49725,6.7053885,77.10944,204.28763,314.23102,362.1131,530.2039,-128.6711,-12.8614645,46.407486,201.50354,334.84207,377.36832,521.216
412,103.0,2024-05-14 11:45:00,325.4993,-201.59912,-102.53906,-69.44275,63.76648,414.55078,466.55273,569.8242,-54.336548,-39.093018,-31.837463,36.758423,326.11084,339.11133,378.2959,-183.41359,-81.378075,-1.7386345,60.89488,230.22166,305.84424,531.2471,-159.41673,-75.037155,-14.528811,56.354748,267.83243,328.5685,504.51453
413,103.25,2024-05-14 12:00:00,0.0,-219.54346,-118.10303,-25.817871,288.94043,438.3545,501.70898,613.76953,-34.744263,-20.393372,-1.2996197,266.96777,364.01367,381.2256,459.22852,-268.86105,-123.47531,-41.99338,240.8588,248.64078,317.60287,504.39334,-217.10594,-102.32169,-32.237076,250.88876,290.68674,348.73804,506.29797
414,103.5,2024-05-14 12:15:00,204.58072,-202.51465,-106.56738,-72.92175,67.977905,410.88867,471.31348,564.69727,-49.89624,-34.584045,-26.893616,98.968506,335.083,347.53418,384.52148,-184.66187,-25.268555,23.666382,77.0874,285.64453,354.12598,532.1045,-159.49403,-35.26154,3.895569,80.55267,308.05664,364.52637,505.8472
415,103.75,2024-05-14 12:30:00,317.2213,-188.23242,-87.29553,-23.220062,199.21875,433.59375,486.69434,580.44434,-50.949097,-19.454956,-5.9165955,159.30176,323.91357,335.99854,371.1548,-185.43394,-32.72398,60.476707,185.77806,304.3732,366.1713,470.44986,-158.81682,-35.52733,38.82837,181.82687,321.20334,372.18906,461.5903
416,104.0,2024-05-14 12:45:00,304.7959,-204.71191,-98.32764,-1.496315,295.34912,437.62207,495.4834,658.44727,-15.7699585,24.169922,49.621582,303.77197,356.50635,369.50684,423.33984,-166.17714,5.392693,78.817986,273.0929,331.0,391.65366,612.3873,-139.94917,-1.2238945,64.94727,281.45435,346.76346,397.60727,579.1838
417,104.25,2024-05-14 13:00:00,35.1686,-177.88696,-47.195435,64.22424,307.06787,420.77637,451.5381,584.83887,-5.6676865,73.42529,102.53906,312.37793,357.60498,366.94336,401.00098,-153.7002,-15.272453,91.111824,296.60193,392.04565,486.80273,659.4712,-126.51237,-0.72520155,90.70851,300.80374,388.0306,459.3044,600.31396
418,104.5,2024-05-14 13:15:00,335.5278,-113.8916,-43.190002,-9.658813,107.1167,411.6211,466.18652,600.95215,-88.66882,-28.701782,-9.046555,214.2334,326.66016,332.51953,348.99902,-129.71788,-37.4785,50.961445,103.054955,303.4181,388.92834,526.25745,-119.92543,-36.294308,32.89782,125.69681,318.8868,385.3724,498.27524
419,104.75,2024-05-14 13:30:00,353.9893,-110.4126,-27.809143,61.843872,318.2373,428.1006,458.12988,594.72656,-13.572693,33.920288,60.653687,328.3081,371.3379,385.98633,447.87598,-126.630394,-0.47072768,100.42039,300.00534,406.4354,495.28732,708.14746,-102.39707,3.6736338,88.60939,307.4891,401.5824,469.7114,644.75104
420,105.0,2024-05-14 13:45:00,309.2597,-111.328125,36.14044,141.08276,356.32324,435.0586,455.93262,622.1924,41.267395,114.80713,146.20972,356.50635,395.1416,414.55078,490.35645,-53.603477,75.11967,170.33452,348.3903,539.6582,594.77295,719.10156,-40.401768,79.15923,162.58438,350.8068,500.29492,544.8445,663.6617
421,105.25,2024-05-14 14:00:00,223.896,-56.991577,75.531006,163.69629,331.604,410.88867,429.19922,567.62695,40.901184,189.69727,222.47314,341.4917,376.46484,385.98633,423.33984,-77.82526,40.27777,109.12543,306.7749,478.17447,578.60785,743.9521,-51.9966,73.687,137.25206,316.20117,451.10397,525.14264,662.1971
422,105.5,2024-05-14 14:15:00,315.0969,-23.963928,22.418976,87.98218,265.50293,406.12793,431.03027,602.417,-105.01099,43.899536,81.344604,301.94092,355.77393,362.18262,383.42285,-93.975105,49.304924,104.05346,240.78748,388.96555,458.27097,683.85693,-89.18117,45.535255,97.904564,255.48972,384.0435,436.32925,615.6261
423,105.75,2024-05-14 14:30:00,343.9625,-6.1683655,78.91846,153.90015,323.54736,407.22656,421.875,561.40137,-49.621582,10.883331,42.366028,309.08203,361.9995,373.35205,427.73438,-90.66483,37.6921,117.34298,297.66754,416.81198,485.38498,659.88446,-74.00654,36.45298,106.00332,302.53842,404.89093,456.6274,603.60614
424,106.0,2024-05-14 14:45:00,342.0051,8.205414,134.67407,206.90918,354.8584,405.3955,420.77637,548.584,13.847351,79.14734,110.04639,335.083,369.14062,379.76074,436.15723,-25.910564,93.2911,179.35066,335.3222,455.74835,556.1817,687.6514,-14.547382,94.60064,168.24567,337.22797,433.3915,507.357,623.4458
425,106.25,2024-05-14 15:00:00,337.9172,50.1709,173.58398,235.10742,351.1963,392.2119,403.93066,499.51172,62.25586,185.02808,215.14893,338.0127,368.5913,375.73242,409.42383,8.203827,137.6594,181.2385,341.55447,489.40497,556.05536,678.9191,23.21094,150.7256,193.40747,341.8103,455.52292,504.7783,607.07935
426,106.5,2024-05-14 15:15:00,328.8675,36.872864,135.68115,210.57129,351.7456,403.19824,409.79004,549.3164,86.15112,216.24756,244.6289,337.46338,367.67578,374.26758,400.26855,-49.533962,98.04905,168.54465,331.84613,485.59177,572.65845,687.6487,-13.756262,125.45196,187.96416,334.95953,453.7692,516.6934,616.3394
427,106.75,2024-05-14 15:30:00,340.0653,68.06946,183.10547,240.60059,345.52002,394.7754,405.0293,521.11816,106.93359,234.5581,260.7422,335.63232,365.47852,371.7041,395.5078,23.264454,152.62846,207.5601,337.47916,488.90167,560.1297,736.46027,44.478783,172.0621,221.50058,337.91385,454.80438,506.9345,646.7356
428,107.0,2024-05-14 15:45:00,342.2889,75.21057,204.52881,254.5166,351.7456,399.90234,414.18457,514.52637,149.1394,266.23535,288.75732,340.39307,364.37988,370.23926,396.24023,1.1370778,132.97302,222.60315,343.26965,466.68274,547.7069,663.9789,38.144894,166.78107,239.02533,343.54193,439.54416,498.8611,595.4859
429,107.25,2024-05-14 16:00:00,351.3977,84.365845,216.43066,262.57324,348.81592,393.67676,408.6914,502.4414,184.57031,294.2505,313.47656,345.3369,366.21094,371.8872,400.63477,83.74397,177.31087,250.32417,349.6589,504.33725,552.86017,714.1761,103.97143,204.61078,264.17957,348.7102,465.64594,502.24875,630.2944
430,107.5,2024-05-14 16:15:00,341.6426,79.696655,202.69775,258.72803,359.80225,398.4375,411.6211,515.625,216.97998,314.3921,330.50537,352.66113,370.60547,376.46484,410.88867,3.6804154,147.41821,219.65332,351.76962,508.41068,596.3928,784.62524,53.94195,186.34093,245.7312,352.75122,469.8523,533.93005,682.97797
431,107.75,2024-05-14 16:30:00,349.2042,119.56787,241.51611,284.5459,353.02734,395.5078,410.88867,507.56836,212.21924,312.92725,329.22363,351.1963,372.61963,378.2959,412.71973,-45.442364,115.690445,209.16579,348.58344,523.0086,647.24567,816.98444,22.59098,167.72038,240.71536,349.5504,480.1807,569.82,705.1899
432,108.0,2024-05-14 16:45:00,350.7769,121.032715,251.77002,287.8418,355.0415,410.15625,431.7627,545.2881,212.76855,315.1245,331.7871,352.66113,373.53516,379.39453,416.01562,32.614834,196.12802,249.68637,354.38266,532.21814,626.9752,894.8585,77.487366,225.49153,269.92206,354.10425,488.27533,557.9378,764.13293
433,108.25,2024-05-14 17:00:00,388.253,135.95581,263.30566,298.2788,357.7881,408.6914,430.29785,545.6543,213.86719,316.95557,333.43506,354.12598,374.45068,380.12695,417.84668,-29.350073,114.93704,201.36282,352.57504,514.74786,593.941,773.0181,35.82397,170.1776,237.46889,353.40652,476.08276,534.81384,679.24744
434,108.5,2024-05-14 17:15:00,357.067,158.38623,290.22217,325.74463,388.1836,437.62207,465.0879,597.29004,268.61572,344.9707,357.05566,373.16895,391.11328,400.63477,456.66504,42.54985,183.72417,244.60674,381.78134,541.97003,635.8116,846.01666,99.346664,226.62329,275.21033,380.69907,501.3639,571.70386,743.2737
435,108.75,2024-05-14 17:30:00,337.6489,151.15356,281.6162,316.04004,365.47852,412.71973,433.22754,545.6543,247.37549,331.604,344.7876,365.1123,386.35254,392.2119,435.0586,-57.117596,78.92977,149.97469,345.94333,470.22617,576.0611,754.0396,24.608137,149.73326,205.54381,351.73062,447.70078,525.00793,669.40485
436,109.0,2024-05-14 17:45:00,329.7695,124.14551,247.9248,287.6587,347.35107,414.18457,436.52344,562.8662,176.87988,294.9829,314.9414,351.01318,381.958,388.5498,425.90332,-10.800809,117.373024,196.74924,345.64832,516.2683,567.0801,725.1001,40.22996,165.95018,229.47862,346.89157,479.19785,518.31836,649.03735
437,109.25,2024-05-14 18:00:00,334.3155,124.053955,237.6709,276.48926,338.1958,395.87402,410.88867,515.9912,133.66699,259.46045,283.08105,341.8579,374.45068,381.5918,421.875,-9.891137,146.20628,176.968,337.76892,500.9731,557.3696,724.5449,32.215,178.00357,208.14273,338.6294,465.1587,507.56595,643.1556
438,109.5,2024-05-14 18:15:00,333.9574,136.59668,253.41797,287.4756,343.87207,423.70605,454.83398,595.0928,143.64624,261.6577,284.5459,342.22412,369.87305,377.19727,421.5088,36.769108,123.74421,186.82404,336.15656,513.3011,574.733,807.8263,68.1273,164.2943,216.43358,338.14163,475.65598,523.23596,709.2894
439,109.75,2024-05-14 18:30:00,341.1833,132.1106,250.12207,286.01074,341.8579,405.76172,432.49512,563.96484,157.37915,276.67236,298.4619,343.13965,368.2251,375.0,419.67773,35.129272,121.55505,208.89636,335.71692,503.60458,572.1776,776.7064,69.27738,165.43523,234.52092,337.81558,466.74442,518.7738,684.0265
440,110.0,2024-05-14 18:45:00,348.9643,136.50513,248.65723,288.0249,347.9004,410.15625,438.3545,568.7256,181.27441,294.4336,314.02588,347.53418,367.8589,374.26758,420.77637,29.354677,145.62665,195.52289,341.65073,484.37177,540.40204,809.2008,70.45367,185.6911,228.4737,343.45236,453.64764,496.97037,707.4684
441,110.25,2024-05-14 19:00:00,349.7095,151.15356,264.7705,299.74365,354.30908,410.15625,439.81934,573.1201,212.21924,315.1245,331.9702,354.12598,370.05615,376.46484,425.1709,-7.90827,124.29388,202.20526,349.73676,496.82196,593.4101,797.57275,52.02342,176.50768,237.91208,351.07184,462.80222,534.662,700.6471
442,110.5,2024-05-14 19:15:00,377.3286,164.15405,274.8413,307.06787,357.42188,433.95996,477.17285,641.23535,223.75488,322.99805,338.562,356.32324,371.7041,377.19727,425.1709,101.05227,184.18216,229.31766,358.13806,595.9863,680.5811,873.0249,131.90297,221.01126,258.94153,357.7035,534.92725,599.5635,760.2751
443,110.75,2024-05-14 19:30:00,358.8352,176.87988,298.4619,329.22363,376.46484,422.97363,451.5381,598.02246,270.62988,347.53418,359.06982,372.43652,387.45117,396.60645,461.05957,55.612297,161.63037,205.39258,376.87048,566.65967,653.08545,836.1909,110.74258,212.49428,248.51114,375.94315,516.44934,581.63495,737.3478
444,111.0,2024-05-14 19:45:00,378.4587,172.02759,290.9546,320.9839,364.37988,414.18457,442.74902,588.8672,260.00977,339.84375,351.5625,367.49268,381.958,387.81738,441.6504,75.75414,179.39185,266.0923,359.99033,526.5598,611.70386,806.7112,122.23261,222.6385,288.67548,361.92975,486.40195,550.0311,711.9147
445,111.25,2024-05-14 20:00:00,351.0528,176.33057,302.49023,331.9702,374.6338,406.86035,426.26953,557.73926,278.50342,352.11182,362.54883,375.3662,389.28223,397.70508,461.05957,13.163299,156.35178,214.2131,369.2691,531.44336,633.52466,760.78296,82.54805,210.11765,255.65596,371.025,490.5528,565.6352,680.5339
446,111.5,2024-05-14 20:15:00,349.261,168.09082,282.53174,313.84277,357.9712,414.55078,441.28418,589.2334,242.43164,331.7871,344.9707,363.64746,381.2256,386.35254,439.0869,63.3941,161.53864,226.54108,354.7378,531.5948,599.3438,817.2393,109.67128,207.68765,258.95718,356.84305,489.81653,540.9396,718.8082
447,111.75,2024-05-14 20:30:00,347.2576,149.87183,271.5454,305.60303,353.21045,401.7334,422.60742,571.28906,207.27539,314.02588,330.68848,356.32324,376.46484,382.69043,436.52344,34.136475,136.67554,195.26929,347.93777,517.718,566.24097,768.2063,80.33779,185.6326,233.38652,350.14215,477.86893,515.1675,682.17804
448,112.0,2024-05-14 20:45:00,346.1137,136.13892,265.86914,300.47607,350.09766,391.8457,410.15625,556.6406,195.92285,305.41992,322.99805,353.94287,374.08447,381.5918,441.6504,40.372833,159.5745,203.70291,342.80014,458.76883,600.3094,819.30347,81.05945,199.37305,237.23924,345.75842,435.13965,537.55054,717.5066
449,112.25,2024-05-14 21:00:00,342.4623,124.96948,258.91113,295.34912,348.81592,393.67676,412.71973,560.66895,193.17627,303.77197,321.7163,352.66113,372.43652,380.12695,443.11523,-49.394108,102.03412,208.50995,342.79205,468.8859,549.5439,822.1879,16.556326,158.0694,239.83513,345.36826,442.07513,501.97806,720.22144
450,112.5,2024-05-14 21:15:00,342.5444,110.77881,244.2627,282.89795,345.1538,400.26855,422.60742,580.81055,180.81665,297.18018,316.04004,349.54834,370.23926,377.9297,442.0166,-7.635355,111.01699,177.85048,339.3781,485.46768,553.2167,734.308,41.89646,161.57419,215.99315,341.98975,453.9021,505.09836,660.49994
451,112.75,2024-05-14 21:30:00,343.555,105.5603,244.07959,283.08105,345.52002,400.26855,420.77637,591.7969,174.86572,292.78564,312.19482,349.18213,369.68994,378.2959,446.41113,60.745083,155.31906,206.31393,340.00525,484.17645,552.74945,789.6879,88.05073,191.68845,235.16681,342.3921,452.88837,504.66144,701.24347
452,113.0,2024-05-14 21:45:00,346.8756,90.270996,237.6709,279.23584,345.3369,398.0713,418.9453,596.1914,177.88696,294.9829,314.20898,350.28076,370.23926,379.39453,451.9043,17.261044,160.54108,212.63458,341.62952,513.7515,593.12775,823.2914,56.687225,195.14243,239.6096,343.7305,473.48108,532.9628,726.30396
453,113.25,2024-05-14 22:00:00,350.6179,84.503174,237.12158,278.50342,347.7173,402.83203,426.63574,612.6709,187.40845,301.94092,320.25146,352.47803,371.7041,381.5918,458.12988,1.3555884,169.53796,240.12512,347.75037,501.0504,597.3639,783.39905,46.880917,202.77693,259.98822,348.6926,465.35934,537.13666,701.2724
454,113.5,2024-05-14 22:15:00,340.6252,75.85144,235.47363,277.771,349.54834,401.3672,422.97363,608.27637,199.03564,310.36377,327.57568,355.0415,373.90137,384.52148,464.35547,2.534397,162.93478,239.19821,347.0874,504.97583,541.78,794.09937,49.166355,199.67445,260.731,348.92432,468.40005,498.4477,709.5683
455,113.75,2024-05-14 22:30:00,340.6253,76.538086,228.51562,271.3623,343.13965,402.83203,427.00195,618.16406,179.99268,300.8423,319.51904,349.91455,369.32373,378.2959,451.9043,-17.529085,138.84299,215.47263,339.46866,460.7424,523.7307,722.58325,31.381985,180.21011,241.87088,341.92493,436.66766,484.97086,658.0055
456,114.0,2024-05-14 22:45:00,341.9858,77.36206,228.51562,271.5454,342.59033,402.83203,427.00195,619.2627,166.71753,289.12354,308.89893,347.9004,368.4082,377.9297,453.73535,-36.571964,105.884094,186.99982,336.21646,475.29938,538.7454,778.97986,15.479339,154.79514,219.83421,339.19064,446.67444,495.40796,697.9592
457,114.25,2024-05-14 23:00:00,344.6008,63.90381,221.0083,266.41846,343.32275,405.76172,430.29785,628.41797,161.59058,284.729,305.0537,347.35107,368.95752,379.02832,458.12988,-15.985385,120.06198,200.90305,341.93637,491.67453,576.17773,773.01605,27.518726,163.09003,228.28473,343.15796,458.53983,522.15985,695.579
458,114.5,2024-05-14 23:15:00,340.0,53.146362,217.89551,265.13672,344.7876,403.19824,425.5371,620.3613,169.55566,289.30664,308.89893,349.36523,370.97168,382.32422,465.8203,-19.412868,117.91624,181.82004,340.0718,489.5288,585.5676,731.3196,25.63676,162.19225,215.56749,342.40207,457.18433,528.9159,667.1239
459,114.75,2024-05-14 23:30:00,340.4389,51.727295,212.21924,259.64355,342.04102,406.12793,431.39648,630.98145,162.41455,287.8418,307.9834,347.16797,368.4082,378.6621,458.8623,-2.407238,140.96434,194.79735,338.86847,450.9619,495.5481,790.8057,35.970573,177.46532,223.91917,340.8456,429.96777,465.7557,708.43463
460,115.0,2024-05-14 23:45:00,335.0,46.279907,206.54297,255.06592,341.3086,408.3252,434.32617,639.4043,153.71704,280.8838,301.7578,346.06934,367.67578,378.2959,459.22852,-43.716366,104.59907,176.92574,329.0406,447.00632,558.15137,757.187,4.7699456,150.0504,209.70616,333.67316,427.2721,509.79773,685.817
461,115.25,2024-05-15 00:00:00,314.8722,29.640198,191.52832,244.4458,337.8296,413.08594,439.81934,650.0244,131.56128,266.96777,289.85596,342.22412,365.1123,375.3662,454.46777,-34.506844,105.385735,201.24146,335.02502,478.7378,592.8125,813.27155,5.121485,146.3164,223.28479,336.7453,449.44748,534.0239,725.1861
462,115.5,2024-05-15 00:15:00,336.7828,46.073914,189.69727,243.53027,329.77295,414.55078,441.6504,630.249,62.164307,218.62793,247.5586,331.0547,361.6333,370.97168,439.45312,-11.055552,164.26793,221.57996,328.66232,557.67004,671.0123,936.33215,9.301367,177.68288,228.9707,329.25183,504.1508,588.068,806.348
463,115.75,2024-05-15 00:30:00,330.0,77.13318,229.06494,277.4048,348.4497,420.41016,447.87598,630.249,104.278564,217.16309,242.06543,341.1255,366.02783,377.56348,462.5244,59.74424,154.13512,205.22154,335.5583,511.64853,605.58167,791.2506,70.38999,174.23369,219.80864,337.96088,473.40054,544.20746,709.4052
464,116.0,2024-05-15 00:45:00,331.1479,63.812256,210.02197,256.53076,338.1958,424.07227,452.2705,632.4463,118.19458,254.5166,278.68652,339.11133,358.7036,366.57715,435.0586,-18.083498,151.19751,207.13623,328.1203,491.49902,567.1216,789.5948,17.361696,177.74377,226.38573,331.32605,458.1973,515.5275,702.97266
465,116.25,2024-05-15 01:00:00,330.0,57.266235,187.40845,236.93848,335.81543,423.70605,454.46777,633.91113,118.19458,255.61523,279.78516,339.11133,357.60498,364.9292,429.93164,19.685492,134.85883,197.93867,328.77896,483.21698,556.1845,686.1894,43.145382,164.26508,218.20795,331.54907,452.14346,507.7618,629.71
466,116.5,2024-05-15 01:15:00,330.0,33.073425,152.16064,205.44434,330.50537,420.77637,451.5381,628.41797,120.30029,258.36182,282.16553,338.92822,356.50635,363.46436,425.90332,-12.956545,126.75293,206.2207,329.86722,472.27295,607.2217,774.58014,18.297821,155.6155,221.33205,331.74326,443.96997,542.9018,690.2286
467,116.75,2024-05-15 01:30:00,330.0,21.640778,151.42822,206.90918,331.2378,415.6494,443.48145,604.24805,124.78638,262.39014,285.82764,339.29443,355.77393,362.36572,422.60742,13.593748,134.07715,177.19849,328.10315,474.2871,563.27637,749.67773,36.63698,161.47487,201.89537,330.65488,444.72073,511.11475,669.7207
468,117.0,2024-05-15 01:45:00,325.0,7.0610046,147.49146,205.62744,331.604,416.38184,447.14355,603.5156,126.98364,265.50293,288.75732,339.29443,354.8584,360.71777,417.48047,4.4384747,102.3999,204.4812,329.1789,476.30127,566.20605,797.6514,29.209759,139.52965,221.45105,331.44452,446.02075,513.20215,702.2037
469,117.25,2024-05-15 02:00:00,319.4644,-1.0557175,137.05444,198.12012,328.67432,414.917,444.58008,591.7969,111.05347,257.08008,281.79932,336.18164,352.84424,358.1543,409.79004,-52.563473,150.59204,163.68408,322.2191,431.56738,504.80957,675.09766,-14.689309,170.53589,190.75075,325.6571,414.1577,469.45557,613.70605
470,117.5,2024-05-15 02:15:00,319.4644,-18.321991,126.068115,191.16211,324.4629,410.88867,438.7207,577.88086,83.358765,235.83984,262.93945,331.604,350.46387,355.77393,403.56445,-23.309044,129.95024,185.2481,318.93082,458.53302,565.37506,802.49664,-1.4767768,150.73994,201.37775,322.01868,432.15475,510.7894,700.2486
471,117.75,2024-05-15 02:30:00,314.4728,-43.09845,109.13086,180.35889,323.73047,414.55078,443.84766,580.81055,61.935425,214.78271,243.89648,328.85742,348.4497,353.57666,400.63477,-50.774864,68.97611,176.27592,318.13544,478.94928,523.2608,803.5953,-27.465164,102.152916,190.20831,320.83936,446.40952,481.38266,700.7247
472,118.0,2024-05-15 02:45:00,309.611,-66.65039,85.510254,164.15405,319.70215,414.55078,444.21387,575.6836,35.15625,192.62695,224.1211,324.8291,346.43555,351.3794,395.87402,-41.667336,73.3229,167.62222,312.9679,453.633,496.0219,784.3215,-28.800924,98.40245,178.57518,316.01358,428.28525,461.9126,685.7682
473,118.25,2024-05-15 03:00:00,299.4979,-76.08032,71.36536,152.89307,315.67383,414.18457,444.21387,567.26074,6.9293976,163.23853,196.83838,320.06836,343.87207,348.6328,390.38086,-17.598488,110.392235,172.37344,309.79642,453.2572,570.53625,762.6139,-18.541094,117.05881,175.31839,312.43854,427.4729,513.5233,668.63196
474,118.5,2024-05-15 03:15:00,299.4979,-89.401245,54.29077,140.25879,307.43408,411.25488,438.7207,551.8799,-32.981873,121.673584,157.83691,312.01172,341.4917,346.25244,384.52148,-35.402008,123.25888,169.1268,298.80054,409.0865,510.43536,777.0369,-40.317905,116.04501,163.98203,302.3061,395.78436,470.42734,676.0181
475,118.75,2024-05-15 03:30:00,299.6177,-106.292725,39.642334,130.00488,305.96924,413.45215,440.55176,551.8799,-56.80847,76.034546,112.60986,306.70166,338.562,343.32275,382.69043,-19.654938,118.22348,173.33823,299.34412,437.01007,516.11163,734.55646,-35.74942,101.927574,156.85922,301.47812,414.9647,473.9979,645.91565
476,119.0,2024-05-15 03:45:00,296.2833,-112.976074,32.77588,125.97656,306.15234,412.71973,437.98828,546.3867,-65.13977,52.91748,89.35547,304.5044,337.46338,342.04102,381.2256,-73.73435,56.636745,164.11966,292.46515,385.99768,424.1294,683.40674,-75.939606,53.506805,145.35251,296.24173,378.96304,409.0976,609.2685
477,119.25,2024-05-15 04:00:00,299.6177,-122.95532,21.514893,116.91284,303.58887,412.35352,437.25586,544.9219,-73.287964,38.269043,74.798584,301.5747,337.8296,342.22412,379.39453,-60.406162,60.992764,134.60117,293.39795,383.34995,429.1263,703.1437,-69.237434,52.50023,120.8718,296.0524,377.1462,412.55884,622.57166
478,119.5,2024-05-15 04:15:00,199.6653,-120.20874,30.23529,125.79346,307.25098,403.56445,427.73438,532.4707,-72.32666,28.518677,64.54468,302.30713,338.3789,342.77344,379.76074,-91.12937,-9.830542,110.286644,292.51663,359.99673,456.2644,625.7285,-90.276764,1.845885,102.688934,295.94818,360.02994,430.71323,567.2092
479,119.75,2024-05-15 04:30:00,190.01831,-145.20264,-41.770935,44.906616,235.47363,418.9453,457.39746,582.6416,-121.94824,-21.217346,11.089325,252.31934,336.36475,341.6748,366.21094,-103.37426,17.566904,105.732185,214.02763,366.3828,448.87183,579.79224,-111.27189,3.8762698,80.72106,223.83057,365.63547,428.285,537.3609
480,120.0,2024-05-15 04:45:00,259.1985,-156.46362,-63.537598,18.917084,218.81104,425.90332,468.3838,596.5576,-82.07703,-31.105042,-9.372711,200.31738,331.2378,339.47754,371.7041,-118.69752,17.532953,72.28149,191.87082,309.03687,359.66553,554.5813,-115.150024,-0.3017024,50.61421,196.25415,325.1637,366.49976,522.20355
481,120.25,2024-05-15 05:00:00,0.0,-155.63965,-41.908264,50.491333,266.60156,421.875,459.96094,588.13477,-57.769775,-19.374847,4.835129,260.37598,341.4917,350.46387,398.4375,-124.224365,7.794678,75.360596,253.47359,373.36475,458.78345,644.4524,-114.074974,-2.6095219,58.76858,256.16687,371.84116,437.23727,589.6177
482,120.5,2024-05-15 05:15:00,206.6536,-169.0979,-88.027954,-41.267395,78.50647,412.71973,455.2002,594.72656,-65.41443,-35.110474,-23.757935,91.46118,322.99805,331.7871,347.53418,-96.40503,-16.181946,50.03357,62.48474,263.48877,334.7168,564.69727,-97.4762,-27.152254,26.14517,69.8822,290.31372,346.1792,524.26764
483,120.75,2024-05-15 05:30:00,0.0,-159.57642,-74.24927,-3.9224625,208.37402,428.1006,477.17285,609.7412,-40.55786,-14.259338,0.17648935,195.19043,333.43506,344.4214,386.35254,-140.8806,-29.735573,70.24001,186.78665,351.85623,420.33765,553.4553,-122.68563,-31.091696,48.81106,190.62614,355.79645,410.8379,525.6633
484,121.0,2024-05-15 05:45:00,0.0,-169.92188,-91.36963,-54.473877,64.590454,413.45215,460.69336,602.7832,-58.09021,-33.920288,-25.520325,50.811768,318.96973,329.95605,348.2666,-168.18237,-26.275635,21.697998,59.143066,308.5327,419.67773,544.55566,-146.33789,-34.313965,4.6371455,58.021545,321.11206,405.83496,511.1206
485,121.25,2024-05-15 06:00:00,0.0,-187.3169,-96.221924,-58.547974,49.575806,402.83203,443.48145,576.416,-59.783936,-39.3219,-33.096313,23.12851,316.58936,328.67432,352.84424,-187.04224,-22.23587,27.328491,43.73932,319.15283,443.11523,564.69727,-161.61804,-33.05168,6.655884,40.200806,327.00806,420.26367,523.49854
486,121.5,2024-05-15 06:15:00,299.4979,-175.96436,-97.595215,-71.502686,36.30066,394.7754,448.2422,583.374,-59.96704,-39.367676,-33.187866,21.800995,313.29346,326.11084,355.0415,-201.59912,-63.62915,29.937744,34.12628,261.2915,372.0703,563.59863,-170.70924,-62.173462,7.168578,31.87866,285.04028,370.4956,523.86475
487,121.75,2024-05-15 06:30:00,299.4979,-186.21826,-84.732056,-8.451462,265.68604,442.3828,497.68066,643.0664,-28.862,-12.886047,4.969597,283.44727,350.28076,363.28125,425.90332,-112.85562,-1.7106012,75.3768,253.88174,393.33942,474.7298,729.4295,-103.393166,-12.247837,52.912537,260.97528,389.63205,454.7352,660.08795
488,122.0,2024-05-15 06:45:00,296.2833,-143.55469,-28.97644,42.663574,298.82812,437.25586,498.4131,699.0967,-35.29358,8.205414,35.77423,312.37793,350.09766,356.87256,402.0996,-138.49039,18.79721,101.37778,288.626,411.1922,533.50665,717.71075,-118.35746,11.901486,82.38565,294.3966,401.57968,494.6705,652.7271
489,122.25,2024-05-15 07:00:00,299.4979,-92.559814,5.0296783,75.21057,310.72998,432.1289,487.06055,705.6885,-52.78015,22.79663,54.840088,310.72998,353.39355,359.43604,394.04297,-99.59074,43.231533,145.22128,291.06192,424.0909,492.20615,750.75104,-89.52552,35.324368,120.14397,296.96234,410.75525,465.13757,674.90314
490,122.5,2024-05-15 07:15:00,0.0,-70.72449,18.058777,87.70752,316.40625,458.4961,517.82227,777.0996,-57.58667,17.154694,49.713135,308.3496,356.32324,363.46436,399.16992,-96.37613,42.23471,114.19516,296.1219,428.4041,546.32404,775.2059,-86.05307,34.801113,98.649994,300.5959,416.99713,506.90192,700.18805
491,122.75,2024-05-15 07:30:00,310.0,-110.321045,-39.45923,-10.511398,91.049194,423.70605,480.46875,659.5459,-76.812744,-36.483765,-21.606445,157.92847,326.29395,331.9702,346.61865,-147.12524,6.980896,43.876648,73.10486,312.92725,381.2256,535.4004,-129.38232,-6.356049,25.341227,91.86401,326.67844,381.29883,510.05862
492,123.0,2024-05-15 07:45:00,202.0,-106.56738,-10.099411,68.52722,294.7998,454.10156,502.80762,697.2656,-25.314331,5.9051514,27.46582,305.23682,366.02783,376.46484,425.5371,-70.85938,41.201168,120.668945,266.76422,384.1119,491.09128,614.8706,-65.321175,29.011904,96.81415,277.2623,387.49408,469.33765,585.2434
493,123.25,2024-05-15 08:00:00,320.0,-93.38379,-8.932114,56.488037,234.375,450.07324,494.75098,714.84375,-59.051514,-5.1698685,18.699646,253.23486,347.35107,355.2246,390.01465,-82.17969,40.867188,109.89795,219.10892,392.0635,464.93948,690.5254,-78.67446,26.679846,86.3173,227.46071,388.922,445.97766,632.85504
494,123.5,2024-05-15 08:15:00,286.6326,-52.139282,64.77356,146.66748,325.56152,448.9746,477.90527,705.6885,-34.14917,7.221222,36.621094,325.56152,375.3662,387.81738,446.41113,-114.326164,-1.3500899,85.2588,296.40228,421.44043,484.15405,597.4048,-92.072075,6.9765377,81.67213,305.1501,414.979,464.26187,578.0344
495,123.75,2024-05-15 08:30:00,300.6432,-26.09253,54.977417,117.370605,311.8286,429.56543,470.21484,712.2803,-48.614502,33.02765,66.604614,317.688,366.76025,375.73242,419.67773,-142.56664,67.63845,149.76126,287.46802,423.59546,502.88013,715.8318,-112.128784,59.450184,129.89087,295.94806,412.8254,474.18408,656.2458
496,124.0,2024-05-15 08:45:00,0.0,-33.943176,77.682495,151.61133,325.92773,428.833,461.792,664.30664,-52.230835,27.877808,62.210083,317.50488,367.30957,376.83105,420.41016,-92.66737,40.63341,114.24181,299.45227,460.76892,537.21545,666.671,-78.70764,41.7872,107.57241,305.71033,438.88342,497.59622,617.1824
497,124.25,2024-05-15 09:00:00,0.0102,-80.24597,-25.19989,-5.5732727,94.75708,421.5088,468.3838,655.8838,-85.739136,-37.05597,-19.065857,191.34521,335.44922,341.4917,360.90088,-148.40698,-60.562134,-2.7208328,63.720703,311.4624,403.93066,570.55664,-129.05731,-52.32468,-6.2750816,92.34924,327.2644,397.88818,537.1582
498,124.5,2024-05-15 09:15:00,300.4766,-117.004395,-46.165466,-35.91156,59.005737,418.2129,446.77734,619.9951,-72.006226,-45.34149,-36.094666,40.901184,328.125,341.3086,366.94336,-188.40533,-91.405205,-24.274162,28.803535,206.37006,308.90912,465.8305,-157.98543,-77.668495,-27.802002,34.243286,251.90533,329.17584,461.46954
499,124.75,2024-05-15 09:30:00,243.15591,-97.13745,-19.042969,40.603638,268.2495,455.2002,498.04688,697.63184,-28.244019,-3.622055,16.845703,302.49023,374.8169,390.38086,459.96094,-147.03317,-4.5771227,63.538113,241.56241,320.93863,364.0142,614.6856,-118.285774,-5.8326936,51.90618,256.4167,345.14044,382.6908,592.03534
500,125.0,2024-05-15 09:45:00,203.2388,-134.94873,-35.79712,30.48706,249.38965,439.81934,486.69434,666.1377,-60.97412,-7.083893,20.198822,282.71484,357.23877,366.21094,415.2832,-164.07066,-22.53013,31.852194,232.75322,351.92056,482.2917,629.5085,-140.53915,-20.767582,29.385006,244.4092,361.77408,459.51578,590.3263
501,125.25,2024-05-15 10:00:00,44.0937,-103.271484,-36.91864,14.785767,224.3042,407.95898,463.62305,636.4746,-80.65796,-24.284363,-0.1924038,225.40283,345.70312,354.6753,389.64844,-202.15671,-47.432587,47.59915,204.40466,348.44144,435.78275,605.70465,-167.96843,-41.75155,34.759502,210.59427,353.84552,422.34528,565.5704
502,125.5,2024-05-15 10:15:00,56.798496,-129.73022,-58.135986,-40.672302,97.32056,393.31055,451.9043,589.9658,-68.80188,-38.17749,-26.298523,72.69287,328.3081,339.29443,364.19678,-238.80424,-113.285446,-52.40288,64.41841,213.55782,285.24362,526.7597,-193.89636,-92.74891,-46.008953,69.36351,254.48317,312.71985,500.56772
503,125.75,2024-05-15 10:30:00,15.0192,-174.1333,-81.710815,-50.26245,95.947266,392.94434,422.97363,520.75195,-59.280396,-32.546997,-22.590637,56.07605,332.51953,347.53418,385.98633,-249.53694,-116.96859,-73.7557,57.510178,164.92229,241.73503,416.96695,-203.94527,-96.558495,-61.173367,61.06706,221.24394,281.0187,421.14932
504,126.0,2024-05-15 10:45:00,56.219,-219.36035,-117.46216,-85.372925,54.06189,377.19727,410.15625,484.86328,-61.019897,-37.69684,-28.816223,32.52411,328.4912,343.87207,384.8877,-225.21516,-120.936615,-45.680264,37.25507,168.37003,266.42303,443.48602,-191.79065,-103.94121,-46.276722,37.98956,221.277,296.28616,435.90408
505,126.25,2024-05-15 11:00:00,100.56729,-197.93701,-91.82739,-59.23462,71.36536,381.2256,403.93066,488.8916,-57.724,-34.950256,-25.634766,50.39978,329.40674,345.52002,394.04297,-237.11595,-93.46972,-60.052975,59.43479,193.91432,254.70534,456.12137,-197.31966,-81.60159,-53.087494,58.820843,239.74394,287.7908,446.98273
506,126.5,2024-05-15 11:15:00,64.2274,-201.59912,-92.10205,-57.128906,104.18701,396.60645,444.21387,536.1328,-54.748535,-33.828735,-23.506165,77.63672,331.0547,347.35107,401.3672,-179.40097,-102.13046,-12.317229,108.93292,260.05215,364.78848,583.5995,-156.69029,-87.46727,-19.036184,102.1991,287.90808,369.24353,542.4064
507,126.75,2024-05-15 11:30:00,62.1249,-231.0791,-112.51831,-82.53479,86.10535,383.78906,427.00195,485.5957,-58.044434,-40.397644,-31.608582,44.47174,324.4629,338.74512,382.69043,-256.20718,-86.37685,-39.868057,76.5298,210.80333,270.58725,479.87683,-214.06183,-79.79515,-42.482838,71.075745,250.8338,299.8603,461.01144
508,127.0,2024-05-15 11:45:00,315.9041,-249.75586,-125.701904,-87.9364,84.32007,372.98584,422.60742,468.01758,-57.769775,-43.190002,-35.40802,33.62274,320.80078,334.8999,376.46484,-248.05577,-106.149025,3.9889143,87.48501,244.49796,329.642,468.61902,-210.16858,-95.512505,-13.083004,76.39606,272.6073,339.9901,450.12805
509,127.25,2024-05-15 12:00:00,15.6962,-270.44678,-152.16064,-53.604126,279.60205,412.71973,466.91895,562.1338,-35.957336,-29.708862,-11.484146,265.68604,369.50684,390.38086,480.46875,-395.6437,-196.05878,-106.3371,238.2674,263.35284,302.23987,513.10876,-311.18674,-158.39897,-82.09321,247.8846,299.52032,336.33597,511.48322
510,127.5,2024-05-15 12:15:00,15.7861,-237.854,-116.82129,-73.88306,80.337524,397.70508,444.9463,536.499,-53.42102,-43.5791,-36.735535,80.337524,328.85742,341.3086,379.39453,-234.24277,-89.58945,-4.5941744,92.64627,304.63663,401.68253,487.3759,-198.43954,-83.11056,-17.951336,88.95364,318.78763,393.9341,470.69193
511,127.75,2024-05-15 12:30:00,329.519,-208.74023,-90.49988,-58.685303,48.431396,368.2251,401.7334,473.51074,-59.555054,-53.19214,-49.3927,9.012222,308.5327,320.43457,349.36523,-213.46196,-56.12857,-19.141268,52.24698,241.00583,300.6982,416.05466,-182.20839,-58.978413,-29.145956,43.218468,267.23312,314.749,408.4624
512,128.0,2024-05-15 12:45:00,274.7256,-252.13623,-132.93457,-31.88324,281.25,414.18457,458.4961,565.0635,-20.896912,5.4130554,26.84784,298.0957,361.9995,378.2959,443.84766,-200.022,-62.692905,27.211882,266.07297,284.10886,324.42926,391.63757,-169.40842,-56.095875,21.22956,273.9952,312.69455,348.60925,419.42218
513,128.25,2024-05-15 13:00:00,298.6217,-251.95312,-112.1521,6.7977905,275.75684,407.95898,439.45312,522.9492,-40.55786,26.893616,53.78723,291.1377,344.7876,351.3794,379.76074,-164.72754,-19.708,80.267586,263.99677,398.23026,429.63284,549.75006,-148.61617,-19.632088,67.624535,270.60095,388.5146,414.9642,513.0721
514,128.5,2024-05-15 13:15:00,300.9317,-179.1687,-74.798584,34.858704,301.5747,417.84668,455.2002,579.7119,-46.188354,22.441864,51.315308,296.26465,351.01318,359.98535,388.5498,-85.89978,75.965454,129.79846,309.5966,405.92148,471.3817,606.2389,-87.28439,50.184334,104.607864,306.12802,396.13232,447.48428,560.0484
515,128.75,2024-05-15 13:30:00,337.6086,-114.53247,-24.375916,67.74902,313.11035,429.56543,464.35547,627.68555,-24.07837,44.815063,74.98169,312.01172,359.43604,370.23926,409.42383,-41.29243,67.289116,163.05327,308.82812,474.6988,565.7022,777.0059,-45.17362,53.627804,135.90854,309.89307,447.13293,516.475,688.55743
516,129.0,2024-05-15 13:45:00,314.5056,-114.349365,30.349731,141.08276,345.3369,432.49512,455.2002,611.9385,29.594421,108.76465,139.52637,338.1958,370.78857,383.05664,432.1289,-128.21172,49.949905,133.81221,334.54443,447.65497,562.4621,712.6086,-95.26425,59.752834,135.6821,336.35394,430.76572,515.8548,646.4456
517,129.25,2024-05-15 14:00:00,319.378,-74.47815,80.15442,173.9502,333.98438,417.84668,448.6084,589.5996,51.452637,190.7959,222.29004,333.80127,366.76025,375.3662,407.95898,-91.2561,40.39673,121.87866,309.948,479.57523,556.75415,746.2683,-61.03656,74.45233,147.16809,317.12228,450.8394,509.66202,662.93964
518,129.5,2024-05-15 14:15:00,261.4393,-26.779175,101.44043,185.66895,334.16748,422.2412,442.74902,581.54297,36.369324,179.99268,212.21924,327.57568,362.18262,369.87305,399.53613,-75.0312,65.960014,156.96342,320.9773,507.61038,552.28815,669.29254,-47.92589,92.31458,170.88515,323.616,469.98795,504.8512,606.5663
519,129.75,2024-05-15 14:30:00,33.0623,-28.930664,57.95288,138.7024,287.8418,396.97266,410.52246,530.63965,-66.329956,84.41162,121.58203,303.22266,355.0415,361.6333,384.8877,-71.08024,16.627281,111.475914,273.2267,450.03793,545.25275,774.13464,-65.91522,34.31671,116.21978,280.6874,425.73212,495.05582,671.9357
520,130.0,2024-05-15 14:45:00,315.4498,-57.998657,-20.153046,2.6836395,115.90576,414.55078,439.0869,537.23145,-99.15161,-38.269043,-17.120361,217.5293,325.0122,327.39258,345.88623,-91.26631,-9.257949,55.858936,99.25494,336.83426,433.33084,571.0262,-89.5166,-16.14968,35.945545,124.57488,342.24152,412.71884,522.6187
521,130.25,2024-05-15 15:00:00,111.0713,-38.726807,50.26245,111.51123,296.26465,400.26855,420.77637,485.9619,-25.817871,27.008057,54.56543,311.0962,365.66162,377.19727,438.7207,-98.73477,20.100676,84.92001,275.46414,397.16058,475.2093,615.55963,-78.1506,24.498331,81.50822,284.67062,391.17157,450.1636,567.23206
522,130.5,2024-05-15 15:15:00,313.5927,-73.287964,-21.892548,17.50946,166.99219,423.33984,457.39746,570.92285,-88.07373,-19.329071,3.252983,206.17676,334.3506,340.20996,362.18262,-197.64452,-22.5957,18.419926,149.36322,363.02444,484.05716,706.16406,-163.2947,-21.872059,15.29549,162.48883,363.3212,452.62173,623.8436
523,130.75,2024-05-15 15:30:00,310.0,-23.094177,71.45691,132.93457,302.85645,387.45117,409.42383,490.35645,-32.226562,26.756287,56.030273,308.89893,360.16846,370.97168,423.70605,-76.42194,47.906666,141.1989,288.18683,419.24457,503.8393,634.7597,-62.25009,46.031616,123.338745,293.7962,404.25003,467.8242,578.1087
524,131.0,2024-05-15 15:45:00,301.8314,21.36612,100.70801,146.20972,311.6455,376.46484,404.6631,507.56836,2.9726028,78.14026,109.77173,325.56152,360.90088,368.95752,411.6211,-78.1836,50.905758,149.4165,302.836,424.53244,488.894,679.1406,-51.997387,61.332886,141.16687,308.26202,406.9994,456.48364,608.47943
525,131.25,2024-05-15 16:00:00,307.4085,15.232086,134.12476,188.59863,310.72998,369.87305,386.71875,458.4961,0.52535534,120.391846,153.62549,317.688,359.80225,366.57715,394.40918,16.369968,93.09116,164.6854,304.8555,410.32138,460.21762,668.7748,13.087258,102.654655,164.86475,308.00946,396.17273,434.13962,592.8737
526,131.5,2024-05-15 16:15:00,191.5375,17.944336,120.20874,173.76709,317.32178,393.31055,431.03027,551.8799,1.2996197,111.78589,144.56177,316.40625,356.68945,363.83057,394.7754,-109.70575,52.708805,129.88776,306.1933,477.78815,612.4622,717.93097,-74.73966,71.274216,137.21051,309.34872,445.12064,544.5927,636.69476
527,131.75,2024-05-15 16:30:00,102.8755,-7.9421997,58.36487,104.73633,233.82568,386.71875,425.5371,524.41406,-105.651855,18.047333,52.139282,272.46094,343.50586,348.4497,367.12646,-87.51523,66.84268,98.931915,221.3837,396.24945,489.63324,757.69965,-83.18525,56.235832,90.15383,232.84335,384.74768,454.9869,656.2565
528,132.0,2024-05-15 16:45:00,148.4856,-44.128418,-4.9552917,30.944824,151.88599,412.71973,465.4541,579.3457,-93.84155,-27.21405,-6.3972473,162.04834,321.3501,328.67432,352.47803,-88.1035,25.513441,87.0941,140.41212,386.8721,551.1177,684.41846,-84.85361,11.921068,62.780903,145.88676,376.35248,498.06265,607.52313
529,132.25,2024-05-15 17:00:00,284.1025,-54.153442,-16.75415,23.231506,173.67554,414.55078,459.22852,547.48535,-68.20679,-7.4443817,12.290955,167.44995,329.95605,342.95654,388.91602,-88.269775,-8.618898,47.045166,155.86131,334.97852,447.4968,617.968,-80.84555,-9.19752,37.712955,159.96046,341.9312,427.7619,565.1094
530,132.5,2024-05-15 17:15:00,303.426,-41.633606,34.37805,95.39795,271.91162,412.35352,446.77734,530.27344,-28.930664,26.71051,55.29785,301.3916,358.5205,371.521,440.55176,-137.04007,35.445282,98.89133,265.55164,407.79028,514.6323,741.1338,-105.87754,33.591602,89.82329,273.35562,398.3926,479.22458,659.93134
531,132.75,2024-05-15 17:30:00,50.539997,13.389587,114.715576,159.85107,298.4619,388.1836,416.74805,519.6533,-14.5225525,62.48474,94.84863,317.8711,357.05566,365.2954,416.01562,-197.18436,-62.60184,32.979214,278.0659,420.88812,472.2492,657.1857,-139.5946,-19.852783,58.040283,288.06653,404.8512,445.3083,595.1985
532,133.0,2024-05-15 17:45:00,0.0,-32.913208,-8.731842,13.893127,127.16675,391.8457,438.7207,549.6826,-111.51123,-35.13336,-11.43837,222.10693,330.32227,333.06885,348.2666,-123.95952,-21.145792,13.552693,109.59151,313.29636,423.89206,553.34766,-112.365234,-22.70191,8.588524,133.85213,324.5565,407.2103,511.96497
533,133.25,2024-05-15 18:00:00,0.0,-51.086426,-24.627686,-16.296387,59.09729,367.8589,409.05762,489.2578,-85.92224,-48.66028,-37.330627,49.25537,310.9131,321.167,348.99902,-177.33765,-67.474365,-18.917084,38.864136,221.0083,296.44775,468.3838,-146.42944,-59.42688,-22.337723,42.9657,253.6743,312.6526,446.59424
534,133.5,2024-05-15 18:15:00,0.0,-110.04639,-59.09729,-38.749695,51.26953,394.04297,435.0586,537.96387,-80.01709,-41.72516,-31.12793,37.513733,315.49072,330.68848,375.73242,-236.93848,-123.413086,-75.39368,25.131226,193.72559,296.44775,413.08594,-192.865,-100.64393,-62.876133,30.221558,238.11034,317.15698,418.10303
535,133.75,2024-05-15 18:30:00,135.8267,-126.25122,-71.0907,-48.202515,42.57202,405.0293,451.5381,556.6406,-82.717896,-43.21289,-32.157898,36.895752,313.29346,328.67432,374.8169,-195.92285,-117.73682,-71.45691,24.765015,229.61426,253.96729,507.93457,-166.3147,-98.16742,-61.271667,28.97186,263.8916,288.66577,486.18164
536,134.0,2024-05-15 18:45:00,276.1996,-85.96802,-45.59326,-25.497437,132.38525,413.08594,473.14453,597.29004,-68.71033,-19.329071,-2.5548935,150.8789,322.08252,337.09717,396.24023,-167.21284,-34.003616,5.821824,124.49133,240.01372,322.50275,543.4195,-139.38785,-32.22767,1.0145543,130.55824,273.7347,340.48578,519.37067
537,134.25,2024-05-15 19:00:00,298.2427,-65.13977,-15.99884,27.60315,254.88281,405.76172,462.5244,610.83984,-41.679382,11.21521,38.81836,291.1377,349.73145,362.18262,432.1289,-90.37757,-13.290167,50.247433,248.55066,358.64282,435.50134,651.1996,-78.11415,-8.659959,45.69719,257.7013,361.57242,423.5399,603.3494
538,134.5,2024-05-15 19:15:00,316.1372,-48.065186,17.784119,64.315796,294.9829,411.6211,463.98926,630.98145,-34.14917,39.711,71.96045,312.74414,350.28076,357.23877,406.86035,-54.784634,87.48832,136.92679,298.18173,422.57132,496.54593,731.8364,-49.985596,70.96243,116.67242,300.77435,407.01816,465.4288,656.75574
539,134.75,2024-05-15 19:30:00,314.7781,-19.031525,44.952393,94.29932,320.43457,431.39648,487.06055,672.3633,-13.755798,81.80237,115.26489,322.08252,351.3794,356.14014,392.94434,-46.411625,45.690426,129.00342,315.6977,489.355,580.9077,670.2632,-37.14245,52.83901,122.78529,317.44833,455.964,526.5695,615.00946
540,135.0,2024-05-15 19:45:00,310.874,2.3789406,76.44653,129.63867,318.60352,416.01562,456.66504,645.9961,7.713318,125.24414,158.56934,324.646,350.09766,353.39355,383.05664,-70.10959,64.65604,129.84158,309.91437,416.21854,491.38333,687.03156,-47.296158,77.952705,135.56685,313.7296,402.97406,460.31357,622.133
541,135.25,2024-05-15 20:00:00,311.1383,14.3966675,107.940674,169.55566,312.56104,386.35254,407.22656,571.28906,13.916016,147.03369,180.54199,323.36426,348.2666,350.64697,377.19727,-66.68948,83.273895,165.5798,305.14624,408.83545,504.7827,653.64746,-42.45977,98.49254,168.96983,309.53134,394.4734,464.19995,590.1216
542,135.5,2024-05-15 20:15:00,312.8082,19.283295,116.63818,175.41504,309.44824,386.71875,408.3252,572.3877,12.096405,148.59009,182.18994,322.44873,346.80176,348.81592,377.19727,-72.650764,82.98889,170.87952,310.70557,435.65002,490.4901,676.6168,-46.507923,99.47406,173.59515,312.92847,412.98724,453.93875,606.30994
543,135.75,2024-05-15 20:30:00,308.2466,30.441284,125.701904,185.39429,312.92725,391.8457,413.08594,581.54297,11.867523,147.2168,180.81665,322.99805,346.06934,347.7173,379.76074,-77.20645,150.6683,172.1832,307.79282,438.23544,539.859,710.1471,-48.62688,147.48137,175.231,311.3473,415.16324,488.7534,631.2094
544,136.0,2024-05-15 20:45:00,302.2161,49.25537,156.09741,209.28955,319.15283,392.57812,408.3252,586.3037,-2.919674,137.05444,171.66138,319.51904,344.6045,346.25244,379.39453,-89.82468,66.18118,164.14261,303.78915,409.32083,481.6475,612.2017,-58.53567,89.34746,170.16106,308.47147,394.70328,447.23627,563.0505
545,136.25,2024-05-15 21:00:00,303.3454,34.835815,150.60425,203.24707,315.49072,380.49316,392.94434,550.41504,-33.210754,102.44751,138.42773,312.56104,342.22412,344.4214,380.85938,-25.90891,105.011505,182.19046,303.40915,442.01715,499.42072,666.4129,-21.294806,109.05797,175.54358,306.44766,415.90616,457.77325,597.7024
546,136.5,2024-05-15 21:15:00,301.2234,11.432648,137.96997,192.62695,313.47656,388.5498,408.3252,591.43066,-49.16382,68.984985,105.10254,309.81445,340.57617,343.32275,387.81738,-19.286446,50.84295,140.56464,299.25412,447.541,551.6364,730.71356,-22.19001,63.18406,138.67845,302.78842,420.2489,495.64255,648.20605
547,136.75,2024-05-15 21:30:00,322.7254,12.336731,136.13892,188.96484,308.3496,378.6621,397.33887,571.6553,-54.19922,57.037354,93.15491,308.71582,339.84375,342.77344,390.74707,-52.536385,118.209465,170.57764,301.45782,468.7649,549.6975,798.1716,-46.38164,107.76798,156.93181,303.5986,433.97037,493.07684,694.03503
548,137.0,2024-05-15 21:45:00,314.8936,60.47058,186.03516,231.99463,324.8291,381.5918,398.4375,562.8662,-13.950348,85.05249,119.29321,324.09668,344.4214,347.7173,403.19824,-71.68378,114.900696,153.99371,316.24805,443.2088,505.64777,701.0213,-46.921654,116.0445,154.85371,318.67587,417.28964,463.3406,627.64124
549,137.25,2024-05-15 22:00:00,318.8465,65.36865,197.20459,241.1499,319.88525,374.45068,391.4795,543.82324,-7.6446533,126.434326,161.68213,322.99805,344.05518,346.25244,392.94434,-65.23338,118.970726,174.36012,311.89807,463.84988,547.0713,782.91113,-40.65543,128.28683,178.50351,314.9168,430.95102,491.34833,681.009
550,137.5,2024-05-15 22:15:00,313.8647,44.58618,181.73218,233.64258,321.7163,376.83105,394.7754,540.52734,-7.707596,124.053955,159.11865,323.91357,343.87207,346.43555,395.5078,-13.67303,106.81037,177.30597,314.9269,470.0001,538.2069,748.7782,-6.6540213,117.75127,179.30217,317.4032,435.45758,485.50946,657.299
551,137.75,2024-05-15 22:30:00,313.8702,22.327423,169.64722,224.4873,318.0542,379.02832,401.7334,558.4717,-15.953064,120.391846,156.00586,321.8994,342.95654,345.70312,396.24023,-85.671455,106.9555,181.02167,315.3381,429.31268,554.6484,683.1884,-60.927895,115.911934,180.36507,316.92197,407.01303,497.56784,613.3271
552,138.0,2024-05-15 22:45:00,310.6201,13.103485,170.6543,223.02246,316.58936,399.53613,433.22754,622.5586,-23.483276,107.940674,143.7378,320.80078,342.40723,345.70312,400.63477,-72.84855,93.96053,157.86433,311.12076,451.8402,546.048,869.77844,-54.38029,104.425934,161.55484,313.6036,424.7232,494.69693,751.2277
553,138.25,2024-05-15 23:00:00,313.8915,8.6689,164.61182,215.14893,311.2793,398.8037,432.1289,625.1221,-33.920288,96.67969,133.02612,318.4204,341.3086,344.7876,401.7334,-42.40727,94.555626,172.8332,309.25537,446.48438,551.4038,788.1592,-35.602253,101.98606,169.10336,311.2908,420.68115,498.1531,694.57025
554,138.5,2024-05-15 23:15:00,312.4701,11.112213,162.59766,212.95166,313.47656,405.3955,442.74902,633.91113,-30.189514,92.74292,128.54004,320.25146,341.8579,345.88623,407.22656,-98.46201,74.938866,145.34291,307.46564,412.03604,454.69962,679.0038,-73.8501,87.26556,148.74323,310.6239,397.33636,431.74188,620.1391
555,138.75,2024-05-15 23:30:00,309.603,0.1707673,155.63965,206.72607,311.2793,395.5078,425.1709,605.7129,-31.99768,96.77124,132.93457,319.88525,341.6748,345.88623,407.95898,-69.85413,44.586784,130.09705,307.01984,400.40652,460.3278,713.8373,-55.280357,66.12897,138.32744,310.01886,388.17032,433.92377,641.84924
556,139.0,2024-05-15 23:45:00,304.78,-6.248474,153.35083,205.44434,311.2793,406.12793,439.0869,636.8408,-43.09845,86.92932,123.687744,317.50488,340.94238,345.3369,408.3252,-58.0728,75.044876,151.67451,306.22412,412.14206,509.37106,688.63135,-49.895496,85.252365,151.45415,308.98578,397.30075,469.5358,627.39105
557,139.25,2024-05-16 00:00:00,304.78,-18.424988,144.104,199.58496,309.26514,411.25488,446.77734,661.01074,-62.576294,65.460205,102.996826,312.92725,339.29443,344.05518,409.42383,-103.545204,44.037804,132.47775,300.4856,395.051,447.1445,787.0798,-86.8394,58.328903,133.29228,303.85187,385.52008,426.48993,698.94165
558,139.5,2024-05-16 00:15:00,331.9941,-30.693054,143.9209,201.0498,305.96924,412.71973,438.7207,658.8135,-55.80139,57.128906,93.84155,318.0542,342.77344,348.99902,424.43848,-28.288857,134.3088,131.01291,311.65216,459.77878,583.6496,776.82587,-34.031784,119.83402,130.58232,312.3643,431.6718,522.2266,694.5471
559,139.75,2024-05-16 00:30:00,330.0,7.7991486,196.47217,248.10791,333.61816,430.29785,465.0879,690.3076,5.0354004,110.321045,144.01245,336.73096,357.7881,367.30957,455.93262,-15.906281,86.44968,181.75607,331.07144,502.73993,569.11566,749.84076,-9.347403,102.2262,180.84253,332.458,466.50534,518.3516,685.10583
560,140.0,2024-05-16 00:45:00,327.0,0.3324151,186.76758,244.81201,333.43506,433.59375,467.65137,679.3213,36.964417,182.2815,215.33203,338.562,353.21045,359.06982,429.56543,-67.70508,89.94873,156.0498,325.00467,478.5901,567.6709,749.3115,-39.96743,118.097176,176.78247,328.55917,449.01453,515.9487,678.3633
561,140.25,2024-05-16 01:00:00,328.34,1.683712,172.11914,234.74121,332.33643,431.03027,463.62305,666.8701,42.503357,197.3877,229.79736,336.91406,351.5625,357.05566,420.41016,7.8471603,72.6665,143.98608,324.26486,460.30078,523.8384,793.1865,14.162055,107.556,170.22385,327.60187,435.62607,484.4603,705.99963
562,140.5,2024-05-16 01:15:00,327.0,-25.817871,143.00537,212.21924,331.2378,421.5088,449.34082,629.1504,48.706055,200.6836,232.17773,336.91406,352.47803,358.5205,422.97363,-59.843594,42.329258,152.10098,323.48486,436.37225,464.20428,703.70624,-34.73109,84.06773,174.12816,326.94598,418.1071,441.5812,640.10406
563,140.75,2024-05-16 01:30:00,325.89,-36.003113,131.92749,204.89502,330.13916,422.2412,446.77734,614.86816,54.244995,206.72607,237.6709,337.09717,353.02734,359.25293,423.33984,-26.210457,128.87988,184.8186,324.60388,462.68115,551.4873,794.28516,-11.098632,144.75388,197.39668,327.65607,436.70642,502.56943,702.15436
564,141.0,2024-05-16 01:45:00,319.6741,-48.52295,117.27905,193.90869,327.7588,420.04395,448.2422,603.1494,53.329468,207.8247,238.76953,336.18164,352.47803,358.5205,421.14258,-105.87269,67.8944,179.31407,323.44812,446.09875,560.81433,688.07263,-68.29729,100.81892,192.66464,326.4259,424.7691,509.0984,626.19434
565,141.25,2024-05-16 02:00:00,319.4644,-51.9104,110.87036,188.59863,323.73047,421.875,452.2705,604.98047,33.714294,194.0918,226.68457,331.9702,349.54834,355.2246,413.45215,-46.17063,150.3931,189.02835,317.5026,459.74976,519.99146,704.56177,-30.76762,155.18056,196.51663,321.0189,433.922,480.266,636.3817
566,141.5,2024-05-16 02:15:00,319.4644,-59.280396,107.02515,182.92236,322.81494,420.41016,453.00293,609.7412,16.262054,171.56982,205.07812,329.04053,347.7173,353.39355,411.25488,-60.66256,104.49857,172.33916,314.4376,452.67365,516.4859,757.8189,-45.13942,118.16548,179.94527,318.19592,428.45602,477.51913,673.6983
567,141.75,2024-05-16 02:30:00,309.4812,-72.28088,95.3064,174.04175,322.99805,427.36816,463.25684,620.72754,4.0225983,156.00586,190.42969,327.20947,346.06934,351.7456,408.3252,18.622108,88.93461,173.16313,314.97546,463.84308,546.8814,763.3121,6.6119065,102.98603,176.7043,318.22452,436.64084,499.4918,678.0562
568,142.0,2024-05-16 02:45:00,300.3347,-88.43994,73.013306,156.64673,315.49072,418.2129,448.9746,593.6279,-29.754639,127.2583,164.0625,320.25146,343.13965,348.0835,399.53613,-66.61745,80.23314,177.18748,305.95068,458.98682,525.36255,691.073,-61.427135,88.91619,172.5084,309.76483,431.74,482.26794,623.0211
569,142.25,2024-05-16 03:00:00,299.4979,-103.36304,54.29077,140.4419,307.6172,412.35352,438.7207,574.21875,-70.35828,72.32666,110.687256,310.54688,339.29443,344.4214,394.40918,-92.97587,89.03097,147.07541,295.1076,414.31784,519.8781,731.73114,-89.491066,82.21608,139.13443,299.4464,399.11673,476.67105,648.5155
570,142.5,2024-05-16 03:15:00,299.4979,-112.976074,44.700623,134.12476,305.96924,408.6914,431.7627,556.6406,-88.57727,27.328491,65.093994,304.6875,336.54785,341.4917,392.57812,-48.5856,109.61752,149.1683,296.7313,423.82648,524.9007,744.81036,-63.022984,86.66803,130.84909,299.24634,404.85724,478.90512,655.54694
571,142.75,2024-05-16 03:30:00,299.4979,-122.039795,37.330627,128.54004,304.8706,406.49414,427.36816,544.18945,-91.46118,9.555817,46.577454,302.49023,336.18164,340.94238,391.11328,-118.715,30.882174,139.00595,291.1151,418.88263,506.40704,711.8514,-113.59672,27.261747,119.47366,294.7657,401.10358,465.41022,630.93756
572,143.0,2024-05-16 03:45:00,292.29,-124.420166,34.309387,125.701904,304.3213,398.4375,414.917,519.2871,-91.73584,2.7308464,39.3219,301.3916,336.73096,341.6748,389.64844,-34.48648,104.307465,140.92856,290.39984,373.6556,436.46075,683.2869,-54.929718,76.99233,119.084564,293.99033,368.74887,415.34918,608.15924
573,143.25,2024-05-16 04:00:00,249.5816,-141.44897,15.838623,110.87036,299.37744,399.90234,418.2129,527.70996,-97.229004,-6.2713623,29.823303,296.26465,337.46338,342.40723,387.81738,-74.653366,55.35152,138.4814,282.68268,364.342,445.2746,646.78217,-85.84805,39.075653,113.98868,287.06854,362.5223,421.99493,583.082
574,143.5,2024-05-16 04:15:00,199.6653,-177.70386,-39.43634,59.051514,266.96777,406.86035,433.59375,555.542,-110.50415,-28.312683,4.214287,266.23535,336.36475,342.40723,381.5918,-113.15033,56.771545,107.2171,245.27577,333.2608,437.0816,655.3433,-119.07645,30.13391,81.79998,251.6369,341.24155,417.79794,590.61285
575,143.75,2024-05-16 04:30:00,200.5021,-190.6128,-74.89014,14.339447,225.76904,414.55078,449.70703,580.81055,-87.79907,-31.471252,-7.8907013,211.85303,332.15332,340.02686,375.73242,-166.17943,-52.287834,25.715097,194.51546,289.75317,357.77686,574.11597,-152.9467,-50.38475,17.856373,201.10832,310.71295,363.4199,535.10876
576,144.0,2024-05-16 04:45:00,0.8368,-195.73975,-82.99255,4.5318604,220.45898,416.74805,453.00293,586.3037,-62.850952,-21.78955,-2.3903847,197.93701,333.25195,343.13965,384.8877,-200.49889,-33.14048,27.10122,196.12474,305.23843,338.19742,513.79553,-172.49338,-35.855503,18.945961,198.92062,321.9921,350.6664,495.2648
577,144.25,2024-05-16 05:00:00,201.66188,-195.92285,-96.77124,-50.67444,68.38989,393.31055,426.26953,562.8662,-58.31909,-32.684326,-24.009705,51.498413,322.26562,333.06885,354.30908,-273.089,-162.67638,-87.64892,38.23609,217.63368,317.7924,516.4618,-222.41838,-130.08745,-71.223625,43.90394,256.12778,331.69537,488.67172
578,144.5,2024-05-16 05:15:00,0.0,-196.28906,-93.24646,-19.500732,198.48633,420.04395,458.8623,588.13477,-38.29193,-13.92746,-0.94628334,183.10547,329.40674,340.75928,388.1836,-145.13988,-44.61497,35.310566,172.45656,248.76576,337.52615,500.67313,-128.88521,-43.34062,22.578068,177.18932,282.0218,350.3064,486.9214
579,144.75,2024-05-16 05:30:00,259.5649,-201.59912,-105.19409,-64.04114,58.547974,398.0713,433.95996,573.4863,-53.970337,-30.715942,-23.036957,44.815063,317.50488,328.3081,349.36523,-205.26123,-95.39795,-49.621582,36.827087,187.22534,214.2334,484.49707,-174.63684,-83.44116,-45.746613,40.59677,234.36584,259.021,466.36963
580,145.0,2024-05-16 05:45:00,291.8707,-201.23291,-91.278076,-8.743286,242.24854,428.1006,470.21484,614.50195,-32.455444,-11.375427,4.6520233,244.07959,334.5337,343.87207,393.31055,-159.0142,31.049274,40.753864,215.41359,309.64426,368.32956,512.43353,-137.92433,10.331598,28.583778,223.8303,326.46774,373.6266,498.81577
581,145.25,2024-05-16 06:00:00,300.9654,-180.54199,-63.858032,21.629333,290.22217,428.1006,478.6377,673.4619,-37.765503,-3.5705566,21.514893,294.9829,343.68896,351.01318,401.00098,-99.975006,34.973724,110.41318,282.09744,399.1705,490.72324,719.6051,-95.589806,17.381695,83.755135,285.487,390.9672,461.5727,651.26996
582,145.5,2024-05-16 06:15:00,309.4812,-134.12476,-2.8939247,88.30261,312.92725,420.04395,456.29883,646.7285,-50.125122,6.368637,37.010193,310.18066,349.54834,355.77393,399.90234,-72.02044,84.35163,177.27765,316.96423,477.29596,541.566,767.5181,-73.85181,60.030476,140.32666,315.20383,446.02124,495.88086,681.916
583,145.75,2024-05-16 06:30:00,301.4946,-112.88452,1.6264915,87.20398,323.54736,440.55176,488.15918,729.8584,-55.43518,16.822815,49.987793,314.7583,353.21045,359.61914,400.63477,-92.25221,69.42992,129.94627,314.9715,463.01514,558.32153,831.3317,-86.952034,52.12815,109.68036,315.78644,438.8079,511.56485,735.045
584,146.0,2024-05-16 06:45:00,309.4812,-96.67969,32.798767,123.13843,321.8994,426.63574,461.42578,677.85645,-62.164307,18.802643,52.825928,311.4624,354.30908,361.2671,401.00098,-124.77493,21.892548,135.50949,304.5559,474.71237,551.6167,809.063,-109.44328,22.365189,117.73568,307.67154,445.82404,504.52765,714.3299
585,146.25,2024-05-16 07:00:00,300.2766,-93.429565,48.431396,144.37866,326.29395,440.18555,476.07422,711.91406,-56.21338,20.450592,54.611206,316.95557,357.23877,364.9292,408.6914,-76.87135,99.093,148.34837,300.90384,438.38745,499.36157,703.8904,-74.395584,78.29836,129.20396,306.6532,422.3375,470.14636,645.65295
586,146.5,2024-05-16 07:15:00,249.71141,-73.10486,60.2417,148.40698,320.61768,434.69238,464.72168,697.2656,-59.555054,26.985168,61.88965,314.7583,358.3374,366.21094,409.42383,-82.047615,108.74829,149.0315,289.87964,403.5481,527.5105,683.69946,-76.65482,87.545006,131.54068,297.9292,397.62036,488.9717,630.2009
587,146.75,2024-05-16 07:30:00,303.0,-82.53479,23.80371,109.77173,284.5459,446.04492,479.0039,719.9707,-83.54187,1.6450882,34.14917,285.0952,353.75977,361.6333,397.33887,-23.298853,75.76121,153.12328,267.9304,426.2251,501.29834,707.8413,-41.27105,55.742233,124.993286,273.02493,413.71402,471.13586,646.95374
588,147.0,2024-05-16 07:45:00,302.47,-59.646606,61.9812,145.20264,319.88525,441.28418,470.94727,707.88574,-56.44226,-0.6798506,30.87616,308.89893,361.9995,372.0703,424.07227,-16.519054,77.780266,153.12816,296.01337,425.86377,495.26074,790.4268,-28.816452,60.508335,127.885216,300.97766,414.63297,468.1913,708.9018
589,147.25,2024-05-16 08:00:00,320.0,-68.38989,69.992065,154.99878,328.67432,443.11523,473.51074,715.5762,-51.68152,18.299103,52.04773,317.50488,364.01367,373.53516,425.90332,-21.44357,98.67362,188.5784,307.74002,478.9837,592.5091,788.43195,-32.185795,79.73056,157.9143,311.7864,452.40283,536.81445,708.6407
590,147.5,2024-05-16 08:15:00,319.994,-31.173706,111.23657,191.16211,343.13965,444.21387,478.6377,737.91504,-39.20746,40.603638,75.98877,330.13916,367.12646,376.83105,430.66406,-102.2412,118.40089,146.32448,312.53845,444.1455,560.0513,715.874,-82.5277,102.12501,136.74109,319.1187,428.74854,515.26587,661.03613
591,147.75,2024-05-16 08:30:00,319.994,-20.187378,109.680176,192.07764,346.98486,438.3545,475.3418,743.7744,-26.367188,80.79529,117.55371,333.06885,367.49268,376.46484,424.43848,-31.934715,71.33677,164.2628,310.68994,403.58163,502.18393,712.9383,-29.646477,77.06281,157.70247,318.79523,399.8411,474.35593,658.32196
592,148.0,2024-05-16 08:45:00,314.9961,6.5288544,133.30078,209.83887,344.7876,433.95996,470.94727,721.80176,-19.52362,104.278564,141.54053,331.9702,367.12646,376.09863,419.31152,-57.93569,61.815285,147.4171,301.31723,393.0073,464.6473,727.2205,-43.80682,77.45649,152.48395,311.79486,391.92636,447.56754,665.0968
593,148.25,2024-05-16 09:00:00,309.9982,10.442734,129.18091,205.44434,338.3789,429.56543,469.84863,717.77344,-19.21463,110.77881,148.04077,328.85742,366.21094,375.0,415.6494,-110.54101,16.351082,116.50977,300.06155,407.69327,502.03836,738.336,-80.17736,46.51961,131.70943,309.65247,401.584,473.41174,671.74243
594,148.5,2024-05-16 09:15:00,319.994,-15.6440735,106.84204,185.30273,329.95605,428.1006,466.55273,696.5332,-26.573181,101.623535,138.8855,324.646,365.2954,374.08447,414.55078,-102.72152,88.07438,190.43034,318.2036,471.68033,557.73987,772.5226,-78.7841,92.66098,179.60861,320.66736,446.04538,511.8901,693.3293
595,148.75,2024-05-16 09:30:00,329.9898,-28.678894,95.947266,178.43628,332.70264,426.26953,463.62305,692.5049,-16.456604,98.41919,134.67407,328.3081,366.21094,375.3662,420.41016,-113.965965,63.829445,141.64928,311.17633,422.4415,517.93097,812.18146,-85.935394,73.959175,143.93292,316.7553,411.5782,483.98724,721.8595
596,149.0,2024-05-16 09:45:00,332.5302,-50.216675,88.34839,177.2461,338.562,421.875,451.9043,654.05273,5.104065,127.075195,162.96387,335.63232,368.7744,377.9297,424.8047,-119.35101,17.42877,113.00983,311.86237,418.42975,532.68756,740.8785,-87.54656,46.45002,129.42426,319.28632,408.84323,493.65765,668.98114
597,149.25,2024-05-16 10:00:00,340.131,-67.88635,78.50647,172.3938,338.562,416.38184,443.48145,630.61523,24.284363,161.59058,197.20459,339.66064,370.42236,379.02832,422.97363,-119.740295,40.843204,133.67767,308.03986,432.23114,481.76117,719.6152,-85.74997,68.759,150.25467,317.41623,418.28445,457.38666,651.3869
598,149.5,2024-05-16 10:15:00,330.2297,-83.6792,69.3512,173.21777,344.6045,407.59277,431.03027,591.43066,44.7464,187.6831,222.10693,344.23828,372.61963,380.85938,423.70605,-244.70786,-1.1775792,99.71353,313.67227,419.09525,450.1774,699.01776,-170.71414,43.647438,131.54263,322.8787,408.64987,434.39908,633.1967
599,149.75,2024-05-16 10:30:00,184.1491,-106.01807,53.604126,162.87231,337.8296,407.59277,431.7627,592.5293,28.427124,185.7605,221.37451,339.84375,372.43652,380.12695,418.5791,-139.61893,-16.755156,58.13498,309.699,397.65833,492.18652,650.6643,-102.64963,30.783903,101.25662,318.54102,393.6074,463.7322,598.4338
600,150.0,2024-05-16 10:45:00,316.3662,-156.37207,-59.509277,30.281067,232.72705,425.90332,463.62305,606.8115,-138.51929,5.627632,44.517517,293.51807,359.61914,364.563,386.71875,-153.31429,4.247971,85.5468,214.08684,392.88934,449.65204,545.2331,-150.66107,-1.8518215,71.81437,231.8371,389.53668,434.0313,519.68805
601,150.25,2024-05-16 11:00:00,318.4301,-188.78174,-53.55835,71.18225,313.47656,419.67773,451.17188,573.1201,-70.632935,-27.236938,3.9081573,303.58887,376.09863,388.91602,455.2002,-77.67675,41.341805,111.4712,296.49927,437.67358,506.4297,756.18555,-87.37849,18.136038,85.92969,299.6149,423.559,477.40115,677.68195
602,150.5,2024-05-16 11:15:00,315.4307,-194.82422,-41.267395,91.50696,321.5332,409.79004,434.69238,537.59766,-70.17517,-25.428772,7.610321,313.65967,375.3662,386.71875,455.2002,-113.33259,91.92865,168.46674,317.15408,482.40106,548.5937,730.7836,-112.850266,55.137558,128.59946,316.89313,453.733,504.82858,656.3483
603,150.75,2024-05-16 11:30:00,337.8541,-220.64209,-60.150146,85.05249,320.80078,407.95898,436.52344,537.59766,-116.91284,-64.04114,-29.594421,293.33496,362.36572,371.1548,426.26953,-24.779276,86.365746,142.48758,315.3774,491.94437,589.35645,813.84375,-62.792274,41.63278,102.32766,311.51123,457.6301,530.43286,708.7043
604,151.0,2024-05-16 11:45:00,337.5998,-214.78271,-67.88635,77.91138,334.7168,394.04297,419.67773,518.1885,-140.625,-104.55322,-71.502686,283.08105,356.14014,365.2954,421.875,15.039146,123.9869,209.13095,344.74344,493.49374,549.3409,752.03864,-39.075874,59.091545,139.88226,331.4083,456.07794,499.56546,662.6209
605,151.25,2024-05-16 12:00:00,201.4943,-235.10742,-72.18933,86.56311,338.562,399.90234,421.875,502.80762,-156.37207,-125.79346,-94.29932,268.43262,348.0835,356.32324,406.12793,-206.95587,-85.74005,-2.060853,302.00867,311.0495,348.04254,604.20135,-199.65425,-92.39567,-11.646149,298.9488,327.34158,357.0819,554.4473
606,151.5,2024-05-16 12:15:00,336.071,-234.5581,-117.64526,3.358841,244.07959,419.31152,455.93262,550.78125,-83.58765,-56.396484,-36.78131,212.21924,359.43604,370.78857,412.35352,-126.81381,61.78482,130.12894,241.66306,443.55972,531.4504,691.48456,-128.94301,20.205547,84.06988,236.01596,424.31018,491.7662,621.588
607,151.75,2024-05-16 12:30:00,327.7555,-249.57275,-98.236084,56.991577,325.37842,409.79004,435.4248,520.01953,0.7202625,40.58075,67.42859,310.9131,367.8589,376.46484,411.9873,-62.000267,174.29735,208.53807,334.58902,472.66772,531.4446,691.11255,-68.21342,120.300674,165.16153,328.93274,445.41818,490.84668,618.1782
608,152.0,2024-05-16 12:45:00,171.2421,-205.62744,-44.10553,103.8208,329.04053,406.12793,425.5371,529.9072,104.09546,174.04175,198.48633,330.13916,364.01367,369.14062,382.32422,-87.161514,53.09728,166.07335,324.73425,441.09778,496.12097,705.6852,-60.75671,67.565895,166.33069,326.24585,422.184,463.6665,623.4352
609,152.25,2024-05-16 13:00:00,332.0776,-186.58447,-82.717896,23.918152,223.75488,431.03027,467.28516,583.374,-49.438477,59.555054,89.035034,289.30664,352.84424,357.60498,358.5205,-86.57041,63.576077,93.60538,202.53026,328.25504,424.29385,629.7382,-89.145424,48.14248,85.72259,222.00801,343.45038,415.25522,570.8582
610,152.5,2024-05-16 13:15:00,343.99,-150.78735,-24.147034,96.13037,326.47705,406.86035,434.32617,543.45703,44.128418,107.299805,135.86426,335.81543,366.76025,376.83105,414.18457,34.89742,71.3354,171.58565,320.49045,441.39157,466.93478,767.13617,18.17514,68.98004,156.89586,324.1541,423.01218,445.65314,674.1779
611,152.75,2024-05-16 13:30:00,469.3931,-110.687256,51.04065,168.9148,349.36523,424.8047,451.5381,568.7256,150.8789,250.67139,277.4048,364.9292,399.16992,417.11426,477.90527,57.796127,188.35033,240.07762,348.21,511.98926,577.44946,792.2322,59.564346,187.08357,240.42679,351.66937,480.70694,532.79126,707.0162
612,153.0,2024-05-16 13:45:00,384.8916,3.3073425,184.93652,286.01074,449.70703,492.5537,520.38574,651.12305,200.50049,300.10986,328.4912,420.04395,681.51855,779.2969,1044.4336,15.291542,174.2271,249.48344,443.27768,588.5948,680.1475,888.33844,51.134914,200.47458,268.9377,439.27386,597.57544,684.0012,895.83594
613,153.25,2024-05-16 14:00:00,365.1626,40.283203,166.90063,249.57275,403.56445,470.21484,503.17383,650.0244,266.05225,332.15332,348.0835,404.29688,491.08887,526.6113,637.93945,-35.152363,74.161606,181.46141,379.58438,513.79785,586.4907,734.0737,32.63212,135.03384,221.59695,386.9249,504.89777,566.1831,706.44196
614,153.5,2024-05-16 14:15:00,360.1636,53.649902,183.65479,268.0664,380.85938,427.00195,441.28418,551.14746,218.26172,314.02588,332.70264,383.05664,417.48047,431.39648,490.35645,-2.6962907,76.95459,167.5918,363.84296,496.2661,580.86084,807.17914,47.129932,135.03886,210.6614,369.38733,473.58258,537.0103,718.2114
615,153.75,2024-05-16 14:30:00,354.7614,66.92505,206.90918,278.1372,372.43652,410.88867,421.875,517.45605,197.5708,310.9131,331.2378,371.7041,396.24023,406.12793,451.17188,-30.949675,83.85745,162.4097,346.72824,480.83014,575.12946,773.2496,24.541895,141.57376,207.7481,354.29425,456.91803,526.00366,683.25464
616,154.0,2024-05-16 14:45:00,380.0448,74.06616,209.10645,275.0244,368.95752,414.55078,426.26953,515.2588,183.47168,301.5747,322.26562,365.66162,386.71875,393.67676,430.66406,-2.8435662,142.17596,199.76263,360.123,543.17694,599.0241,793.4821,42.11046,180.74876,231.7894,362.11417,499.02267,540.67914,693.0962
617,154.25,2024-05-16 15:00:00,360.7556,87.1582,220.45898,289.67285,382.69043,414.55078,423.70605,525.5127,222.10693,319.15283,336.18164,373.71826,390.74707,398.8037,440.18555,17.49596,139.4442,200.32677,367.21597,512.1554,600.5038,864.17566,65.384384,183.48741,236.43234,370.0639,478.11328,542.48395,745.51135
618,154.5,2024-05-16 15:15:00,360.7556,109.13086,243.89648,302.49023,374.26758,409.42383,417.48047,515.9912,223.75488,323.54736,340.02686,369.87305,386.71875,391.4795,421.5088,-59.28833,118.690186,204.93286,362.1568,523.5364,592.38403,760.65796,14.162231,172.18224,241.7074,364.91113,484.7616,534.71277,668.36145
619,154.75,2024-05-16 15:30:00,343.99,135.4065,266.96777,315.85693,374.08447,406.12793,413.81836,494.38477,232.17773,323.91357,339.29443,367.67578,383.42285,387.81738,414.55078,-39.51294,121.43677,220.03906,365.5421,553.7488,655.92163,844.52026,32.317142,176.48524,253.47192,366.8231,504.9215,578.09045,723.5128
620,155.0,2024-05-16 15:45:00,330.1834,127.075195,251.40381,297.18018,361.08398,412.71973,428.4668,522.2168,218.26172,310.72998,326.84326,359.25293,379.39453,383.78906,408.3252,-63.6028,88.191635,153.37718,344.46027,485.43896,569.75903,844.23413,11.83791,149.02052,202.45068,349.08118,456.95816,518.43585,724.8506
621,155.25,2024-05-16 16:00:00,341.0,106.84204,225.21973,275.20752,350.83008,409.42383,424.8047,527.70996,183.83789,288.208,306.88477,348.81592,374.6338,379.76074,405.76172,42.707832,132.61261,214.64388,331.5846,516.127,601.5457,739.60724,77.34727,172.9924,239.14839,336.9554,477.15805,539.51465,651.64844
622,155.5,2024-05-16 16:15:00,344.9144,130.82886,247.5586,291.687,355.4077,402.46582,417.11426,510.49805,197.93701,297.7295,315.67383,351.3794,371.8872,377.56348,410.88867,13.607428,120.907234,177.94458,328.8807,459.28613,534.7256,737.97266,62.195488,168.93683,216.86469,336.03317,436.12433,491.532,649.8084
623,155.75,2024-05-16 16:30:00,343.2924,127.2583,252.50244,294.9829,356.32324,398.8037,410.88867,506.10352,220.45898,314.3921,330.32227,357.05566,374.8169,381.2256,420.41016,-44.001617,95.52475,153.56918,330.96405,451.024,537.5413,822.81964,26.016495,154.99599,203.06117,338.7183,430.56055,493.6129,710.66614
624,156.0,2024-05-16 16:45:00,338.7952,127.2583,251.0376,292.96875,355.0415,404.29688,421.5088,539.7949,217.34619,315.67383,331.7871,356.50635,374.45068,379.76074,417.48047,17.364643,167.87733,231.32338,345.63126,498.3827,584.9916,864.4105,68.35033,205.75266,257.58066,348.7473,464.1877,527.5971,742.5629
625,156.25,2024-05-16 17:00:00,342.126,137.42065,251.58691,292.78564,353.21045,398.4375,413.08594,520.75195,193.35938,303.77197,322.26562,351.9287,372.0703,376.46484,409.79004,-39.134502,176.56374,211.90309,347.34393,540.2112,661.0608,834.6448,25.019789,209.5077,242.06387,348.84753,492.40567,579.3441,718.28455
626,156.5,2024-05-16 17:15:00,341.6086,150.97046,264.4043,300.8423,353.75977,396.24023,410.52246,508.667,182.6477,296.08154,315.67383,350.28076,370.23926,374.45068,405.76172,11.071309,132.65334,193.81056,342.19333,514.7029,616.41797,875.3291,59.376507,178.51408,228.8864,344.96744,473.9639,547.435,744.7494
627,156.75,2024-05-16 17:30:00,326.9914,136.87134,255.61523,294.2505,351.5625,392.57812,405.3955,510.86426,175.32349,291.1377,311.2793,348.6328,368.95752,372.98584,403.19824,-90.52031,-14.7146435,96.430374,317.0038,422.35812,497.88913,680.7199,-14.612384,73.488815,159.18217,326.7855,408.69998,463.6591,608.23004
628,157.0,2024-05-16 17:45:00,322.2929,112.701416,227.23389,270.62988,340.39307,393.31055,406.49414,518.5547,139.0686,267.15088,290.40527,340.94238,366.94336,370.97168,399.53613,-99.278145,77.60174,116.05389,313.17838,419.27658,513.759,673.79315,-30.410835,130.4748,166.38176,321.45264,406.21332,474.47504,603.4179
629,157.25,2024-05-16 18:00:00,327.1417,102.17285,215.51514,258.36182,333.98438,390.38086,404.6631,528.4424,111.14502,242.06543,267.7002,335.63232,363.28125,367.8589,398.4375,-72.11629,81.5092,152.64568,315.8556,444.3327,457.3332,743.8017,-18.035109,127.02104,186.2282,321.6238,422.72723,434.17133,653.19293
630,157.5,2024-05-16 18:15:00,330.0351,106.56738,224.3042,266.05225,337.64648,390.74707,403.93066,546.3867,119.47632,244.6289,269.71436,337.46338,360.90088,365.84473,401.00098,-41.44963,75.55476,152.73372,328.69952,458.33676,549.43176,738.7628,5.5372615,124.24454,187.4617,331.347,432.09064,498.1642,651.97284
631,157.75,2024-05-16 18:30:00,329.0706,118.19458,232.36084,272.46094,340.02686,383.78906,393.31055,525.8789,143.55469,266.41846,289.67285,341.4917,360.53467,364.9292,401.3672,1.1776686,126.23871,190.69183,336.86722,483.11127,558.91693,753.37494,41.354767,164.88687,218.66495,338.1081,448.66376,503.55872,660.2238
632,158.0,2024-05-16 18:45:00,333.0062,126.434326,235.47363,275.20752,341.4917,385.62012,400.63477,534.66797,153.16772,277.5879,299.92676,342.04102,360.16846,363.83057,397.70508,-9.308316,157.2261,209.86893,343.7648,503.11234,557.5862,731.9026,36.761158,189.12323,234.41437,343.19275,462.77432,503.1399,645.33966
633,158.25,2024-05-16 19:00:00,332.2928,133.30078,245.72754,282.89795,345.52002,394.7754,414.18457,563.96484,159.0271,282.16553,303.95508,343.32275,360.16846,363.46436,397.33887,1.2190864,175.7186,239.39352,338.27905,489.28668,528.0135,746.4583,45.98886,204.00888,256.65628,340.01187,454.0119,483.7208,658.3851
634,158.5,2024-05-16 19:15:00,348.5096,133.11768,244.4458,282.34863,345.1538,395.1416,412.71973,559.5703,160.5835,283.81348,305.23682,343.50586,359.80225,362.91504,395.87402,19.914843,166.76543,227.19023,342.64395,535.90607,654.3753,774.3094,59.36886,197.94307,248.31538,343.06732,486.60886,571.91766,677.1484
635,158.75,2024-05-16 19:30:00,347.2943,148.04077,262.20703,298.0957,355.95703,391.8457,405.3955,544.18945,198.12012,306.15234,324.2798,352.84424,365.1123,368.95752,408.6914,78.97836,152.58676,216.39902,349.47522,522.1852,591.8568,793.45593,109.712944,194.2619,246.14485,350.79718,477.73666,528.6308,691.5763
636,159.0,2024-05-16 19:45:00,347.9898,152.70996,261.1084,297.7295,354.12598,380.12695,385.98633,503.90625,215.88135,319.15283,335.2661,355.2246,366.21094,368.95752,406.12793,53.04381,180.57677,233.31114,348.84497,511.81458,581.3031,769.1693,95.577934,216.34515,260.14398,350.64902,469.5251,519.3023,670.0347
637,159.25,2024-05-16 20:00:00,342.573,151.88599,260.7422,299.19434,355.2246,384.15527,391.11328,515.9912,213.50098,318.2373,334.5337,354.6753,366.21094,368.7744,404.6631,-72.42036,117.27691,207.3648,346.1287,480.55817,584.7452,727.38434,7.1945453,171.81552,241.98152,348.74762,448.0484,522.1878,641.70074
638,159.5,2024-05-16 20:15:00,346.5587,141.54053,251.95312,290.77148,350.46387,386.71875,397.33887,536.499,197.7539,309.08203,326.66016,351.5625,364.9292,367.30957,403.56445,42.64623,158.9182,214.94847,343.95486,507.09326,591.96265,752.72925,83.55719,198.25446,244.87312,346.1273,466.62296,527.56964,661.27325
639,159.75,2024-05-16 20:30:00,348.1097,137.78687,253.60107,293.15186,352.66113,390.38086,401.3672,541.9922,201.96533,310.18066,327.39258,353.21045,366.21094,369.68994,411.6211,41.688076,167.9393,236.6954,344.99515,463.37994,539.918,732.9112,83.35341,204.95377,260.4805,347.40482,436.64624,492.01733,649.5613
640,160.0,2024-05-16 20:45:00,346.9675,135.86426,257.4463,296.44775,354.12598,396.60645,410.15625,560.66895,212.58545,316.77246,333.06885,355.2246,367.67578,371.7041,417.48047,42.506687,160.88437,245.11288,344.625,483.79086,556.8499,813.5638,85.85819,201.71819,267.8376,347.69504,451.8494,505.15137,709.0577
641,160.25,2024-05-16 21:00:00,343.1097,129.82178,252.68555,292.23633,353.94287,403.56445,420.77637,583.374,211.1206,316.95557,333.06885,354.6753,367.30957,371.3379,418.2129,38.80099,130.35373,217.87814,347.25198,482.8318,575.84937,756.75757,82.367,179.90727,248.35211,349.40573,451.8006,519.43976,671.71027
642,160.5,2024-05-16 21:15:00,343.5233,113.52539,243.71338,284.3628,350.28076,401.00098,415.6494,585.5713,197.93701,309.44824,326.66016,351.9287,366.02783,370.42236,418.9453,43.366047,137.29915,195.06892,344.76624,512.66534,574.7381,750.33624,81.29617,182.37039,230.31656,346.75018,472.17142,517.9661,667.58154
643,160.75,2024-05-16 21:30:00,346.4141,108.673096,241.33301,281.79932,350.09766,400.26855,415.6494,591.43066,195.92285,307.06787,324.646,352.29492,367.12646,372.61963,427.00195,32.06087,162.1573,217.45515,346.15112,504.6561,579.18005,756.24304,72.49449,199.05699,245.32774,347.77454,466.71143,521.5149,673.91364
644,161.0,2024-05-16 21:45:00,343.3811,101.44043,241.33301,281.4331,350.64697,395.5078,407.22656,585.2051,203.79639,312.01172,328.67432,354.12598,369.68994,376.46484,436.88965,91.16507,163.30862,220.25443,341.49313,485.20804,607.5225,734.9639,114.718864,200.85168,248.05627,344.9351,453.1344,541.2814,660.37317
645,161.25,2024-05-16 22:00:00,344.4612,86.1969,231.99463,274.8413,348.2666,398.8037,410.52246,597.65625,197.93701,309.81445,326.84326,352.47803,368.4082,375.3662,436.15723,65.6101,229.03172,250.36351,344.0538,493.16138,527.7683,753.9035,94.13416,245.48456,268.10724,346.1599,458.77496,485.5633,674.72955
646,161.5,2024-05-16 22:15:00,339.9874,72.92175,224.67041,270.813,348.2666,398.8037,410.88867,602.417,196.47217,308.1665,325.37842,352.84424,370.05615,378.2959,444.21387,22.012487,147.43973,225.71733,340.99365,442.60574,541.1165,773.66046,61.99535,187.30815,250.1591,344.09106,423.71564,495.52963,690.6468
647,161.75,2024-05-16 22:30:00,340.77,59.555054,217.34619,265.50293,345.3369,401.3672,415.6494,614.86816,185.48584,302.12402,320.06836,350.28076,368.4082,376.46484,443.11523,1.608476,157.33968,213.4615,338.76144,481.71103,500.84555,713.3394,44.178608,192.2972,239.98701,341.72287,451.01605,467.4498,649.44745
648,162.0,2024-05-16 22:45:00,338.0,47.698975,212.03613,263.30566,345.52002,405.3955,422.97363,628.7842,179.90112,297.18018,315.85693,349.73145,369.32373,378.6621,450.07324,54.209927,122.50826,193.18698,336.2181,468.30298,555.0034,686.83936,78.69707,166.39545,224.73282,339.85095,442.2164,506.53214,633.6806
649,162.25,2024-05-16 23:00:00,342.0,26.435852,195.00732,251.0376,342.59033,406.49414,424.8047,636.8408,171.11206,292.05322,311.2793,347.9004,368.5913,378.2959,451.9043,25.62207,189.59302,179.88843,339.12866,499.04126,558.8252,770.4951,54.80145,210.6265,213.28152,341.2292,463.69653,509.31726,693.41156
650,162.5,2024-05-16 23:15:00,342.9849,25.58899,195.73975,253.23486,345.88623,410.88867,431.39648,649.6582,182.37305,297.18018,315.30762,350.83008,373.71826,385.62012,467.65137,-38.493164,133.80908,198.17065,341.81726,513.3867,612.4468,746.6631,12.088294,172.67638,227.10448,344.0267,475.20322,548.9764,681.1603
651,162.75,2024-05-16 23:30:00,340.9866,14.190674,190.24658,250.12207,346.25244,412.71973,433.59375,650.0244,189.33105,303.77197,321.3501,351.5625,373.71826,385.2539,468.01758,23.832054,152.3721,226.25516,339.22266,470.4263,516.38574,714.68896,55.967716,186.43953,247.66083,342.3936,445.31403,481.8802,658.88824
652,163.0,2024-05-16 23:45:00,335.0,5.0525665,183.01392,244.81201,345.1538,418.5791,441.28418,661.37695,185.85205,302.67334,320.43457,350.46387,372.0703,383.42285,464.35547,18.72097,151.83865,209.60843,337.6535,464.03348,507.7957,750.4104,50.780342,185.12312,235.29402,340.9656,441.0954,476.27,684.2961
653,163.25,2024-05-17 00:00:00,330.0,-10.591507,166.44287,232.36084,341.3086,422.60742,447.50977,676.3916,165.25269,290.40527,309.99756,346.43555,367.8589,378.2959,455.93262,20.241693,114.1748,192.4524,333.5795,449.71558,567.91016,729.04297,46.160572,154.6477,219.95227,336.92365,430.63345,517.94727,669.1557
654,163.5,2024-05-17 00:15:00,365.0,-7.7762604,175.78125,237.6709,333.98438,421.875,440.55176,683.7158,206.35986,307.9834,323.54736,355.0415,391.8457,411.25488,519.6533,58.271484,213.91113,229.4751,341.2324,544.4165,626.26465,871.62604,81.28439,228.9126,249.10913,343.26938,501.6482,564.6914,782.4404
655,163.75,2024-05-17 00:30:00,355.0,24.650574,218.26172,276.30615,363.64746,431.7627,454.10156,691.04004,262.93945,342.22412,353.02734,368.5913,420.04395,447.50977,577.88086,30.832506,182.26073,239.48119,362.787,541.6052,648.6304,861.94824,76.635704,217.85352,265.87292,364.03387,506.30875,588.95337,788.04395
656,164.0,2024-05-17 00:45:00,348.0,22.407532,211.85303,273.92578,360.90088,429.19922,449.34082,685.5469,262.93945,342.59033,352.47803,365.1123,391.8457,408.6914,509.0332,6.733395,161.64062,210.07202,350.44812,463.39847,559.1626,713.3374,59.542023,202.8518,244.9386,354.42624,445.668,518.0862,669.6975
657,164.25,2024-05-17 01:00:00,339.9791,12.542725,193.90869,259.64355,354.4922,426.26953,443.48145,675.29297,236.02295,330.50537,342.95654,359.25293,378.2959,390.74707,475.708,42.213856,111.24462,202.15648,346.64816,500.34375,586.5864,747.90234,78.00856,163.36319,236.0652,349.95352,468.52676,533.10803,686.2025
658,164.5,2024-05-17 01:15:00,342.0,-14.144897,166.35132,236.93848,348.0835,420.77637,435.4248,655.8838,202.14844,311.4624,327.02637,352.11182,371.3379,382.69043,461.792,-41.61271,115.30868,167.49374,339.58856,452.40588,509.26013,737.318,9.886304,159.64369,206.34476,342.9427,433.02933,476.56265,674.06934
659,164.75,2024-05-17 01:30:00,345.0,-18.65387,156.73828,228.14941,346.43555,421.5088,436.52344,646.7285,194.64111,304.6875,320.9839,350.83008,371.8872,384.52148,466.18652,44.819824,123.73828,204.76245,338.54962,491.04782,558.7969,719.5635,68.436714,163.22813,230.34543,341.7943,460.2618,511.71445,661.6046
660,165.0,2024-05-17 01:45:00,340.0,-19.40918,151.70288,224.4873,347.16797,418.2129,431.39648,621.09375,202.33154,309.99756,325.92773,351.9287,371.3379,383.42285,463.98926,38.298347,122.16065,214.17116,341.39227,488.46317,531.4014,708.8306,65.33423,162.68227,237.5541,344.07712,458.0131,491.8052,651.0886
661,165.25,2024-05-17 02:00:00,340.7484,-30.418396,137.69531,214.0503,342.95654,418.2129,431.7627,613.4033,192.99316,307.8003,324.4629,349.54834,364.01367,373.35205,443.11523,-37.563488,127.59765,200.83983,333.46542,441.62354,506.44287,679.47754,9.262352,164.64793,226.8855,337.6311,423.7605,472.3567,625.59766
662,165.5,2024-05-17 02:15:00,339.9791,-40.008545,128.63159,204.71191,343.50586,414.55078,431.03027,610.47363,184.57031,303.40576,320.9839,348.2666,361.4502,369.87305,433.95996,-52.928345,121.204956,213.58167,334.9291,447.1327,566.33435,708.6073,-4.1366315,158.38777,234.17514,338.45428,426.73798,513.5117,643.86444
663,165.75,2024-05-17 02:30:00,330.0,-53.100586,117.370605,196.47217,342.77344,415.2832,431.7627,602.7832,173.9502,298.0957,316.95557,346.61865,358.5205,365.84473,423.70605,-53.33146,83.448326,178.93784,336.77475,482.6183,580.9459,732.92346,-7.8520384,129.77003,208.29482,339.34338,451.06522,523.0073,658.066
664,166.0,2024-05-17 02:45:00,330.18,-72.73865,92.559814,178.07007,334.7168,413.45215,429.19922,590.69824,137.60376,277.771,300.10986,340.39307,353.39355,359.25293,407.59277,-65.1416,78.9624,182.32544,325.96597,479.41406,544.2334,777.87604,-25.352234,120.08386,205.45679,329.72647,447.61374,495.7339,685.10156
665,166.25,2024-05-17 03:00:00,327.0,-81.75659,82.94678,172.02759,334.3506,413.45215,428.4668,584.10645,113.15918,257.26318,281.98242,336.91406,350.83008,356.32324,401.3672,31.351871,123.453926,175.82208,324.45224,487.00986,528.4833,709.9408,36.40249,146.16505,196.67473,327.93442,452.41812,484.0496,635.6426
666,166.5,2024-05-17 03:15:00,324.4477,-87.524414,76.62964,167.90771,332.15332,413.81836,430.29785,579.7119,93.61267,242.98096,269.71436,333.61816,348.2666,353.21045,393.67676,-17.421394,113.31591,167.7898,321.2751,482.1819,548.3745,755.4668,-2.2248833,135.58029,188.1865,324.8315,448.56244,497.53403,665.5333
667,166.75,2024-05-17 03:30:00,319.4603,-101.16577,64.13269,158.47778,329.04053,413.45215,429.93164,573.4863,73.56262,227.23389,255.98145,330.50537,346.43555,351.01318,387.08496,1.2665391,131.27142,184.09735,320.77414,451.61444,556.80853,800.1557,5.4825244,143.75005,195.91222,323.547,426.76245,502.96176,694.87463
668,167.0,2024-05-17 03:45:00,319.4603,-106.47583,54.885864,149.23096,325.37842,410.52246,425.5371,560.30273,47.698975,205.99365,236.93848,326.11084,344.7876,349.18213,381.958,-10.312647,152.19345,224.24547,315.4663,488.83286,557.49744,774.6605,-8.326641,153.22273,219.28261,318.58646,452.19278,502.63834,674.6842
669,167.25,2024-05-17 04:00:00,317.4678,-113.06763,47.836304,144.28711,325.1953,411.25488,425.90332,559.2041,31.608582,185.7605,217.89551,323.54736,343.50586,347.9004,379.39453,-0.79116225,150.5455,199.70934,311.6726,413.85117,478.8536,663.6986,-5.53886,147.3176,197.80434,315.3998,399.52246,447.36792,596.3883
670,167.5,2024-05-17 04:15:00,319.4644,-109.40552,47.74475,144.28711,323.91357,409.42383,424.8047,559.9365,18.745422,172.30225,205.44434,321.5332,342.95654,347.35107,377.19727,-28.784641,70.64163,170.43411,297.77252,392.12903,452.5996,635.522,-27.340715,88.68406,174.82146,305.1388,384.02402,428.77042,576.2985
671,167.75,2024-05-17 04:30:00,317.4678,-104.644775,53.55835,148.86475,325.56152,406.86035,422.2412,557.73926,16.273499,164.79492,198.30322,321.8994,343.13965,347.53418,377.19727,-103.50924,57.074257,128.4854,302.48135,389.2276,439.3985,590.8267,-79.666245,78.2668,144.4869,308.673,381.7733,419.3099,544.79205
