day,period,true_price,TCN_q0.05,TCN_q0.25,TCN_q0.5,TCN_q0.75,TCN_q0.95,Mamba_q0.05,Mamba_q0.25,Mamba_q0.5,Mamba_q0.75,Mamba_q0.95,NLinear_q0.05,NLinear_q0.25,NLinear_q0.5,NLinear_q0.75,NLinear_q0.95,Ensemble_q0.05,Ensemble_q0.25,Ensemble_q0.5,Ensemble_q0.75,Ensemble_q0.95
20260319,0,226.8448028564453,224.12648010253906,223.4402618408203,232.1520233154297,240.72238159179688,299.8822937011719,223.79002380371094,231.7299346923828,233.3339385986328,237.46932983398438,274.737548828125,97.78880310058594,215.70944213867188,318.17327880859375,384.4976806640625,661.833984375,223.79002380371094,231.7299346923828,233.3339385986328,237.46932983398438,274.737548828125
20260319,1,225.73095703125,224.50088500976562,222.45692443847656,232.25863647460938,239.3729248046875,286.9668273925781,225.31971740722656,232.99331665039062,233.60977172851562,236.851806640625,264.7069091796875,101.1692123413086,216.394287109375,315.5870361328125,381.0647277832031,672.9383544921875,225.31971740722656,232.99331665039062,233.60977172851562,236.851806640625,264.7069091796875
20260319,2,225.73095703125,223.43235778808594,221.7084503173828,230.67140197753906,236.7121124267578,278.84063720703125,224.28924560546875,232.34603881835938,232.09878540039062,235.1410675048828,265.25994873046875,104.18756866455078,217.05758666992188,312.799560546875,377.4797058105469,684.099365234375,224.28924560546875,232.34603881835938,232.09878540039062,235.1410675048828,265.25994873046875
20260319,3,853.98583984375,223.01222229003906,222.84564208984375,232.3787841796875,238.8651123046875,284.0384826660156,224.5517120361328,231.82110595703125,230.8557891845703,233.39398193359375,262.9298095703125,106.9378433227539,217.7279815673828,309.8855895996094,373.8564453125,695.3424072265625,224.5517120361328,231.82110595703125,230.8557891845703,233.39398193359375,262.9298095703125
20260319,4,853.98583984375,224.048828125,222.6952667236328,228.27557373046875,233.23289489746094,278.8172302246094,223.8790283203125,230.51339721679688,229.46609497070312,232.5150146484375,268.60394287109375,109.72887420654297,218.4939422607422,307.052978515625,370.5164794921875,706.837890625,223.8790283203125,230.51339721679688,229.46609497070312,232.5150146484375,268.60394287109375
20260319,5,853.98583984375,222.98863220214844,221.12969970703125,227.22018432617188,233.35757446289062,283.49151611328125,223.4483642578125,229.43902587890625,228.28854370117188,231.67367553710938,273.1198425292969,113.32575988769531,219.04119873046875,303.5228576660156,364.21368408203125,720.3515014648438,223.4483642578125,229.43902587890625,228.28854370117188,231.67367553710938,273.1198425292969
20260319,6,853.98583984375,222.0676727294922,220.92469787597656,229.1698760986328,234.4129638671875,277.1194763183594,223.06838989257812,228.73294067382812,227.55996704101562,231.1410369873047,276.17022705078125,116.68484497070312,219.5294189453125,299.74176025390625,357.3603820800781,734.0380249023438,223.06838989257812,228.73294067382812,227.55996704101562,231.1410369873047,276.17022705078125
20260319,7,853.98583984375,221.3647918701172,219.9921875,225.77381896972656,233.74754333496094,297.70751953125,222.51202392578125,228.20181274414062,227.07518005371094,230.7889404296875,278.8633117675781,119.61389923095703,219.98507690429688,295.7959899902344,350.3890075683594,747.5313110351562,222.51202392578125,228.20181274414062,227.07518005371094,230.7889404296875,278.8633117675781
20260319,8,853.98583984375,220.94061279296875,210.0033721923828,212.354736328125,221.339599609375,303.46734619140625,222.13478088378906,227.7616729736328,226.66156005859375,230.4061279296875,280.11053466796875,122.10467529296875,220.40646362304688,291.6950378417969,343.3077697753906,760.7828979492188,222.13478088378906,227.7616729736328,226.66156005859375,230.4061279296875,280.11053466796875
20260319,9,853.98583984375,220.34324645996094,208.52154541015625,213.8216552734375,225.53009033203125,329.2746276855469,221.84056091308594,227.33482360839844,226.27236938476562,229.92237854003906,279.7375793457031,123.74541473388672,220.8553924560547,287.6213684082031,337.070556640625,773.0399169921875,221.84056091308594,227.33482360839844,226.27236938476562,229.92237854003906,279.7375793457031
20260319,10,853.98583984375,219.529052734375,211.13046264648438,217.52183532714844,226.1088409423828,339.0888671875,221.60830688476562,226.9017791748047,225.9019317626953,229.3661346435547,278.1120300292969,124.79397583007812,221.28921508789062,283.4743957519531,331.07525634765625,784.7130737304688,221.60830688476562,226.9017791748047,225.9019317626953,229.3661346435547,278.1120300292969
20260319,11,853.98583984375,219.2678680419922,208.2499237060547,216.83897399902344,231.44442749023438,364.7632141113281,221.40570068359375,226.4873809814453,225.5704803466797,228.87347412109375,276.52667236328125,125.39080047607422,221.6842041015625,279.2046813964844,324.9981384277344,796.00634765625,221.40570068359375,226.4873809814453,225.5704803466797,228.87347412109375,276.52667236328125
20260319,12,853.98583984375,217.92625427246094,206.2856903076172,235.98971557617188,282.5654602050781,454.2357177734375,221.12689208984375,226.10281372070312,225.27764892578125,228.59799194335938,276.8218688964844,125.53531646728516,222.03919982910156,274.82415771484375,318.8491516113281,806.8768920898438,221.12689208984375,226.10281372070312,225.27764892578125,228.59799194335938,276.8218688964844
20260319,13,853.98583984375,218.02272033691406,223.04112243652344,282.7884521484375,354.4664001464844,530.3441162109375,220.6237030029297,225.72076416015625,225.00820922851562,228.6459503173828,280.47039794921875,124.95568084716797,222.3959503173828,270.46136474609375,313.275390625,816.8079833984375,220.6237030029297,225.72076416015625,225.00820922851562,228.6459503173828,280.47039794921875
20260319,14,853.98583984375,218.8052520751953,251.3229522705078,333.466064453125,418.0081787109375,593.620361328125,219.8233642578125,225.2724151611328,224.729736328125,229.06478881835938,288.1227722167969,123.75267028808594,222.73834228515625,266.08758544921875,308.0600280761719,825.9302368164062,219.8233642578125,225.2724151611328,224.729736328125,229.06478881835938,288.1227722167969
20260319,15,853.98583984375,219.150146484375,274.2851867675781,378.6904602050781,479.73150634765625,660.8953857421875,218.74720764160156,224.6717071533203,224.39549255371094,229.94589233398438,300.478759765625,122.10708618164062,223.03822326660156,261.6414794921875,302.8047180175781,834.5120239257812,218.74720764160156,224.6717071533203,224.39549255371094,229.94589233398438,300.478759765625
20260319,16,853.98583984375,219.97686767578125,303.5080261230469,435.0285339355469,552.047607421875,733.1990966796875,217.53005981445312,223.79600524902344,223.88079833984375,231.51914978027344,319.6781921386719,120.02595520019531,223.29515075683594,257.1365051269531,297.5203552246094,842.5186767578125,217.53005981445312,223.79600524902344,223.88079833984375,231.51914978027344,319.6781921386719
20260319,17,853.98583984375,223.09237670898438,361.07208251953125,503.6353759765625,622.5216064453125,790.2583618164062,216.63145446777344,222.5179901123047,222.9253692626953,234.3708038330078,350.720458984375,117.40489959716797,223.5265350341797,252.6345672607422,292.482177734375,849.7208862304688,216.63145446777344,222.5179901123047,222.9253692626953,234.3708038330078,350.720458984375
20260319,18,226.8448028564453,227.6543731689453,399.4532165527344,514.92041015625,612.9232177734375,771.9168090820312,217.35177612304688,221.85508728027344,222.4180450439453,240.47451782226562,393.343505859375,115.67729949951172,224.1349639892578,249.0443572998047,289.1203918457031,857.0465698242188,217.35177612304688,221.85508728027344,222.4180450439453,240.47451782226562,393.343505859375
20260319,19,227.95863342285156,230.40032958984375,407.6641845703125,505.20050048828125,587.1025390625,733.5728759765625,219.76681518554688,224.4519805908203,226.41883850097656,252.066650390625,417.8164978027344,114.63573455810547,225.005126953125,246.1139373779297,286.82366943359375,864.4501342773438,219.76681518554688,224.4519805908203,226.41883850097656,252.066650390625,417.8164978027344
20260319,20,230.1863250732422,232.8684844970703,421.3193359375,503.3291931152344,567.9257202148438,696.72607421875,222.19534301757812,229.27737426757812,232.02151489257812,254.60589599609375,375.48919677734375,113.2050552368164,225.8322296142578,243.18063354492188,284.5428161621094,871.1653442382812,222.19534301757812,229.27737426757812,232.02151489257812,254.60589599609375,375.48919677734375
20260319,21,231.30015563964844,231.7681427001953,353.1301574707031,413.5306396484375,466.6249084472656,595.8560180664062,224.08543395996094,232.35594177246094,234.3683624267578,248.75857543945312,325.11846923828125,111.60256958007812,226.657470703125,240.34963989257812,282.35516357421875,877.3291015625,224.08543395996094,232.35594177246094,234.3683624267578,248.75857543945312,325.11846923828125
20260319,22,232.41400146484375,226.5947265625,221.50485229492188,239.8220977783203,264.3204040527344,375.01422119140625,223.3243865966797,233.64608764648438,235.1604766845703,244.23489379882812,298.738525390625,110.02204132080078,227.5172119140625,237.71475219726562,280.3297424316406,883.0612182617188,223.3243865966797,233.64608764648438,235.1604766845703,244.23489379882812,298.738525390625
20260319,23,238.76943969726562,228.27877807617188,223.3966827392578,231.52076721191406,241.08656311035156,309.4256591796875,225.6053924560547,236.24612426757812,236.8223419189453,241.83895874023438,278.5147705078125,108.10491180419922,228.3357391357422,235.11924743652344,278.35321044921875,888.0508422851562,225.6053924560547,236.24612426757812,236.8223419189453,241.83895874023438,278.5147705078125
20260319,24,239.19895935058594,230.26869201660156,231.5914306640625,250.20782470703125,270.9469909667969,342.50006103515625,230.3114471435547,239.41566467285156,239.60684204101562,243.01870727539062,267.8768310546875,105.87164306640625,229.1142120361328,232.57696533203125,276.4361877441406,892.2857666015625,230.3114471435547,239.41566467285156,239.60684204101562,243.01870727539062,267.8768310546875
20260319,25,239.88328552246094,231.17457580566406,227.6814727783203,239.1803741455078,251.29791259765625,300.7749938964844,233.93202209472656,242.1333465576172,242.3253631591797,245.3038787841797,264.58319091796875,103.67411041259766,230.0117645263672,230.63165283203125,274.8403625488281,894.9782104492188,233.93202209472656,242.1333465576172,242.3253631591797,245.3038787841797,264.58319091796875
20260319,26,242.1109619140625,232.89976501464844,231.4297332763672,238.1443634033203,242.72906494140625,268.0992126464844,236.4576873779297,244.10682678222656,244.32191467285156,247.08482360839844,263.1158142089844,102.39344024658203,231.44088745117188,230.6748504638672,274.2289733886719,894.0962524414062,236.4576873779297,244.10682678222656,244.32191467285156,247.08482360839844,263.1158142089844
20260319,27,243.22479248046875,234.7419891357422,235.33155822753906,241.65194702148438,244.92721557617188,263.923095703125,238.08880615234375,245.38983154296875,245.60423278808594,248.2335968017578,262.2882385253906,100.86581420898438,232.8338165283203,230.81118774414062,273.7074279785156,892.4437866210938,238.08880615234375,245.38983154296875,245.60423278808594,248.2335968017578,262.2882385253906
20260319,28,244.33863830566406,236.5231170654297,238.30715942382812,244.52456665039062,247.31878662109375,265.6524658203125,239.1476287841797,246.18125915527344,246.34056091308594,248.83770751953125,261.48406982421875,99.11659240722656,234.1922149658203,231.0532684326172,273.28509521484375,890.021728515625,239.1476287841797,246.18125915527344,246.34056091308594,248.83770751953125,261.48406982421875
20260319,29,245.45248413085938,238.209716796875,240.95651245117188,247.1488800048828,249.52178955078125,268.29376220703125,239.82066345214844,246.6181640625,246.68382263183594,249.04568481445312,260.6190490722656,96.80840301513672,235.48916625976562,231.5332489013672,272.5906982421875,885.5482788085938,239.82066345214844,246.6181640625,246.68382263183594,249.04568481445312,260.6190490722656
20260319,30,246.1622772216797,239.24746704101562,242.8350372314453,248.74366760253906,250.74293518066406,269.6084899902344,240.15927124023438,246.7762451171875,246.77584838867188,249.0610809326172,260.0222473144531,90.51353454589844,236.4532928466797,233.40274047851562,268.0208740234375,866.8076171875,240.15927124023438,246.7762451171875,246.77584838867188,249.0610809326172,260.0222473144531
20260319,31,246.56631469726562,240.18533325195312,244.0810546875,249.6492919921875,251.3959503173828,269.5645751953125,240.31637573242188,246.78614807128906,246.7342987060547,248.9690704345703,259.5462951660156,84.07825469970703,237.388671875,235.41281127929688,263.57568359375,847.321044921875,240.31637573242188,246.78614807128906,246.7342987060547,248.9690704345703,259.5462951660156
20260319,32,247.68016052246094,241.1054229736328,244.6844482421875,249.83860778808594,251.7417755126953,269.0018005371094,240.34754943847656,246.69322204589844,246.59959411621094,248.80084228515625,259.1449279785156,77.53099060058594,238.2975616455078,237.5738983154297,259.2625427246094,827.1026000976562,240.34754943847656,246.69322204589844,246.59959411621094,248.80084228515625,259.1449279785156
20260319,33,247.68016052246094,241.94390869140625,244.75514221191406,249.6349334716797,251.9444580078125,268.8176574707031,240.27293395996094,246.5168914794922,246.38877868652344,248.56301879882812,258.77252197265625,70.900634765625,239.18218994140625,239.89588928222656,255.0884246826172,806.169677734375,240.27293395996094,246.5168914794922,246.38877868652344,248.56301879882812,258.77252197265625
20260319,34,248.00411987304688,242.1515655517578,244.33905029296875,249.41709899902344,252.41824340820312,270.5771789550781,240.1846466064453,246.3448028564453,246.18386840820312,248.3341522216797,258.4454650878906,63.03717803955078,239.3463592529297,239.8809814453125,250.14138793945312,789.126708984375,240.1846466064453,246.3448028564453,246.18386840820312,248.3341522216797,258.4454650878906
20260319,35,248.00411987304688,242.25929260253906,243.89805603027344,249.4639892578125,253.30264282226562,272.8125,240.08502197265625,246.17791748046875,245.9909210205078,248.1254119873047,258.1910095214844,55.09577178955078,239.4595184326172,239.9305419921875,245.3035430908203,771.6213989257812,240.08502197265625,246.17791748046875,245.9909210205078,248.1254119873047,258.1910095214844
20260319,36,248.4081573486328,242.36727905273438,243.72654724121094,249.8017120361328,254.3677978515625,274.67041015625,239.97860717773438,246.01812744140625,245.81085205078125,247.93626403808594,257.99609375,47.15963363647461,239.555908203125,240.1661376953125,240.6216583251953,753.4717407226562,239.97860717773438,246.01812744140625,245.81085205078125,247.93626403808594,257.99609375
20260319,37,248.4081573486328,242.45004272460938,243.75999450683594,250.47518920898438,255.7637939453125,276.59466552734375,239.87631225585938,245.87884521484375,245.65870666503906,247.78207397460938,257.8731994628906,39.25831985473633,239.6381378173828,240.59466552734375,236.10025024414062,734.7069702148438,239.87631225585938,245.87884521484375,245.65870666503906,247.78207397460938,257.8731994628906
20260319,38,248.79400634765625,242.48057556152344,243.85165405273438,251.20668029785156,256.948974609375,278.4870300292969,239.79844665527344,245.7745819091797,245.54551696777344,247.66868591308594,257.797119140625,32.728145599365234,239.39012145996094,238.73712158203125,233.44212341308594,726.2595825195312,239.79844665527344,245.7745819091797,245.54551696777344,247.66868591308594,257.797119140625
20260319,39,248.79400634765625,242.4806365966797,244.09523010253906,252.13356018066406,258.3116149902344,280.5140686035156,239.74526977539062,245.70323181152344,245.46969604492188,247.59646606445312,257.77294921875,26.56647491455078,239.0663604736328,236.560546875,231.308837890625,719.5575561523438,239.74526977539062,245.70323181152344,245.46969604492188,247.59646606445312,257.77294921875
20260319,40,248.79400634765625,242.479248046875,244.3615264892578,252.79449462890625,259.0715026855469,281.41485595703125,239.72328186035156,245.6695556640625,245.43479919433594,247.5675811767578,257.79595947265625,20.526975631713867,238.73675537109375,234.5923614501953,229.34483337402344,712.3427124023438,239.72328186035156,245.6695556640625,245.43479919433594,247.5675811767578,257.79595947265625
20260319,41,248.79400634765625,242.49082946777344,244.6404266357422,253.35227966308594,259.6048583984375,281.71575927734375,239.7406463623047,245.67970275878906,245.44627380371094,247.58738708496094,257.8650207519531,14.637853622436523,238.40414428710938,232.83596801757812,227.55165100097656,704.65380859375,239.7406463623047,245.67970275878906,245.44627380371094,247.58738708496094,257.8650207519531
20260319,42,248.79400634765625,242.1962127685547,244.5125274658203,253.29481506347656,259.5520324707031,280.9922180175781,239.7490692138672,245.67901611328125,245.44482421875,247.5916748046875,257.9129943847656,6.913641929626465,237.91847229003906,232.01113891601562,223.74520874023438,689.2028198242188,239.7490692138672,245.67901611328125,245.44482421875,247.5916748046875,257.9129943847656
20260319,43,248.79400634765625,241.75372314453125,244.24119567871094,253.00503540039062,259.2709655761719,279.93359375,239.73361206054688,245.65408325195312,245.41717529296875,247.567138671875,257.9288024902344,-1.486467957496643,237.3686065673828,231.71597290039062,219.15457153320312,670.15478515625,239.73361206054688,245.65408325195312,245.41717529296875,247.567138671875,257.9288024902344
20260319,44,248.4081573486328,241.32070922851562,243.8207244873047,252.4267120361328,258.71795654296875,278.7105712890625,239.68409729003906,245.59603881835938,245.35560607910156,247.50779724121094,257.9164733886719,-9.65591812133789,236.82418823242188,231.6373748779297,214.73495483398438,650.7601318359375,239.68409729003906,245.59603881835938,245.35560607910156,247.50779724121094,257.9164733886719
20260319,45,248.00411987304688,240.89491271972656,243.35726928710938,251.7574920654297,258.0965576171875,277.46173095703125,239.58932495117188,245.4969024658203,245.254638671875,247.4102020263672,257.88873291015625,-17.569665908813477,236.28811645507812,231.77500915527344,210.48495483398438,631.064697265625,239.58932495117188,245.4969024658203,245.254638671875,247.4102020263672,257.88873291015625
20260319,46,247.68016052246094,240.2310791015625,242.67544555664062,250.97544860839844,257.3627014160156,276.6033935546875,239.46929931640625,245.37774658203125,245.13575744628906,247.29727172851562,257.8666076660156,-25.760366439819336,235.41969299316406,230.7890625,206.27999877929688,613.9300537109375,239.46929931640625,245.37774658203125,245.13575744628906,247.29727172851562,257.8666076660156
20260319,47,246.56631469726562,239.358154296875,241.81130981445312,250.12625122070312,256.64447021484375,276.2730712890625,239.32899475097656,245.24395751953125,245.00543212890625,247.17739868164062,257.8644714355469,-34.077030181884766,234.3007354736328,228.98635864257812,202.14564514160156,598.7549438476562,239.32899475097656,245.24395751953125,245.00543212890625,247.17739868164062,257.8644714355469
20260319,48,246.56631469726562,238.4802703857422,240.8961639404297,249.08995056152344,255.61537170410156,275.27764892578125,239.16372680664062,245.0919647216797,244.8610382080078,247.04881286621094,257.884033203125,-42.0700569152832,233.1983184814453,227.39356994628906,198.17234802246094,583.4231567382812,239.16372680664062,245.0919647216797,244.8610382080078,247.04881286621094,257.884033203125
20260319,49,245.45248413085938,237.62484741210938,240.06248474121094,248.06246948242188,254.48724365234375,273.8199768066406,238.97108459472656,244.9224395751953,244.70468139648438,246.91419982910156,257.92645263671875,-49.71955108642578,232.11497497558594,226.00669860839844,194.3558349609375,567.9844970703125,238.97108459472656,244.9224395751953,244.70468139648438,246.91419982910156,257.92645263671875
20260319,50,245.45248413085938,237.12074279785156,239.57032775878906,247.3173370361328,253.46322631835938,272.04315185546875,238.7684326171875,244.75485229492188,244.55714416503906,246.79306030273438,257.9903564453125,-55.66440200805664,231.31028747558594,224.96376037597656,192.4794921875,555.7442626953125,238.7684326171875,244.75485229492188,244.55714416503906,246.79306030273438,257.9903564453125
20260319,51,245.45248413085938,237.05816650390625,239.46583557128906,246.90675354003906,252.6405487060547,270.08758544921875,238.5900115966797,244.6202850341797,244.44874572753906,246.71263122558594,258.06927490234375,-59.48486328125,230.8638916015625,224.30174255371094,193.0740966796875,547.7294311523438,238.5900115966797,244.6202850341797,244.44874572753906,246.71263122558594,258.06927490234375
20260319,52,245.45248413085938,236.98631286621094,239.38575744628906,246.66490173339844,252.1116485595703,268.92437744140625,238.45262145996094,244.52935791015625,244.38656616210938,246.67706298828125,258.1503601074219,-62.910919189453125,230.44387817382812,223.82875061035156,193.8087921142578,539.758544921875,238.45262145996094,244.52935791015625,244.38656616210938,246.67706298828125,258.1503601074219
20260319,53,245.45248413085938,236.8837127685547,239.28448486328125,246.53622436523438,251.7889862060547,268.4188232421875,238.39007568359375,244.50531005859375,244.38827514648438,246.69863891601562,258.2225036621094,-65.92900848388672,230.05224609375,223.53738403320312,194.67701721191406,531.8820190429688,238.39007568359375,244.50531005859375,244.38827514648438,246.69863891601562,258.2225036621094
20260319,54,244.7244873046875,236.65736389160156,239.09860229492188,246.32550048828125,251.55152893066406,268.0947570800781,238.37559509277344,244.5147247314453,244.4170684814453,246.73997497558594,258.26715087890625,-69.44098663330078,229.66233825683594,223.9286651611328,194.69430541992188,520.2893676757812,238.37559509277344,244.5147247314453,244.4170684814453,246.73997497558594,258.26715087890625
20260319,55,244.33863830566406,236.13612365722656,238.6605987548828,245.78472900390625,251.10902404785156,267.3793029785156,238.3234405517578,244.4792022705078,244.39849853515625,246.7321319580078,258.2695617675781,-74.6115951538086,229.23902893066406,225.6482696533203,192.596923828125,500.0672607421875,238.3234405517578,244.4792022705078,244.39849853515625,246.7321319580078,258.2695617675781
20260319,56,244.33863830566406,235.61251831054688,238.14942932128906,245.1858367919922,250.66629028320312,266.6456298828125,238.22531127929688,244.39743041992188,244.33360290527344,246.67784118652344,258.2351379394531,-79.34394073486328,228.85011291503906,227.5230712890625,190.6091766357422,480.086669921875,238.22531127929688,244.39743041992188,244.33360290527344,246.67784118652344,258.2351379394531
20260319,57,244.3204345703125,235.10809326171875,237.58270263671875,244.54087829589844,250.2900390625,265.9888610839844,238.03964233398438,244.23541259765625,244.1920928955078,246.55078125,258.1612243652344,-83.63163757324219,228.4971160888672,229.54281616210938,188.72238159179688,460.39520263671875,238.03964233398438,244.23541259765625,244.1920928955078,246.55078125,258.1612243652344
20260319,58,243.22479248046875,234.6199951171875,237.04185485839844,243.95660400390625,249.9634552001953,265.4939270019531,237.76318359375,243.9987030029297,243.98355102539062,246.3629150390625,258.0638732910156,-87.38711547851562,228.18174743652344,231.53172302246094,187.37899780273438,441.9640197753906,237.76318359375,243.9987030029297,243.98355102539062,246.3629150390625,258.0638732910156
20260319,59,243.22479248046875,234.2186737060547,236.6343536376953,243.61863708496094,249.8754425048828,265.5550842285156,237.46470642089844,243.74806213378906,243.765625,246.16958618164062,257.9657287597656,-90.29641723632812,227.90591430664062,232.85992431640625,188.26400756835938,428.30743408203125,237.46470642089844,243.74806213378906,243.765625,246.16958618164062,257.9657287597656
20260319,60,242.8826446533203,233.80809020996094,236.22157287597656,243.26693725585938,249.76722717285156,265.5205078125,237.14608764648438,243.4812469482422,243.53463745117188,245.96568298339844,257.85943603515625,-92.75342559814453,227.6700439453125,234.2988739013672,189.2208709716797,415.0736999511719,237.14608764648438,243.4812469482422,243.53463745117188,245.96568298339844,257.85943603515625
20260319,61,242.1109619140625,233.38885498046875,235.8247528076172,242.90455627441406,249.58282470703125,265.2330017089844,236.8367462158203,243.2230224609375,243.31288146972656,245.76959228515625,257.73846435546875,-94.7593994140625,227.47520446777344,235.83621215820312,190.2391357421875,402.3039245605469,236.8367462158203,243.2230224609375,243.31288146972656,245.76959228515625,257.73846435546875
20260319,62,242.1109619140625,233.0184783935547,235.490478515625,242.6121826171875,249.455810546875,264.8921813964844,236.56858825683594,242.9991912841797,243.123046875,245.60037231445312,257.6031494140625,-96.1027603149414,227.34188842773438,237.37535095214844,191.6183624267578,390.8884582519531,236.56858825683594,242.9991912841797,243.123046875,245.60037231445312,257.6031494140625
20260319,63,242.1109619140625,233.56541442871094,235.94305419921875,243.29969787597656,250.05300903320312,264.8130798339844,236.58619689941406,243.0303192138672,243.18154907226562,245.6643829345703,257.5853576660156,-92.27583312988281,227.68380737304688,237.14434814453125,199.8585968017578,398.7318115234375,236.58619689941406,243.0303192138672,243.18154907226562,245.6643829345703,257.5853576660156
20260319,64,243.22479248046875,234.1376953125,236.43594360351562,244.00421142578125,250.70004272460938,264.9104919433594,236.8669891357422,243.2894287109375,243.46229553222656,245.9447479248047,257.7486267089844,-88.01337432861328,228.06871032714844,236.9722137451172,208.12779235839844,407.15032958984375,236.8669891357422,243.2894287109375,243.46229553222656,245.9447479248047,257.7486267089844
20260319,65,243.22479248046875,234.67388916015625,236.89285278320312,244.76373291015625,251.34136962890625,265.5806884765625,237.42459106445312,243.8012237548828,243.99356079101562,246.47250366210938,258.1414489746094,-83.3243179321289,228.4967803955078,236.84518432617188,216.41494750976562,416.1763610839844,237.42459106445312,243.8012237548828,243.99356079101562,246.47250366210938,258.1414489746094
20260319,66,244.3204345703125,235.2312774658203,237.4095916748047,245.54290771484375,251.95457458496094,266.0164489746094,238.16831970214844,244.47630310058594,244.67837524414062,247.15386962890625,258.6873779296875,-78.21932220458984,228.96829223632812,236.7493133544922,224.7086944580078,425.83953857421875,238.16831970214844,244.47630310058594,244.67837524414062,247.15386962890625,258.6873779296875
20260319,67,244.33863830566406,235.9779510498047,238.32411193847656,246.6781768798828,252.7648162841797,266.6715393066406,238.87828063964844,245.13995361328125,245.357177734375,247.837158203125,259.2630920410156,-70.60501861572266,229.44960021972656,236.5170135498047,230.2265167236328,438.955810546875,238.87828063964844,245.13995361328125,245.357177734375,247.837158203125,259.2630920410156
20260319,68,244.33863830566406,236.72886657714844,239.1952667236328,247.72682189941406,253.5042266845703,267.5372619628906,239.51519775390625,245.7545623779297,245.9921112060547,248.48435974121094,259.8193054199219,-62.40104675292969,229.97068786621094,236.27296447753906,235.46461486816406,453.0260009765625,239.51519775390625,245.7545623779297,245.9921112060547,248.48435974121094,259.8193054199219
20260319,69,245.45248413085938,237.45960998535156,239.88917541503906,248.6022186279297,254.1035614013672,268.7699890136719,240.06808471679688,246.30972290039062,246.57118225097656,249.08111572265625,260.33990478515625,-53.823883056640625,230.5343780517578,236.01768493652344,240.67575073242188,467.8056335449219,240.06808471679688,246.30972290039062,246.57118225097656,249.08111572265625,260.33990478515625
20260319,70,246.1622772216797,238.152099609375,240.51657104492188,249.3745574951172,254.54661560058594,269.7787170410156,240.54071044921875,246.8015899658203,247.08616638183594,249.6153106689453,260.8003845214844,-44.89104080200195,231.13999938964844,235.737060546875,245.84893798828125,483.31298828125,240.54071044921875,246.8015899658203,247.08616638183594,249.6153106689453,260.8003845214844
20260319,71,246.56631469726562,238.68186950683594,241.48049926757812,250.23983764648438,254.94154357910156,270.2094421386719,240.91522216796875,247.19662475585938,247.49864196777344,250.04505920410156,261.17041015625,-39.63960266113281,232.04266357421875,236.82847595214844,255.4810333251953,490.45513916015625,240.91522216796875,247.19662475585938,247.49864196777344,250.04505920410156,261.17041015625
20260319,72,246.56631469726562,239.12950134277344,242.2718048095703,250.80809020996094,254.88333129882812,269.6358947753906,241.215576171875,247.51535034179688,247.82489013671875,250.3817901611328,261.4487609863281,-35.18818283081055,233.05650329589844,238.25872802734375,266.30572509765625,495.8218994140625,241.215576171875,247.51535034179688,247.82489013671875,250.3817901611328,261.4487609863281
20260319,73,246.56631469726562,239.5708465576172,242.84165954589844,251.15866088867188,254.72523498535156,268.8742370605469,241.4439239501953,247.75204467773438,248.05421447753906,250.6094512939453,261.6030578613281,-30.44239044189453,234.10935974121094,239.62217712402344,277.06048583984375,501.9518127441406,241.4439239501953,247.75204467773438,248.05421447753906,250.6094512939453,261.6030578613281
20260319,74,246.56631469726562,240.0629119873047,243.4278106689453,251.54212951660156,254.57032775878906,268.0330505371094,241.61044311523438,247.9196014404297,248.2024688720703,250.74456787109375,261.6579895019531,-25.42548370361328,235.19976806640625,240.9054412841797,287.7352600097656,508.85028076171875,241.61044311523438,247.9196014404297,248.2024688720703,250.74456787109375,261.6579895019531
20260319,75,247.68016052246094,240.53842163085938,244.12875366210938,252.54937744140625,255.47833251953125,268.02392578125,241.70382690429688,248.00636291503906,248.25997924804688,250.7775421142578,261.59820556640625,-18.05148696899414,236.11874389648438,242.54940795898438,290.7544250488281,514.5687255859375,241.70382690429688,248.00636291503906,248.25997924804688,250.7775421142578,261.59820556640625
20260319,76,247.68016052246094,241.0275421142578,244.7127227783203,253.5154571533203,256.43939208984375,268.11407470703125,241.7378692626953,248.02816772460938,248.24917602539062,250.73692321777344,261.46490478515625,-9.330491065979004,236.9614715576172,244.3297119140625,289.63946533203125,520.0162353515625,241.7378692626953,248.02816772460938,248.24917602539062,250.73692321777344,261.46490478515625
20260319,77,248.00411987304688,241.54212951660156,245.25497436523438,254.4219512939453,257.2810974121094,268.3273620605469,241.71405029296875,247.9907989501953,248.1825408935547,250.6417236328125,261.29925537109375,-0.4141407310962677,237.83680725097656,245.99217224121094,288.4162902832031,526.2286376953125,241.71405029296875,247.9907989501953,248.1825408935547,250.6417236328125,261.29925537109375
20260319,78,248.4081573486328,242.01226806640625,245.65194702148438,255.0785369873047,257.84783935546875,268.46783447265625,241.6481475830078,247.91217041015625,248.08152770996094,250.51803588867188,261.1394348144531,8.670516014099121,238.74305725097656,247.52513122558594,287.0765075683594,533.1980590820312,241.6481475830078,247.91217041015625,248.08152770996094,250.51803588867188,261.1394348144531
20260319,79,248.4081573486328,242.15550231933594,245.7806396484375,255.36634826660156,258.1795959472656,268.7752685546875,241.56053161621094,247.80776977539062,247.95379638671875,250.36805725097656,260.9654846191406,16.359107971191406,239.4376678466797,248.519287109375,285.2073974609375,538.8934936523438,241.56053161621094,247.80776977539062,247.95379638671875,250.36805725097656,260.9654846191406
20260319,80,248.4081573486328,241.9911346435547,245.60890197753906,255.2947540283203,258.21539306640625,269.1083068847656,241.45547485351562,247.6802520751953,247.79763793945312,250.1864471435547,260.75933837890625,22.751379013061523,239.9384307861328,248.99740600585938,282.83538818359375,543.4691772460938,241.45547485351562,247.6802520751953,247.79763793945312,250.1864471435547,260.75933837890625
20260319,81,248.00411987304688,241.82579040527344,245.39273071289062,255.051513671875,258.0885009765625,269.2805480957031,241.33082580566406,247.52841186523438,247.61256408691406,249.97256469726562,260.517822265625,29.22662353515625,240.46343994140625,249.31463623046875,280.32427978515625,548.75927734375,241.33082580566406,247.52841186523438,247.61256408691406,249.97256469726562,260.517822265625
20260319,82,248.00411987304688,241.6792755126953,245.13961791992188,254.66485595703125,257.828125,269.34881591796875,241.18392944335938,247.35316467285156,247.40122985839844,249.72901916503906,260.2449951171875,35.7557487487793,241.01028442382812,249.46185302734375,277.66790771484375,554.7431640625,241.18392944335938,247.35316467285156,247.40122985839844,249.72901916503906,260.2449951171875
20260319,83,247.68016052246094,241.27711486816406,244.65756225585938,254.07582092285156,257.278564453125,269.2785339355469,241.01712036132812,247.15457153320312,247.162109375,249.45326232910156,259.93603515625,40.51710891723633,241.406982421875,249.1132354736328,275.63006591796875,559.3712158203125,241.01712036132812,247.15457153320312,247.162109375,249.45326232910156,259.93603515625
20260319,84,246.56631469726562,240.4563751220703,243.84707641601562,253.17881774902344,256.38336181640625,269.2113342285156,240.82455444335938,246.91900634765625,246.87672424316406,249.12496948242188,259.5694885253906,42.48554229736328,241.5568084716797,248.084716796875,274.6331787109375,561.4913940429688,240.82455444335938,246.91900634765625,246.87672424316406,249.12496948242188,259.5694885253906
20260319,85,246.56631469726562,239.62136840820312,242.99778747558594,252.21661376953125,255.45750427246094,268.800537109375,240.5946807861328,246.63568115234375,246.53317260742188,248.73150634765625,259.14215087890625,44.419029235839844,241.7206573486328,246.86331176757812,273.47601318359375,564.2266845703125,240.5946807861328,246.63568115234375,246.53317260742188,248.73150634765625,259.14215087890625
20260319,86,245.45248413085938,238.81948852539062,242.15673828125,251.18862915039062,254.48301696777344,267.9550476074219,240.31460571289062,246.2924041748047,246.11865234375,248.2591552734375,258.65679931640625,46.28838348388672,241.89596557617188,245.44296264648438,272.15472412109375,567.5457153320312,240.31460571289062,246.2924041748047,246.11865234375,248.2591552734375,258.65679931640625
20260319,87,244.33863830566406,237.9700164794922,241.28456115722656,250.2422637939453,253.58709716796875,266.5945739746094,239.97366333007812,245.88514709472656,245.63026428222656,247.70494079589844,258.1396484375,48.3720588684082,241.9431610107422,243.4756317138672,269.2791748046875,572.1644287109375,239.97366333007812,245.88514709472656,245.63026428222656,247.70494079589844,258.1396484375
20260319,88,244.3204345703125,236.92115783691406,240.25526428222656,249.4048309326172,252.94271850585938,265.3191833496094,239.5491943359375,245.38673400878906,245.03050231933594,247.02452087402344,257.5650634765625,51.20556640625,241.6088104248047,240.32830810546875,262.3038024902344,579.4219970703125,239.5491943359375,245.38673400878906,245.03050231933594,247.02452087402344,257.5650634765625
20260319,89,242.8826446533203,235.81689453125,239.13571166992188,248.40528869628906,252.08555603027344,263.7936096191406,238.99264526367188,244.75146484375,244.2734375,246.1764373779297,257.01129150390625,53.8886833190918,241.27743530273438,236.96917724609375,255.15757751464844,587.15380859375,238.99264526367188,244.75146484375,244.2734375,246.1764373779297,257.01129150390625
20260319,90,241.04080200195312,234.6302032470703,237.98800659179688,247.2068634033203,250.98876953125,262.6328125,238.23406982421875,243.9147491455078,243.2999267578125,245.11634826660156,256.6795654296875,56.393863677978516,240.94627380371094,233.39578247070312,247.83975219726562,595.319091796875,238.23406982421875,243.9147491455078,243.2999267578125,245.11634826660156,256.6795654296875
20260319,91,239.88328552246094,233.2627410888672,236.71925354003906,245.5552978515625,249.37356567382812,262.3770751953125,237.12689208984375,242.73756408691406,241.98069763183594,243.74806213378906,257.0367736816406,58.33905792236328,240.6179962158203,229.6375274658203,240.79946899414062,603.3783569335938,237.12689208984375,242.73756408691406,241.98069763183594,243.74806213378906,257.0367736816406
20260319,92,238.76943969726562,231.46676635742188,235.26890563964844,242.79139709472656,246.5795440673828,267.24664306640625,235.38116455078125,240.9473419189453,240.0959014892578,241.982177734375,259.648681640625,57.685302734375,240.32168579101562,225.86964416503906,236.58331298828125,608.4721069335938,235.38116455078125,240.9473419189453,240.0959014892578,241.982177734375,259.648681640625
20260319,93,235.51527404785156,229.13194274902344,233.01541137695312,238.525390625,243.53089904785156,289.651123046875,232.3422088623047,238.0300750732422,237.3137969970703,239.96142578125,270.1211853027344,56.775962829589844,240.0170135498047,221.8855438232422,232.19754028320312,613.8667602539062,232.3422088623047,238.0300750732422,237.3137969970703,239.96142578125,270.1211853027344
20260319,94,233.67344665527344,225.6817626953125,228.1951904296875,233.8336944580078,247.121337890625,357.3541259765625,226.87496948242188,233.3697509765625,233.63706970214844,239.96878051757812,314.5902099609375,55.58707809448242,239.7013397216797,217.68634033203125,227.6442108154297,619.5152587890625,226.87496948242188,233.3697509765625,233.63706970214844,239.96878051757812,314.5902099609375
20260319,95,220.2563934326172,220.8988800048828,219.9687957763672,233.96617126464844,273.6698913574219,498.9962463378906,221.581298828125,228.22705078125,231.9047088623047,257.5083312988281,525.935302734375,54.095970153808594,239.37185668945312,213.2742462158203,222.92628479003906,625.3693237304688,221.581298828125,228.22705078125,231.9047088623047,257.5083312988281,525.935302734375
20260320,0,226.8448028564453,223.3694610595703,228.50035095214844,234.0978546142578,241.2633514404297,324.1954345703125,227.46661376953125,233.7269287109375,238.75515747070312,266.8926086425781,483.1639099121094,34.065757751464844,216.03977966308594,317.2295837402344,403.9333801269531,435.4005126953125,227.46661376953125,233.7269287109375,238.75515747070312,266.8926086425781,483.1639099121094
20260320,1,226.8448028564453,223.21388244628906,226.11415100097656,233.14825439453125,237.53591918945312,305.6571044921875,224.88082885742188,233.10154724121094,234.3704071044922,249.59153747558594,403.5905456542969,42.2390022277832,216.65145874023438,314.2305908203125,394.4577941894531,453.2017822265625,224.88082885742188,233.10154724121094,234.3704071044922,249.59153747558594,403.5905456542969
20260320,2,227.95863342285156,222.84458923339844,226.88314819335938,234.68690490722656,240.77972412109375,307.7815856933594,223.82168579101562,232.5713653564453,233.46145629882812,246.84735107421875,408.176513671875,50.0501594543457,217.2415313720703,311.03045654296875,384.8302917480469,471.05987548828125,223.82168579101562,232.5713653564453,233.46145629882812,246.84735107421875,408.176513671875
20260320,3,227.95863342285156,223.16456604003906,226.43267822265625,236.9255828857422,243.49154663085938,310.6855773925781,222.91627502441406,231.60935974121094,233.0149383544922,247.2487335205078,433.7211608886719,57.48234176635742,217.80770874023438,307.6347961425781,375.0563659667969,488.9242858886719,222.91627502441406,231.60935974121094,233.0149383544922,247.2487335205078,433.7211608886719
20260320,4,229.07247924804688,223.0107879638672,221.946044921875,228.82916259765625,228.13259887695312,297.49774169921875,223.9026641845703,230.70022583007812,232.36734008789062,251.2113494873047,487.3143310546875,64.5201416015625,218.34759521484375,304.0502014160156,365.1422424316406,506.74481201171875,223.9026641845703,230.70022583007812,232.36734008789062,251.2113494873047,487.3143310546875
20260320,5,227.95863342285156,220.5507354736328,218.21694946289062,225.72506713867188,225.8480682373047,312.9638671875,224.8521728515625,229.94351196289062,231.58836364746094,254.1153564453125,531.8132934570312,64.12940979003906,218.8622283935547,300.6392822265625,363.15887451171875,514.9135131835938,224.8521728515625,229.94351196289062,231.58836364746094,254.1153564453125,531.8132934570312
20260320,6,226.8448028564453,222.11099243164062,218.81002807617188,224.77052307128906,222.15113830566406,314.1180725097656,226.59494018554688,229.44383239746094,231.2285614013672,259.6439208984375,592.3316040039062,62.26567840576172,219.3468017578125,297.1080322265625,362.259033203125,521.504638671875,226.59494018554688,229.44383239746094,231.2285614013672,259.6439208984375,592.3316040039062
20260320,7,225.73095703125,220.42591857910156,214.738037109375,223.25546264648438,233.05941772460938,393.0121765136719,228.97775268554688,228.79461669921875,231.3755645751953,269.8643798828125,679.642822265625,59.971923828125,219.79881286621094,293.4121398925781,361.2410888671875,527.9024047851562,228.97775268554688,228.79461669921875,231.3755645751953,269.8643798828125,679.642822265625
20260320,8,853.98583984375,217.25318908691406,247.4648895263672,360.3793640136719,509.16650390625,812.6643676757812,231.3866424560547,227.06739807128906,233.2956085205078,293.0172119140625,820.5053100585938,58.80891418457031,220.65577697753906,290.5360412597656,361.64093017578125,535.127197265625,231.3866424560547,227.06739807128906,233.2956085205078,293.0172119140625,820.5053100585938
20260320,9,853.98583984375,217.45050048828125,274.2594299316406,442.7481994628906,634.59814453125,942.1787719726562,210.74314880371094,215.13954162597656,296.0243835449219,439.6114196777344,1075.6416015625,59.46770095825195,221.258544921875,286.879638671875,357.6925354003906,545.6754150390625,210.74314880371094,215.13954162597656,296.0243835449219,439.6114196777344,1075.6416015625
20260320,10,853.98583984375,221.67758178710938,325.3060302734375,511.7482604980469,694.6192016601562,962.795654296875,162.0071563720703,449.3992614746094,703.1031494140625,861.0519409179688,1003.8601684570312,60.36669158935547,221.71580505371094,282.7962341308594,352.0458679199219,557.088134765625,162.0071563720703,449.3992614746094,703.1031494140625,861.0519409179688,1003.8601684570312
20260320,11,853.98583984375,225.06869506835938,374.8380126953125,583.7261962890625,758.4404296875,979.3975830078125,221.96119689941406,621.2666015625,815.9303588867188,923.4253540039062,1023.9328002929688,60.81396484375,222.13424682617188,278.5900573730469,346.31732177734375,568.1211547851562,221.96119689941406,621.2666015625,815.9303588867188,923.4253540039062,1023.9328002929688
20260320,12,853.98583984375,245.3690643310547,674.4388427734375,862.95556640625,931.8767700195312,993.7432250976562,248.8689422607422,672.7786254882812,841.5672607421875,929.9951171875,1038.775146484375,60.80891036987305,222.5126495361328,274.27313232421875,340.51702880859375,578.7313232421875,248.8689422607422,672.7786254882812,841.5672607421875,929.9951171875,1038.775146484375
20260320,13,853.98583984375,249.03067016601562,724.6682739257812,888.28076171875,943.4215698242188,995.28125,261.1232604980469,694.7727661132812,851.7736206054688,931.5778198242188,1047.639892578125,60.383182525634766,222.84530639648438,269.84490966796875,334.5845031738281,588.9303588867188,261.1232604980469,694.7727661132812,851.7736206054688,931.5778198242188,1047.639892578125
20260320,14,853.98583984375,245.74664306640625,688.5125732421875,852.3262939453125,913.3157348632812,978.7330322265625,265.6706848144531,703.2171020507812,855.8382568359375,931.976318359375,1052.0015869140625,59.529170989990234,223.13304138183594,265.3228759765625,328.5556640625,598.6599731445312,265.6706848144531,703.2171020507812,855.8382568359375,931.976318359375,1052.0015869140625
20260320,15,853.98583984375,243.72640991210938,667.5621337890625,826.899658203125,891.729736328125,965.5551147460938,263.77044677734375,701.4758911132812,855.6934204101562,931.9285888671875,1052.0462646484375,58.232582092285156,223.37826538085938,260.7284240722656,322.4868469238281,607.84912109375,263.77044677734375,701.4758911132812,855.6934204101562,931.9285888671875,1052.0462646484375
20260320,16,853.98583984375,229.0137481689453,457.8448791503906,655.6915283203125,776.3917236328125,917.207275390625,253.22988891601562,686.9136962890625,850.7777709960938,932.0228881835938,1046.94287109375,56.50042724609375,223.58045959472656,256.0751647949219,316.3890686035156,616.4631958007812,253.22988891601562,686.9136962890625,850.7777709960938,932.0228881835938,1046.94287109375
20260320,17,853.98583984375,229.99305725097656,474.8868713378906,668.76416015625,788.44580078125,935.7869262695312,226.5728759765625,648.4154052734375,837.7162475585938,934.5115356445312,1037.7718505859375,53.19709014892578,223.91871643066406,251.86312866210938,312.9411926269531,622.4779663085938,226.5728759765625,648.4154052734375,837.7162475585938,934.5115356445312,1037.7718505859375
20260320,18,225.73095703125,224.15501403808594,386.7311706542969,563.3762817382812,692.2913208007812,888.1057739257812,156.81019592285156,508.77740478515625,770.9453735351562,925.623779296875,1055.9913330078125,48.68342208862305,224.5363311767578,248.4327850341797,312.839111328125,625.9918212890625,156.81019592285156,508.77740478515625,770.9453735351562,925.623779296875,1055.9913330078125
20260320,19,226.8448028564453,223.36865234375,372.9825439453125,544.281005859375,682.275146484375,901.7898559570312,212.99154663085938,211.0477294921875,298.6598815917969,459.93743896484375,1166.6710205078125,44.92243576049805,225.4342803955078,245.70364379882812,313.8670959472656,629.62890625,212.99154663085938,211.0477294921875,298.6598815917969,459.93743896484375,1166.6710205078125
20260320,20,227.95863342285156,224.21029663085938,384.93621826171875,555.6243896484375,697.22314453125,918.66552734375,230.28855895996094,228.1725616455078,240.68577575683594,311.84600830078125,865.5154418945312,40.772308349609375,226.2891387939453,242.9716033935547,314.9108581542969,632.5775756835938,230.28855895996094,228.1725616455078,240.68577575683594,311.84600830078125,865.5154418945312
20260320,21,229.07247924804688,217.4586944580078,252.90469360351562,353.0965881347656,478.5415344238281,774.119873046875,227.509765625,231.0651397705078,237.50717163085938,283.7323913574219,696.3041381835938,36.415409088134766,227.1418914794922,240.3428192138672,316.08538818359375,634.927978515625,227.509765625,231.0651397705078,237.50717163085938,283.7323913574219,696.3041381835938
20260320,22,230.1863250732422,219.31576538085938,237.86795043945312,308.017822265625,399.10693359375,663.1135864257812,224.560546875,232.03350830078125,236.2066192626953,266.8258361816406,551.9998779296875,32.014888763427734,228.02850341796875,237.91192626953125,317.4925537109375,636.7591552734375,224.560546875,232.03350830078125,236.2066192626953,266.8258361816406,551.9998779296875
20260320,23,231.30015563964844,220.5041046142578,214.20700073242188,232.5836181640625,272.24285888671875,499.0711669921875,223.63877868652344,232.05223083496094,234.96270751953125,254.4347381591797,434.8644104003906,27.277774810791016,228.87391662597656,235.5204315185547,318.9486999511719,637.8477172851562,223.63877868652344,232.05223083496094,234.96270751953125,254.4347381591797,434.8644104003906
20260320,24,232.41400146484375,222.6498565673828,221.16722106933594,243.7526092529297,279.7244567871094,483.42254638671875,224.9473114013672,232.614990234375,234.68475341796875,247.3899688720703,360.1722412109375,22.224502563476562,229.67922973632812,233.18214416503906,320.46435546875,638.181640625,224.9473114013672,232.614990234375,234.68475341796875,247.3899688720703,360.1722412109375
20260320,25,238.61656188964844,225.1204833984375,222.1479034423828,228.91888427734375,242.1403350830078,398.35382080078125,227.4034881591797,234.24673461914062,235.76161193847656,244.59571838378906,316.9715270996094,17.738758087158203,230.592529296875,231.32420349121094,321.82354736328125,638.0441284179688,227.4034881591797,234.24673461914062,235.76161193847656,244.59571838378906,316.9715270996094
20260320,26,232.63967895507812,228.5369110107422,228.4129180908203,232.3392791748047,235.66600036621094,341.89361572265625,230.47006225585938,236.83270263671875,237.9790802001953,244.3295440673828,289.93060302734375,16.084239959716797,231.99732971191406,231.0349884033203,322.4475402832031,638.1881713867188,230.47006225585938,236.83270263671875,237.9790802001953,244.3295440673828,289.93060302734375
20260320,27,244.3204345703125,231.13145446777344,232.59002685546875,236.0814208984375,235.73707580566406,304.8723449707031,233.2577667236328,239.45567321777344,240.35116577148438,245.2876739501953,276.5997314453125,14.182746887207031,233.36593627929688,230.83892822265625,323.16143798828125,637.5616455078125,233.2577667236328,239.45567321777344,240.35116577148438,245.2876739501953,276.5997314453125
20260320,28,246.1622772216797,233.16087341308594,235.56222534179688,239.2039337158203,237.74716186523438,280.5279846191406,235.46958923339844,241.6503448486328,242.29832458496094,246.33419799804688,269.9993591308594,12.059696197509766,234.70004272460938,230.74862670898438,323.9745178222656,636.165771484375,235.46958923339844,241.6503448486328,242.29832458496094,246.33419799804688,269.9993591308594
20260320,29,246.56631469726562,234.7415771484375,237.80982971191406,241.55018615722656,240.0058135986328,268.9520263671875,237.0712890625,243.26161193847656,243.6708984375,247.0952606201172,266.2625427246094,9.465890884399414,235.9725799560547,230.819091796875,324.6595458984375,633.2041625976562,237.0712890625,243.26161193847656,243.6708984375,247.0952606201172,266.2625427246094
20260320,30,248.00411987304688,235.60276794433594,239.29330444335938,243.0952606201172,241.6865692138672,265.0506896972656,238.04058837890625,244.22727966308594,244.4666748046875,247.53257751464844,264.1778869628906,3.811950206756592,236.9114532470703,231.4696502685547,322.981201171875,621.0775146484375,238.04058837890625,244.22727966308594,244.4666748046875,247.53257751464844,264.1778869628906
20260320,31,248.79400634765625,236.54562377929688,240.63706970214844,244.73675537109375,243.194091796875,264.95306396484375,238.6802215576172,244.84071350097656,244.94129943847656,247.75222778320312,262.6495361328125,-1.982383131980896,237.82164001464844,232.26075744628906,321.4274597167969,608.20458984375,238.6802215576172,244.84071350097656,244.94129943847656,247.75222778320312,262.6495361328125
20260320,32,250.25,237.58323669433594,241.5469512939453,245.89370727539062,244.08583068847656,264.3020935058594,239.09783935546875,245.21011352539062,245.197021484375,247.82052612304688,261.46295166015625,-7.888743877410889,238.70526123046875,233.20294189453125,320.00579833984375,594.60009765625,239.09783935546875,245.21011352539062,245.197021484375,247.82052612304688,261.46295166015625
20260320,33,251.68780517578125,238.5873565673828,241.885009765625,246.48129272460938,244.74314880371094,263.82745361328125,239.3536376953125,245.4110107421875,245.31114196777344,247.7966766357422,260.54193115234375,-13.87817668914795,239.5646209716797,234.3059844970703,318.72320556640625,580.2811279296875,239.3536376953125,245.4110107421875,245.31114196777344,247.7966766357422,260.54193115234375
20260320,34,253.3330841064453,238.7855987548828,241.5397491455078,246.68606567382812,245.3899383544922,264.2450256347656,239.51565551757812,245.51649475097656,245.347900390625,247.73110961914062,259.82611083984375,-22.254756927490234,239.73233032226562,233.64593505859375,316.6892395019531,565.9542846679688,239.51565551757812,245.51649475097656,245.347900390625,247.73110961914062,259.82611083984375
20260320,35,253.3330841064453,238.873779296875,241.53419494628906,247.2400360107422,246.36151123046875,265.0039978027344,239.61045837402344,245.5608673095703,245.34268188476562,247.65516662597656,259.2996520996094,-30.761743545532227,239.85020446777344,233.076416015625,314.7655334472656,550.9880981445312,239.61045837402344,245.5608673095703,245.34268188476562,247.65516662597656,259.2996520996094
20260320,36,253.52963256835938,238.9869842529297,242.0338897705078,247.940185546875,247.2544708251953,265.0767517089844,239.6500244140625,245.55682373046875,245.30224609375,247.5669403076172,258.9085693359375,-39.26346206665039,239.9512939453125,232.69300842285156,312.99786376953125,535.3776245117188,239.6500244140625,245.55682373046875,245.30224609375,247.5669403076172,258.9085693359375
20260320,37,253.52963256835938,239.1195526123047,242.60113525390625,248.59408569335938,248.0124969482422,265.0708923339844,239.65379333496094,245.53158569335938,245.25450134277344,247.49070739746094,258.6519470214844,-47.73036575317383,240.03834533691406,232.50247192382812,311.39056396484375,519.15185546875,239.65379333496094,245.53158569335938,245.25450134277344,247.49070739746094,258.6519470214844
20260320,38,253.52963256835938,239.1271209716797,242.82345581054688,248.77810668945312,248.21067810058594,265.3660583496094,239.658447265625,245.51486206054688,245.21969604492188,247.43276977539062,258.45062255859375,-55.423675537109375,239.8038330078125,230.84999084472656,309.7765197753906,508.5089416503906,239.658447265625,245.51486206054688,245.21969604492188,247.43276977539062,258.45062255859375
20260320,39,253.52963256835938,239.10092163085938,242.86094665527344,248.77456665039062,248.25758361816406,265.78802490234375,239.66600036621094,245.5074462890625,245.19859313964844,247.3941192626953,258.3023986816406,-62.87435531616211,239.495361328125,229.05201721191406,308.2936706542969,498.61474609375,239.66600036621094,245.5074462890625,245.19859313964844,247.3941192626953,258.3023986816406
20260320,40,253.52963256835938,239.05783081054688,242.85244750976562,248.63296508789062,248.1720428466797,266.21380615234375,239.6811065673828,245.5128173828125,245.1934051513672,247.3753662109375,258.1969299316406,-70.20285034179688,239.18109130859375,227.46240234375,306.9800109863281,488.2076416015625,239.6811065673828,245.5128173828125,245.1934051513672,247.3753662109375,258.1969299316406
20260320,41,253.52963256835938,239.0164337158203,242.83448791503906,248.45419311523438,248.02955627441406,266.3907775878906,239.71192932128906,245.53916931152344,245.21337890625,247.38668823242188,258.1410827636719,-77.38093566894531,238.86378479003906,226.08460998535156,305.8372802734375,477.3263854980469,239.71192932128906,245.53916931152344,245.21337890625,247.38668823242188,258.1410827636719
20260320,42,253.52963256835938,238.90899658203125,242.7450408935547,248.32296752929688,247.98133850097656,266.7432861328125,239.7514190673828,245.57693481445312,245.24627685546875,247.4125213623047,258.1081237792969,-83.97116088867188,238.3699493408203,224.21340942382812,303.9581298828125,468.3315734863281,239.7514190673828,245.57693481445312,245.24627685546875,247.4125213623047,258.1081237792969
20260320,43,253.52963256835938,238.77040100097656,242.66232299804688,248.2374725341797,248.0004425048828,267.183349609375,239.79830932617188,245.6245574951172,245.29066467285156,247.45140075683594,258.0952453613281,-90.17727661132812,237.80162048339844,222.2484588623047,301.85345458984375,459.9610290527344,239.79830932617188,245.6245574951172,245.29066467285156,247.45140075683594,258.0952453613281
20260320,44,253.52963256835938,238.62139892578125,242.63763427734375,248.1669921875,248.0404052734375,267.65338134765625,239.85357666015625,245.68296813964844,245.3473358154297,247.50405883789062,258.1025695800781,-96.15267181396484,237.23878479003906,220.5000457763672,299.9197998046875,451.2438049316406,239.85357666015625,245.68296813964844,245.3473358154297,247.50405883789062,258.1025695800781
20260320,45,253.52963256835938,238.47012329101562,242.65023803710938,248.1087646484375,248.05755615234375,267.956787109375,239.9164276123047,245.75160217285156,245.41619873046875,247.5708770751953,258.1313171386719,-101.87234497070312,236.6842498779297,218.9678955078125,298.1557312011719,442.2258605957031,239.9164276123047,245.75160217285156,245.41619873046875,247.5708770751953,258.1313171386719
20260320,46,251.68780517578125,237.92250061035156,242.4329071044922,247.8824005126953,247.90087890625,268.0057067871094,239.9563751220703,245.7943878173828,245.45692443847656,247.60894775390625,258.1432189941406,-109.28072357177734,235.81797790527344,217.40748596191406,294.9039001464844,428.8777770996094,239.9563751220703,245.7943878173828,245.45692443847656,247.60894775390625,258.1432189941406
20260320,47,250.25,237.03187561035156,241.9208221435547,247.41648864746094,247.6101531982422,268.14862060546875,239.9537811279297,245.79071044921875,245.44725036621094,247.5953369140625,258.1214904785156,-117.90095520019531,234.7171173095703,215.87283325195312,290.5434875488281,412.1883239746094,239.9537811279297,245.79071044921875,245.44725036621094,247.5953369140625,258.1214904785156
20260320,48,249.68943786621094,236.13595581054688,241.36318969726562,246.8612060546875,247.2999267578125,268.1122131347656,239.8994903564453,245.7331085205078,245.38034057617188,247.52398681640625,258.0658874511719,-126.197509765625,233.63282775878906,214.54808044433594,286.3441162109375,395.34234619140625,239.8994903564453,245.7331085205078,245.38034057617188,247.52398681640625,258.0658874511719
20260320,49,248.00411987304688,235.2449951171875,240.78677368164062,246.2646026611328,246.98915100097656,267.9888610839844,239.77784729003906,245.61021423339844,245.246826171875,247.3870849609375,257.9842224121094,-134.15057373046875,232.56752014160156,213.42935180664062,282.30157470703125,378.38946533203125,239.77784729003906,245.61021423339844,245.246826171875,247.3870849609375,257.9842224121094
20260320,50,247.68016052246094,234.6255340576172,240.40774536132812,245.86483764648438,246.77352905273438,267.2417297363281,239.61489868164062,245.45309448242188,245.0817413330078,247.2206268310547,257.9019775390625,-140.80735778808594,231.77871704101562,213.01515197753906,279.47967529296875,362.3418273925781,239.61489868164062,245.45309448242188,245.0817413330078,247.2206268310547,257.9019775390625
20260320,51,246.56631469726562,234.36099243164062,240.30548095703125,245.6549530029297,246.61135864257812,265.8361511230469,239.4471893310547,245.29795837402344,244.9239959716797,247.06344604492188,257.8325500488281,-145.8706817626953,231.34547424316406,213.4508819580078,278.1932678222656,347.53857421875,239.4471893310547,245.29795837402344,244.9239959716797,247.06344604492188,257.8325500488281
20260320,52,246.56631469726562,234.09141540527344,240.1595458984375,245.48622131347656,246.4873809814453,264.6882019042969,239.28512573242188,245.15249633789062,244.78121948242188,246.9228057861328,257.7749328613281,-150.53970336914062,230.93844604492188,214.07559204101562,277.0470886230469,332.7793273925781,239.28512573242188,245.15249633789062,244.78121948242188,246.9228057861328,257.7749328613281
20260320,53,246.56631469726562,233.8115997314453,239.9520721435547,245.3544158935547,246.40240478515625,263.74951171875,239.1507568359375,245.03277587890625,244.6677703857422,246.81117248535156,257.72265625,-154.80062866210938,230.55996704101562,214.88194274902344,276.0343017578125,318.1142883300781,239.1507568359375,245.03277587890625,244.6677703857422,246.81117248535156,257.72265625
20260320,54,246.1622772216797,233.35313415527344,239.47059631347656,244.9385223388672,246.16700744628906,262.880615234375,239.00318908691406,244.88995361328125,244.52984619140625,246.67340087890625,257.63433837890625,-160.24224853515625,230.1939697265625,216.52139282226562,274.732177734375,298.3162841796875,239.00318908691406,244.88995361328125,244.52984619140625,246.67340087890625,257.63433837890625
20260320,55,244.33863830566406,232.4612274169922,238.48104858398438,243.8460235595703,245.364501953125,261.4109802246094,238.7322540283203,244.61366271972656,244.25189208984375,246.39210510253906,257.4364318847656,-168.91238403320312,229.81930541992188,219.83303833007812,272.5988464355469,266.64990234375,238.7322540283203,244.61366271972656,244.25189208984375,246.39210510253906,257.4364318847656
20260320,56,242.8826446533203,231.5473175048828,237.3529510498047,242.59555053710938,244.4176483154297,259.6868591308594,238.3259735107422,244.1990966796875,243.8265838623047,245.95596313476562,257.10113525390625,-177.14425659179688,229.4789581298828,223.2998809814453,270.57525634765625,235.22512817382812,238.3259735107422,244.1990966796875,243.8265838623047,245.95596313476562,257.10113525390625
20260320,57,240.9971160888672,230.6254425048828,236.0814208984375,241.14039611816406,243.3878936767578,258.15771484375,237.7228240966797,243.5919189453125,243.19911193847656,245.31044006347656,256.5943908691406,-184.93138122558594,229.17454528808594,226.9116668701172,268.652587890625,204.0894012451172,237.7228240966797,243.5919189453125,243.19911193847656,245.31044006347656,256.5943908691406
20260320,58,238.76943969726562,229.81275939941406,234.9049530029297,239.82386779785156,242.49314880371094,257.27276611328125,236.9324493408203,242.81826782226562,242.40621948242188,244.50009155273438,255.97604370117188,-190.96925354003906,228.89161682128906,230.05679321289062,266.8975830078125,177.60684204101562,236.9324493408203,242.81826782226562,242.40621948242188,244.50009155273438,255.97604370117188
20260320,59,238.76943969726562,229.669921875,234.39208984375,239.6544189453125,242.78761291503906,258.07012939453125,236.2319793701172,242.14915466308594,241.73622131347656,243.82760620117188,255.49594116210938,-190.37945556640625,228.57118225097656,230.47097778320312,265.5865173339844,172.01486206054688,236.2319793701172,242.14915466308594,241.73622131347656,243.82760620117188,255.49594116210938
20260320,60,238.76943969726562,229.5559844970703,234.00808715820312,239.54019165039062,243.11279296875,259.1695251464844,235.65203857421875,241.6035614013672,241.2098388671875,243.31761169433594,255.20188903808594,-189.33738708496094,228.29086303710938,230.9959259033203,264.34716796875,166.84571838378906,235.65203857421875,241.6035614013672,241.2098388671875,243.31761169433594,255.20188903808594
20260320,61,238.76943969726562,229.45025634765625,233.811279296875,239.641357421875,243.5369110107422,260.23541259765625,235.29144287109375,241.27517700195312,240.9187774658203,243.05181884765625,255.11163330078125,-187.84420776367188,228.0515594482422,231.61927795410156,263.1692810058594,162.1405792236328,235.29144287109375,241.27517700195312,240.9187774658203,243.05181884765625,255.11163330078125
20260320,62,237.35711669921875,229.36619567871094,233.65675354003906,239.7316436767578,243.87208557128906,260.6788635253906,235.19815063476562,241.19105529785156,240.8739776611328,243.03009033203125,255.18170166015625,-185.773193359375,227.874267578125,232.28749084472656,262.3265075683594,158.48382568359375,235.19815063476562,241.19105529785156,240.8739776611328,243.03009033203125,255.18170166015625
20260320,63,239.88328552246094,230.05401611328125,234.30528259277344,240.66989135742188,244.68321228027344,260.6434020996094,235.47486877441406,241.45684814453125,241.17681884765625,243.3372039794922,255.40606689453125,-180.39553833007812,228.1845703125,232.13320922851562,267.7750244140625,167.35740661621094,235.47486877441406,241.45684814453125,241.17681884765625,243.3372039794922,255.40606689453125
20260320,64,241.04080200195312,230.76283264160156,234.9906768798828,241.58859252929688,245.50381469726562,260.91729736328125,236.01206970214844,241.9722137451172,241.73280334472656,243.89866638183594,255.8347930908203,-174.58242797851562,228.5377960205078,232.03773498535156,273.25262451171875,176.80616760253906,236.01206970214844,241.9722137451172,241.73280334472656,243.89866638183594,255.8347930908203
20260320,65,242.8826446533203,231.4592742919922,235.64852905273438,242.47532653808594,246.31166076660156,261.5000305175781,236.75320434570312,242.69244384765625,242.4990234375,244.6758270263672,256.45245361328125,-168.34255981445312,228.93434143066406,231.9873809814453,278.748046875,186.8624267578125,236.75320434570312,242.69244384765625,242.4990234375,244.6758270263672,256.45245361328125
20260320,66,244.3204345703125,232.18922424316406,236.38140869140625,243.37030029296875,247.0647735595703,262.1121826171875,237.59947204589844,243.51376342773438,243.3646240234375,245.5620880126953,257.1807861328125,-161.68685913085938,229.37420654296875,231.96820068359375,284.2501220703125,197.55581665039062,237.59947204589844,243.51376342773438,243.3646240234375,245.5620880126953,257.1807861328125
20260320,67,244.7244873046875,232.7939910888672,237.36233520507812,244.40234375,247.7381134033203,261.9210205078125,238.26829528808594,244.17198181152344,244.06832885742188,246.29624938964844,257.8303527832031,-155.98973083496094,229.86740112304688,233.33995056152344,287.0379638671875,200.57005310058594,238.26829528808594,244.17198181152344,244.06832885742188,246.29624938964844,257.8303527832031
20260320,68,245.45248413085938,233.35781860351562,238.3090057373047,245.3760223388672,248.3824920654297,261.81903076171875,238.8013458251953,244.70468139648438,244.64344787597656,246.9027099609375,258.3723449707031,-150.03317260742188,230.40452575683594,234.84542846679688,289.5520324707031,203.4779815673828,238.8013458251953,244.70468139648438,244.64344787597656,246.9027099609375,258.3723449707031
20260320,69,246.1622772216797,233.89955139160156,239.1341094970703,246.2492218017578,249.07666015625,261.82379150390625,239.2030792236328,245.10919189453125,245.08560180664062,247.3754425048828,258.80108642578125,-143.70343017578125,230.9842529296875,236.33966064453125,292.0391540527344,207.0953826904297,239.2030792236328,245.10919189453125,245.08560180664062,247.3754425048828,258.80108642578125
20260320,70,246.56631469726562,234.4075927734375,239.917724609375,247.07374572753906,249.7248077392578,261.91552734375,239.49000549316406,245.40296936035156,245.41380310058594,247.731201171875,259.1372375488281,-137.01805114746094,231.6058807373047,237.80857849121094,294.4881896972656,211.44044494628906,239.49000549316406,245.40296936035156,245.41380310058594,247.731201171875,259.1372375488281
20260320,71,248.00411987304688,235.29393005371094,241.1366729736328,248.66661071777344,251.2637481689453,263.4857177734375,239.80364990234375,245.732421875,245.77926635742188,248.1281280517578,259.5115966796875,-127.27518463134766,232.4281463623047,238.5237274169922,298.23822021484375,224.6923370361328,239.80364990234375,245.732421875,245.77926635742188,248.1281280517578,259.5115966796875
20260320,72,249.68943786621094,236.2930450439453,242.35464477539062,250.274658203125,252.77723693847656,265.09295654296875,240.13478088378906,246.0863494873047,246.17001342773438,248.5542755126953,259.9187927246094,-116.4603500366211,233.3349609375,238.98721313476562,302.30352783203125,240.96653747558594,240.13478088378906,246.0863494873047,246.17001342773438,248.5542755126953,259.9187927246094
20260320,73,250.25,237.25816345214844,243.38987731933594,251.72743225097656,254.06175231933594,266.6020812988281,240.48216247558594,246.4665985107422,246.58572387695312,249.005859375,260.34661865234375,-105.35116577148438,234.2806854248047,239.3838653564453,306.29901123046875,258.00396728515625,240.48216247558594,246.4665985107422,246.58572387695312,249.005859375,260.34661865234375
20260320,74,253.3330841064453,238.2021942138672,244.34031677246094,253.0755615234375,255.19017028808594,267.8233642578125,240.83868408203125,246.85690307617188,247.00038146972656,249.44984436035156,260.7320556640625,-93.9708480834961,235.2640838623047,239.70037841796875,310.2143249511719,275.8099060058594,240.83868408203125,246.85690307617188,247.00038146972656,249.44984436035156,260.7320556640625
20260320,75,253.52963256835938,238.75042724609375,244.86679077148438,253.8358612060547,255.79922485351562,268.22125244140625,241.09303283691406,247.13267517089844,247.28501892089844,249.74964904785156,260.96575927734375,-84.95868682861328,236.151611328125,241.05044555664062,311.5849609375,284.5258483886719,241.09303283691406,247.13267517089844,247.28501892089844,249.74964904785156,260.96575927734375
20260320,76,255.1549072265625,239.0554962158203,245.07760620117188,254.1359405517578,255.8980712890625,267.8546142578125,241.24908447265625,247.29689025878906,247.4462127685547,249.91395568847656,261.064453125,-77.11963653564453,237.00315856933594,242.8956756591797,311.5471496582031,288.752197265625,241.24908447265625,247.29689025878906,247.4462127685547,249.91395568847656,261.064453125
20260320,77,255.37147521972656,239.38014221191406,245.23992919921875,254.3206787109375,255.86021423339844,267.0948181152344,241.31341552734375,247.35459899902344,247.4916534423828,249.9534454345703,261.0429382324219,-69.08521270751953,237.88748168945312,244.62307739257812,311.4011535644531,293.74334716796875,241.31341552734375,247.35459899902344,247.4916534423828,249.9534454345703,261.0429382324219
20260320,78,256.9767150878906,239.71287536621094,245.3529815673828,254.4066619873047,255.73939514160156,266.36029052734375,241.29629516601562,247.32469177246094,247.45077514648438,249.90557861328125,260.9709777832031,-60.88251876831055,238.8025665283203,246.22096252441406,311.1385192871094,299.4915771484375,241.29629516601562,247.32469177246094,247.45077514648438,249.90557861328125,260.9709777832031
20260320,79,256.9767150878906,239.7523651123047,245.26324462890625,254.3490753173828,255.59959411621094,266.1590576171875,241.239501953125,247.2496337890625,247.3626251220703,249.8082275390625,260.8697814941406,-54.17323303222656,239.5128173828125,247.30125427246094,310.5097351074219,303.8168640136719,241.239501953125,247.2496337890625,247.3626251220703,249.8082275390625,260.8697814941406
20260320,80,255.37147521972656,239.49717712402344,244.9344024658203,254.05174255371094,255.2542724609375,266.0487060546875,241.15399169921875,247.13754272460938,247.2318115234375,249.66488647460938,260.73638916015625,-48.84955596923828,240.03555297851562,247.8848419189453,309.52740478515625,306.8857727050781,241.15399169921875,247.13754272460938,247.2318115234375,249.66488647460938,260.73638916015625
20260320,81,255.37147521972656,239.25177001953125,244.60653686523438,253.70458984375,254.86270141601562,265.87261962890625,241.03688049316406,246.98622131347656,247.05747985839844,249.4763946533203,260.5772705078125,-43.442867279052734,240.58245849609375,248.3075408935547,308.4060363769531,310.6690979003906,241.03688049316406,246.98622131347656,247.05747985839844,249.4763946533203,260.5772705078125
20260320,82,255.1549072265625,239.0334014892578,244.29226684570312,253.2780303955078,254.34695434570312,265.4932861328125,240.88954162597656,246.8017578125,246.847900390625,249.25173950195312,260.4085693359375,-37.98233413696289,241.15126037597656,248.5602569580078,307.1393737792969,315.1463317871094,240.88954162597656,246.8017578125,246.847900390625,249.25173950195312,260.4085693359375
20260320,83,253.52963256835938,238.7576141357422,243.9447021484375,252.94766235351562,254.04425048828125,265.31298828125,240.72410583496094,246.59901428222656,246.6168670654297,249.00306701660156,260.2333984375,-31.597612380981445,241.53131103515625,248.09136962890625,303.11663818359375,322.02294921875,240.72410583496094,246.59901428222656,246.6168670654297,249.00306701660156,260.2333984375
20260320,84,253.3330841064453,238.39100646972656,243.50164794921875,252.7518768310547,254.1072998046875,265.77203369140625,240.54592895507812,246.3803253173828,246.3621826171875,248.72503662109375,260.0333251953125,-23.818340301513672,241.60450744628906,246.59149169921875,294.8853454589844,332.2331237792969,240.54592895507812,246.3803253173828,246.3621826171875,248.72503662109375,260.0333251953125
20260320,85,251.68780517578125,238.03321838378906,243.02285766601562,252.43612670898438,254.05438232421875,266.3133239746094,240.3475799560547,246.1396026611328,246.08041381835938,248.41748046875,259.8323669433594,-16.074018478393555,241.69180297851562,244.89869689941406,286.4936828613281,343.0583801269531,240.3475799560547,246.1396026611328,246.08041381835938,248.41748046875,259.8323669433594
20260320,86,251.51126098632812,237.6582794189453,242.46875,251.92918395996094,253.81114196777344,266.77825927734375,240.12477111816406,245.87396240234375,245.7702178955078,248.0814971923828,259.6520690917969,-8.393858909606934,241.79042053222656,243.00698852539062,277.93804931640625,354.4674987792969,240.12477111816406,245.87396240234375,245.7702178955078,248.0814971923828,259.6520690917969
20260320,87,249.84596252441406,237.06585693359375,241.7333526611328,251.1402587890625,253.31471252441406,267.1405334472656,239.85850524902344,245.55812072753906,245.40223693847656,247.6866455078125,259.4904479980469,-1.9352842569351196,241.7863311767578,240.7000732421875,269.6640930175781,365.1615295410156,239.85850524902344,245.55812072753906,245.40223693847656,247.6866455078125,259.4904479980469
20260320,88,248.00411987304688,235.9076690673828,240.53627014160156,249.78656005859375,252.3708038330078,267.7625427246094,239.5029296875,245.1306915283203,244.90762329101562,247.1647186279297,259.3741455078125,1.2045031785964966,241.47242736816406,237.58656311035156,262.49261474609375,372.7861022949219,239.5029296875,245.1306915283203,244.90762329101562,247.1647186279297,259.3741455078125
20260320,89,247.86761474609375,234.66107177734375,239.1919708251953,248.28286743164062,251.29751586914062,268.0558166503906,239.01382446289062,244.54566955566406,244.2407684326172,246.47903442382812,259.4271240234375,4.193872451782227,241.16143798828125,234.26123046875,255.150390625,380.8849792480469,239.01382446289062,244.54566955566406,244.2407684326172,246.47903442382812,259.4271240234375
20260320,90,246.1622772216797,233.3319549560547,237.7379608154297,246.6165313720703,250.00909423828125,267.6800537109375,238.30795288085938,243.7156219482422,243.32032775878906,245.5702362060547,259.9249572753906,7.00532341003418,240.85073852539062,230.72164916992188,247.63645935058594,389.41717529296875,238.30795288085938,243.7156219482422,243.32032775878906,245.5702362060547,259.9249572753906
20260320,91,244.3204345703125,231.91249084472656,236.39646911621094,244.97547912597656,248.60556030273438,268.02117919921875,237.24493408203125,242.52035522460938,242.05726623535156,244.408935546875,261.5843505859375,9.602391242980957,240.5373992919922,226.9669952392578,239.9630126953125,398.3269348144531,237.24493408203125,242.52035522460938,242.05726623535156,244.408935546875,261.5843505859375
20260320,92,241.04080200195312,230.2939910888672,235.05076599121094,242.93638610839844,246.66384887695312,271.4735412597656,235.6254425048828,240.78524780273438,240.3332977294922,243.0130615234375,265.91796875,11.904678344726562,240.21966552734375,223.00143432617188,232.1995086669922,407.4935607910156,235.6254425048828,240.78524780273438,240.3332977294922,243.0130615234375,265.91796875
20260320,93,238.7257537841797,228.2699432373047,233.13232421875,239.8280487060547,244.20437622070312,285.6434631347656,233.01663208007812,238.1893310546875,237.99417114257812,241.646240234375,277.4297180175781,13.951379776000977,239.89358520507812,218.81961059570312,224.2664031982422,416.9611511230469,233.01663208007812,238.1893310546875,237.99417114257812,241.646240234375,277.4297180175781
20260320,94,232.41400146484375,225.5974884033203,230.00830078125,236.14218139648438,244.29493713378906,326.7276916503906,228.9140625,234.5143585205078,235.19662475585938,241.7047119140625,309.27557373046875,15.718535423278809,239.55645751953125,214.42271423339844,216.16575622558594,426.6824951171875,228.9140625,234.5143585205078,235.19662475585938,241.7047119140625,309.27557373046875
20260320,95,230.1863250732422,222.06173706054688,225.0014190673828,233.97900390625,255.14730834960938,415.6027526855469,223.88108825683594,230.45103454589844,233.17137145996094,247.79510498046875,396.1402587890625,17.18347930908203,239.20558166503906,209.81289672851562,207.9004669189453,436.609375,223.88108825683594,230.45103454589844,233.17137145996094,247.79510498046875,396.1402587890625
20260321,0,854.1616821289062,222.57005310058594,224.3941192626953,231.82412719726562,238.07960510253906,329.86053466796875,228.50564575195312,233.92735290527344,237.81085205078125,265.2240905761719,493.6480407714844,-75.00831604003906,216.2062225341797,317.7420349121094,418.35321044921875,700.6185302734375,228.50564575195312,233.92735290527344,237.81085205078125,265.2240905761719,493.6480407714844
20260321,1,854.1616821289062,222.20143127441406,221.87591552734375,231.35140991210938,236.09921264648438,314.55419921875,224.12982177734375,232.24156188964844,232.9379119873047,244.45849609375,376.12420654296875,-68.04061889648438,216.56748962402344,314.2026062011719,408.3630065917969,717.3875122070312,224.12982177734375,232.24156188964844,232.9379119873047,244.45849609375,376.12420654296875
20260321,2,854.1616821289062,221.32052612304688,219.4516143798828,232.04127502441406,242.22769165039062,363.94500732421875,220.9683380126953,230.60105895996094,231.94064331054688,240.28457641601562,351.6310729980469,-61.43500900268555,216.90716552734375,310.4620056152344,398.2207946777344,734.2133178710938,220.9683380126953,230.60105895996094,231.94064331054688,240.28457641601562,351.6310729980469
20260321,3,854.1616821289062,220.4934844970703,218.95216369628906,233.47935485839844,241.96640014648438,360.806396484375,218.83224487304688,229.0452117919922,230.69647216796875,238.2751007080078,343.2088928222656,-55.20838928222656,217.22291564941406,306.52593994140625,387.9322204589844,751.04541015625,218.83224487304688,229.0452117919922,230.69647216796875,238.2751007080078,343.2088928222656
20260321,4,229.07247924804688,223.91622924804688,218.32518005371094,224.08303833007812,218.74105834960938,360.4618835449219,218.2277069091797,227.88182067871094,229.44735717773438,238.56588745117188,359.56927490234375,-48.8140754699707,217.66973876953125,302.7501525878906,378.05059814453125,768.2164306640625,218.2277069091797,227.88182067871094,229.44735717773438,238.56588745117188,359.56927490234375
20260321,5,230.1863250732422,220.5740509033203,211.89224243164062,223.35496520996094,234.33119201660156,438.8274230957031,217.88571166992188,227.2364044189453,228.74093627929688,238.76690673828125,371.6841125488281,-44.04292678833008,218.1075439453125,298.8995056152344,369.5745544433594,783.5928955078125,217.88571166992188,227.2364044189453,228.74093627929688,238.76690673828125,371.6841125488281
20260321,6,230.1863250732422,220.39419555664062,205.93472290039062,225.9844512939453,257.34771728515625,526.2686157226562,217.77847290039062,226.8123321533203,228.5445098876953,239.50743103027344,382.8829650878906,-39.9276237487793,218.50267028808594,294.8580017089844,361.1510009765625,798.5338134765625,217.77847290039062,226.8123321533203,228.5445098876953,239.50743103027344,382.8829650878906
20260321,7,230.1863250732422,218.8255615234375,198.662109375,226.919921875,287.1752624511719,608.0845947265625,217.68386840820312,226.30917358398438,228.5581512451172,240.58729553222656,394.5498352050781,-36.24232482910156,218.86532592773438,290.65179443359375,352.6093444824219,813.2815551757812,217.68386840820312,226.30917358398438,228.5581512451172,240.58729553222656,394.5498352050781
20260321,8,230.1863250732422,232.71156311035156,527.742919921875,750.6043090820312,870.1517333984375,996.2036743164062,217.4451141357422,225.4960174560547,228.34310913085938,241.43975830078125,403.84124755859375,-32.99530792236328,219.1936492919922,286.2904052734375,343.95794677734375,827.7875366210938,217.4451141357422,225.4960174560547,228.34310913085938,241.43975830078125,403.84124755859375
20260321,9,229.07247924804688,234.4320068359375,581.3615112304688,816.9246215820312,918.760986328125,1000.7807006835938,216.96771240234375,224.31056213378906,227.8077850341797,242.40037536621094,415.3719787597656,-30.791385650634766,219.4954833984375,281.8363342285156,335.9625244140625,841.1676025390625,216.96771240234375,224.31056213378906,227.8077850341797,242.40037536621094,415.3719787597656
20260321,10,229.07247924804688,233.78732299804688,579.0706787109375,815.0254516601562,920.5936279296875,1014.7174072265625,216.26609802246094,222.61871337890625,226.78106689453125,243.7501220703125,432.7362365722656,-29.247814178466797,219.7631378173828,277.2666015625,328.1426696777344,853.9171752929688,216.26609802246094,222.61871337890625,226.78106689453125,243.7501220703125,432.7362365722656
20260321,11,229.07247924804688,232.76319885253906,570.7984008789062,812.8477783203125,924.6525268554688,1028.2509765625,215.81069946289062,220.2537841796875,224.86880493164062,245.98692321777344,460.787109375,-28.15596580505371,219.9919891357422,272.5741271972656,320.240966796875,866.286865234375,215.81069946289062,220.2537841796875,224.86880493164062,245.98692321777344,460.787109375
20260321,12,229.07247924804688,227.82208251953125,489.7508544921875,767.2931518554688,907.7838745117188,1023.96923828125,217.066650390625,217.01988220214844,221.68260192871094,253.63836669921875,524.6307373046875,-27.516414642333984,220.1807861328125,267.7709045410156,312.2674560546875,878.23388671875,217.066650390625,217.01988220214844,221.68260192871094,253.63836669921875,524.6307373046875
20260321,13,229.07247924804688,226.87326049804688,489.9320983886719,760.6200561523438,903.8685913085938,1030.523681640625,205.224853515625,217.12655639648438,280.8962097167969,381.05987548828125,774.6609497070312,-26.534040451049805,220.53758239746094,263.330810546875,304.9051208496094,890.2896118164062,205.224853515625,217.12655639648438,280.8962097167969,381.05987548828125,774.6609497070312
20260321,14,230.1863250732422,220.4900665283203,386.99066162109375,630.1558837890625,796.5899658203125,992.9667358398438,147.09544372558594,278.07763671875,546.65966796875,751.7499389648438,1059.3671875,-25.489055633544922,220.98684692382812,259.10186767578125,297.9242858886719,902.2103271484375,147.09544372558594,278.07763671875,546.65966796875,751.7499389648438,1059.3671875
20260321,15,232.41400146484375,215.0136260986328,304.89190673828125,519.1840209960938,700.5455322265625,959.257568359375,148.79898071289062,287.6070556640625,550.87744140625,739.0519409179688,968.9219360351562,-24.886695861816406,221.3936004638672,254.8005828857422,290.9034729003906,913.5906372070312,148.79898071289062,287.6070556640625,550.87744140625,739.0519409179688,968.9219360351562
20260321,16,233.67344665527344,208.73733520507812,204.0509490966797,338.43585205078125,485.5833435058594,794.4110107421875,150.00534057617188,269.7830505371094,527.4685668945312,721.8999633789062,994.376953125,-24.719863891601562,221.7574005126953,250.44041442871094,283.85369873046875,924.3958129882812,150.00534057617188,269.7830505371094,527.4685668945312,721.8999633789062,994.376953125
20260321,17,235.51527404785156,210.10267639160156,197.54483032226562,305.13604736328125,434.1352844238281,747.7744140625,186.27967834472656,250.74313354492188,387.3265380859375,512.5189819335938,819.5554809570312,-24.8436279296875,222.36582946777344,246.71849060058594,278.8095703125,934.0800170898438,186.27967834472656,250.74313354492188,387.3265380859375,512.5189819335938,819.5554809570312
20260321,18,239.19895935058594,214.4824676513672,192.75430297851562,244.0469207763672,307.3343200683594,546.453857421875,219.24942016601562,269.5824890136719,268.71685791015625,282.73699951171875,409.1127624511719,-25.23476791381836,223.2450408935547,243.71092224121094,275.96624755859375,942.5668334960938,219.24942016601562,269.5824890136719,268.71685791015625,282.73699951171875,409.1127624511719
20260321,19,241.04080200195312,216.9029541015625,198.1392059326172,237.31375122070312,284.5906066894531,492.89288330078125,225.98468017578125,277.1184997558594,263.89923095703125,264.2245788574219,331.0678405761719,-26.029279708862305,224.08091735839844,240.68624877929688,273.1275634765625,950.3894653320312,225.98468017578125,277.1184997558594,263.89923095703125,264.2245788574219,331.0678405761719
20260321,20,239.19895935058594,225.7218017578125,301.9873962402344,378.99359130859375,454.1185607910156,677.7608032226562,228.7342529296875,273.9339599609375,259.55169677734375,256.6531982421875,302.4059143066406,-27.212886810302734,224.87379455566406,237.65866088867188,270.3046569824219,957.5238647460938,228.7342529296875,273.9339599609375,259.55169677734375,256.6531982421875,302.4059143066406
20260321,21,239.19895935058594,223.91094970703125,242.29685974121094,295.251953125,356.513671875,568.1331176757812,227.96153259277344,260.968017578125,250.286376953125,246.98306274414062,281.55352783203125,-28.555049896240234,225.66285705566406,234.72801208496094,267.544921875,964.12939453125,227.96153259277344,260.968017578125,250.286376953125,246.98306274414062,281.55352783203125
20260321,22,239.88328552246094,223.63702392578125,215.6117401123047,232.49766540527344,249.37997436523438,396.3002624511719,223.9072265625,242.41744995117188,239.1045379638672,237.31910705566406,263.27069091796875,-29.85040855407715,226.48268127441406,231.98341369628906,264.8909912109375,970.3463134765625,223.9072265625,242.41744995117188,239.1045379638672,237.31910705566406,263.27069091796875
20260321,23,240.9971160888672,226.17308044433594,223.24423217773438,238.73797607421875,252.17796325683594,380.9972839355469,220.54490661621094,234.7101287841797,234.84925842285156,234.21536254882812,256.107177734375,-31.482341766357422,227.26136779785156,229.27821350097656,262.2860107421875,975.820556640625,220.54490661621094,234.7101287841797,234.84925842285156,234.21536254882812,256.107177734375
20260321,24,241.04080200195312,228.34429931640625,226.69863891601562,239.88978576660156,249.8514404296875,367.7461853027344,223.5489044189453,237.13983154296875,235.7345733642578,234.51205444335938,253.95069885253906,-33.43046188354492,227.9999237060547,226.626220703125,259.74053955078125,980.540283203125,223.5489044189453,237.13983154296875,235.7345733642578,234.51205444335938,253.95069885253906
20260321,25,244.3204345703125,230.46702575683594,230.8900909423828,242.3346405029297,248.36990356445312,344.82879638671875,228.81271362304688,239.79872131347656,237.45278930664062,236.5727081298828,254.11370849609375,-35.48426055908203,228.85377502441406,224.5096435546875,257.85040283203125,983.8336181640625,228.81271362304688,239.79872131347656,237.45278930664062,236.5727081298828,254.11370849609375
20260321,26,246.1622772216797,232.77830505371094,234.56224060058594,245.37411499023438,248.85435485839844,317.7416687011719,232.95712280273438,242.14584350585938,240.2927703857422,240.71473693847656,257.0758361816406,-37.13058090209961,230.2253875732422,224.16004943847656,258.14794921875,983.9710083007812,232.95712280273438,242.14584350585938,240.2927703857422,240.71473693847656,257.0758361816406
20260321,27,248.00411987304688,234.72227478027344,236.58143615722656,247.41668701171875,249.80947875976562,294.3321228027344,235.614501953125,243.86019897460938,242.90936279296875,244.4838104248047,259.92608642578125,-39.023799896240234,231.5608367919922,223.90362548828125,258.53533935546875,983.3377075195312,235.614501953125,243.86019897460938,242.90936279296875,244.4838104248047,259.92608642578125
20260321,28,249.84596252441406,236.2830810546875,237.31332397460938,248.1021728515625,250.07240295410156,276.5594787597656,237.38723754882812,245.0772247314453,244.71987915039062,246.8867950439453,261.1963195800781,-41.138633728027344,232.86178588867188,223.7529296875,259.02191162109375,981.93505859375,237.38723754882812,245.0772247314453,244.71987915039062,246.8867950439453,261.1963195800781
20260321,29,253.52963256835938,237.6808624267578,238.05868530273438,248.35023498535156,249.68519592285156,268.12274169921875,238.59567260742188,245.88934326171875,245.79530334472656,248.16798400878906,261.3226623535156,-43.96070098876953,234.1066436767578,223.6682586669922,260.0978698730469,979.2348022460938,238.59567260742188,245.88934326171875,245.79530334472656,248.16798400878906,261.3226623535156
20260321,30,255.1549072265625,238.59812927246094,238.89129638671875,248.3484649658203,248.6256103515625,266.7380676269531,239.36004638671875,246.37289428710938,246.35728454589844,248.76710510253906,261.0481262207031,-52.32646560668945,235.0753173828125,223.16851806640625,266.34344482421875,970.1837768554688,239.36004638671875,246.37289428710938,246.35728454589844,248.76710510253906,261.0481262207031
20260321,31,256.9767150878906,239.60232543945312,240.17230224609375,249.234619140625,248.28489685058594,268.3919372558594,239.87123107910156,246.67214965820312,246.65765380859375,249.0470428466797,260.6801452636719,-60.83258819580078,236.0153045654297,222.80935668945312,272.7136535644531,960.3868408203125,239.87123107910156,246.67214965820312,246.65765380859375,249.0470428466797,260.6801452636719
20260321,32,253.9810028076172,240.6466522216797,241.5597381591797,250.23538208007812,248.12379455566406,268.9073486328125,240.2145538330078,246.84954833984375,246.80535888671875,249.15835571289062,260.3199462890625,-69.45075988769531,236.9287109375,222.6012420654297,279.21600341796875,949.8579711914062,240.2145538330078,246.84954833984375,246.80535888671875,249.15835571289062,260.3199462890625
20260321,33,253.9810028076172,241.61270141601562,242.1411895751953,250.29498291015625,247.34207153320312,268.0556640625,240.45712280273438,246.96791076660156,246.88943481445312,249.2078399658203,260.0475158691406,-78.15201568603516,237.81788635253906,222.55401611328125,285.85736083984375,938.61474609375,240.45712280273438,246.96791076660156,246.88943481445312,249.2078399658203,260.0475158691406
20260321,34,253.52963256835938,242.13009643554688,242.0836639404297,249.9339599609375,246.89532470703125,267.469482421875,240.61354064941406,247.0294189453125,246.91262817382812,249.19386291503906,259.7901306152344,-82.96690368652344,237.91799926757812,221.60882568359375,279.05413818359375,929.029052734375,240.61354064941406,247.0294189453125,246.91262817382812,249.19386291503906,259.7901306152344
20260321,35,253.52963256835938,242.61935424804688,242.30575561523438,250.06822204589844,247.0223846435547,267.6943359375,240.715087890625,247.05372619628906,246.902099609375,249.14955139160156,259.5608825683594,-87.62706756591797,237.96395874023438,220.7935028076172,271.7841491699219,918.8798217773438,240.715087890625,247.05372619628906,246.902099609375,249.14955139160156,259.5608825683594
20260321,36,253.52963256835938,243.16993713378906,243.19479370117188,250.86517333984375,247.84056091308594,269.10272216796875,240.76918029785156,247.04696655273438,246.86781311035156,249.08787536621094,259.37396240234375,-92.28192901611328,237.99317932128906,220.16424560546875,264.6701965332031,908.086181640625,240.76918029785156,247.04696655273438,246.86781311035156,249.08787536621094,259.37396240234375
20260321,37,255.1549072265625,243.62606811523438,244.01490783691406,251.5096893310547,248.48756408691406,270.6406555175781,240.78074645996094,247.01174926757812,246.81094360351562,249.00930786132812,259.2155456542969,-96.90199279785156,238.00828552246094,219.72792053222656,257.71661376953125,896.6773071289062,240.78074645996094,247.01174926757812,246.81094360351562,249.00930786132812,259.2155456542969
20260321,38,255.1549072265625,243.5674285888672,244.17340087890625,251.5854949951172,248.70765686035156,272.1332092285156,240.79202270507812,246.9822235107422,246.76206970214844,248.94371032714844,259.0934143066406,-105.7304916381836,237.7866668701172,218.2917938232422,257.0628967285156,883.8079223632812,240.79202270507812,246.9822235107422,246.76206970214844,248.94371032714844,259.0934143066406
20260321,39,253.52963256835938,243.33877563476562,244.1210479736328,251.42918395996094,248.8134002685547,273.4989929199219,240.80218505859375,246.9602813720703,246.726318359375,248.8998260498047,259.0279541015625,-115.36515808105469,237.509033203125,216.80740356445312,257.8680114746094,870.2041625976562,240.80218505859375,246.9602813720703,246.726318359375,248.8998260498047,259.0279541015625
20260321,40,253.52963256835938,243.04530334472656,243.74830627441406,250.94961547851562,248.69566345214844,273.88726806640625,240.81336975097656,246.9449462890625,246.6996612548828,248.87051391601562,258.9971923828125,-124.87767791748047,237.2255096435547,215.53143310546875,258.84246826171875,856.0877685546875,240.81336975097656,246.9449462890625,246.6996612548828,248.87051391601562,258.9971923828125
20260321,41,253.52963256835938,242.80068969726562,243.52288818359375,250.6825408935547,248.76010131835938,274.0860290527344,240.8282928466797,246.940185546875,246.6856231689453,248.85610961914062,258.99310302734375,-134.23977661132812,236.93899536132812,214.46722412109375,259.9876708984375,841.4970703125,240.8282928466797,246.940185546875,246.6856231689453,248.85610961914062,258.99310302734375
20260321,42,251.68780517578125,242.06460571289062,243.1912384033203,250.2451629638672,248.10525512695312,273.7397155761719,240.83914184570312,246.92958068847656,246.66481018066406,248.8363800048828,258.99212646484375,-150.12269592285156,236.59271240234375,213.43626403808594,269.7772521972656,819.370361328125,240.83914184570312,246.92958068847656,246.66481018066406,248.8363800048828,258.99212646484375
20260321,43,250.25,241.01028442382812,242.5529022216797,249.36317443847656,246.8908233642578,272.8056335449219,240.83258056640625,246.8990020751953,246.6195526123047,248.79083251953125,258.9685363769531,-168.73153686523438,236.22299194335938,212.54197692871094,283.4453430175781,793.7454833984375,240.83258056640625,246.8990020751953,246.6195526123047,248.79083251953125,258.9685363769531
20260321,44,248.79400634765625,239.85690307617188,241.57562255859375,248.07386779785156,245.3118896484375,271.13970947265625,240.79507446289062,246.83023071289062,246.52430725097656,248.68655395507812,258.8677978515625,-187.1096954345703,235.85877990722656,211.8642120361328,297.2845458984375,767.7741088867188,240.79507446289062,246.83023071289062,246.52430725097656,248.68655395507812,258.8677978515625
20260321,45,247.86761474609375,238.6857147216797,240.3729248046875,246.47006225585938,243.3949432373047,269.69415283203125,240.72109985351562,246.71983337402344,246.37525939941406,248.5165557861328,258.6849365234375,-205.23207092285156,235.5029296875,211.40269470214844,311.2932434082031,741.5018310546875,240.72109985351562,246.71983337402344,246.37525939941406,248.5165557861328,258.6849365234375
20260321,46,246.56631469726562,237.32720947265625,238.8174285888672,244.44485473632812,241.06634521484375,267.6894836425781,240.58970642089844,246.5499267578125,246.1608428955078,248.27366638183594,258.43267822265625,-220.35020446777344,234.76254272460938,211.14039611816406,315.74176025390625,714.2626953125,240.58970642089844,246.5499267578125,246.1608428955078,248.27366638183594,258.43267822265625
20260321,47,244.7244873046875,235.90025329589844,237.42141723632812,242.646484375,239.07594299316406,265.97637939453125,240.39378356933594,246.31564331054688,245.88270568847656,247.9673309326172,258.1474304199219,-233.07003784179688,233.7317657470703,211.0788116455078,312.8720397949219,686.2689208984375,240.39378356933594,246.31564331054688,245.88270568847656,247.9673309326172,258.1474304199219
20260321,48,243.22479248046875,234.52609252929688,236.37493896484375,241.06143188476562,237.57537841796875,266.0169982910156,240.12716674804688,246.01437377929688,245.54153442382812,247.6031494140625,257.8598937988281,-245.46630859375,232.7174072265625,211.22711181640625,310.16339111328125,658.1187744140625,240.12716674804688,246.01437377929688,245.54153442382812,247.6031494140625,257.8598937988281
20260321,49,241.04080200195312,233.0792999267578,235.41477966308594,239.49197387695312,236.30194091796875,266.94927978515625,239.7682342529297,245.6272735595703,245.11630249023438,247.16075134277344,257.5711669921875,-257.5190734863281,231.72207641601562,211.58140563964844,307.6116027832031,629.8616333007812,239.7682342529297,245.6272735595703,245.11630249023438,247.16075134277344,257.5711669921875
20260321,50,239.88328552246094,232.19305419921875,234.72996520996094,238.65213012695312,235.99862670898438,267.3941650390625,239.3644561767578,245.21136474609375,244.6685028076172,246.70394897460938,257.33050537109375,-265.6595764160156,230.9632568359375,211.66819763183594,305.5097351074219,609.9290161132812,239.3644561767578,245.21136474609375,244.6685028076172,246.70394897460938,257.33050537109375
20260321,51,239.88328552246094,232.07545471191406,234.7057647705078,238.8654022216797,236.95579528808594,268.1523132324219,238.99560546875,244.85096740722656,244.29295349121094,246.3316192626953,257.19659423828125,-268.8059387207031,230.5077362060547,211.3411865234375,303.9416198730469,600.8858642578125,238.99560546875,244.85096740722656,244.29295349121094,246.3316192626953,257.19659423828125
20260321,52,239.88328552246094,231.96812438964844,234.6166534423828,238.9695281982422,237.9267578125,270.50177001953125,238.69248962402344,244.57040405273438,244.01568603515625,246.0692901611328,257.170654296875,-271.557861328125,230.0785369873047,211.2031707763672,302.5137634277344,591.88671875,238.69248962402344,244.57040405273438,244.01568603515625,246.0692901611328,257.170654296875
20260321,53,239.88328552246094,231.8419952392578,234.31556701660156,238.85826110839844,238.6771697998047,273.36773681640625,238.52122497558594,244.42410278320312,243.88803100585938,245.9622344970703,257.2299499511719,-273.9018859863281,229.6777801513672,211.24679565429688,301.21923828125,582.9818725585938,238.52122497558594,244.42410278320312,243.88803100585938,245.9622344970703,257.2299499511719
20260321,54,239.88328552246094,231.92169189453125,234.2861785888672,239.52395629882812,239.71136474609375,274.33837890625,238.4800262451172,244.3987274169922,243.8888397216797,245.9835662841797,257.3232421875,-274.1241760253906,229.2434844970703,211.2645721435547,297.4857177734375,576.4967651367188,238.4800262451172,244.3987274169922,243.8888397216797,245.9835662841797,257.3232421875
20260321,55,240.9971160888672,232.3641357421875,234.76812744140625,241.1876220703125,241.52967834472656,273.91180419921875,238.53172302246094,244.46888732910156,243.9947509765625,246.11195373535156,257.4577941894531,-270.02679443359375,228.69503784179688,210.9912872314453,288.0073547363281,575.4067993164062,238.53172302246094,244.46888732910156,243.9947509765625,246.11195373535156,257.4577941894531
20260321,56,241.04080200195312,232.84727478027344,235.4573516845703,242.86293029785156,243.3877716064453,274.0596923828125,238.65977478027344,244.61990356445312,244.18930053710938,246.33016967773438,257.6271057128906,-265.4912414550781,228.1808624267578,210.87315368652344,278.63873291015625,574.5584716796875,238.65977478027344,244.61990356445312,244.18930053710938,246.33016967773438,257.6271057128906
20260321,57,242.1109619140625,233.2925567626953,236.3295135498047,244.5260772705078,245.3151397705078,275.2137756347656,238.83572387695312,244.82696533203125,244.4456787109375,246.61109924316406,257.8299560546875,-260.51092529296875,227.7027130126953,210.89999389648438,269.3709716796875,573.999267578125,238.83572387695312,244.82696533203125,244.4456787109375,246.61109924316406,257.8299560546875
20260321,58,242.8826446533203,233.6136016845703,237.0311279296875,245.42880249023438,246.1311492919922,274.60052490234375,239.02609252929688,245.0511474609375,244.71974182128906,246.9098358154297,258.0439453125,-255.83676147460938,227.2747039794922,211.048095703125,261.4285583496094,573.123291015625,239.02609252929688,245.0511474609375,244.71974182128906,246.9098358154297,258.0439453125
20260321,59,242.8826446533203,233.65357971191406,237.54925537109375,245.9007568359375,246.4684295654297,273.9378356933594,239.20584106445312,245.26168823242188,244.97752380371094,247.1922607421875,258.26800537109375,-254.29873657226562,226.94561767578125,211.25791931152344,259.4283447265625,569.5308227539062,239.20584106445312,245.26168823242188,244.97752380371094,247.1922607421875,258.26800537109375
20260321,60,242.8826446533203,233.63978576660156,237.7987060546875,246.34278869628906,246.8822784423828,273.5218811035156,239.37367248535156,245.458984375,245.21913146972656,247.45828247070312,258.5050048828125,-252.3083953857422,226.6566162109375,211.5785369873047,257.49993896484375,566.3611450195312,239.37367248535156,245.458984375,245.21913146972656,247.45828247070312,258.5050048828125
20260321,61,242.8826446533203,233.60968017578125,237.71304321289062,246.57601928710938,247.2819061279297,273.4321594238281,239.5367889404297,245.6471710205078,245.4474639892578,247.70985412597656,258.7430419921875,-249.86703491210938,226.4085235595703,211.99752807617188,255.6330108642578,563.6555786132812,239.5367889404297,245.6471710205078,245.4474639892578,247.70985412597656,258.7430419921875
20260321,62,242.8826446533203,233.65805053710938,237.60516357421875,246.77352905273438,247.56394958496094,273.18927001953125,239.7016143798828,245.83961486816406,245.68125915527344,247.96705627441406,259.0001220703125,-246.8828125,226.221923828125,212.54556274414062,253.85186767578125,561.52880859375,239.7016143798828,245.83961486816406,245.68125915527344,247.96705627441406,259.0001220703125
20260321,63,244.3204345703125,234.2608184814453,237.99327087402344,247.2579345703125,247.6332244873047,271.6794738769531,239.90972900390625,246.07827758789062,245.96617126464844,248.27462768554688,259.2791748046875,-241.3631134033203,226.50877380371094,214.1228790283203,252.88015747070312,561.6024169921875,239.90972900390625,246.07827758789062,245.96617126464844,248.27462768554688,259.2791748046875
20260321,64,244.33863830566406,234.89039611816406,238.4136962890625,247.81085205078125,247.8147430419922,270.65667724609375,240.1433868408203,246.34315490722656,246.279296875,248.609375,259.5671081542969,-235.407958984375,226.83851623535156,215.75906372070312,251.9374542236328,562.2513427734375,240.1433868408203,246.34315490722656,246.279296875,248.609375,259.5671081542969
20260321,65,244.7244873046875,235.5223846435547,238.9373321533203,248.64877319335938,248.30934143066406,270.2663269042969,240.3970489501953,246.62939453125,246.61524963378906,248.96678161621094,259.87139892578125,-229.0261688232422,227.21157836914062,217.44032287597656,251.01260375976562,563.5076904296875,240.3970489501953,246.62939453125,246.61524963378906,248.96678161621094,259.87139892578125
20260321,66,245.45248413085938,236.14227294921875,239.5119171142578,249.5364532470703,248.99331665039062,270.3736877441406,240.6564483642578,246.9104461669922,246.9405059814453,249.31161499023438,260.15631103515625,-222.2284698486328,227.6279754638672,219.1527862548828,250.0944061279297,565.4011840820312,240.6564483642578,246.9104461669922,246.9405059814453,249.31161499023438,260.15631103515625
20260321,67,246.1622772216797,236.7041015625,240.15994262695312,250.46864318847656,249.95018005371094,271.1733703613281,240.86415100097656,247.13424682617188,247.20729064941406,249.6014862060547,260.423583984375,-215.8497772216797,228.0972137451172,221.3332061767578,248.87278747558594,564.8638305664062,240.86415100097656,247.13424682617188,247.20729064941406,249.6014862060547,260.423583984375
20260321,68,246.56631469726562,237.23944091796875,240.78712463378906,251.32766723632812,250.89898681640625,272.09588623046875,241.0303497314453,247.311767578125,247.42556762695312,249.84481811523438,260.6682434082031,-209.16026306152344,228.61038208007812,223.5594940185547,247.60693359375,564.7199096679688,241.0303497314453,247.311767578125,247.42556762695312,249.84481811523438,260.6682434082031
20260321,69,247.68016052246094,237.776611328125,241.37408447265625,252.08819580078125,251.89468383789062,273.1528015136719,241.1473846435547,247.4345703125,247.58607482910156,250.03089904785156,260.8731384277344,-202.0975799560547,229.1660614013672,225.77455139160156,246.31407165527344,565.2855834960938,241.1473846435547,247.4345703125,247.58607482910156,250.03089904785156,260.8731384277344
20260321,70,247.86761474609375,238.29678344726562,242.0087890625,252.85244750976562,252.97691345214844,274.3617248535156,241.22239685058594,247.51358032226562,247.70071411132812,250.1709442138672,261.0489807128906,-194.67926025390625,229.7637481689453,227.9642333984375,244.9832305908203,566.578857421875,241.22239685058594,247.51358032226562,247.70071411132812,250.1709442138672,261.0489807128906
20260321,71,248.4081573486328,239.04840087890625,242.9929656982422,253.98239135742188,254.3132781982422,275.927734375,241.32630920410156,247.62713623046875,247.84652709960938,250.34063720703125,261.244140625,-186.19778442382812,230.59022521972656,229.50146484375,247.66995239257812,574.3250122070312,241.32630920410156,247.62713623046875,247.84652709960938,250.34063720703125,261.244140625
20260321,72,249.68943786621094,239.84317016601562,244.05221557617188,255.18153381347656,255.69580078125,277.57562255859375,241.4431915283203,247.75634765625,248.00160217285156,250.51527404785156,261.43310546875,-177.19842529296875,231.50894165039062,230.815185546875,251.42674255371094,584.4119262695312,241.4431915283203,247.75634765625,248.00160217285156,250.51527404785156,261.43310546875
20260321,73,250.25,240.58729553222656,244.9922637939453,256.2855224609375,256.9383850097656,279.0904541015625,241.58425903320312,247.91256713867188,248.17466735839844,250.70115661621094,261.6113586425781,-167.90467834472656,232.46673583984375,232.06204223632812,255.11351013183594,595.261962890625,241.58425903320312,247.91256713867188,248.17466735839844,250.70115661621094,261.6113586425781
20260321,74,251.68780517578125,241.32339477539062,245.8704833984375,257.367431640625,258.0862731933594,280.34869384765625,241.73854064941406,248.0786590576172,248.34234619140625,250.8695068359375,261.7302551269531,-158.33984375,233.4620819091797,233.22874450683594,258.72027587890625,606.8805541992188,241.73854064941406,248.0786590576172,248.34234619140625,250.8695068359375,261.7302551269531
20260321,75,253.3330841064453,241.57696533203125,246.2305145263672,257.7403869628906,258.33251953125,280.6326599121094,241.82997131347656,248.16537475585938,248.41798400878906,250.93673706054688,261.7466125488281,-152.70899963378906,234.3941650390625,235.0758056640625,263.5464782714844,609.7661743164062,241.82997131347656,248.16537475585938,248.41798400878906,250.93673706054688,261.7466125488281
20260321,76,253.3330841064453,241.54302978515625,246.2216339111328,257.6623840332031,257.9779052734375,279.9239501953125,241.86070251464844,248.17715454101562,248.4110565185547,250.9168243408203,261.6863708496094,-149.08639526367188,235.3077850341797,237.22962951660156,268.9716491699219,608.3526000976562,241.86070251464844,248.17715454101562,248.4110565185547,250.9168243408203,261.6863708496094
20260321,77,253.3330841064453,241.51341247558594,246.0657958984375,257.4508972167969,257.5124816894531,278.6302185058594,241.82974243164062,248.1121368408203,248.31993103027344,250.80804443359375,261.5390930175781,-145.26846313476562,236.25399780273438,239.26559448242188,274.2887268066406,607.7039184570312,241.82974243164062,248.1121368408203,248.31993103027344,250.80804443359375,261.5390930175781
20260321,78,253.3330841064453,241.524658203125,245.88580322265625,257.22967529296875,257.05950927734375,277.11016845703125,241.74200439453125,247.98568725585938,248.16944885253906,250.6409149169922,261.35791015625,-141.2822723388672,237.2311248779297,241.17205810546875,279.4891052246094,607.812255859375,241.74200439453125,247.98568725585938,248.16944885253906,250.6409149169922,261.35791015625
20260321,79,251.68780517578125,241.35147094726562,245.66085815429688,257.1500549316406,256.97076416015625,276.4212341308594,241.6264190673828,247.83023071289062,247.98916625976562,250.4418487548828,261.148681640625,-137.57907104492188,237.98936462402344,242.49267578125,282.7444763183594,608.0498657226562,241.6264190673828,247.83023071289062,247.98916625976562,250.4418487548828,261.148681640625
20260321,80,250.25,240.9839630126953,245.30575561523438,257.03131103515625,256.9842529296875,276.2039489746094,241.48873901367188,247.649169921875,247.77928161621094,250.20950317382812,260.9024658203125,-134.15206909179688,238.54705810546875,243.25411987304688,284.19921875,608.4540405273438,241.48873901367188,247.649169921875,247.77928161621094,250.20950317382812,260.9024658203125
20260321,81,249.84596252441406,240.62904357910156,244.97366333007812,256.7796630859375,256.8551025390625,275.7630310058594,241.32534790039062,247.43975830078125,247.53939819335938,249.94601440429688,260.6334533691406,-130.64195251464844,239.12901306152344,243.8546600341797,285.5148010253906,609.5724487304688,241.32534790039062,247.43975830078125,247.53939819335938,249.94601440429688,260.6334533691406
20260321,82,249.68943786621094,240.28179931640625,244.6351318359375,256.349853515625,256.5012512207031,274.9582214355469,241.1370849609375,247.20559692382812,247.2739715576172,249.6563262939453,260.35247802734375,-127.07807922363281,239.7327880859375,244.28517150878906,286.6852111816406,611.3848266601562,241.1370849609375,247.20559692382812,247.2739715576172,249.6563262939453,260.35247802734375
20260321,83,248.79400634765625,239.8540802001953,244.14132690429688,255.82913208007812,256.1358947753906,273.9322204589844,240.92906188964844,246.9525146484375,246.98583984375,249.34027099609375,260.0494384765625,-122.63417053222656,240.15252685546875,244.00747680664062,285.185302734375,615.5252075195312,240.92906188964844,246.9525146484375,246.98583984375,249.34027099609375,260.0494384765625
20260321,84,248.00411987304688,239.31661987304688,243.47744750976562,255.29502868652344,255.90420532226562,273.1562805175781,240.69888305664062,246.67584228515625,246.6647491455078,248.98257446289062,259.6957092285156,-116.86458587646484,240.27261352539062,242.71954345703125,279.6104736328125,622.887939453125,240.69888305664062,246.67584228515625,246.6647491455078,248.98257446289062,259.6957092285156
20260321,85,247.68016052246094,238.77984619140625,242.79537963867188,254.5825653076172,255.4423828125,272.2251892089844,240.4385223388672,246.36886596679688,246.30563354492188,248.58010864257812,259.3092041015625,-111.12989044189453,240.40679931640625,241.23867797851562,273.87530517578125,630.8658447265625,240.4385223388672,246.36886596679688,246.30563354492188,248.58010864257812,259.3092041015625
20260321,86,246.56631469726562,238.22439575195312,242.1194610595703,253.7225799560547,254.8209686279297,271.2554931640625,240.140869140625,246.0262451171875,245.904541015625,248.13095092773438,258.9095458984375,-105.4593734741211,240.55239868164062,239.55889892578125,267.9760437011719,639.4274291992188,240.140869140625,246.0262451171875,245.904541015625,248.13095092773438,258.9095458984375
20260321,87,246.56631469726562,237.52499389648438,241.36004638671875,252.85867309570312,254.1396942138672,269.5868835449219,239.7863311767578,245.62322998046875,245.4319610595703,247.6033477783203,258.4840393066406,-100.2334976196289,240.5855712890625,237.40232849121094,261.3959045410156,648.3543701171875,239.7863311767578,245.62322998046875,245.4319610595703,247.6033477783203,258.4840393066406
20260321,88,245.45248413085938,236.4566650390625,240.36508178710938,251.91160583496094,253.4492645263672,267.50225830078125,239.3353729248047,245.11074829101562,244.8303680419922,246.936279296875,258.02362060546875,-96.12503051757812,240.28160095214844,234.2647705078125,253.1905975341797,657.2724609375,239.3353729248047,245.11074829101562,244.8303680419922,246.936279296875,258.02362060546875
20260321,89,244.33863830566406,235.27532958984375,239.34396362304688,250.8379669189453,252.70864868164062,266.0082702636719,238.73654174804688,244.43780517578125,244.04705810546875,246.08065795898438,257.6026306152344,-92.16690826416016,239.98062133789062,230.91537475585938,244.814453125,666.664794921875,238.73654174804688,244.43780517578125,244.04705810546875,246.08065795898438,257.6026306152344
20260321,90,242.8826446533203,233.94947814941406,238.37982177734375,249.4871368408203,251.74143981933594,266.9019470214844,237.90162658691406,243.5182342529297,242.99960327148438,244.96824645996094,257.41925048828125,-88.38674926757812,239.67982482910156,227.35169982910156,236.26663208007812,676.490478515625,237.90162658691406,243.5182342529297,242.99960327148438,244.96824645996094,257.41925048828125
20260321,91,241.04080200195312,232.42422485351562,237.22840881347656,247.5265655517578,250.27737426757812,276.0240173339844,236.6691131591797,242.20947265625,241.5629119873047,243.5126190185547,257.9910583496094,-84.77294158935547,239.3757781982422,223.5688018798828,227.49855041503906,686.7608032226562,236.6691131591797,242.20947265625,241.5629119873047,243.5126190185547,257.9910583496094
20260321,92,239.88328552246094,230.58029174804688,235.31324768066406,244.79359436035156,249.37245178222656,304.10296630859375,234.79148864746094,240.3024139404297,239.57350158691406,241.6590576171875,260.61065673828125,-81.1339340209961,239.0621337890625,219.54701232910156,218.23574829101562,697.7357177734375,234.79148864746094,240.3024139404297,239.57350158691406,241.6590576171875,260.61065673828125
20260321,93,238.61656188964844,228.39797973632812,232.35060119628906,242.0408935546875,253.326171875,363.61376953125,231.72804260253906,237.42230224609375,236.81039428710938,239.56353759765625,269.5388488769531,-77.75048065185547,238.74026489257812,215.30894470214844,208.80325317382812,709.0114135742188,231.72804260253906,237.42230224609375,236.81039428710938,239.56353759765625,269.5388488769531
20260321,94,232.41400146484375,225.9071502685547,228.6042022705078,240.72564697265625,267.1044006347656,457.6144104003906,226.68927001953125,233.3083038330078,233.43173217773438,238.80844116210938,300.51416015625,-74.64662170410156,238.4072723388672,210.8558349609375,199.20326232910156,720.5410766601562,226.68927001953125,233.3083038330078,233.43173217773438,238.80844116210938,300.51416015625
20260321,95,230.1863250732422,223.0126953125,223.10699462890625,239.14305114746094,287.06781005859375,570.3717651367188,220.57176208496094,229.12777709960938,231.2980194091797,247.23272705078125,416.216064453125,-71.84492492675781,238.060546875,206.18978881835938,189.43865966796875,732.276123046875,220.57176208496094,229.12777709960938,231.2980194091797,247.23272705078125,416.216064453125
20260322,0,853.98583984375,222.384765625,223.62037658691406,231.47259521484375,237.3824920654297,311.37359619140625,228.06533813476562,233.6287384033203,237.3743438720703,264.3224182128906,509.5641784667969,35.16583251953125,218.59719848632812,320.4620056152344,463.2349548339844,837.7737426757812,228.06533813476562,233.6287384033203,237.3743438720703,264.3224182128906,509.5641784667969
20260322,1,853.98583984375,222.30233764648438,221.60826110839844,230.60357666015625,235.66796875,299.58660888671875,223.6807098388672,231.4080047607422,232.8015899658203,244.2200927734375,381.0218811035156,39.75288772583008,219.33145141601562,317.9342956542969,458.79376220703125,850.399658203125,223.6807098388672,231.4080047607422,232.8015899658203,244.2200927734375,381.0218811035156
20260322,2,853.98583984375,219.51260375976562,216.9581298828125,229.43760681152344,239.45962524414062,321.945556640625,221.6042022705078,230.0735321044922,232.2726287841797,241.61257934570312,366.2873229980469,43.97787094116211,220.04409790039062,315.20538330078125,454.20062255859375,863.0821533203125,221.6042022705078,230.0735321044922,232.2726287841797,241.61257934570312,366.2873229980469
20260322,3,853.98583984375,218.88815307617188,217.5076904296875,230.4482421875,239.0930938720703,326.85870361328125,220.16249084472656,229.41639709472656,232.00462341308594,242.07196044921875,376.9581604003906,47.82382583618164,220.73280334472656,312.2810363769531,449.4610900878906,875.7711791992188,220.16249084472656,229.41639709472656,232.00462341308594,242.07196044921875,376.9581604003906
20260322,4,853.98583984375,220.43060302734375,205.86184692382812,220.64637756347656,244.798583984375,465.2773132324219,220.6527099609375,228.9858856201172,231.38174438476562,245.14207458496094,421.34942626953125,51.27546691894531,221.39524841308594,309.1676940917969,444.5813293457031,888.4161987304688,220.6527099609375,228.9858856201172,231.38174438476562,245.14207458496094,421.34942626953125
20260322,5,853.98583984375,216.6264190673828,194.45895385742188,224.54205322265625,286.0765380859375,599.0177612304688,222.17135620117188,229.0780487060547,231.3671417236328,251.05938720703125,487.9479675292969,54.99102020263672,221.92391967773438,305.5871276855469,438.0019226074219,902.136474609375,222.17135620117188,229.0780487060547,231.3671417236328,251.05938720703125,487.9479675292969
20260322,6,853.98583984375,218.2064208984375,194.12770080566406,234.12997436523438,331.886962890625,714.481201171875,225.00244140625,229.08824157714844,232.05941772460938,264.8646240234375,599.1428833007812,58.387481689453125,222.40626525878906,301.7901611328125,431.06146240234375,915.8880615234375,225.00244140625,229.08824157714844,232.05941772460938,264.8646240234375,599.1428833007812
20260322,7,853.98583984375,217.4361114501953,195.13546752929688,267.81280517578125,413.18450927734375,823.7892456054688,228.13339233398438,226.1743621826172,235.82183837890625,302.9469299316406,794.52587890625,61.35395050048828,222.85610961914062,297.8284606933594,424.00286865234375,929.4463500976562,228.13339233398438,226.1743621826172,235.82183837890625,302.9469299316406,794.52587890625
20260322,8,853.98583984375,234.72288513183594,535.8869018554688,773.62548828125,901.4742431640625,1021.1015014648438,202.2670135498047,210.24896240234375,318.60491943359375,483.8079528808594,1083.1171875,63.882110595703125,223.27162170410156,293.7116394042969,416.8345642089844,942.7630615234375,202.2670135498047,210.24896240234375,318.60491943359375,483.8079528808594,1083.1171875
20260322,9,853.98583984375,237.61184692382812,600.3646850585938,843.1568603515625,942.3803100585938,1010.708984375,141.82044982910156,244.0272216796875,522.1760864257812,757.13134765625,1199.2669677734375,66.49073028564453,223.5688934326172,289.2266540527344,408.3413391113281,956.7045288085938,141.82044982910156,244.0272216796875,522.1760864257812,757.13134765625,1199.2669677734375
20260322,10,853.92724609375,236.37657165527344,580.0226440429688,819.6129150390625,924.9828491210938,1010.091796875,134.86337280273438,320.20654296875,636.81640625,863.7606201171875,1149.4169921875,68.83554077148438,223.79965209960938,284.5287780761719,399.3245544433594,970.6336669921875,134.86337280273438,320.20654296875,636.81640625,863.7606201171875,1149.4169921875
20260322,11,853.92724609375,235.3782958984375,563.8738403320312,801.6447143554688,913.5003662109375,1010.8869018554688,142.01190185546875,366.7789611816406,677.47998046875,889.3646240234375,1105.5650634765625,70.72865295410156,223.99159240722656,279.70819091796875,390.2259216308594,984.1828002929688,142.01190185546875,366.7789611816406,677.47998046875,889.3646240234375,1105.5650634765625
20260322,12,853.92724609375,228.15220642089844,438.7684631347656,689.7540283203125,840.3756713867188,976.9158935546875,149.305908203125,376.1476135253906,672.5049438476562,872.3349609375,1059.6439208984375,72.16944885253906,224.14349365234375,274.7768249511719,381.0555114746094,997.3092651367188,149.305908203125,376.1476135253906,672.5049438476562,872.3349609375,1059.6439208984375
20260322,13,853.92724609375,227.45281982421875,434.41412353515625,677.0278930664062,828.8819580078125,979.7025756835938,155.38348388671875,357.36297607421875,635.06298828125,823.8704223632812,1000.29248046875,73.09850311279297,224.2638702392578,269.7728576660156,371.9651184082031,1009.865966796875,155.38348388671875,357.36297607421875,635.06298828125,823.8704223632812,1000.29248046875
20260322,14,853.92724609375,221.57835388183594,344.58026123046875,563.456787109375,730.5123291015625,941.465087890625,159.92628479003906,321.9471435546875,577.7745971679688,756.6470336914062,935.3654174804688,73.54074096679688,224.34848022460938,264.69989013671875,362.914794921875,1021.8515625,159.92628479003906,321.9471435546875,577.7745971679688,756.6470336914062,935.3654174804688
20260322,15,225.73095703125,218.8654327392578,300.0891418457031,498.10400390625,667.6589965820312,912.3843383789062,162.41864013671875,281.8030700683594,516.0973510742188,689.6019287109375,890.5068969726562,74.75733184814453,224.73130798339844,260.3107604980469,355.0092468261719,1034.12548828125,162.41864013671875,281.8030700683594,516.0973510742188,689.6019287109375,890.5068969726562
20260322,16,226.8448028564453,214.49273681640625,223.59083557128906,355.9095764160156,499.9736022949219,787.233642578125,161.63629150390625,246.6063690185547,468.87554931640625,650.6674194335938,918.3005981445312,75.57804870605469,225.0822296142578,255.88742065429688,347.1133117675781,1045.851318359375,161.63629150390625,246.6063690185547,468.87554931640625,650.6674194335938,918.3005981445312
20260322,17,227.95863342285156,213.8264617919922,202.71681213378906,311.8620300292969,451.29144287109375,758.1729736328125,171.08526611328125,208.36375427246094,404.0840148925781,616.2561645507812,1147.255859375,76.40458679199219,225.66709899902344,252.0619354248047,340.8024597167969,1056.8853759765625,171.08526611328125,208.36375427246094,404.0840148925781,616.2561645507812,1147.255859375
20260322,18,230.1863250732422,216.26620483398438,190.05111694335938,243.53485107421875,318.5553894042969,557.4974975585938,217.5648193359375,257.8927307128906,255.58984375,266.3989562988281,404.73443603515625,77.28704833984375,226.51101684570312,248.90672302246094,336.23358154296875,1067.190185546875,217.5648193359375,257.8927307128906,255.58984375,266.3989562988281,404.73443603515625
20260322,19,231.30015563964844,218.91551208496094,195.75205993652344,231.5970916748047,278.69866943359375,471.9067077636719,227.55984497070312,288.09686279296875,271.8258972167969,269.5407409667969,334.8900146484375,77.7661361694336,227.31161499023438,245.73443603515625,331.6693115234375,1076.830810546875,227.55984497070312,288.09686279296875,271.8258972167969,269.5407409667969,334.8900146484375
20260322,20,235.51527404785156,221.80091857910156,202.5274658203125,241.5690155029297,293.3374328613281,493.748046875,231.4237060546875,293.223388671875,274.29583740234375,269.6674499511719,318.4764099121094,77.85611724853516,228.0692138671875,242.55921936035156,327.1208801269531,1085.783203125,231.4237060546875,293.223388671875,274.29583740234375,269.6674499511719,318.4764099121094
20260322,21,232.41400146484375,224.04010009765625,207.35279846191406,231.74411010742188,262.72918701171875,420.73529052734375,230.88125610351562,283.4945373535156,266.6932067871094,261.8252258300781,302.7185363769531,77.17259979248047,228.8318328857422,239.5309295654297,323.41265869140625,1093.357421875,230.88125610351562,283.4945373535156,266.6932067871094,261.8252258300781,302.7185363769531
20260322,22,244.3204345703125,227.0017547607422,218.61607360839844,242.5719757080078,268.1160583496094,395.3824462890625,227.8514404296875,263.4377746582031,252.500732421875,248.66600036621094,281.258544921875,75.38274383544922,229.64181518554688,236.78236389160156,321.2670593261719,1098.9500732421875,227.8514404296875,263.4377746582031,252.500732421875,248.66600036621094,281.258544921875
20260322,23,244.3204345703125,229.0698699951172,222.95472717285156,244.05352783203125,266.40264892578125,377.3064880371094,224.5516815185547,241.93531799316406,238.43910217285156,236.36300659179688,258.2911682128906,73.25633239746094,230.41067504882812,234.07318115234375,319.1703796386719,1103.8001708984375,224.5516815185547,241.93531799316406,238.43910217285156,236.36300659179688,258.2911682128906
20260322,24,241.04080200195312,230.54237365722656,224.90528869628906,241.2248077392578,258.1120910644531,356.48248291015625,224.229736328125,235.00515747070312,233.88311767578125,232.3579864501953,246.10772705078125,70.81373596191406,231.13934326171875,231.41722106933594,317.1332702636719,1107.895751953125,224.229736328125,235.00515747070312,233.88311767578125,232.3579864501953,246.10772705078125
20260322,25,242.8826446533203,232.03768920898438,227.82778930664062,241.32809448242188,254.3509521484375,334.69476318359375,227.62803649902344,238.145263671875,235.56199645996094,232.92958068847656,241.8864288330078,68.31254577636719,231.97854614257812,229.37075805664062,315.36285400390625,1110.1968994140625,227.62803649902344,238.145263671875,235.56199645996094,232.92958068847656,241.8864288330078
20260322,26,244.7244873046875,233.78704833984375,231.2684783935547,242.88372802734375,252.34617614746094,311.6642761230469,232.2681121826172,241.73239135742188,238.2276611328125,235.11184692382812,241.66156005859375,66.38860321044922,233.31808471679688,229.35801696777344,314.38079833984375,1108.0179443359375,232.2681121826172,241.73239135742188,238.2276611328125,235.11184692382812,241.66156005859375
20260322,27,246.56631469726562,235.3946533203125,234.14515686035156,244.70046997070312,251.77938842773438,295.5623779296875,235.61289978027344,244.1798858642578,241.2012176513672,239.2572784423828,246.35464477539062,64.21772766113281,234.62152099609375,229.43841552734375,313.4885559082031,1105.0682373046875,235.61289978027344,244.1798858642578,241.2012176513672,239.2572784423828,246.35464477539062
20260322,28,248.4081573486328,236.96722412109375,236.19708251953125,246.03382873535156,251.67013549804688,285.36480712890625,237.56564331054688,245.548095703125,243.70834350585938,243.40003967285156,251.82040405273438,61.82524490356445,235.89036560058594,229.6245574951172,312.6955871582031,1101.34912109375,237.56564331054688,245.548095703125,243.70834350585938,243.40003967285156,251.82040405273438
20260322,29,250.25,238.57015991210938,237.85272216796875,247.21615600585938,251.96987915039062,281.16485595703125,238.7093963623047,246.25538635253906,245.32443237304688,246.22891235351562,255.62701416015625,59.0057258605957,237.09829711914062,229.9658660888672,311.74688720703125,1096.14794921875,238.7093963623047,246.25538635253906,245.32443237304688,246.22891235351562,255.62701416015625
20260322,30,251.68780517578125,239.79486083984375,238.97653198242188,248.0364990234375,252.25584411621094,279.6876525878906,239.3343963623047,246.57110595703125,246.1269073486328,247.6818389892578,257.5728759765625,53.58529281616211,237.97975158691406,230.82801818847656,308.1433410644531,1082.658447265625,239.3343963623047,246.57110595703125,246.1269073486328,247.6818389892578,257.5728759765625
20260322,31,253.52963256835938,241.03662109375,240.1492919921875,248.89535522460938,252.59161376953125,278.7257995605469,239.71151733398438,246.70033264160156,246.48316955566406,248.36134338378906,258.4465637207031,48.02444839477539,238.8324432373047,231.8307342529297,304.66448974609375,1068.4228515625,239.71151733398438,246.70033264160156,246.48316955566406,248.36134338378906,258.4465637207031
20260322,32,255.37147521972656,242.29580688476562,241.36831665039062,249.5435333251953,252.71737670898438,277.15826416015625,239.90927124023438,246.69699096679688,246.570556640625,248.60072326660156,258.7555847167969,42.35157012939453,239.6585693359375,232.98451232910156,301.31781005859375,1053.45556640625,239.90927124023438,246.69699096679688,246.570556640625,248.60072326660156,258.7555847167969
20260322,33,258.62200927734375,243.4941864013672,242.45220947265625,249.76783752441406,252.53567504882812,275.62548828125,239.98516845703125,246.61325073242188,246.51210021972656,248.60736083984375,258.7898254394531,36.595638275146484,240.46041870117188,234.2991485595703,298.1100769042969,1037.77392578125,239.98516845703125,246.61325073242188,246.51210021972656,248.60736083984375,258.7898254394531
20260322,34,258.62200927734375,243.78134155273438,242.57192993164062,249.0198516845703,251.7519073486328,274.6864318847656,239.97113037109375,246.4674530029297,246.35594177246094,248.47055053710938,258.6647644042969,27.162033081054688,240.60838317871094,235.29739379882812,291.53704833984375,1013.7213134765625,239.97113037109375,246.4674530029297,246.35594177246094,248.47055053710938,258.6647644042969
20260322,35,258.62200927734375,243.94000244140625,242.67526245117188,248.50015258789062,251.41148376464844,274.5449523925781,239.89666748046875,246.2827911376953,246.1450958251953,248.25765991210938,258.46759033203125,17.539316177368164,240.7082061767578,236.45193481445312,284.9555358886719,988.6493530273438,239.89666748046875,246.2827911376953,246.1450958251953,248.25765991210938,258.46759033203125
20260322,36,258.62200927734375,244.05084228515625,243.06085205078125,248.531494140625,251.8067626953125,274.84295654296875,239.75909423828125,246.0541534423828,245.88511657714844,247.9876708984375,258.23919677734375,7.9219255447387695,240.791259765625,237.79257202148438,278.530029296875,962.9329833984375,239.75909423828125,246.0541534423828,245.88511657714844,247.9876708984375,258.23919677734375
20260322,37,258.62200927734375,244.10488891601562,243.64483642578125,249.04156494140625,252.74090576171875,275.6551513671875,239.562255859375,245.7911834716797,245.59213256835938,247.68113708496094,258.0170593261719,-1.6606318950653076,240.86029052734375,239.32608032226562,272.2648620605469,936.6015014648438,239.562255859375,245.7911834716797,245.59213256835938,247.68113708496094,258.0170593261719
20260322,38,257.21331787109375,244.04922485351562,243.94593811035156,249.51734924316406,253.60951232910156,277.2115783691406,239.3779296875,245.5607147216797,245.33642578125,247.41392517089844,257.84869384765625,-9.771955490112305,240.61656188964844,238.5743408203125,268.00390625,920.8639526367188,239.3779296875,245.5607147216797,245.33642578125,247.41392517089844,257.84869384765625
20260322,39,257.21331787109375,243.95950317382812,244.12396240234375,249.9903564453125,254.5508575439453,279.08575439453125,239.1998748779297,245.3521728515625,245.10809326171875,247.1779327392578,257.7369689941406,-17.493671417236328,240.3007354736328,237.5037384033203,264.29742431640625,906.9300537109375,239.1998748779297,245.3521728515625,245.10809326171875,247.1779327392578,257.7369689941406
20260322,40,257.21331787109375,243.83453369140625,244.228759765625,250.3361053466797,255.18572998046875,280.38262939453125,239.04183959960938,245.17576599121094,244.91722106933594,246.9833526611328,257.685791015625,-25.09323501586914,239.97909545898438,236.64154052734375,260.76025390625,892.4832153320312,239.04183959960938,245.17576599121094,244.91722106933594,246.9833526611328,257.685791015625
20260322,41,257.21331787109375,243.70301818847656,244.33493041992188,250.68359375,255.75534057617188,281.2900695800781,238.9177703857422,245.03945922851562,244.77090454101562,246.83731079101562,257.68634033203125,-32.54240417480469,239.6544189453125,235.9911346435547,257.39385986328125,877.5621948242188,238.9177703857422,245.03945922851562,244.77090454101562,246.83731079101562,257.68634033203125
20260322,42,257.21331787109375,243.48321533203125,244.19119262695312,250.71401977539062,255.90699768066406,281.3755798339844,238.80960083007812,244.923095703125,244.64739990234375,246.71542358398438,257.7087707519531,-39.713340759277344,239.1658172607422,234.82151794433594,253.98223876953125,864.4353637695312,238.80960083007812,244.923095703125,244.64739990234375,246.71542358398438,257.7087707519531
20260322,43,257.21331787109375,243.21524047851562,244.01026916503906,250.7537841796875,256.1157531738281,281.515625,238.7115478515625,244.82069396972656,244.54052734375,246.61148071289062,257.74652099609375,-46.635589599609375,238.6082000732422,233.54685974121094,250.64735412597656,851.8922729492188,238.7115478515625,244.82069396972656,244.54052734375,246.61148071289062,257.74652099609375
20260322,44,256.9767150878906,242.94326782226562,243.79800415039062,250.72116088867188,256.22601318359375,281.42120361328125,238.62222290039062,244.7310791015625,244.4488067626953,246.5242156982422,257.8003845214844,-53.32720184326172,238.05599975585938,232.48876953125,247.48350524902344,839.00244140625,238.62222290039062,244.7310791015625,244.4488067626953,246.5242156982422,257.8003845214844
20260322,45,256.9767150878906,242.66879272460938,243.5861358642578,250.68374633789062,256.3500671386719,281.2541198730469,238.53480529785156,244.64793395996094,244.3661346435547,246.44757080078125,257.8670654296875,-59.7630729675293,237.5121612548828,231.6468963623047,244.48927307128906,825.8119506835938,238.53480529785156,244.64793395996094,244.3661346435547,246.44757080078125,257.8670654296875
20260322,46,255.1549072265625,242.07005310058594,243.0628662109375,250.2969207763672,256.13330078125,281.0354919433594,238.42684936523438,244.5478973388672,244.26731872558594,246.35507202148438,257.9294128417969,-67.26238250732422,236.66419982910156,230.41111755371094,240.54400634765625,810.9026489257812,238.42684936523438,244.5478973388672,244.26731872558594,246.35507202148438,257.9294128417969
20260322,47,253.52963256835938,241.1924591064453,242.3035430908203,249.69302368164062,255.78176879882812,281.0025329589844,238.27883911132812,244.41348266601562,244.1349639892578,246.2300567626953,257.9852294921875,-75.49259948730469,235.58750915527344,228.9198760986328,235.90301513671875,794.6604614257812,238.27883911132812,244.41348266601562,244.1349639892578,246.2300567626953,257.9852294921875
20260322,48,251.68780517578125,240.29827880859375,241.43801879882812,248.85739135742188,255.1715545654297,280.608154296875,238.07420349121094,244.23182678222656,243.95765686035156,246.06275939941406,258.0384521484375,-83.399169921875,234.5272979736328,227.63851928710938,231.423095703125,778.261962890625,238.07420349121094,244.23182678222656,243.95765686035156,246.06275939941406,258.0384521484375
20260322,49,249.84596252441406,239.40673828125,240.5447998046875,247.9298553466797,254.44802856445312,280.0373229980469,237.78634643554688,243.98428344726562,243.72018432617188,245.84072875976562,258.0993347167969,-90.96224975585938,233.486083984375,226.56314086914062,227.1000213623047,761.7564086914062,237.78634643554688,243.98428344726562,243.72018432617188,245.84072875976562,258.0993347167969
20260322,50,249.68943786621094,238.83627319335938,239.82754516601562,247.10824584960938,253.6295166015625,279.1036682128906,237.453369140625,243.71141052246094,243.46694946289062,245.6107635498047,258.1790771484375,-96.84870147705078,232.7093048095703,225.60577392578125,225.29464721679688,749.4188842773438,237.453369140625,243.71141052246094,243.46694946289062,245.6107635498047,258.1790771484375
20260322,51,249.68943786621094,238.6901092529297,239.39256286621094,246.52496337890625,252.86651611328125,277.8624267578125,237.1466827392578,243.4755401611328,243.25942993164062,245.43235778808594,258.26470947265625,-100.6472396850586,232.27224731445312,224.73573303222656,226.71102905273438,742.5670166015625,237.1466827392578,243.4755401611328,243.25942993164062,245.43235778808594,258.26470947265625
20260322,52,250.25,238.53030395507812,238.8795623779297,245.95774841308594,252.1224365234375,276.864501953125,236.90179443359375,243.301025390625,243.11695861816406,245.3197021484375,258.3332824707031,-104.05139923095703,231.86143493652344,224.0546875,228.26760864257812,735.7593994140625,236.90179443359375,243.301025390625,243.11695861816406,245.3197021484375,258.3332824707031
20260322,53,250.25,238.35824584960938,238.3456268310547,245.46510314941406,251.4200897216797,275.99114990234375,236.78944396972656,243.2404022216797,243.08367919921875,245.3077850341797,258.3570861816406,-107.04753112792969,231.4791717529297,223.55526733398438,229.9575958251953,729.0459594726562,236.78944396972656,243.2404022216797,243.08367919921875,245.3077850341797,258.3570861816406
20260322,54,250.25,238.18905639648438,237.88693237304688,245.0518798828125,250.80128479003906,275.4166564941406,236.81341552734375,243.28805541992188,243.1486053466797,245.38197326660156,258.3312072753906,-109.81856536865234,231.0954132080078,223.0407257080078,232.16693115234375,722.9027709960938,236.81341552734375,243.28805541992188,243.1486053466797,245.38197326660156,258.3312072753906
20260322,55,249.84596252441406,237.96798706054688,237.47438049316406,244.68389892578125,250.18606567382812,275.1022033691406,236.93142700195312,243.41041564941406,243.28140258789062,245.5172882080078,258.29364013671875,-112.60472106933594,230.67103576660156,222.25953674316406,235.3935546875,717.927734375,236.93142700195312,243.41041564941406,243.28140258789062,245.5172882080078,258.29364013671875
20260322,56,249.84596252441406,237.75054931640625,237.06150817871094,244.33514404296875,249.65805053710938,274.8183288574219,237.1194610595703,243.5901336669922,243.46690368652344,245.7012939453125,258.2633361816406,-114.95262908935547,230.28103637695312,221.63352966308594,238.72982788085938,713.1942749023438,237.1194610595703,243.5901336669922,243.46690368652344,245.7012939453125,258.2633361816406
20260322,57,249.84596252441406,237.55491638183594,236.69432067871094,244.00857543945312,249.192138671875,274.4793701171875,237.3505096435547,243.80906677246094,243.6903076171875,245.9220733642578,258.2527160644531,-116.85579681396484,229.9270477294922,221.15243530273438,242.16696166992188,708.7498779296875,237.3505096435547,243.80906677246094,243.6903076171875,245.9220733642578,258.2527160644531
20260322,58,249.68943786621094,237.3237762451172,236.3814239501953,243.66494750976562,248.64212036132812,273.970703125,237.59088134765625,244.0382537841797,243.92434692382812,246.15371704101562,258.256591796875,-119.18489074707031,229.62393188476562,220.92015075683594,246.66751098632812,703.220947265625,237.59088134765625,244.0382537841797,243.92434692382812,246.15371704101562,258.256591796875
20260322,59,248.4081573486328,236.74798583984375,235.84048461914062,242.80198669433594,247.37060546875,273.049072265625,237.7965850830078,244.22613525390625,244.11502075195312,246.3434600830078,258.2512512207031,-125.21846008300781,229.42369079589844,221.3550567626953,255.86595153808594,691.3284912109375,237.7965850830078,244.22613525390625,244.11502075195312,246.3434600830078,258.2512512207031
20260322,60,247.86761474609375,236.10032653808594,235.13632202148438,241.81332397460938,245.99346923828125,271.8197021484375,237.96189880371094,244.37326049804688,244.26380920410156,246.4925537109375,258.250244140625,-130.7997283935547,229.26344299316406,221.9007568359375,265.1362609863281,679.85888671875,237.96189880371094,244.37326049804688,244.26380920410156,246.4925537109375,258.250244140625
20260322,61,246.56631469726562,235.43142700195312,234.27493286132812,240.68043518066406,244.6112518310547,270.3211669921875,238.0718231201172,244.46524047851562,244.35702514648438,246.58706665039062,258.2469787597656,-135.9299774169922,229.1442108154297,222.54483032226562,274.468017578125,668.853271484375,238.0718231201172,244.46524047851562,244.35702514648438,246.58706665039062,258.2469787597656
20260322,62,246.1622772216797,234.83349609375,233.5359649658203,239.71656799316406,243.44639587402344,269.07635498046875,238.14437866210938,244.5279998779297,244.42727661132812,246.6623077392578,258.2810363769531,-140.29830932617188,229.0827178955078,223.27825927734375,283.67413330078125,658.833984375,238.14437866210938,244.5279998779297,244.42727661132812,246.6623077392578,258.2810363769531
20260322,63,246.56631469726562,235.34291076660156,234.03805541992188,240.40480041503906,243.9390411376953,267.06622314453125,238.34202575683594,244.73135375976562,244.65553283691406,246.90444946289062,258.4449157714844,-137.31321716308594,229.41275024414062,224.16775512695312,289.038330078125,659.9785766601562,238.34202575683594,244.73135375976562,244.65553283691406,246.90444946289062,258.4449157714844
20260322,64,246.56631469726562,235.91726684570312,234.6769256591797,241.16940307617188,244.51895141601562,265.7997741699219,238.65411376953125,245.0549774169922,245.0198211669922,247.2929229736328,258.7277526855469,-133.89254760742188,229.78578186035156,225.11610412597656,294.43145751953125,661.6983642578125,238.65411376953125,245.0549774169922,245.0198211669922,247.2929229736328,258.7277526855469
20260322,65,247.68016052246094,236.52891540527344,235.63755798339844,242.39419555664062,245.3957977294922,265.6658935546875,239.09927368164062,245.52101135253906,245.5413818359375,247.84849548339844,259.1580505371094,-130.04527282714844,230.2020721435547,226.1095733642578,299.8425598144531,664.025634765625,239.09927368164062,245.52101135253906,245.5413818359375,247.84849548339844,259.1580505371094
20260322,66,248.00411987304688,237.0786895751953,236.54351806640625,243.50462341308594,246.20535278320312,265.6452331542969,239.6272735595703,246.05934143066406,246.13365173339844,248.47764587402344,259.6455383300781,-125.78205108642578,230.66177368164062,227.13417053222656,305.2601623535156,666.9899291992188,239.6272735595703,246.05934143066406,246.13365173339844,248.47764587402344,259.6455383300781
20260322,67,248.00411987304688,237.65756225585938,237.5228729248047,244.7694549560547,247.29368591308594,266.6398010253906,240.12640380859375,246.5673370361328,246.69252014160156,249.07443237304688,260.1403503417969,-121.55973815917969,231.17105102539062,228.2887420654297,310.9734191894531,669.6172485351562,240.12640380859375,246.5673370361328,246.69252014160156,249.07443237304688,260.1403503417969
20260322,68,248.4081573486328,238.18405151367188,238.37843322753906,245.816650390625,248.20989990234375,267.646728515625,240.5821990966797,247.0335693359375,247.20469665527344,249.62255859375,260.6071472167969,-116.99058532714844,231.7240447998047,229.4569549560547,316.69940185546875,672.8375854492188,240.5821990966797,247.0335693359375,247.20469665527344,249.62255859375,260.6071472167969
20260322,69,248.79400634765625,238.66543579101562,238.9711456298828,246.4573211669922,248.85308837890625,268.5324401855469,240.9811553955078,247.44444274902344,247.65481567382812,250.1036834716797,261.01385498046875,-112.04826354980469,232.31954956054688,230.61392211914062,322.3984069824219,676.767333984375,240.9811553955078,247.44444274902344,247.65481567382812,250.1036834716797,261.01385498046875
20260322,70,249.68943786621094,239.12767028808594,239.55528259277344,247.05380249023438,249.4992218017578,269.62030029296875,241.32131958007812,247.80014038085938,248.0441436767578,250.51878356933594,261.3588562011719,-106.75027465820312,232.95700073242188,231.74554443359375,328.0594177246094,681.4247436523438,241.32131958007812,247.80014038085938,248.0441436767578,250.51878356933594,261.3588562011719
20260322,71,250.25,239.87539672851562,240.8055877685547,248.59561157226562,251.1124267578125,271.2690124511719,241.6102752685547,248.10780334472656,248.38108825683594,250.87611389160156,261.641845703125,-98.798095703125,233.78286743164062,233.304931640625,331.35614013671875,688.46533203125,241.6102752685547,248.10780334472656,248.38108825683594,250.87611389160156,261.641845703125
20260322,72,251.68780517578125,240.7236328125,242.30076599121094,250.3459014892578,252.9099884033203,273.0942077636719,241.85479736328125,248.3710479736328,248.66818237304688,251.17787170410156,261.86553955078125,-89.8860092163086,234.68971252441406,234.94088745117188,333.9501037597656,696.7162475585938,241.85479736328125,248.3710479736328,248.66818237304688,251.17787170410156,261.86553955078125
20260322,73,253.52963256835938,241.55392456054688,243.77296447753906,252.0449676513672,254.6235809326172,275.0920104980469,242.05445861816406,248.58824157714844,248.9032440185547,251.42213439941406,262.0373229980469,-80.67958068847656,235.63560485839844,236.50999450683594,336.4742126464844,705.730224609375,242.05445861816406,248.58824157714844,248.9032440185547,251.42213439941406,262.0373229980469
20260322,74,255.37147521972656,242.33514404296875,245.19036865234375,253.6826934814453,256.2442321777344,276.9552001953125,242.21385192871094,248.75680541992188,249.08071899414062,251.60389709472656,262.15411376953125,-71.20198822021484,236.619140625,237.9989013671875,338.9181823730469,715.5127563476562,242.21385192871094,248.75680541992188,249.08071899414062,251.60389709472656,262.15411376953125
20260322,75,255.37147521972656,242.486328125,245.84024047851562,254.37196350097656,256.82366943359375,277.49713134765625,242.2857666015625,248.8148651123047,249.13563537597656,251.65750122070312,262.1719970703125,-67.18656921386719,237.5677032470703,240.21311950683594,344.8799133300781,714.9122314453125,242.2857666015625,248.8148651123047,249.13563537597656,251.65750122070312,262.1719970703125
20260322,76,255.37147521972656,242.25851440429688,245.8809814453125,254.30223083496094,256.4381103515625,276.5431213378906,242.28289794921875,248.77813720703125,249.08639526367188,251.60350036621094,262.1059875488281,-65.99430847167969,238.5128173828125,242.758056640625,352.66644287109375,709.132568359375,242.28289794921875,248.77813720703125,249.08639526367188,251.60350036621094,262.1059875488281
20260322,77,255.1549072265625,242.01522827148438,245.59617614746094,253.88711547851562,255.69198608398438,274.54766845703125,242.20509338378906,248.64645385742188,248.93309020996094,251.4407958984375,261.9347839355469,-64.60671997070312,239.49075317382812,245.18515014648438,360.3448791503906,704.1176147460938,242.20509338378906,248.64645385742188,248.93309020996094,251.4407958984375,261.9347839355469
20260322,78,253.52963256835938,241.8150177001953,245.19091796875,253.30926513671875,254.7353515625,271.9682312011719,242.06134033203125,248.4430389404297,248.7091522216797,251.20729064941406,261.7133483886719,-63.05084228515625,240.49940490722656,247.48272705078125,367.9065856933594,699.85986328125,242.06134033203125,248.4430389404297,248.7091522216797,251.20729064941406,261.7133483886719
20260322,79,253.52963256835938,241.6957550048828,244.84263610839844,253.16419982910156,254.53897094726562,270.9552307128906,241.90005493164062,248.23016357421875,248.47618103027344,250.96090698242188,261.4681091308594,-58.31218338012695,241.24057006835938,248.80470275878906,369.5315856933594,701.0767822265625,241.90005493164062,248.23016357421875,248.47618103027344,250.96090698242188,261.4681091308594
20260322,80,253.52963256835938,241.6542205810547,244.55186462402344,253.36087036132812,254.97259521484375,271.4331359863281,241.73641967773438,248.0242919921875,248.24862670898438,250.71408081054688,261.20025634765625,-50.672576904296875,241.73681640625,249.210205078125,365.69671630859375,707.360107421875,241.73641967773438,248.0242919921875,248.24862670898438,250.71408081054688,261.20025634765625
20260322,81,253.3330841064453,241.67971801757812,244.50994873046875,253.6114959716797,255.45677185058594,272.46270751953125,241.56996154785156,247.8265838623047,248.032470703125,250.47784423828125,260.94683837890625,-42.9499397277832,242.25730895996094,249.4547576904297,361.7228698730469,714.3578491210938,241.56996154785156,247.8265838623047,248.032470703125,250.47784423828125,260.94683837890625
20260322,82,253.3330841064453,241.7072296142578,244.63174438476562,253.79969787597656,255.81410217285156,273.58233642578125,241.4064178466797,247.64089965820312,247.82928466796875,250.2535858154297,260.7083740234375,-35.17351531982422,242.79954528808594,249.5293426513672,357.6036682128906,722.0494995117188,241.4064178466797,247.64089965820312,247.82928466796875,250.2535858154297,260.7083740234375
20260322,83,251.68780517578125,241.50054931640625,244.50111389160156,253.68077087402344,255.90802001953125,273.69781494140625,241.23292541503906,247.4443359375,247.60870361328125,250.00653076171875,260.4399108886719,-28.1453914642334,243.18748474121094,249.0474395751953,352.9035949707031,729.7822265625,241.23292541503906,247.4443359375,247.60870361328125,250.00653076171875,260.4399108886719
20260322,84,251.51126098632812,240.95919799804688,244.0195770263672,253.20484924316406,255.76837158203125,273.42291259765625,241.0328826904297,247.21534729003906,247.3445281982422,249.70687866210938,260.10943603515625,-22.324501037597656,243.32192993164062,247.79135131835938,347.378662109375,737.1798095703125,241.0328826904297,247.21534729003906,247.3445281982422,249.70687866210938,260.10943603515625
20260322,85,249.84596252441406,240.34130859375,243.2822723388672,252.3780059814453,255.31890869140625,272.8433532714844,240.7975616455078,246.94577026367188,247.02798461914062,249.34503173828125,259.7096252441406,-16.53856086730957,243.47048950195312,246.34237670898438,341.69342041015625,745.192626953125,240.7975616455078,246.94577026367188,247.02798461914062,249.34503173828125,259.7096252441406
20260322,86,249.68943786621094,239.66481018066406,242.318115234375,251.25144958496094,254.63450622558594,271.94232177734375,240.51046752929688,246.62071228027344,246.64544677734375,248.90736389160156,259.2413024902344,-10.816781997680664,243.63040161132812,244.69444274902344,335.8441162109375,753.7891845703125,240.51046752929688,246.62071228027344,246.64544677734375,248.90736389160156,259.2413024902344
20260322,87,248.00411987304688,238.7979278564453,241.247802734375,250.0953826904297,253.63133239746094,269.97589111328125,240.14564514160156,246.21282958984375,246.16876220703125,248.36489868164062,258.70654296875,-6.529144287109375,243.6962127685547,242.6625213623047,330.5853271484375,761.3607177734375,240.14564514160156,246.21282958984375,246.16876220703125,248.36489868164062,258.70654296875
20260322,88,246.1622772216797,237.33261108398438,239.77215576171875,248.54794311523438,252.0775146484375,267.9656677246094,239.64352416992188,245.64060974121094,245.5040283203125,247.62071228027344,258.0837097167969,-6.162633419036865,243.47662353515625,239.9124755859375,327.30389404296875,764.984130859375,239.64352416992188,245.64060974121094,245.5040283203125,247.62071228027344,258.0837097167969
20260322,89,244.3204345703125,235.6903533935547,238.30682373046875,246.7767791748047,250.61170959472656,270.1932067871094,238.91664123535156,244.80284118652344,244.53843688964844,246.5602264404297,257.42779541015625,-5.946500778198242,243.2600555419922,236.9506072998047,323.8516845703125,769.0817260742188,238.91664123535156,244.80284118652344,244.53843688964844,246.5602264404297,257.42779541015625
20260322,90,242.8826446533203,233.79263305664062,237.0861053466797,244.46380615234375,249.34793090820312,284.5928649902344,237.7869415283203,243.49583435058594,243.0534210205078,244.9713134765625,256.9648132324219,-5.90830659866333,243.04367065429688,233.77447509765625,320.2278137207031,773.6127319335938,237.7869415283203,243.49583435058594,243.0534210205078,244.9713134765625,256.9648132324219
20260322,91,240.9971160888672,231.461181640625,235.6377716064453,242.090576171875,251.10398864746094,326.3858642578125,235.91830444335938,241.38577270507812,240.72491455078125,242.58860778808594,257.7314453125,-6.094107627868652,242.82489013671875,230.3841094970703,316.4565124511719,778.5078125,235.91830444335938,241.38577270507812,240.72491455078125,242.58860778808594,257.7314453125
20260322,92,238.76943969726562,228.05349731445312,231.62942504882812,242.50970458984375,265.7279052734375,414.1300354003906,232.67076110839844,237.93084716796875,237.10116577148438,239.26266479492188,263.8920593261719,-6.638694763183594,242.60260009765625,226.78842163085938,312.6761169433594,783.5702514648438,232.67076110839844,237.93084716796875,237.10116577148438,239.26266479492188,263.8920593261719
20260322,93,235.51527404785156,223.57398986816406,224.25259399414062,251.5557861328125,308.009521484375,563.7072143554688,226.7926483154297,232.73487854003906,232.28201293945312,236.96102905273438,298.8945007324219,-7.438807010650635,242.3721466064453,222.97647094726562,308.72607421875,788.9336547851562,226.7926483154297,232.73487854003906,232.28201293945312,236.96102905273438,298.8945007324219
20260322,94,238.76943969726562,219.84173583984375,219.3031768798828,266.5519104003906,361.7152404785156,724.0829467773438,220.95327758789062,228.97955322265625,231.12452697753906,258.65570068359375,557.8903198242188,-8.51856517791748,242.13050842285156,218.94944763183594,304.6085510253906,794.5509643554688,220.95327758789062,228.97955322265625,231.12452697753906,258.65570068359375,557.8903198242188
20260322,95,853.8272094726562,216.9770050048828,218.05484008789062,277.1658630371094,400.4877624511719,845.2921142578125,164.5257110595703,318.27874755859375,486.5025939941406,614.4136352539062,973.6442260742188,-9.797471046447754,241.90396118164062,214.7735137939453,300.42669677734375,800.44384765625,164.5257110595703,318.27874755859375,486.5025939941406,614.4136352539062,973.6442260742188
20260323,0,854.8885498046875,226.75474548339844,255.75009155273438,315.2839660644531,453.9459533691406,761.1919555664062,224.57728576660156,228.52256774902344,264.754150390625,351.0835266113281,844.4746704101562,15.825392723083496,228.0093536376953,350.0941467285156,658.232666015625,736.6140747070312,224.57728576660156,228.52256774902344,264.754150390625,351.0835266113281,844.4746704101562
20260323,1,854.8885498046875,225.96078491210938,256.2196350097656,327.0146789550781,473.7898864746094,776.3722534179688,139.90325927734375,276.52935791015625,543.8029174804688,741.6317749023438,1233.696533203125,20.71161651611328,228.6967315673828,347.4393005371094,653.09423828125,749.7605590820312,139.90325927734375,276.52935791015625,543.8029174804688,741.6317749023438,1233.696533203125
20260323,2,854.8885498046875,236.33653259277344,414.9669494628906,559.2183837890625,705.702880859375,887.0047607421875,202.43545532226562,612.6665649414062,817.3619995117188,935.7694702148438,1072.1328125,25.23573112487793,229.36251831054688,344.58331298828125,647.8038330078125,762.9638061523438,202.43545532226562,612.6665649414062,817.3619995117188,935.7694702148438,1072.1328125
20260323,3,854.8885498046875,238.16168212890625,427.11181640625,578.6104736328125,725.6304321289062,912.7278442382812,241.32786560058594,668.6652221679688,835.0963134765625,926.8806762695312,1028.702392578125,29.3808536529541,230.00439453125,341.53179931640625,642.3670043945312,776.1734619140625,241.32786560058594,668.6652221679688,835.0963134765625,926.8806762695312,1028.702392578125
20260323,4,854.8885498046875,260.404296875,691.7999267578125,837.3120727539062,894.9710693359375,943.0972290039062,256.4298400878906,683.1727294921875,840.5753784179688,925.64599609375,1025.325439453125,33.13157272338867,230.6199493408203,338.2913513183594,636.7899780273438,789.3391723632812,256.4298400878906,683.1727294921875,840.5753784179688,925.64599609375,1025.325439453125
20260323,5,854.8885498046875,261.30853271484375,703.4943237304688,848.3720703125,901.3929443359375,946.0017700195312,265.8228759765625,694.9682006835938,848.5343627929688,930.7059936523438,1031.95361328125,34.17659378051758,231.5670166015625,335.845703125,636.4354248046875,798.41162109375,265.8228759765625,694.9682006835938,848.5343627929688,930.7059936523438,1031.95361328125
20260323,6,854.8885498046875,269.80145263671875,774.2991943359375,876.0995483398438,905.7910766601562,964.2953491210938,273.3722229003906,707.2738647460938,858.179443359375,938.2579956054688,1042.7840576171875,34.457027435302734,232.5375213623047,333.37298583984375,636.7581176757812,806.7402954101562,273.3722229003906,707.2738647460938,858.179443359375,938.2579956054688,1042.7840576171875
20260323,7,854.8885498046875,271.3388671875,787.3397827148438,879.109619140625,906.9044189453125,965.9920043945312,279.17669677734375,719.4660034179688,867.6696166992188,945.6719970703125,1054.2841796875,34.307472229003906,233.4755401611328,330.7355041503906,636.962646484375,814.8756713867188,279.17669677734375,719.4660034179688,867.6696166992188,945.6719970703125,1054.2841796875
20260323,8,854.8885498046875,271.6786193847656,792.3250122070312,853.6096801757812,896.78466796875,966.0130004882812,284.0037841796875,729.2416381835938,874.9270629882812,951.1598510742188,1064.479736328125,33.719600677490234,234.3792266845703,327.94287109375,637.0574951171875,822.7693481445312,284.0037841796875,729.2416381835938,874.9270629882812,951.1598510742188,1064.479736328125
20260323,9,854.8885498046875,272.5010986328125,801.9520874023438,862.5899047851562,907.0282592773438,973.0400390625,287.9423522949219,735.9603881835938,879.1854248046875,953.8604125976562,1071.7369384765625,33.05557632446289,235.18923950195312,324.8486633300781,636.1925048828125,831.015380859375,287.9423522949219,735.9603881835938,879.1854248046875,953.8604125976562,1071.7369384765625
20260323,10,854.8885498046875,275.51129150390625,829.6302490234375,881.5443115234375,922.973876953125,985.927734375,291.1133117675781,740.1115112304688,880.9204711914062,954.2008666992188,1076.164794921875,32.07247543334961,235.94134521484375,321.5650634765625,634.932861328125,839.1527099609375,291.1133117675781,740.1115112304688,880.9204711914062,954.2008666992188,1076.164794921875
20260323,11,854.8885498046875,276.4042663574219,840.34326171875,888.6558227539062,929.2867431640625,992.6151733398438,293.6352233886719,742.3511962890625,880.7688598632812,952.7783203125,1078.2742919921875,30.637664794921875,236.65464782714844,318.1587829589844,633.5911865234375,846.9102783203125,293.6352233886719,742.3511962890625,880.7688598632812,952.7783203125,1078.2742919921875
20260323,12,854.8885498046875,281.5048522949219,913.1260375976562,949.6660766601562,976.6962890625,1028.183349609375,295.5736389160156,743.1756591796875,879.2442626953125,950.0830078125,1078.52734375,28.750503540039062,237.32791137695312,314.64166259765625,632.1777954101562,854.2449951171875,295.5736389160156,743.1756591796875,879.2442626953125,950.0830078125,1078.52734375
20260323,13,854.8885498046875,282.54290771484375,927.7603149414062,958.1392822265625,981.5003662109375,1032.103271484375,297.1741027832031,742.3358154296875,876.1954956054688,946.0,1076.7379150390625,29.04500961303711,237.54771423339844,309.9073791503906,624.5665893554688,865.6972045898438,297.1741027832031,742.3358154296875,876.1954956054688,946.0,1076.7379150390625
20260323,14,854.8885498046875,280.5797424316406,910.603515625,944.122314453125,965.0632934570312,1014.085693359375,298.47357177734375,740.029541015625,872.0133666992188,940.9362182617188,1073.072509765625,30.584108352661133,237.46054077148438,304.3682861328125,612.9596557617188,879.5916137695312,298.47357177734375,740.029541015625,872.0133666992188,940.9362182617188,1073.072509765625
20260323,15,854.8885498046875,278.2264404296875,886.472412109375,922.8645629882812,942.6249389648438,992.6051025390625,299.5061950683594,736.7833862304688,867.0716552734375,935.1737060546875,1067.8153076171875,31.680635452270508,237.33084106445312,298.7568664550781,601.312744140625,892.9457397460938,299.5061950683594,736.7833862304688,867.0716552734375,935.1737060546875,1067.8153076171875
20260323,16,854.8885498046875,275.5115051269531,866.5370483398438,901.798828125,922.7477416992188,979.4774780273438,300.35284423828125,733.24853515625,862.010986328125,929.3405151367188,1061.8907470703125,32.34160232543945,237.1581268310547,293.0865783691406,589.6368408203125,905.7246704101562,300.35284423828125,733.24853515625,862.010986328125,929.3405151367188,1061.8907470703125
20260323,17,854.8885498046875,273.0990295410156,844.2069702148438,881.3853149414062,903.75634765625,963.292236328125,300.7864685058594,730.027099609375,857.6837158203125,924.43017578125,1056.6468505859375,32.36725616455078,236.97486877441406,287.4598388671875,578.4293823242188,917.532958984375,300.7864685058594,730.027099609375,857.6837158203125,924.43017578125,1056.6468505859375
20260323,18,854.8885498046875,272.1559143066406,839.7443237304688,872.1124877929688,897.4615478515625,961.9766235351562,300.53094482421875,727.0888671875,854.3223876953125,920.8540649414062,1052.62451171875,31.74944496154785,236.7838592529297,281.898681640625,567.7459106445312,928.3079223632812,300.53094482421875,727.0888671875,854.3223876953125,920.8540649414062,1052.62451171875
20260323,19,854.8885498046875,270.47467041015625,828.7426147460938,862.5298461914062,890.9133911132812,957.772216796875,299.416015625,724.1007690429688,851.8467407226562,918.7012939453125,1049.9044189453125,30.728286743164062,236.54954528808594,276.3204650878906,557.06689453125,938.4188842773438,299.416015625,724.1007690429688,851.8467407226562,918.7012939453125,1049.9044189453125
20260323,20,854.8885498046875,271.95501708984375,861.3584594726562,890.2814331054688,918.383056640625,986.8712768554688,297.32403564453125,720.6491088867188,849.9534301757812,917.7612915039062,1048.1729736328125,29.318010330200195,236.27220153808594,270.73931884765625,546.40380859375,947.8414306640625,297.32403564453125,720.6491088867188,849.9534301757812,917.7612915039062,1048.1729736328125
20260323,21,854.8885498046875,268.9104309082031,831.1769409179688,866.3578491210938,899.3463134765625,969.7381591796875,294.1602478027344,716.2827758789062,848.1738891601562,917.593994140625,1046.7869873046875,27.260221481323242,235.9956512451172,265.293701171875,536.3870239257812,956.0419311523438,294.1602478027344,716.2827758789062,848.1738891601562,917.593994140625,1046.7869873046875
20260323,22,854.8885498046875,269.9969177246094,856.1156616210938,889.9019165039062,921.1047973632812,989.3048706054688,289.75982666015625,710.4827880859375,845.9678344726562,917.6962890625,1045.003173828125,24.332340240478516,235.7584686279297,260.10650634765625,527.5695190429688,962.5535278320312,289.75982666015625,710.4827880859375,845.9678344726562,917.6962890625,1045.003173828125
20260323,23,854.8885498046875,267.67730712890625,833.8080444335938,871.9979248046875,906.0926513671875,974.3377685546875,283.7041931152344,702.3274536132812,842.6558227539062,917.6054077148438,1042.0531005859375,21.06790542602539,235.4801483154297,254.95864868164062,518.8009033203125,968.322509765625,283.7041931152344,702.3274536132812,842.6558227539062,917.6054077148438,1042.0531005859375
20260323,24,854.8885498046875,266.9034118652344,838.0623779296875,881.9518432617188,916.89208984375,981.3724975585938,275.065673828125,690.13818359375,837.1782836914062,916.737060546875,1036.883056640625,17.487262725830078,235.16165161132812,249.86404418945312,510.0918273925781,973.3369750976562,275.065673828125,690.13818359375,837.1782836914062,916.737060546875,1036.883056640625
20260323,25,854.7916259765625,263.74163818359375,808.4017333984375,861.0090942382812,900.4498291015625,965.4768676757812,261.8395080566406,670.2299194335938,826.8649291992188,913.3350830078125,1027.00830078125,13.488076210021973,234.835205078125,245.12457275390625,501.1258239746094,976.2958984375,261.8395080566406,670.2299194335938,826.8649291992188,913.3350830078125,1027.00830078125
20260323,26,854.7916259765625,260.13079833984375,775.9580688476562,841.5372314453125,887.2294311523438,953.15771484375,238.75994873046875,632.42626953125,803.7996215820312,901.8118286132812,1006.2587890625,8.769962310791016,234.582763671875,241.5031280517578,491.0632629394531,973.8344116210938,238.75994873046875,632.42626953125,803.7996215820312,901.8118286132812,1006.2587890625
20260323,27,854.7916259765625,255.65768432617188,731.7662963867188,816.8085327148438,873.481689453125,943.6267700195312,196.94308471679688,549.7733154296875,744.3690185546875,863.9752197265625,970.012939453125,3.8049325942993164,234.2941131591797,237.974853515625,481.0904235839844,970.6021728515625,196.94308471679688,549.7733154296875,744.3690185546875,863.9752197265625,970.012939453125
20260323,28,854.7916259765625,250.9050750732422,675.3050537109375,786.488525390625,862.26025390625,941.9931640625,150.8529052734375,353.3471984863281,568.9183959960938,729.1422119140625,990.7098388671875,-1.3817139863967896,233.97096252441406,234.5522918701172,471.216796875,966.6006469726562,150.8529052734375,353.3471984863281,568.9183959960938,729.1422119140625,990.7098388671875
20260323,29,854.7916259765625,246.1794891357422,602.5355224609375,741.9573364257812,847.8555297851562,948.8567504882812,207.0980224609375,216.17074584960938,312.7231140136719,464.8431091308594,1133.0855712890625,-7.421685695648193,233.72743225097656,231.71609497070312,462.4904479980469,959.8262939453125,207.0980224609375,216.17074584960938,312.7231140136719,464.8431091308594,1133.0855712890625
20260323,30,854.8885498046875,242.57443237304688,532.1760864257812,683.8645629882812,815.5026245117188,953.6613159179688,231.6785888671875,228.29347229003906,248.9844970703125,338.23431396484375,1013.1519775390625,-20.538986206054688,234.63259887695312,233.92837524414062,464.79144287109375,931.2107543945312,231.6785888671875,228.29347229003906,248.9844970703125,338.23431396484375,1013.1519775390625
20260323,31,854.8885498046875,237.68092346191406,450.2436218261719,602.69384765625,762.760009765625,972.22705078125,229.88308715820312,231.55563354492188,240.5074462890625,297.1580810546875,820.9619750976562,-33.79667663574219,235.50901794433594,236.28121948242188,467.21710205078125,901.8493041992188,229.88308715820312,231.55563354492188,240.5074462890625,297.1580810546875,820.9619750976562
20260323,32,854.8885498046875,234.0034637451172,391.0047302246094,529.368408203125,695.7012329101562,959.0692138671875,225.86782836914062,231.4736785888672,237.7009735107422,276.4810791015625,656.8857421875,-47.166378021240234,236.35890197753906,238.78509521484375,469.77484130859375,871.7560424804688,225.86782836914062,231.4736785888672,237.7009735107422,276.4810791015625,656.8857421875
20260323,33,854.8885498046875,230.9849395751953,341.13519287109375,462.2456359863281,625.6309204101562,923.818603515625,222.6453399658203,230.41940307617188,235.8965606689453,262.925048828125,525.0677490234375,-60.61919021606445,237.1845703125,241.44985961914062,472.4715881347656,840.948486328125,222.6453399658203,230.41940307617188,235.8965606689453,262.925048828125,525.0677490234375
20260323,34,854.8885498046875,229.4521484375,309.8661804199219,409.3747253417969,557.8082275390625,849.6709594726562,221.38877868652344,229.87071228027344,234.82521057128906,254.07559204101562,432.98699951171875,-70.66314697265625,237.3995819091797,241.86697387695312,469.7207336425781,819.796142578125,221.38877868652344,229.87071228027344,234.82521057128906,254.07559204101562,432.98699951171875
20260323,35,854.8885498046875,228.8942108154297,287.4772033691406,364.6116943359375,492.76458740234375,763.9240112304688,221.7506866455078,230.194580078125,234.5629119873047,249.03538513183594,376.2408142089844,-80.573974609375,237.56849670410156,242.35260009765625,466.86663818359375,798.4435424804688,221.7506866455078,230.194580078125,234.5629119873047,249.03538513183594,376.2408142089844
20260323,36,854.8885498046875,228.6087646484375,273.1788635253906,330.2799377441406,440.95330810546875,682.05908203125,222.76866149902344,230.96697998046875,234.76327514648438,246.30023193359375,342.0113830566406,-90.47956085205078,237.7206573486328,243.02430725097656,464.1685485839844,776.4468383789062,222.76866149902344,230.96697998046875,234.76327514648438,246.30023193359375,342.0113830566406
20260323,37,854.9642333984375,228.953125,267.4300231933594,312.9175109863281,408.89251708984375,614.9784545898438,223.8644256591797,231.8170623779297,235.1368408203125,244.82408142089844,320.86602783203125,-100.35039520263672,237.85870361328125,243.888916015625,461.630859375,753.8348388671875,223.8644256591797,231.8170623779297,235.1368408203125,244.82408142089844,320.86602783203125
20260323,38,854.9642333984375,228.76014709472656,262.00067138671875,295.91253662109375,383.63140869140625,567.5419311523438,224.83502197265625,232.59100341796875,235.53631591796875,244.00523376464844,307.1222839355469,-106.44969177246094,237.3934326171875,243.1487579345703,451.21405029296875,738.1338500976562,224.83502197265625,232.59100341796875,235.53631591796875,244.00523376464844,307.1222839355469
20260323,39,854.8885498046875,228.82289123535156,258.67083740234375,283.45135498046875,362.6671142578125,523.0620727539062,225.6182403564453,233.2423858642578,235.90086364746094,243.51417541503906,297.4907531738281,-111.67520141601562,236.79486083984375,242.23300170898438,439.27093505859375,723.4612426757812,225.6182403564453,233.2423858642578,235.90086364746094,243.51417541503906,297.4907531738281
20260323,40,244.3204345703125,229.40606689453125,253.16290283203125,268.0150146484375,337.4707336425781,474.87872314453125,226.26846313476562,233.81817626953125,236.2504119873047,243.19818115234375,290.0163879394531,-115.58435821533203,236.52481079101562,242.2676544189453,428.6596984863281,709.0889282226562,226.26846313476562,233.81817626953125,236.2504119873047,243.19818115234375,290.0163879394531
20260323,41,244.7244873046875,230.2267608642578,249.15769958496094,257.0957336425781,316.9921569824219,432.4124450683594,226.775146484375,234.29971313476562,236.5634765625,242.9952850341797,284.1532287597656,-119.15837860107422,236.30343627929688,242.62890625,418.3990783691406,694.3684692382812,226.775146484375,234.29971313476562,236.5634765625,242.9952850341797,284.1532287597656
20260323,42,244.7244873046875,231.30667114257812,244.47244262695312,246.8853302001953,296.02569580078125,393.801025390625,227.23468017578125,234.77273559570312,236.902099609375,242.90365600585938,279.3972473144531,-118.4476089477539,235.96351623535156,241.14300537109375,408.0440368652344,693.0258178710938,227.23468017578125,234.77273559570312,236.902099609375,242.90365600585938,279.3972473144531
20260323,43,246.1622772216797,232.6508026123047,240.89796447753906,240.37017822265625,279.4123229980469,361.8154602050781,227.6940155029297,235.26095581054688,237.26995849609375,242.89576721191406,275.50958251953125,-115.7353286743164,235.57449340820312,238.9711456298828,397.7442626953125,697.3350219726562,227.6940155029297,235.26095581054688,237.26995849609375,242.89576721191406,275.50958251953125
20260323,44,246.1622772216797,234.02821350097656,237.77670288085938,235.7890625,264.8144226074219,334.0613098144531,228.16915893554688,235.77291870117188,237.67315673828125,242.96517944335938,272.3145446777344,-112.79232788085938,235.1909637451172,237.01580810546875,387.6155090332031,701.2975463867188,228.16915893554688,235.77291870117188,237.67315673828125,242.96517944335938,272.3145446777344
20260323,45,247.86761474609375,235.2453155517578,235.060302734375,233.08047485351562,254.4085235595703,313.5316162109375,228.70579528808594,236.33749389648438,238.12669372558594,243.10511779785156,269.61407470703125,-109.5936508178711,234.8157196044922,235.27670288085938,377.6564025878906,704.9593505859375,228.70579528808594,236.33749389648438,238.12669372558594,243.10511779785156,269.61407470703125
20260323,46,246.56631469726562,235.9152374267578,233.51002502441406,232.57620239257812,249.8561248779297,300.75665283203125,229.19473266601562,236.83787536621094,238.5243377685547,243.2398223876953,267.52276611328125,-110.58001708984375,234.24298095703125,233.93150329589844,369.8486633300781,700.4931030273438,229.19473266601562,236.83787536621094,238.5243377685547,243.2398223876953,267.52276611328125
20260323,47,246.1622772216797,236.0284423828125,232.55812072753906,232.860107421875,248.16941833496094,291.5166931152344,229.5550079345703,237.20204162597656,238.80186462402344,243.3150177001953,265.9945068359375,-114.69857788085938,233.52359008789062,232.93675231933594,363.731689453125,689.7639770507812,229.5550079345703,237.20204162597656,238.80186462402344,243.3150177001953,265.9945068359375
20260323,48,246.1622772216797,235.86180114746094,232.36766052246094,233.62228393554688,248.50743103027344,284.41973876953125,229.77630615234375,237.42454528808594,238.94972229003906,243.30885314941406,264.8695373535156,-118.49348449707031,232.82061767578125,232.1519317626953,357.77587890625,678.8783569335938,229.77630615234375,237.42454528808594,238.94972229003906,243.30885314941406,264.8695373535156
20260323,49,246.1622772216797,235.6232452392578,232.67019653320312,234.67202758789062,249.72836303710938,278.919921875,229.8478240966797,237.5079345703125,238.97999572753906,243.23114013671875,264.03582763671875,-121.94493865966797,232.13668823242188,231.57308959960938,351.9768371582031,667.8858642578125,229.8478240966797,237.5079345703125,238.97999572753906,243.23114013671875,264.03582763671875
20260323,50,246.1622772216797,235.47364807128906,233.39675903320312,236.0029296875,250.9087677001953,274.8900451660156,229.83908081054688,237.52627563476562,238.96505737304688,243.1333465576172,263.3158264160156,-124.484375,231.55010986328125,231.3667449951172,346.2160949707031,657.3150634765625,229.83908081054688,237.52627563476562,238.96505737304688,243.1333465576172,263.3158264160156
20260323,51,246.1622772216797,235.41455078125,234.28968811035156,237.37481689453125,251.99417114257812,272.3178405761719,229.80665588378906,237.53128051757812,238.94979858398438,243.0450897216797,262.61004638671875,-125.9299545288086,231.0859375,231.57859802246094,340.45391845703125,647.360107421875,229.80665588378906,237.53128051757812,238.94979858398438,243.0450897216797,262.61004638671875
20260323,52,246.1622772216797,235.29959106445312,234.6715545654297,238.26400756835938,252.6968994140625,270.6884765625,229.7589569091797,237.52947998046875,238.93954467773438,242.97129821777344,261.92828369140625,-126.98123168945312,230.64805603027344,231.97943115234375,334.8319396972656,637.44921875,229.7589569091797,237.52947998046875,238.93954467773438,242.97129821777344,261.92828369140625
20260323,53,246.56631469726562,235.15122985839844,234.5827178955078,238.6663360595703,252.94737243652344,269.52081298828125,229.70889282226562,237.52903747558594,238.9376678466797,242.91265869140625,261.2863464355469,-127.62439727783203,230.2386932373047,232.56190490722656,329.3433532714844,627.632568359375,229.70889282226562,237.52903747558594,238.9376678466797,242.91265869140625,261.2863464355469
20260323,54,246.56631469726562,235.07240295410156,234.30325317382812,238.77786254882812,252.98439025878906,268.59967041015625,229.6598663330078,237.5299835205078,238.94119262695312,242.86622619628906,260.7165832519531,-128.249755859375,229.89834594726562,233.1466827392578,325.6932678222656,618.7490844726562,229.6598663330078,237.5299835205078,238.94119262695312,242.86622619628906,260.7165832519531
20260323,55,246.56631469726562,235.12054443359375,234.2464599609375,239.0323028564453,253.1847381591797,268.1631164550781,229.61605834960938,237.53494262695312,238.9520263671875,242.83567810058594,260.26123046875,-129.3640899658203,229.67861938476562,233.5045928955078,326.07525634765625,611.8629760742188,229.61605834960938,237.53494262695312,238.9520263671875,242.83567810058594,260.26123046875
20260323,56,247.86761474609375,235.19137573242188,234.3629608154297,239.41668701171875,253.69705200195312,268.33319091796875,229.5900421142578,237.55198669433594,238.9745635986328,242.8230438232422,259.9234313964844,-130.0402069091797,229.4931640625,234.0177001953125,326.5671081542969,605.2184448242188,229.5900421142578,237.55198669433594,238.9745635986328,242.8230438232422,259.9234313964844
20260323,57,247.86761474609375,235.3294677734375,234.74583435058594,239.885986328125,254.3484649658203,268.74566650390625,229.60411071777344,237.60130310058594,239.02857971191406,242.84469604492188,259.6695251464844,-130.2715301513672,229.3436737060547,234.67572021484375,327.15972900390625,598.8629150390625,229.60411071777344,237.60130310058594,239.02857971191406,242.84469604492188,259.6695251464844
20260323,58,247.86761474609375,235.47735595703125,235.194091796875,240.40354919433594,254.9953155517578,269.4121398925781,229.66542053222656,237.69210815429688,239.1236114501953,242.90725708007812,259.46966552734375,-130.00726318359375,229.16629028320312,234.9770965576172,328.4188537597656,594.73681640625,229.66542053222656,237.69210815429688,239.1236114501953,242.90725708007812,259.46966552734375
20260323,59,247.86761474609375,235.49571228027344,235.688720703125,241.0900115966797,255.65380859375,271.0046081542969,229.7944793701172,237.8546142578125,239.292236328125,243.0420379638672,259.3489074707031,-129.07022094726562,228.7168731689453,233.06991577148438,332.49078369140625,599.988525390625,229.7944793701172,237.8546142578125,239.292236328125,243.0420379638672,259.3489074707031
20260323,60,247.86761474609375,235.4806365966797,236.1267547607422,241.71719360351562,256.2843933105469,272.5683898925781,229.98297119140625,238.0798797607422,239.5230712890625,243.23446655273438,259.3070373535156,-127.68083190917969,228.30747985839844,231.27352905273438,336.6345520019531,605.6631469726562,229.98297119140625,238.0798797607422,239.5230712890625,243.23446655273438,259.3070373535156
20260323,61,247.86761474609375,235.44851684570312,236.4532012939453,242.17202758789062,256.6361389160156,273.54852294921875,230.2796173095703,238.42144775390625,239.8741455078125,243.54144287109375,259.3534851074219,-125.8404769897461,227.93911743164062,229.57554626464844,340.8397521972656,611.8016357421875,230.2796173095703,238.42144775390625,239.8741455078125,243.54144287109375,259.3534851074219
20260323,62,247.86761474609375,235.45448303222656,236.8134002685547,242.63511657714844,256.9030456542969,274.04718017578125,230.68528747558594,238.88453674316406,240.35011291503906,243.96315002441406,259.4412841796875,-123.55884552001953,227.62501525878906,228.0328826904297,345.0630798339844,618.2047119140625,230.68528747558594,238.88453674316406,240.35011291503906,243.96315002441406,259.4412841796875
20260323,63,247.86761474609375,235.6763153076172,237.38272094726562,243.09002685546875,256.9354248046875,272.9900817871094,231.1700897216797,239.4269256591797,240.9134063720703,244.4697723388672,259.54669189453125,-120.97843170166016,227.6271514892578,228.09793090820312,348.6068115234375,619.8895263671875,231.1700897216797,239.4269256591797,240.9134063720703,244.4697723388672,259.54669189453125
20260323,64,247.86761474609375,235.90283203125,237.90890502929688,243.54141235351562,256.9677429199219,272.03704833984375,231.77664184570312,240.08975219726562,241.6040496826172,245.10545349121094,259.73455810546875,-117.96246337890625,227.6721954345703,228.2218017578125,352.1795959472656,622.149658203125,231.77664184570312,240.08975219726562,241.6040496826172,245.10545349121094,259.73455810546875
20260323,65,247.86761474609375,236.14410400390625,238.4230194091797,244.0977325439453,257.223876953125,271.7264099121094,232.4821014404297,240.8447265625,242.38916015625,245.84124755859375,260.0427551269531,-114.5198745727539,227.76052856445312,228.39080810546875,355.77020263671875,625.0172729492188,232.4821014404297,240.8447265625,242.38916015625,245.84124755859375,260.0427551269531
20260323,66,248.00411987304688,236.37991333007812,238.90802001953125,244.63824462890625,257.4898376464844,271.6857604980469,233.2963104248047,241.69557189941406,243.27052307128906,246.68499755859375,260.54052734375,-110.661376953125,227.89227294921875,228.59095764160156,359.3673400878906,628.52197265625,233.2963104248047,241.69557189941406,243.27052307128906,246.68499755859375,260.54052734375
20260323,67,247.86761474609375,236.41624450683594,239.8480987548828,244.91664123535156,257.14874267578125,272.259765625,234.17311096191406,242.57212829589844,244.17919921875,247.58314514160156,261.3126220703125,-114.0050277709961,228.544677734375,230.1195831298828,375.99188232421875,622.2426147460938,234.17311096191406,242.57212829589844,244.17919921875,247.58314514160156,261.3126220703125
20260323,68,246.56631469726562,236.1157989501953,239.94772338867188,244.37567138671875,256.0319519042969,272.77862548828125,235.10626220703125,243.46421813964844,245.0858612060547,248.49874877929688,262.353271484375,-117.6839370727539,229.2855682373047,231.77601623535156,393.84173583984375,615.6566162109375,235.10626220703125,243.46421813964844,245.0858612060547,248.49874877929688,262.353271484375
20260323,69,246.1622772216797,235.58914184570312,239.8318634033203,243.4415740966797,254.93235778808594,274.366943359375,236.0624542236328,244.3241729736328,245.9345245361328,249.37013244628906,263.54962158203125,-120.98965454101562,230.069091796875,233.42117309570312,411.6645202636719,609.7800903320312,236.0624542236328,244.3241729736328,245.9345245361328,249.37013244628906,263.54962158203125
20260323,70,244.7244873046875,234.9258575439453,239.4390869140625,242.29983520507812,254.36795043945312,278.9104919433594,237.00534057617188,245.13580322265625,246.715087890625,250.17791748046875,264.7930908203125,-123.93968963623047,230.89453125,235.041015625,429.4494323730469,604.6312255859375,237.00534057617188,245.13580322265625,246.715087890625,250.17791748046875,264.7930908203125
20260323,71,246.1622772216797,235.48779296875,240.62754821777344,243.98513793945312,256.03680419921875,278.6181945800781,237.99407958984375,246.0021209716797,247.53207397460938,250.99496459960938,265.778076171875,-117.47843933105469,231.69058227539062,236.37330627441406,435.0050964355469,610.8729858398438,237.99407958984375,246.0021209716797,247.53207397460938,250.99496459960938,265.778076171875
20260323,72,247.86761474609375,236.47412109375,242.2601318359375,246.10592651367188,258.1605224609375,279.6856384277344,238.9772186279297,246.89727783203125,248.38272094726562,251.82102966308594,266.3971862792969,-108.18030548095703,232.50714111328125,237.5834503173828,437.11785888671875,620.8271484375,238.9772186279297,246.89727783203125,248.38272094726562,251.82102966308594,266.3971862792969
20260323,73,248.4081573486328,237.8628692626953,244.1165313720703,248.5360565185547,260.0014343261719,280.8107604980469,239.88507080078125,247.76890563964844,249.2253875732422,252.62741088867188,266.7601013183594,-98.58789825439453,233.36268615722656,238.72679138183594,439.1606140136719,631.5444946289062,239.88507080078125,247.76890563964844,249.2253875732422,252.62741088867188,266.7601013183594
20260323,74,249.84596252441406,239.16111755371094,245.71597290039062,250.5873565673828,261.7043151855469,284.06353759765625,240.6802520751953,248.5402374267578,249.95957946777344,253.3179168701172,266.92724609375,-88.72430419921875,234.2559051513672,239.78993225097656,441.1233215332031,643.0303344726562,240.6802520751953,248.5402374267578,249.95957946777344,253.3179168701172,266.92724609375
20260323,75,251.51126098632812,240.34754943847656,247.38551330566406,252.35647583007812,262.8718566894531,283.9897155761719,241.23480224609375,249.03871154785156,250.4071502685547,253.7233428955078,266.9263916015625,-79.75077056884766,235.45018005371094,242.21766662597656,443.706298828125,649.2322387695312,241.23480224609375,249.03871154785156,250.4071502685547,253.7233428955078,266.9263916015625
20260323,76,253.3330841064453,241.36245727539062,248.47396850585938,253.22540283203125,263.38507080078125,282.8265686035156,241.59906005859375,249.3125,250.61865234375,253.8927001953125,266.77960205078125,-71.16192626953125,236.82022094726562,245.31707763671875,446.5687255859375,652.9745483398438,241.59906005859375,249.3125,250.61865234375,253.8927001953125,266.77960205078125
20260323,77,253.52963256835938,242.14663696289062,248.90982055664062,253.4626922607422,263.70733642578125,281.8907775878906,241.80404663085938,249.39878845214844,250.6329345703125,253.86073303222656,266.48492431640625,-62.377811431884766,238.22300720214844,248.29867553710938,449.3228759765625,657.481689453125,241.80404663085938,249.39878845214844,250.6329345703125,253.86073303222656,266.48492431640625
20260323,78,255.37147521972656,242.85177612304688,248.7572021484375,253.17286682128906,263.9584655761719,282.05938720703125,241.8842010498047,249.34213256835938,250.5053253173828,253.68994140625,266.1229553222656,-53.42537307739258,239.6565704345703,251.1507568359375,451.9604797363281,662.7459106445312,241.8842010498047,249.34213256835938,250.5053253173828,253.68994140625,266.1229553222656
20260323,79,256.9767150878906,243.22491455078125,250.12767028808594,255.29238891601562,266.0950622558594,283.5092468261719,241.88990783691406,249.222900390625,250.3199920654297,253.4636688232422,265.7617492675781,-45.17790222167969,240.5730438232422,252.6724853515625,451.0521545410156,668.5455322265625,241.88990783691406,249.222900390625,250.3199920654297,253.4636688232422,265.7617492675781
20260323,80,256.9767150878906,243.21351623535156,251.66636657714844,257.7148742675781,268.56341552734375,286.128662109375,241.84056091308594,249.0699462890625,250.10946655273438,253.21714782714844,265.43212890625,-37.593257904052734,241.0158233642578,252.95252990722656,446.87548828125,674.8839111328125,241.84056091308594,249.0699462890625,250.10946655273438,253.21714782714844,265.43212890625
20260323,81,256.9767150878906,243.21461486816406,253.15768432617188,259.6936340332031,270.5871887207031,288.61669921875,241.74168395996094,248.88880920410156,249.88677978515625,252.97055053710938,265.1604309082031,-29.925539016723633,241.48281860351562,253.07168579101562,442.55987548828125,681.9366455078125,241.74168395996094,248.88880920410156,249.88677978515625,252.97055053710938,265.1604309082031
20260323,82,255.37147521972656,243.2005157470703,254.32095336914062,261.06719970703125,272.16326904296875,291.1966857910156,241.58961486816406,248.69007873535156,249.67105102539062,252.74717712402344,264.9819030761719,-22.20404052734375,241.97164916992188,253.0208282470703,438.0989074707031,689.6834106445312,241.58961486816406,248.69007873535156,249.67105102539062,252.74717712402344,264.9819030761719
20260323,83,255.37147521972656,242.81268310546875,253.7269287109375,260.60162353515625,272.04638671875,292.0521545410156,241.37901306152344,248.45648193359375,249.4406280517578,252.52349853515625,264.8798522949219,-17.202388763427734,242.5612030029297,253.1226043701172,437.2458801269531,694.1702880859375,241.37901306152344,248.45648193359375,249.4406280517578,252.52349853515625,264.8798522949219
20260323,84,253.52963256835938,241.95106506347656,252.63369750976562,259.40777587890625,271.7806396484375,294.4166259765625,241.09506225585938,248.1475372314453,249.1460723876953,252.24940490722656,264.8369445800781,-16.47475242614746,243.29421997070312,253.55323791503906,442.0840148925781,693.1875610351562,241.09506225585938,248.1475372314453,249.1460723876953,252.24940490722656,264.8369445800781
20260323,85,251.68780517578125,240.9012451171875,251.6636505126953,258.5223693847656,272.98358154296875,301.2865905761719,240.7244110107422,247.73793029785156,248.75311279296875,251.88690185546875,264.8498229980469,-15.78206729888916,244.0413818359375,253.79095458984375,446.76171875,692.820068359375,240.7244110107422,247.73793029785156,248.75311279296875,251.88690185546875,264.8498229980469
20260323,86,251.51126098632812,239.65557861328125,251.8547821044922,259.421875,278.364013671875,318.12567138671875,240.2492218017578,247.19778442382812,248.22743225097656,251.40087890625,264.9377746582031,-15.153583526611328,244.79986572265625,253.82972717285156,451.2754211425781,693.0363159179688,240.2492218017578,247.19778442382812,248.22743225097656,251.40087890625,264.9377746582031
20260323,87,249.84596252441406,238.5536651611328,254.29722595214844,263.8153381347656,289.1222229003906,343.8705749511719,239.6792449951172,246.54635620117188,247.59371948242188,250.82086181640625,265.183349609375,-13.306265830993652,245.4701385498047,253.36727905273438,453.3861999511719,695.8218383789062,239.6792449951172,246.54635620117188,247.59371948242188,250.82086181640625,265.183349609375
20260323,88,249.68943786621094,237.88540649414062,259.03753662109375,271.2287902832031,302.22412109375,368.1570129394531,239.0409698486328,245.82615661621094,246.89602661132812,250.19020080566406,265.6120910644531,-7.86326789855957,245.87173461914062,251.85447692871094,448.9924621582031,704.843505859375,239.0409698486328,245.82615661621094,246.89602661132812,250.19020080566406,265.6120910644531
20260323,89,248.00411987304688,237.50454711914062,266.490966796875,282.2049255371094,319.1880798339844,397.5614013671875,238.30859375,245.0177764892578,246.1309814453125,249.52438354492188,266.361083984375,-2.5706093311309814,246.2762908935547,250.1298828125,444.4278869628906,714.3392944335938,238.30859375,245.0177764892578,246.1309814453125,249.52438354492188,266.361083984375
20260323,90,248.00411987304688,237.3902587890625,272.8478088378906,291.8785400390625,333.37451171875,422.89947509765625,237.47166442871094,244.11668395996094,245.3044891357422,248.84812927246094,267.6155090332031,2.544071912765503,246.68109130859375,248.19100952148438,439.69171142578125,724.2684326171875,237.47166442871094,244.11668395996094,245.3044891357422,248.84812927246094,267.6155090332031
20260323,91,247.86761474609375,237.1347198486328,280.587890625,304.0003662109375,350.3791809082031,450.4697570800781,236.45574951171875,243.03250122070312,244.3300323486328,248.1045684814453,269.67169189453125,6.388338565826416,247.09999084472656,246.1293487548828,436.1316223144531,733.0982666015625,236.45574951171875,243.03250122070312,244.3300323486328,248.1045684814453,269.67169189453125
20260323,92,246.1622772216797,236.066162109375,295.9058837890625,330.5777893066406,384.7372741699219,501.09698486328125,234.91310119628906,241.37197875976562,242.87442016601562,247.12579345703125,274.1383056640625,2.897353410720825,247.62564086914062,244.471923828125,441.3857727050781,732.3383178710938,234.91310119628906,241.37197875976562,242.87442016601562,247.12579345703125,274.1383056640625
20260323,93,232.57962036132812,235.68313598632812,326.341064453125,379.2618408203125,436.35137939453125,558.2921752929688,232.5937042236328,238.88092041015625,240.75784301757812,246.04098510742188,284.4058532714844,-0.8491968512535095,248.14300537109375,242.59823608398438,446.4704284667969,731.8794555664062,232.5937042236328,238.88092041015625,240.75784301757812,246.04098510742188,284.4058532714844
20260323,94,230.1863250732422,237.3512420654297,387.9149169921875,465.1069641113281,521.8915405273438,633.620849609375,228.92291259765625,235.1184844970703,237.88209533691406,245.97808837890625,313.0359802246094,-4.875313758850098,248.64927673339844,240.5094757080078,451.3874816894531,731.6743774414062,228.92291259765625,235.1184844970703,237.88209533691406,245.97808837890625,313.0359802246094
20260323,95,854.2203369140625,241.17262268066406,450.8133239746094,546.412109375,611.399169921875,722.4886474609375,224.87014770507812,231.26661682128906,236.17762756347656,252.33035278320312,393.3174743652344,-6.7172651290893555,249.8378448486328,239.7527618408203,458.56048583984375,733.3680419921875,224.87014770507812,231.26661682128906,236.17762756347656,252.33035278320312,393.3174743652344
20260324,0,854.8885498046875,235.06248474121094,373.54058837890625,516.1029052734375,681.7836303710938,927.2951049804688,193.69483947753906,243.34463500976562,370.04974365234375,492.0696716308594,978.0718994140625,-163.35440063476562,230.28472900390625,366.776611328125,737.7637939453125,870.8036499023438,193.69483947753906,243.34463500976562,370.04974365234375,492.0696716308594,978.0718994140625
20260324,1,854.8885498046875,235.1663055419922,384.12554931640625,536.5177001953125,700.2286376953125,926.84765625,240.58609008789062,672.476806640625,846.7005004882812,944.2957763671875,1062.0172119140625,-159.55258178710938,231.14199829101562,364.5826110839844,735.1530151367188,882.06298828125,240.58609008789062,672.476806640625,846.7005004882812,944.2957763671875,1062.0172119140625
20260324,2,854.8885498046875,256.41375732421875,645.4492797851562,803.7832641601562,933.1219482421875,1049.56591796875,273.5538330078125,708.7285766601562,850.7743530273438,925.6961669921875,1028.8572998046875,-156.1128692626953,231.97769165039062,362.1874084472656,732.3900756835938,893.3789672851562,273.5538330078125,708.7285766601562,850.7743530273438,925.6961669921875,1028.8572998046875
20260324,3,854.8885498046875,259.5439453125,667.8886108398438,833.5988159179688,967.7913208007812,1089.649658203125,284.9836120605469,715.4689331054688,842.3836669921875,908.6578979492188,1012.7166748046875,-153.05213928222656,232.7894287109375,359.59674072265625,729.4808959960938,904.7014770507812,284.9836120605469,715.4689331054688,842.3836669921875,908.6578979492188,1012.7166748046875
20260324,4,854.8885498046875,286.1769714355469,909.7891845703125,998.3111572265625,1039.3526611328125,1048.250732421875,294.5189514160156,725.5142822265625,841.76416015625,902.3082885742188,1011.3784790039062,-150.3857421875,233.57492065429688,356.8171081542969,726.4314575195312,915.9798583984375,294.5189514160156,725.5142822265625,841.76416015625,902.3082885742188,1011.3784790039062
20260324,5,854.8885498046875,287.4300231933594,925.2508544921875,1014.6563720703125,1050.276123046875,1051.7230224609375,297.4221496582031,730.1495361328125,844.2867431640625,904.0281372070312,1018.5626220703125,-148.61512756347656,234.4082794189453,354.0631103515625,724.385498046875,926.3152465820312,297.4221496582031,730.1495361328125,844.2867431640625,904.0281372070312,1018.5626220703125
20260324,6,854.8885498046875,288.8822021484375,963.3818969726562,1011.318359375,1034.4293212890625,1067.76708984375,299.07025146484375,733.660888671875,847.428955078125,907.0364990234375,1026.0999755859375,-147.33755493164062,235.22256469726562,351.1665954589844,722.3839721679688,936.379150390625,299.07025146484375,733.660888671875,847.428955078125,907.0364990234375,1026.0999755859375
20260324,7,854.8885498046875,289.6329650878906,972.7828979492188,1022.5098876953125,1046.0482177734375,1077.478515625,300.00592041015625,736.9674072265625,850.13330078125,909.44140625,1032.49755859375,-146.48997497558594,236.00436401367188,348.1053771972656,720.2642822265625,946.25,300.00592041015625,736.9674072265625,850.13330078125,909.44140625,1032.49755859375
20260324,8,854.8885498046875,287.44647216796875,964.2395629882812,984.7849731445312,1044.723388671875,1122.388671875,300.5547180175781,738.6807861328125,851.051025390625,909.9957275390625,1036.5213623046875,-146.08074951171875,236.7518310546875,344.8890380859375,718.034912109375,955.8790893554688,300.5547180175781,738.6807861328125,851.051025390625,909.9957275390625,1036.5213623046875
20260324,9,854.8885498046875,287.84100341796875,971.4500732421875,995.7022705078125,1057.59619140625,1134.3671875,300.73394775390625,738.9150390625,850.3272094726562,908.8566284179688,1038.2529296875,-145.97793579101562,237.44171142578125,341.46893310546875,715.3825073242188,965.4595947265625,300.73394775390625,738.9150390625,850.3272094726562,908.8566284179688,1038.2529296875
20260324,10,854.9642333984375,290.2585144042969,995.7225341796875,1015.9852905273438,1078.7086181640625,1157.5048828125,300.5684814453125,737.8526611328125,848.1832885742188,906.2620239257812,1037.92822265625,-146.2755126953125,238.08642578125,337.8940124511719,712.5249633789062,974.7899780273438,300.5684814453125,737.8526611328125,848.1832885742188,906.2620239257812,1037.92822265625
20260324,11,854.9642333984375,291.2966003417969,1009.4700317382812,1028.4490966796875,1089.2474365234375,1167.8203125,300.0699157714844,735.6519775390625,844.8184204101562,902.4310302734375,1035.7783203125,-147.02481079101562,238.69232177734375,334.1963806152344,709.5855102539062,983.7405395507812,300.0699157714844,735.6519775390625,844.8184204101562,902.4310302734375,1035.7783203125
20260324,12,854.9642333984375,292.4775390625,1038.830322265625,1073.8291015625,1123.1126708984375,1187.9271240234375,299.2378234863281,732.44775390625,840.4239501953125,897.5814208984375,1032.0299072265625,-148.22642517089844,239.2581787109375,330.387939453125,706.57421875,992.2683715820312,299.2378234863281,732.44775390625,840.4239501953125,897.5814208984375,1032.0299072265625
20260324,13,854.9642333984375,293.787109375,1055.34521484375,1085.8699951171875,1131.8177490234375,1194.1563720703125,298.05645751953125,728.3764038085938,835.2365112304688,891.9972534179688,1026.9876708984375,-149.68177795410156,239.75216674804688,326.3973083496094,703.041748046875,1000.67529296875,298.05645751953125,728.3764038085938,835.2365112304688,891.9972534179688,1026.9876708984375
20260324,14,854.9642333984375,294.5316467285156,1070.0545654296875,1096.6683349609375,1137.8892822265625,1196.3795166015625,296.49945068359375,723.5868530273438,829.5219116210938,885.997802734375,1020.9761352539062,-151.4580841064453,240.1844024658203,322.2671813964844,699.1627197265625,1008.7997436523438,296.49945068359375,723.5868530273438,829.5219116210938,885.997802734375,1020.9761352539062
20260324,15,854.9642333984375,293.8997497558594,1063.2467041015625,1094.3077392578125,1134.785400390625,1191.07958984375,294.52801513671875,718.1829833984375,823.4832153320312,879.8362426757812,1014.2501831054688,-153.67709350585938,240.57408142089844,318.064697265625,695.2438354492188,1016.3837890625,294.52801513671875,718.1829833984375,823.4832153320312,879.8362426757812,1014.2501831054688
20260324,16,854.9642333984375,297.69012451171875,1121.6700439453125,1131.8856201171875,1164.5257568359375,1215.4869384765625,292.0907287597656,712.2167358398438,817.2659912109375,873.7098999023438,1007.0108032226562,-156.33154296875,240.92083740234375,313.80340576171875,691.2958984375,1023.3926391601562,292.0907287597656,712.2167358398438,817.2659912109375,873.7098999023438,1007.0108032226562
20260324,17,854.9642333984375,296.6338195800781,1109.3203125,1123.761474609375,1156.2430419921875,1206.1634521484375,289.072265625,705.6690673828125,810.978271484375,867.798828125,999.4103393554688,-159.47230529785156,241.23358154296875,309.5223083496094,687.4691772460938,1029.6904296875,289.072265625,705.6690673828125,810.978271484375,867.798828125,999.4103393554688
20260324,18,854.9642333984375,297.6568603515625,1123.6326904296875,1131.240478515625,1161.2125244140625,1208.9122314453125,285.3006896972656,698.4329223632812,804.6781616210938,862.2560424804688,991.5369873046875,-163.09397888183594,241.51321411132812,305.2377014160156,683.7872924804688,1035.2376708984375,285.3006896972656,698.4329223632812,804.6781616210938,862.2560424804688,991.5369873046875
20260324,19,854.9642333984375,297.5097351074219,1124.74951171875,1130.99072265625,1158.558349609375,1203.236083984375,280.6215515136719,690.3201904296875,798.3737182617188,857.19970703125,983.4619140625,-166.5835418701172,241.6656494140625,300.70849609375,678.8619384765625,1041.0526123046875,280.6215515136719,690.3201904296875,798.3737182617188,857.19970703125,983.4619140625
20260324,20,854.9642333984375,302.4724426269531,1191.3125,1174.852294921875,1191.66796875,1230.1314697265625,274.7813415527344,681.0302124023438,791.9771118164062,852.6564331054688,975.0841674804688,-170.2000274658203,241.73390197753906,296.06488037109375,673.3411254882812,1046.6358642578125,274.7813415527344,681.0302124023438,791.9771118164062,852.6564331054688,975.0841674804688
20260324,21,854.9642333984375,300.7673645019531,1171.7161865234375,1159.7498779296875,1176.6246337890625,1214.90283203125,267.3258056640625,669.9144287109375,785.0575561523438,848.3408203125,965.8216552734375,-174.44195556640625,241.8050994873047,291.660888671875,668.118408203125,1050.516845703125,267.3258056640625,669.9144287109375,785.0575561523438,848.3408203125,965.8216552734375
20260324,22,854.9642333984375,302.2759704589844,1197.005859375,1176.2332763671875,1187.1904296875,1221.772216796875,257.4884338378906,655.7435913085938,776.7221069335938,843.608642578125,954.5665893554688,-179.51280212402344,241.9196014404297,287.7104187011719,663.4420166015625,1051.8092041015625,257.4884338378906,655.7435913085938,776.7221069335938,843.608642578125,954.5665893554688
20260324,23,854.9642333984375,300.8215637207031,1180.4383544921875,1163.1114501953125,1174.4013671875,1208.560546875,243.96827697753906,636.490234375,765.8291625976562,837.9307250976562,940.3629150390625,-184.9202117919922,241.9929962158203,283.79931640625,658.8146362304688,1052.359130859375,243.96827697753906,636.490234375,765.8291625976562,837.9307250976562,940.3629150390625
20260324,24,854.9642333984375,300.7588806152344,1187.0130615234375,1169.29150390625,1177.6358642578125,1207.82861328125,224.66500854492188,607.9686279296875,749.6316528320312,829.7349853515625,921.7434692382812,-190.6438446044922,242.0261688232422,279.9414367675781,654.24658203125,1052.1544189453125,224.66500854492188,607.9686279296875,749.6316528320312,829.7349853515625,921.7434692382812
20260324,25,854.9642333984375,299.4483337402344,1171.099365234375,1156.9254150390625,1165.985107421875,1195.4483642578125,196.15594482421875,559.2526245117188,719.4357299804688,813.1304931640625,897.7361450195312,-197.03094482421875,242.10214233398438,276.7950744628906,649.3318481445312,1048.3153076171875,196.15594482421875,559.2526245117188,719.4357299804688,813.1304931640625,897.7361450195312
20260324,26,854.9642333984375,298.2954406738281,1156.412109375,1144.5189208984375,1153.854736328125,1180.5736083984375,156.40293884277344,451.49212646484375,639.5916137695312,762.4983520507812,896.4917602539062,-205.01866149902344,242.4346923828125,276.0495300292969,642.9966430664062,1033.37158203125,156.40293884277344,451.49212646484375,639.5916137695312,762.4983520507812,896.4917602539062
20260324,27,854.9642333984375,296.99420166015625,1139.3409423828125,1130.0750732421875,1139.9910888671875,1164.19189453125,168.12791442871094,245.31358337402344,418.8579406738281,584.5887451171875,1092.9586181640625,-213.25328063964844,242.73106384277344,275.39715576171875,636.7514038085938,1017.6573486328125,168.12791442871094,245.31358337402344,418.8579406738281,584.5887451171875,1092.9586181640625
20260324,28,854.9642333984375,295.63043212890625,1121.353759765625,1114.373291015625,1125.2073974609375,1147.3250732421875,232.63204956054688,228.8328094482422,270.9529724121094,389.7532043457031,1175.045654296875,-221.70947265625,242.992919921875,274.85052490234375,630.605224609375,1001.1737670898438,232.63204956054688,228.8328094482422,270.9529724121094,389.7532043457031,1175.045654296875
20260324,29,854.9642333984375,294.0626220703125,1100.227783203125,1095.377197265625,1107.66455078125,1128.478759765625,236.78053283691406,234.85662841796875,251.15069580078125,325.4270324707031,1005.4542236328125,-230.35130310058594,243.22369384765625,274.4820251464844,624.3759155273438,983.64794921875,236.78053283691406,234.85662841796875,251.15069580078125,325.4270324707031,1005.4542236328125
20260324,30,854.9642333984375,292.169677734375,1075.171142578125,1070.6881103515625,1084.2685546875,1103.8038330078125,233.71475219726562,236.35073852539062,245.80648803710938,298.03558349609375,851.9635620117188,-239.0588836669922,243.4407196044922,274.87554931640625,616.253662109375,962.4544067382812,233.71475219726562,236.35073852539062,245.80648803710938,298.03558349609375,851.9635620117188
20260324,31,854.9642333984375,289.5416259765625,1043.4210205078125,1038.42578125,1052.52392578125,1072.02587890625,229.95159912109375,236.07870483398438,242.7382354736328,281.0842590332031,721.2744750976562,-245.1474609375,243.19667053222656,274.23699951171875,601.8239135742188,945.317138671875,229.95159912109375,236.07870483398438,242.7382354736328,281.0842590332031,721.2744750976562
20260324,32,854.9642333984375,286.3630676269531,1006.0997314453125,1000.164306640625,1014.95751953125,1035.5404052734375,226.7047119140625,234.90333557128906,240.04791259765625,268.03118896484375,605.2158203125,-250.3184051513672,242.7647705078125,273.3118896484375,585.1263427734375,929.2401123046875,226.7047119140625,234.90333557128906,240.04791259765625,268.03118896484375,605.2158203125
20260324,33,854.9642333984375,282.60894775390625,962.7166137695312,955.2338256835938,971.931884765625,995.1513671875,224.6988067626953,233.48464965820312,237.5557403564453,257.67987060546875,506.7001953125,-255.57244873046875,242.3086700439453,272.5476379394531,568.56787109375,912.4486083984375,224.6988067626953,233.48464965820312,237.5557403564453,257.67987060546875,506.7001953125
20260324,34,854.9642333984375,278.5975341796875,917.5296020507812,908.9349365234375,928.9487915039062,955.9756469726562,224.10281372070312,232.52493286132812,235.74559020996094,250.42727661132812,432.4861755371094,-260.7469787597656,241.75804138183594,270.83966064453125,554.613037109375,900.0252075195312,224.10281372070312,232.52493286132812,235.74559020996094,250.42727661132812,432.4861755371094
20260324,35,854.9642333984375,274.2194519042969,869.1805419921875,862.1041870117188,887.51025390625,916.8839721679688,224.46444702148438,232.28269958496094,234.84266662597656,246.06837463378906,382.0616149902344,-265.9398193359375,241.18482971191406,269.2594909667969,540.9208374023438,887.1614379882812,224.46444702148438,232.28269958496094,234.84266662597656,246.06837463378906,382.0616149902344
20260324,36,854.9642333984375,269.6885986328125,820.875732421875,816.5413818359375,847.6603393554688,877.7792358398438,225.20086669921875,232.53427124023438,234.6188201904297,243.72715759277344,349.2010192871094,-271.12738037109375,240.59487915039062,267.8653869628906,527.3847045898438,873.6533813476562,225.20086669921875,232.53427124023438,234.6188201904297,243.72715759277344,349.2010192871094
20260324,37,854.9642333984375,265.252197265625,774.7408447265625,774.0096435546875,810.196044921875,839.6959838867188,225.9773712158203,232.9913787841797,234.74832153320312,242.5369110107422,327.46636962890625,-276.2801208496094,239.99081420898438,266.6641845703125,514.009033203125,859.5299682617188,225.9773712158203,232.9913787841797,234.74832153320312,242.5369110107422,327.46636962890625
20260324,38,854.9642333984375,261.6104431152344,736.824951171875,740.2404174804688,780.8113403320312,811.171630859375,226.64149475097656,233.47222900390625,235.00799560546875,241.94546508789062,312.81939697265625,-282.86468505859375,239.51451110839844,264.3530578613281,509.37823486328125,851.1049194335938,226.64149475097656,233.47222900390625,235.00799560546875,241.94546508789062,312.81939697265625
20260324,39,854.9642333984375,258.3944091796875,701.4241943359375,709.6194458007812,753.8576049804688,785.63525390625,227.13560485839844,233.8672332763672,235.25540161132812,241.65286254882812,303.2698669433594,-289.6707763671875,239.0589141845703,261.9705505371094,506.720947265625,843.4527587890625,227.13560485839844,233.8672332763672,235.25540161132812,241.65286254882812,303.2698669433594
20260324,40,854.9642333984375,255.87124633789062,672.0292358398438,685.0183715820312,731.9498291015625,764.4735717773438,227.48086547851562,234.1639404296875,235.4446563720703,241.48248291015625,297.040283203125,-296.3548278808594,238.59750366210938,259.7964172363281,504.23291015625,835.2877197265625,227.48086547851562,234.1639404296875,235.4446563720703,241.48248291015625,297.040283203125
20260324,41,854.9642333984375,253.5864715576172,645.058349609375,662.5718383789062,711.8138427734375,745.4122314453125,227.74488830566406,234.4028778076172,235.5892333984375,241.35585021972656,292.78155517578125,-302.88836669921875,238.13307189941406,257.8340759277344,501.9158020019531,826.6483764648438,227.74488830566406,234.4028778076172,235.5892333984375,241.35585021972656,292.78155517578125
20260324,42,854.9642333984375,251.91546630859375,623.413818359375,643.2164306640625,692.6306762695312,726.08349609375,227.9751739501953,234.61154174804688,235.70985412597656,241.24339294433594,289.3135070800781,-309.1438903808594,237.70643615722656,257.1390380859375,496.6672058105469,812.7440185546875,227.9751739501953,234.61154174804688,235.70985412597656,241.24339294433594,289.3135070800781
20260324,43,854.9642333984375,250.2707061767578,601.3599243164062,623.3525390625,672.343017578125,705.6365966796875,228.18772888183594,234.80616760253906,235.82513427734375,241.14312744140625,286.02459716796875,-315.1507568359375,237.29901123046875,257.1205749511719,490.2327575683594,796.3351440429688,228.18772888183594,234.80616760253906,235.82513427734375,241.14312744140625,286.02459716796875
20260324,44,854.9642333984375,248.5494842529297,578.2574462890625,601.1765747070312,649.7346801757812,684.1286010742188,228.37615966796875,234.9819793701172,235.93516540527344,241.0575714111328,282.7814636230469,-320.9269714355469,236.89718627929688,257.3186340332031,483.96929931640625,779.5794677734375,228.37615966796875,234.9819793701172,235.93516540527344,241.0575714111328,282.7814636230469
20260324,45,854.9642333984375,246.78933715820312,554.0022583007812,578.36865234375,626.5643310546875,662.6904296875,228.51498413085938,235.11587524414062,236.02085876464844,240.9785919189453,279.72674560546875,-326.44744873046875,236.50360107421875,257.7329406738281,477.8754577636719,762.5230712890625,228.51498413085938,235.11587524414062,236.02085876464844,240.9785919189453,279.72674560546875
20260324,46,854.9642333984375,244.75814819335938,528.6406860351562,555.6126098632812,604.169189453125,643.2569580078125,228.59234619140625,235.200439453125,236.07275390625,240.89984130859375,277.07257080078125,-331.43170166015625,236.05775451660156,257.78155517578125,472.5858154296875,747.8150024414062,228.59234619140625,235.200439453125,236.07275390625,240.89984130859375,277.07257080078125
20260324,47,854.9642333984375,242.7590789794922,502.81732177734375,533.5196533203125,583.0030517578125,625.8155517578125,228.61326599121094,235.2389678955078,236.0894012451172,240.815673828125,274.8984375,-335.9161682128906,235.5769805908203,257.59637451171875,467.9507141113281,734.9024658203125,228.61326599121094,235.2389678955078,236.0894012451172,240.815673828125,274.8984375
20260324,48,854.9642333984375,241.00831604003906,478.9100646972656,514.0638427734375,564.5849609375,610.957763671875,228.5900421142578,235.2407684326172,236.07608032226562,240.72280883789062,273.1444091796875,-340.0769958496094,235.11268615722656,257.62109375,463.47662353515625,721.8334350585938,228.5900421142578,235.2407684326172,236.07608032226562,240.72280883789062,273.1444091796875
20260324,49,854.9642333984375,239.50413513183594,456.30499267578125,496.1207580566406,547.55078125,597.3504028320312,228.53929138183594,235.22096252441406,236.0455780029297,240.626220703125,271.69805908203125,-343.8943786621094,234.66738891601562,257.8517761230469,459.1593933105469,708.6575317382812,228.53929138183594,235.22096252441406,236.0455780029297,240.626220703125,271.69805908203125
20260324,50,854.9642333984375,238.3581085205078,436.3166198730469,480.33489990234375,532.1319580078125,585.4635009765625,228.47149658203125,235.18911743164062,236.00735473632812,240.5318603515625,270.49041748046875,-347.4205017089844,234.23504638671875,257.91015625,456.21673583984375,697.1456909179688,228.47149658203125,235.18911743164062,236.00735473632812,240.5318603515625,270.49041748046875
20260324,51,854.9642333984375,237.4772491455078,419.37750244140625,466.3531188964844,518.025146484375,574.8344116210938,228.39109802246094,235.14842224121094,235.9639434814453,240.441650390625,269.51446533203125,-350.6598815917969,233.81536865234375,257.67852783203125,455.0097961425781,687.8643798828125,228.39109802246094,235.14842224121094,235.9639434814453,240.441650390625,269.51446533203125
20260324,52,854.9642333984375,236.74691772460938,404.738525390625,453.4306335449219,504.49505615234375,563.9116821289062,228.30177307128906,235.1004180908203,235.9149627685547,240.35292053222656,268.743896484375,-353.5049133300781,233.42201232910156,257.6358642578125,453.943115234375,678.6270751953125,228.30177307128906,235.1004180908203,235.9149627685547,240.35292053222656,268.743896484375
20260324,53,854.9642333984375,236.12704467773438,392.2445068359375,441.774169921875,491.9585266113281,553.1260375976562,228.2102508544922,235.0513153076172,235.86622619628906,240.26882934570312,268.1297607421875,-355.9418640136719,233.0570831298828,257.7748107910156,453.00982666015625,669.484130859375,228.2102508544922,235.0513153076172,235.86622619628906,240.26882934570312,268.1297607421875
20260324,54,854.9642333984375,235.6063995361328,380.77362060546875,430.432861328125,479.7635498046875,542.3859252929688,228.12179565429688,235.00747680664062,235.82440185546875,240.193359375,267.6107177734375,-357.4278869628906,232.63079833984375,257.6833801269531,451.4315490722656,662.2240600585938,228.12179565429688,235.00747680664062,235.82440185546875,240.193359375,267.6107177734375
20260324,55,854.9642333984375,235.17861938476562,369.6380615234375,418.98974609375,467.5810546875,531.8214721679688,228.04150390625,234.9770965576172,235.79983520507812,240.13552856445312,267.1385803222656,-357.269775390625,232.0269012451172,256.833251953125,448.2088928222656,659.1319580078125,228.04150390625,234.9770965576172,235.79983520507812,240.13552856445312,267.1385803222656
20260324,56,854.9642333984375,234.8333740234375,359.1151123046875,407.24163818359375,455.0917053222656,520.711669921875,227.9614715576172,234.95272827148438,235.78726196289062,240.09072875976562,266.6856384277344,-356.67352294921875,231.45729064941406,256.1383361816406,445.0960693359375,656.2814331054688,227.9614715576172,234.95272827148438,235.78726196289062,240.09072875976562,266.6856384277344
20260324,57,854.9642333984375,234.54739379882812,348.0602722167969,393.8863220214844,440.9210205078125,507.9093017578125,227.87698364257812,234.9320526123047,235.78732299804688,240.0625762939453,266.2576599121094,-355.6324768066406,230.9236297607422,255.5883331298828,442.0840759277344,653.719970703125,227.87698364257812,234.9320526123047,235.78732299804688,240.0625762939453,266.2576599121094
20260324,58,854.9642333984375,234.266845703125,337.57098388671875,381.1593933105469,427.57366943359375,496.0645446777344,227.78546142578125,234.91323852539062,235.80007934570312,240.05465698242188,265.8819274902344,-354.0863952636719,230.40794372558594,254.9276580810547,439.6121826171875,652.6009521484375,227.78546142578125,234.91323852539062,235.80007934570312,240.05465698242188,265.8819274902344
20260324,59,854.9642333984375,233.9445037841797,327.4356384277344,369.3154602050781,415.70684814453125,486.93212890625,227.70018005371094,234.91026306152344,235.8411865234375,240.0866241455078,265.66131591796875,-351.8228759765625,229.8380126953125,253.22689819335938,439.35296630859375,657.1211547851562,227.70018005371094,234.91026306152344,235.8411865234375,240.0866241455078,265.66131591796875
20260324,60,854.8885498046875,233.6325225830078,318.60784912109375,358.89727783203125,405.4312744140625,479.3977355957031,227.61683654785156,234.91635131835938,235.90338134765625,240.1534881591797,265.6446533203125,-349.1070251464844,229.30809020996094,251.63693237304688,439.1656188964844,662.0643920898438,227.61683654785156,234.91635131835938,235.90338134765625,240.1534881591797,265.6446533203125
20260324,61,854.8885498046875,233.33799743652344,311.4700012207031,350.4768371582031,397.26873779296875,474.09942626953125,227.55474853515625,234.9505157470703,236.00784301757812,240.27635192871094,265.830078125,-345.9402160644531,228.81922912597656,250.1453399658203,439.03961181640625,667.4714965820312,227.55474853515625,234.9505157470703,236.00784301757812,240.27635192871094,265.830078125
20260324,62,854.8885498046875,233.10699462890625,305.3144226074219,343.2536315917969,390.1941223144531,469.6402282714844,227.5209197998047,235.01869201660156,236.16188049316406,240.4626007080078,266.18463134765625,-342.3439636230469,228.3760986328125,248.7680206298828,438.9526062011719,673.2545776367188,227.5209197998047,235.01869201660156,236.16188049316406,240.4626007080078,266.18463134765625
20260324,63,854.8885498046875,233.0066375732422,300.5145568847656,337.7197570800781,384.37841796875,465.5954284667969,227.49826049804688,235.10328674316406,236.34860229492188,240.69375610351562,266.6168518066406,-338.70947265625,228.06138610839844,248.09478759765625,438.6436767578125,676.7730102539062,227.49826049804688,235.10328674316406,236.34860229492188,240.69375610351562,266.6168518066406
20260324,64,854.8885498046875,232.90174865722656,295.93646240234375,332.4227294921875,378.9389953613281,462.074462890625,227.4968719482422,235.2161407470703,236.58148193359375,240.98590087890625,267.1351623535156,-334.63946533203125,227.7896270751953,247.4803466796875,438.3636779785156,680.86669921875,227.4968719482422,235.2161407470703,236.58148193359375,240.98590087890625,267.1351623535156
20260324,65,854.8885498046875,232.77516174316406,291.3139343261719,327.0482177734375,373.58477783203125,458.82843017578125,227.50201416015625,235.34445190429688,236.84860229492188,241.33238220214844,267.78985595703125,-330.1427917480469,227.56112670898438,246.9110565185547,438.1014709472656,685.5677490234375,227.50201416015625,235.34445190429688,236.84860229492188,241.33238220214844,267.78985595703125
20260324,66,854.8885498046875,232.6101837158203,286.3851623535156,321.3305358886719,368.1065368652344,455.7223815917969,227.50515747070312,235.48204040527344,237.14508056640625,241.73263549804688,268.649658203125,-325.2302551269531,227.37599182128906,246.3729248046875,437.8459777832031,690.9060668945312,227.50515747070312,235.48204040527344,237.14508056640625,241.73263549804688,268.649658203125
20260324,67,244.3204345703125,233.167236328125,280.7384948730469,313.3431091308594,358.8730163574219,444.66015625,227.74880981445312,235.84971618652344,237.67433166503906,242.34263610839844,269.4078674316406,-316.7732849121094,227.55255126953125,245.4749755859375,439.73175048828125,705.3710327148438,227.74880981445312,235.84971618652344,237.67433166503906,242.34263610839844,269.4078674316406
20260324,68,246.56631469726562,234.21022033691406,275.7028503417969,305.11993408203125,348.26544189453125,429.235107421875,228.42514038085938,236.6007537841797,238.56491088867188,243.2472381591797,269.759521484375,-306.65478515625,228.07489013671875,245.14891052246094,442.7537841796875,721.9932861328125,228.42514038085938,236.6007537841797,238.56491088867188,243.2472381591797,269.759521484375
20260324,69,248.00411987304688,235.41041564941406,271.6125183105469,297.2603759765625,336.73052978515625,410.3994445800781,229.73081970214844,237.9164276123047,239.97445678710938,244.57069396972656,269.59912109375,-296.1629638671875,228.6398468017578,244.8115997314453,445.74884033203125,739.3250122070312,229.73081970214844,237.9164276123047,239.97445678710938,244.57069396972656,269.59912109375
20260324,70,249.68943786621094,236.67469787597656,268.6170959472656,290.7083435058594,325.987060546875,391.19757080078125,231.70867919921875,239.82879638671875,241.8886260986328,246.28567504882812,269.0576477050781,-285.3155822753906,229.2467041015625,244.44895935058594,448.7059326171875,757.3843383789062,231.70867919921875,239.82879638671875,241.8886260986328,246.28567504882812,269.0576477050781
20260324,71,250.25,237.90841674804688,268.1307067871094,287.3845520019531,318.1392822265625,374.8824768066406,233.87628173828125,241.89402770996094,243.88174438476562,248.04571533203125,268.5716857910156,-275.5602722167969,229.9844207763672,245.1151123046875,451.2784423828125,770.0800170898438,233.87628173828125,241.89402770996094,243.88174438476562,248.04571533203125,268.5716857910156
20260324,72,251.68780517578125,239.05984497070312,268.6391296386719,285.7044982910156,312.3696594238281,361.5848388671875,235.8846893310547,243.7977752685547,245.67617797851562,249.6299285888672,268.2642822265625,-265.88580322265625,230.7871856689453,246.02476501464844,453.69818115234375,781.8338012695312,235.8846893310547,243.7977752685547,245.67617797851562,249.6299285888672,268.2642822265625
20260324,73,253.52963256835938,240.12521362304688,270.29913330078125,286.3617858886719,309.9118957519531,353.23687744140625,237.5276641845703,245.3387908935547,247.0955047607422,250.8812255859375,268.051513671875,-255.91696166992188,231.62892150878906,246.8675994873047,456.0480651855469,794.350830078125,237.5276641845703,245.3387908935547,247.0955047607422,250.8812255859375,268.051513671875
20260324,74,255.1549072265625,241.07070922851562,271.445556640625,286.8193664550781,307.89849853515625,346.4282531738281,238.77980041503906,246.5030059814453,248.14801025390625,251.80801391601562,267.89715576171875,-245.67698669433594,232.50833129882812,247.63026428222656,458.3177795410156,807.6364135742188,238.77980041503906,246.5030059814453,248.14801025390625,251.80801391601562,267.89715576171875
20260324,75,255.1549072265625,242.00613403320312,272.41778564453125,287.2332763671875,306.40667724609375,340.2952575683594,239.69766235351562,247.33120727539062,248.87477111816406,252.43905639648438,267.7151794433594,-236.11209106445312,233.6798858642578,249.6015167236328,461.314697265625,816.5774536132812,239.69766235351562,247.33120727539062,248.87477111816406,252.43905639648438,267.7151794433594
20260324,76,256.9767150878906,242.8627471923828,272.4488525390625,286.4566955566406,304.1095886230469,333.79022216796875,240.3600616455078,247.895263671875,249.3416290283203,252.82569885253906,267.45843505859375,-226.8173065185547,235.0225372314453,252.16131591796875,464.6480407714844,823.5598754882812,240.3600616455078,247.895263671875,249.3416290283203,252.82569885253906,267.45843505859375
20260324,77,258.6037902832031,243.65773010253906,271.8521728515625,285.1692199707031,301.8321838378906,328.35589599609375,240.81460571289062,248.24319458007812,249.5946044921875,253.00633239746094,267.1217346191406,-217.3272247314453,236.39788818359375,254.603271484375,467.8733215332031,831.3072509765625,240.81460571289062,248.24319458007812,249.5946044921875,253.00633239746094,267.1217346191406
20260324,78,259.0551452636719,244.4560089111328,271.3887634277344,284.27508544921875,300.2934875488281,324.6972351074219,241.11866760253906,248.43157958984375,249.68797302246094,253.02969360351562,266.7222595214844,-207.6688232421875,237.80401611328125,256.91571044921875,470.98193359375,839.8114624023438,241.11866760253906,248.43157958984375,249.68797302246094,253.02969360351562,266.7222595214844
20260324,79,260.620361328125,244.686279296875,270.56024169921875,283.44403076171875,299.9061279296875,325.12841796875,241.29014587402344,248.4956512451172,249.66636657714844,252.94580078125,266.331298828125,-199.5599365234375,238.71890258789062,258.23046875,470.9310607910156,846.4850463867188,241.29014587402344,248.4956512451172,249.66636657714844,252.94580078125,266.331298828125
20260324,80,260.620361328125,244.43405151367188,269.8158264160156,283.14019775390625,300.7844543457031,328.8995666503906,241.3514862060547,248.46543884277344,249.56787109375,252.7997589111328,265.9949645996094,-192.88812255859375,239.18368530273438,258.6084289550781,467.96630859375,851.5284423828125,241.3514862060547,248.46543884277344,249.56787109375,252.7997589111328,265.9949645996094
20260324,81,259.0551452636719,244.21466064453125,269.4927062988281,283.31524658203125,302.49542236328125,333.99371337890625,241.32208251953125,248.36175537109375,249.41873168945312,252.62242126464844,265.7291564941406,-186.13323974609375,239.6726837158203,258.82550048828125,464.8624572753906,857.2860717773438,241.32208251953125,248.36175537109375,249.41873168945312,252.62242126464844,265.7291564941406
20260324,82,259.0551452636719,244.02809143066406,269.6520080566406,284.0211181640625,304.9920654296875,339.9505615234375,241.20005798339844,248.19940185546875,249.24441528320312,252.44528198242188,265.5856018066406,-179.32447814941406,240.1835174560547,258.8725891113281,461.6134033203125,863.7376708984375,241.20005798339844,248.19940185546875,249.24441528320312,252.44528198242188,265.5856018066406
20260324,83,258.7985534667969,243.80258178710938,270.73895263671875,285.8367004394531,308.8785400390625,347.82110595703125,241.014404296875,248.00498962402344,249.06597900390625,252.28414916992188,265.55322265625,-173.0140838623047,240.75901794433594,258.8758239746094,459.1549987792969,870.0390625,241.014404296875,248.00498962402344,249.06597900390625,252.28414916992188,265.55322265625
20260324,84,258.7985534667969,243.5338897705078,272.99383544921875,289.1291809082031,314.6026916503906,358.18890380859375,240.78488159179688,247.78077697753906,248.8723907470703,252.1197052001953,265.5837097167969,-167.52191162109375,241.42181396484375,258.9022216796875,458.0054016113281,875.707763671875,240.78488159179688,247.78077697753906,248.8723907470703,252.1197052001953,265.5837097167969
20260324,85,257.21331787109375,243.2825469970703,276.8142395019531,294.5665283203125,322.76708984375,371.8096618652344,240.51126098632812,247.52122497558594,248.65423583984375,251.94090270996094,265.6778564453125,-162.06463623046875,242.0987091064453,258.73577880859375,456.69549560546875,881.9915161132812,240.51126098632812,247.52122497558594,248.65423583984375,251.94090270996094,265.6778564453125
20260324,86,257.21331787109375,243.109375,283.1536865234375,303.47662353515625,334.7342834472656,389.875,240.20680236816406,247.22996520996094,248.407958984375,251.73959350585938,265.8166809082031,-156.67152404785156,242.7870330810547,258.3703918457031,455.221435546875,888.8590698242188,240.20680236816406,247.22996520996094,248.407958984375,251.73959350585938,265.8166809082031
20260324,87,256.9767150878906,243.08258056640625,292.1341857910156,316.0450134277344,349.8380432128906,410.31201171875,239.88088989257812,246.9152069091797,248.1396484375,251.5201873779297,265.9990234375,-151.21945190429688,243.40733337402344,257.60980224609375,452.8262634277344,896.6690673828125,239.88088989257812,246.9152069091797,248.1396484375,251.5201873779297,265.9990234375
20260324,88,255.37147521972656,243.1865997314453,303.85162353515625,332.20465087890625,367.560791015625,431.5860595703125,239.5202178955078,246.57188415527344,247.84922790527344,251.28724670410156,266.2611389160156,-145.4576416015625,243.8165283203125,256.0994567871094,448.1250915527344,906.1058349609375,239.5202178955078,246.57188415527344,247.84922790527344,251.28724670410156,266.2611389160156
20260324,89,255.37147521972656,243.53558349609375,318.95654296875,352.44207763671875,388.34124755859375,453.4227600097656,239.11160278320312,246.19046020507812,247.53485107421875,251.04774475097656,266.6656494140625,-139.8462677001953,244.22872924804688,254.3772735595703,443.25299072265625,916.0166625976562,239.11160278320312,246.19046020507812,247.53485107421875,251.04774475097656,266.6656494140625
20260324,90,255.1549072265625,244.08477783203125,336.38946533203125,375.12908935546875,410.58172607421875,474.2374267578125,238.63302612304688,245.75595092773438,247.1924285888672,250.81021118164062,267.31097412109375,-134.41290283203125,244.6410675048828,252.4408416748047,438.2093811035156,926.361083984375,238.63302612304688,245.75595092773438,247.1924285888672,250.81021118164062,267.31097412109375
20260324,91,253.52963256835938,244.7340850830078,355.6211853027344,399.5452575683594,434.1264953613281,494.3330993652344,238.06175231933594,245.2526092529297,246.8170623779297,250.58387756347656,268.32000732421875,-128.93460083007812,245.0467987060547,250.26670837402344,432.67828369140625,937.4454345703125,238.06175231933594,245.2526092529297,246.8170623779297,250.58387756347656,268.32000732421875
20260324,92,253.52963256835938,245.40078735351562,371.898681640625,419.6019592285156,453.5583801269531,510.17803955078125,237.42529296875,244.70626831054688,246.42788696289062,250.38223266601562,269.67938232421875,-122.02300262451172,245.42076110839844,247.73065185546875,424.87158203125,951.2035522460938,237.42529296875,244.70626831054688,246.42788696289062,250.38223266601562,269.67938232421875
20260324,93,253.3330841064453,246.11253356933594,388.3028869628906,439.4334716796875,473.2095947265625,526.62060546875,236.71075439453125,244.111572265625,246.0338897705078,250.2313232421875,271.5133056640625,-115.3669662475586,245.7864227294922,244.97833251953125,416.895263671875,965.2626953125,236.71075439453125,244.111572265625,246.0338897705078,250.2313232421875,271.5133056640625
20260324,94,253.3330841064453,246.66976928710938,400.9171447753906,454.5663146972656,488.81854248046875,541.2725830078125,235.9147186279297,243.46957397460938,245.64881896972656,250.16539001464844,273.9862365722656,-108.99052429199219,246.1410369873047,242.0109405517578,408.7513427734375,979.575439453125,235.9147186279297,243.46957397460938,245.64881896972656,250.16539001464844,273.9862365722656
20260324,95,251.68780517578125,247.0973358154297,411.2002868652344,467.51727294921875,503.07568359375,556.4422607421875,235.0207061767578,242.75753784179688,245.25909423828125,250.1959991455078,277.2980651855469,-102.91629028320312,246.48184204101562,238.8306427001953,400.44293212890625,994.0939331054688,235.0207061767578,242.75753784179688,245.25909423828125,250.1959991455078,277.2980651855469
20260325,0,233.67344665527344,224.41854858398438,224.86366271972656,226.17552185058594,234.8212890625,311.2323913574219,226.02078247070312,232.34359741210938,234.4066162109375,244.16317749023438,376.74261474609375,60.883453369140625,216.81509399414062,325.63983154296875,478.78369140625,857.0242309570312,226.02078247070312,232.34359741210938,234.4066162109375,244.16317749023438,376.74261474609375
20260325,1,232.41400146484375,224.7495880126953,223.4224090576172,224.58486938476562,230.79373168945312,299.7459716796875,220.70474243164062,229.05126953125,230.3457794189453,234.25502014160156,288.86322021484375,62.852684020996094,217.5348358154297,323.20697021484375,477.2306213378906,866.1244506835938,220.70474243164062,229.05126953125,230.3457794189453,234.25502014160156,288.86322021484375
20260325,2,231.30015563964844,223.1597442626953,220.5678253173828,220.17201232910156,225.92123413085938,296.6180419921875,220.45632934570312,228.89906311035156,229.4877166748047,232.80130004882812,278.0816650390625,64.4598159790039,218.23301696777344,320.57293701171875,475.5255432128906,875.2813110351562,220.45632934570312,228.89906311035156,229.4877166748047,232.80130004882812,278.0816650390625
20260325,3,230.1863250732422,222.60302734375,221.81222534179688,221.44235229492188,229.4714813232422,317.5050354003906,221.03253173828125,228.38783264160156,228.14907836914062,231.20628356933594,273.099609375,65.68794250488281,218.90719604492188,317.7434387207031,473.6741027832031,884.4446411132812,221.03253173828125,228.38783264160156,228.14907836914062,231.20628356933594,273.099609375
20260325,4,229.07247924804688,222.2958221435547,217.806396484375,216.10134887695312,228.5623321533203,386.5688781738281,219.77809143066406,226.96958923339844,226.78672790527344,230.81129455566406,284.2695007324219,66.52169036865234,219.5551300048828,314.7249450683594,471.6824645996094,893.56396484375,219.77809143066406,226.96958923339844,226.78672790527344,230.81129455566406,284.2695007324219
20260325,5,854.1030883789062,220.83465576171875,215.55592346191406,217.42486572265625,234.89219665527344,412.2755126953125,218.22186279296875,226.0821533203125,226.09698486328125,231.3146209716797,303.60662841796875,68.26223754882812,220.11676025390625,311.32110595703125,467.6141052246094,904.5177612304688,218.22186279296875,226.0821533203125,226.09698486328125,231.3146209716797,303.60662841796875
20260325,6,854.1030883789062,221.93063354492188,216.68539428710938,228.91065979003906,251.81167602539062,443.3962097167969,217.3834228515625,226.2030792236328,226.4619598388672,233.37355041503906,332.3115539550781,70.3624038696289,220.80215454101562,308.07501220703125,463.69512939453125,916.013427734375,217.3834228515625,226.2030792236328,226.4619598388672,233.37355041503906,332.3115539550781
20260325,7,854.1030883789062,220.8130340576172,212.79324340820312,232.26751708984375,271.0459289550781,497.6041564941406,217.48504638671875,226.9620819091797,227.51866149902344,237.1251220703125,376.5809326171875,72.03260803222656,221.455078125,304.6641845703125,459.6579895019531,927.3157958984375,217.48504638671875,226.9620819091797,227.51866149902344,237.1251220703125,376.5809326171875
20260325,8,854.1030883789062,217.34542846679688,223.28179931640625,305.9686584472656,442.8110046386719,772.5339965820312,218.71563720703125,227.8769989013672,228.69569396972656,242.4071502685547,437.9908447265625,73.2645034790039,222.0736846923828,301.0982360839844,455.5111083984375,938.3765869140625,218.71563720703125,227.8769989013672,228.69569396972656,242.4071502685547,437.9908447265625
20260325,9,854.1030883789062,215.49588012695312,225.7831268310547,334.8519287109375,506.62823486328125,862.2673950195312,221.03382873535156,228.59791564941406,229.65142822265625,249.638671875,520.613037109375,75.35070037841797,222.45278930664062,296.83526611328125,448.2355651855469,951.408935546875,221.03382873535156,228.59791564941406,229.65142822265625,249.638671875,520.613037109375
20260325,10,854.1030883789062,215.68002319335938,226.66360473632812,339.4359436035156,522.902099609375,896.9088134765625,224.7908172607422,229.01119995117188,230.3753662109375,261.2359924316406,639.3564453125,77.44624328613281,222.7226104736328,292.2433166503906,439.79986572265625,964.904052734375,224.7908172607422,229.01119995117188,230.3753662109375,261.2359924316406,639.3564453125
20260325,11,854.1030883789062,215.62278747558594,239.1433868408203,376.95556640625,571.3121948242188,930.4575805664062,230.6759490966797,228.38978576660156,233.8159942626953,291.1039123535156,839.0546264648438,79.09005737304688,222.95358276367188,287.5286865234375,431.2823181152344,978.0194702148438,230.6759490966797,228.38978576660156,233.8159942626953,291.1039123535156,839.0546264648438
20260325,12,854.1030883789062,220.11508178710938,343.1771545410156,578.7628173828125,774.1473388671875,988.7291870117188,170.2238311767578,227.21043395996094,419.1895751953125,588.1340942382812,1098.3402099609375,80.28156280517578,223.14456176757812,282.7032470703125,422.69293212890625,990.7120971679688,170.2238311767578,227.21043395996094,419.1895751953125,588.1340942382812,1098.3402099609375
20260325,13,854.1030883789062,224.94688415527344,431.0045166015625,679.8683471679688,852.4368286132812,1008.6627807617188,188.20216369628906,543.6072998046875,770.8931274414062,900.0862426757812,1020.7699584960938,80.28612518310547,223.40977478027344,278.0921630859375,415.7574462890625,1001.6598510742188,188.20216369628906,543.6072998046875,770.8931274414062,900.0862426757812,1020.7699584960938
20260325,14,854.1030883789062,226.82501220703125,465.0517883300781,704.2932739257812,864.2214965820312,1014.1893310546875,236.84909057617188,646.193115234375,830.755126953125,929.943603515625,1028.0621337890625,79.36978149414062,223.70726013183594,273.5965881347656,409.8739013671875,1011.2810668945312,236.84909057617188,646.193115234375,830.755126953125,929.943603515625,1028.0621337890625
20260325,15,854.1030883789062,225.9221954345703,453.138427734375,688.8037109375,851.2310791015625,1017.0361938476562,260.49224853515625,680.3278198242188,844.6739501953125,930.7000122070312,1035.7103271484375,78.01087188720703,223.9622344970703,269.0286560058594,403.9503479003906,1020.36181640625,260.49224853515625,680.3278198242188,844.6739501953125,930.7000122070312,1035.7103271484375
20260325,16,854.1030883789062,225.39505004882812,448.3634948730469,672.1312255859375,833.0702514648438,1013.55712890625,273.4109802246094,692.6292114257812,845.9334716796875,925.133056640625,1038.8758544921875,76.21640014648438,224.17422485351562,264.4018249511719,397.997802734375,1028.867431640625,273.4109802246094,692.6292114257812,845.9334716796875,925.133056640625,1038.8758544921875
20260325,17,226.69920349121094,223.9842987060547,425.0057067871094,643.9111328125,814.6326293945312,1023.557373046875,279.7845764160156,693.892822265625,841.8369750976562,918.0972290039062,1039.302490234375,74.29225158691406,224.57962036132812,260.2824401855469,393.4787292480469,1036.5953369140625,279.7845764160156,693.892822265625,841.8369750976562,918.0972290039062,1039.302490234375
20260325,18,233.67344665527344,218.84751892089844,320.8065185546875,499.9820556640625,672.420654296875,937.0311279296875,278.801513671875,686.3228759765625,834.692138671875,911.8554077148438,1037.3795166015625,73.0863037109375,225.4266357421875,257.2380676269531,391.3249206542969,1044.0517578125,278.801513671875,686.3228759765625,834.692138671875,911.8554077148438,1037.3795166015625
20260325,19,235.51527404785156,216.4977264404297,265.064697265625,406.6922302246094,565.9463500976562,853.9005126953125,268.7315979003906,667.2059936523438,822.575439453125,904.5677490234375,1029.5157470703125,71.47700500488281,226.23036193847656,254.17662048339844,389.17572021484375,1050.84423828125,268.7315979003906,667.2059936523438,822.575439453125,904.5677490234375,1029.5157470703125
20260325,20,227.0850372314453,218.1363525390625,263.2490234375,381.3951721191406,515.6732177734375,790.5639038085938,248.95782470703125,635.2526245117188,804.5870971679688,895.1906127929688,1013.0800170898438,69.47859954833984,226.9910430908203,251.1122589111328,387.0423278808594,1056.948486328125,248.95782470703125,635.2526245117188,804.5870971679688,895.1906127929688,1013.0800170898438
20260325,21,230.1863250732422,218.52757263183594,213.69625854492188,262.15704345703125,338.06378173828125,587.0850830078125,218.9296112060547,587.9614868164062,778.879150390625,882.2438354492188,984.2484130859375,67.72489166259766,227.7389678955078,248.1016845703125,384.4482116699219,1063.1025390625,218.9296112060547,587.9614868164062,778.879150390625,882.2438354492188,984.2484130859375
20260325,22,231.30015563964844,221.60055541992188,212.521728515625,227.3932342529297,257.70654296875,439.388427734375,175.24847412109375,510.3341064453125,735.6576538085938,862.15283203125,944.1436767578125,66.77397155761719,228.5008087158203,245.1962432861328,380.9776916503906,1069.9532470703125,175.24847412109375,510.3341064453125,735.6576538085938,862.15283203125,944.1436767578125
20260325,23,233.67344665527344,225.137939453125,223.4429168701172,234.81834411621094,252.07342529296875,390.477783203125,134.58055114746094,315.3318176269531,589.8565063476562,784.02587890625,1076.4732666015625,65.48651123046875,229.2215576171875,242.33018493652344,377.5560302734375,1076.0611572265625,134.58055114746094,315.3318176269531,589.8565063476562,784.02587890625,1076.4732666015625
20260325,24,232.41400146484375,227.95472717285156,226.97235107421875,235.03269958496094,245.4073944091797,364.93841552734375,224.12213134765625,216.64784240722656,240.0593719482422,332.3309326171875,915.8975830078125,63.88285827636719,229.90213012695312,239.51736450195312,374.19390869140625,1081.414794921875,224.12213134765625,216.64784240722656,240.0593719482422,332.3309326171875,915.8975830078125
20260325,25,244.3204345703125,230.70111083984375,232.86767578125,240.37582397460938,246.8277130126953,335.9416809082031,221.5966033935547,228.68630981445312,232.71717834472656,261.9470520019531,513.1317749023438,62.0095329284668,230.69061279296875,237.25465393066406,371.5361633300781,1085.0137939453125,221.5966033935547,228.68630981445312,232.71717834472656,261.9470520019531,513.1317749023438
20260325,26,246.1622772216797,233.13975524902344,236.5555877685547,244.08749389648438,249.6369171142578,309.25958251953125,225.40057373046875,234.26071166992188,235.39495849609375,243.67593383789062,314.3727111816406,59.953453063964844,231.97015380859375,236.81190490722656,371.2422790527344,1084.2762451171875,225.40057373046875,234.26071166992188,235.39495849609375,243.67593383789062,314.3727111816406
20260325,27,248.00411987304688,234.85565185546875,238.3403778076172,245.65737915039062,250.63906860351562,285.8471984863281,231.46461486816406,239.42393493652344,240.08563232421875,244.53408813476562,275.1080017089844,57.650421142578125,233.2134552001953,236.4623260498047,371.038330078125,1082.7679443359375,231.46461486816406,239.42393493652344,240.08563232421875,244.53408813476562,275.1080017089844
20260325,28,249.84596252441406,236.19082641601562,239.4996337890625,246.81544494628906,251.69113159179688,268.9507751464844,235.21485900878906,242.81080627441406,243.33168029785156,246.75106811523438,266.2443542480469,55.12582778930664,234.42225646972656,236.21847534179688,370.93359375,1080.4903564453125,235.21485900878906,242.81080627441406,243.33168029785156,246.75106811523438,266.2443542480469
20260325,29,251.68780517578125,237.40980529785156,241.24386596679688,248.62002563476562,253.64662170410156,261.6193542480469,237.32534790039062,244.6246337890625,244.97329711914062,247.89785766601562,262.9769287109375,52.23387145996094,235.56983947753906,236.2081756591797,370.3230285644531,1076.3978271484375,237.32534790039062,244.6246337890625,244.97329711914062,247.89785766601562,262.9769287109375
20260325,30,251.51126098632812,238.27137756347656,242.9886016845703,249.8631134033203,254.9734344482422,261.52471923828125,238.3452911376953,245.39723205566406,245.6056671142578,248.27845764160156,261.43829345703125,47.36735534667969,236.3867950439453,237.54202270507812,363.3834228515625,1060.5228271484375,238.3452911376953,245.39723205566406,245.6056671142578,248.27845764160156,261.43829345703125
20260325,31,251.51126098632812,239.27760314941406,244.72512817382812,250.68807983398438,255.50729370117188,263.9490051269531,238.88351440429688,245.72560119628906,245.82305908203125,248.33731079101562,260.4278564453125,42.360416412353516,237.17501831054688,239.01641845703125,356.5685119628906,1043.90185546875,238.88351440429688,245.72560119628906,245.82305908203125,248.33731079101562,260.4278564453125
20260325,32,251.51126098632812,240.3477325439453,246.2786102294922,251.14816284179688,255.74365234375,266.5959777832031,239.13548278808594,245.8086395263672,245.8260498046875,248.2418975830078,259.7247314453125,37.241477966308594,237.93666076660156,240.64186096191406,349.8857421875,1026.5489501953125,239.13548278808594,245.8086395263672,245.8260498046875,248.2418975830078,259.7247314453125
20260325,33,251.68780517578125,241.3061065673828,247.12139892578125,251.0283660888672,255.60548400878906,267.95904541015625,239.181640625,245.7236785888672,245.68133544921875,248.02761840820312,259.1545104980469,32.039451599121094,238.67410278320312,242.4281768798828,343.3419189453125,1008.481689453125,239.181640625,245.7236785888672,245.68133544921875,248.02761840820312,259.1545104980469
20260325,34,251.51126098632812,241.5936737060547,246.9671630859375,250.3135528564453,255.21060180664062,268.960205078125,239.1665802001953,245.604736328125,245.51295471191406,247.80599975585938,258.69964599609375,24.98040199279785,238.7725067138672,242.16883850097656,337.13421630859375,992.9287719726562,239.1665802001953,245.604736328125,245.51295471191406,247.80599975585938,258.69964599609375
20260325,35,251.68780517578125,241.76071166992188,246.54689025878906,249.6410675048828,254.9396209716797,269.4496765136719,239.108154296875,245.46580505371094,245.33811950683594,247.59671020507812,258.3705749511719,17.81501007080078,238.82345581054688,241.98721313476562,331.08624267578125,976.85107421875,239.108154296875,245.46580505371094,245.33811950683594,247.59671020507812,258.3705749511719
20260325,36,251.68780517578125,241.90267944335938,246.17379760742188,249.0928497314453,254.7917022705078,269.27423095703125,239.01739501953125,245.3140106201172,245.16128540039062,247.40065002441406,258.13861083984375,10.654923439025879,238.85775756835938,241.99160766601562,325.1942443847656,960.129150390625,239.01739501953125,245.3140106201172,245.16128540039062,247.40065002441406,258.13861083984375
20260325,37,253.3330841064453,242.02027893066406,245.75143432617188,248.7371826171875,254.9083251953125,269.517578125,238.9087677001953,245.168212890625,245.0028076171875,247.23709106445312,258.01165771484375,3.5296120643615723,238.87789916992188,242.18893432617188,319.4626770019531,942.7919311523438,238.9087677001953,245.168212890625,245.0028076171875,247.23709106445312,258.01165771484375
20260325,38,251.68780517578125,241.67041015625,244.96499633789062,248.04251098632812,254.77313232421875,269.42828369140625,238.7547607421875,244.9875946044922,244.8127899169922,247.0477294921875,257.908203125,-6.166269779205322,238.63906860351562,242.9160919189453,312.35009765625,917.8856201171875,238.7547607421875,244.9875946044922,244.8127899169922,247.0477294921875,257.908203125
20260325,39,251.51126098632812,241.1846466064453,244.10572814941406,247.44412231445312,254.78939819335938,269.5162658691406,238.54403686523438,244.7642364501953,244.58473205566406,246.8265380859375,257.8241271972656,-16.323528289794922,238.3395233154297,243.91705322265625,305.07928466796875,890.9591064453125,238.54403686523438,244.7642364501953,244.58473205566406,246.8265380859375,257.8241271972656
20260325,40,251.51126098632812,240.72227478027344,243.37289428710938,246.96800231933594,254.8748016357422,269.42755126953125,238.2574462890625,244.4807586669922,244.3020782470703,246.5595245361328,257.7645568847656,-26.358617782592773,238.03411865234375,245.1263885498047,297.977783203125,863.519775390625,238.2574462890625,244.4807586669922,244.3020782470703,246.5595245361328,257.7645568847656
20260325,41,250.25,240.26019287109375,242.72047424316406,246.5928497314453,255.02272033691406,269.2131042480469,237.87083435058594,244.12229919433594,243.95547485351562,246.24180603027344,257.7593078613281,-36.243309020996094,237.72573852539062,246.54751586914062,291.0470886230469,835.606201171875,237.87083435058594,244.12229919433594,243.95547485351562,246.24180603027344,257.7593078613281
20260325,42,249.84596252441406,239.82199096679688,242.09075927734375,246.2869415283203,255.15911865234375,269.4423828125,237.4276123046875,243.7301483154297,243.58824157714844,245.9180908203125,257.84222412109375,-45.00299072265625,237.2547607421875,246.53887939453125,286.06591796875,815.0319213867188,237.4276123046875,243.7301483154297,243.58824157714844,245.9180908203125,257.84222412109375
20260325,43,249.68943786621094,239.37936401367188,241.4421844482422,245.9644012451172,255.29327392578125,269.91485595703125,236.93710327148438,243.3098602294922,243.206298828125,245.59716796875,258.0360412597656,-53.1435432434082,236.7154083251953,246.02687072753906,282.03424072265625,797.4672241210938,236.93710327148438,243.3098602294922,243.206298828125,245.59716796875,258.0360412597656
20260325,44,249.68943786621094,238.92918395996094,240.77919006347656,245.4484405517578,255.07704162597656,269.80218505859375,236.41549682617188,242.87351989746094,242.82122802734375,245.2901611328125,258.3433837890625,-61.05342102050781,236.18153381347656,245.7313995361328,278.17352294921875,779.555908203125,236.41549682617188,242.87351989746094,242.82122802734375,245.2901611328125,258.3433837890625
20260325,45,248.79400634765625,238.4894561767578,240.1434326171875,244.8163299560547,254.60418701171875,269.1325378417969,235.89810180664062,242.44778442382812,242.4554901123047,245.0143280029297,258.73980712890625,-68.70759582519531,235.6559600830078,245.6521759033203,274.4825134277344,761.343994140625,235.89810180664062,242.44778442382812,242.4554901123047,245.0143280029297,258.73980712890625
20260325,46,248.00411987304688,237.67227172851562,239.198974609375,243.69789123535156,253.55496215820312,267.6736755371094,235.3170623779297,241.97366333007812,242.05325317382812,244.7208709716797,259.2277526855469,-77.76533508300781,234.8421173095703,245.6363067626953,268.9863586425781,738.882568359375,235.3170623779297,241.97366333007812,242.05325317382812,244.7208709716797,259.2277526855469
20260325,47,246.56631469726562,236.51280212402344,237.92840576171875,242.17237854003906,252.12734985351562,266.1236572265625,234.60214233398438,241.3972930908203,241.57102966308594,244.38218688964844,259.8624267578125,-87.81570434570312,233.81173706054688,245.7166748046875,262.1375427246094,713.141845703125,234.60214233398438,241.3972930908203,241.57102966308594,244.38218688964844,259.8624267578125
20260325,48,245.45248413085938,235.32028198242188,236.56866455078125,240.44471740722656,250.55697631835938,264.57757568359375,233.70449829101562,240.6839141845703,240.9862518310547,243.99508666992188,260.7271423339844,-97.54248046875,232.79776000976562,246.00697326660156,255.44984436035156,687.24462890625,233.70449829101562,240.6839141845703,240.9862518310547,243.99508666992188,260.7271423339844
20260325,49,244.3204345703125,234.0999755859375,235.14768981933594,238.58035278320312,248.8931427001953,263.1877136230469,232.55950927734375,239.79095458984375,240.27886962890625,243.57363891601562,261.9710388183594,-106.92571258544922,231.80288696289062,246.50323486328125,248.91893005371094,661.2404174804688,232.55950927734375,239.79095458984375,240.27886962890625,243.57363891601562,261.9710388183594
20260325,50,242.8826446533203,233.33322143554688,234.11727905273438,237.1902313232422,247.6250762939453,261.9822692871094,231.3321533203125,238.85113525390625,239.56503295898438,243.20277404785156,263.43206787109375,-113.4806137084961,231.04806518554688,246.47842407226562,245.17713928222656,643.6708374023438,231.3321533203125,238.85113525390625,239.56503295898438,243.20277404785156,263.43206787109375
20260325,51,242.8826446533203,233.21585083007812,233.71119689941406,236.57766723632812,247.0887451171875,260.845458984375,230.2683868408203,238.04673767089844,238.97283935546875,242.92233276367188,264.6839904785156,-116.4503402709961,230.60142517089844,245.7101593017578,245.0099639892578,637.1336059570312,230.2683868408203,238.04673767089844,238.97283935546875,242.92233276367188,264.6839904785156
20260325,52,242.8826446533203,233.09666442871094,233.29571533203125,236.020751953125,246.6028289794922,260.16119384765625,229.4447479248047,237.43096923828125,238.52879333496094,242.71572875976562,265.53106689453125,-119.02572631835938,230.18101501464844,245.1309356689453,244.9830322265625,630.640380859375,229.4447479248047,237.43096923828125,238.52879333496094,242.71572875976562,265.53106689453125
20260325,53,242.8826446533203,232.968017578125,232.8791046142578,235.54554748535156,246.10289001464844,259.6864318847656,228.92547607421875,237.05259704589844,238.2599639892578,242.5763397216797,265.8419494628906,-121.19306945800781,229.78912353515625,244.7332763671875,245.08944702148438,624.241455078125,228.92547607421875,237.05259704589844,238.2599639892578,242.5763397216797,265.8419494628906
20260325,54,242.8826446533203,232.8919219970703,232.63873291015625,235.34715270996094,245.77989196777344,259.1705627441406,228.65574645996094,236.86309814453125,238.1237030029297,242.4792938232422,265.7298889160156,-122.73361206054688,229.39208984375,244.1670379638672,245.64955139160156,619.5969848632812,228.65574645996094,236.86309814453125,238.1237030029297,242.4792938232422,265.7298889160156
20260325,55,242.8826446533203,232.89195251464844,232.6358642578125,235.47491455078125,245.6493377685547,259.0016174316406,228.55870056152344,236.80612182617188,238.08470153808594,242.42218017578125,265.3423767089844,-123.37120056152344,228.94593811035156,242.9833984375,247.07684326171875,618.8269653320312,228.55870056152344,236.80612182617188,238.08470153808594,242.42218017578125,265.3423767089844
20260325,56,242.8826446533203,232.88272094726562,232.4918975830078,235.428466796875,245.3706512451172,258.89892578125,228.6101531982422,236.8614044189453,238.1298370361328,242.40451049804688,264.7463684082031,-123.57044219970703,228.5342254638672,241.9549102783203,248.6138153076172,618.298583984375,228.6101531982422,236.8614044189453,238.1298370361328,242.40451049804688,264.7463684082031
20260325,57,242.8826446533203,232.86915588378906,232.2078857421875,235.19615173339844,244.90188598632812,258.7724914550781,228.79214477539062,237.01942443847656,238.25929260253906,242.43885803222656,263.9960021972656,-123.32506561279297,228.15834045410156,241.07138061523438,250.251708984375,618.059326171875,228.79214477539062,237.01942443847656,238.25929260253906,242.43885803222656,263.9960021972656
20260325,58,243.22479248046875,232.93304443359375,232.1379852294922,235.19253540039062,244.61428833007812,258.34393310546875,229.08831787109375,237.27044677734375,238.46946716308594,242.530517578125,263.1429443359375,-122.42574310302734,227.81802368164062,240.16383361816406,252.21751403808594,619.1611328125,229.08831787109375,237.27044677734375,238.46946716308594,242.530517578125,263.1429443359375
20260325,59,243.22479248046875,233.18601989746094,232.5261993408203,235.75721740722656,244.8712615966797,257.9574890136719,229.53961181640625,237.65231323242188,238.79623413085938,242.7111358642578,262.208984375,-120.10186767578125,227.5074005126953,238.62777709960938,255.3877716064453,625.4215698242188,229.53961181640625,237.65231323242188,238.79623413085938,242.7111358642578,262.208984375
20260325,60,244.3204345703125,233.4321746826172,232.8419647216797,236.25177001953125,245.0924072265625,257.81390380859375,230.1488494873047,238.16586303710938,239.2445831298828,242.99578857421875,261.2984924316406,-117.32572174072266,227.23672485351562,237.20249938964844,258.6298828125,632.1050415039062,230.1488494873047,238.16586303710938,239.2445831298828,242.99578857421875,261.2984924316406
20260325,61,244.3204345703125,233.66583251953125,233.07688903808594,236.65484619140625,245.19642639160156,257.8515319824219,230.9462432861328,238.84129333496094,239.84898376464844,243.425537109375,260.4975891113281,-114.09848022460938,227.00709533691406,235.8756103515625,261.9333801269531,639.2523193359375,230.9462432861328,238.84129333496094,239.84898376464844,243.425537109375,260.4975891113281
20260325,62,244.33863830566406,233.94078063964844,233.50039672851562,237.3018035888672,245.5378875732422,257.9845275878906,231.93165588378906,239.68077087402344,240.615478515625,244.01675415039062,259.8988037109375,-110.34870910644531,226.83799743652344,234.66978454589844,265.362060546875,646.9873657226562,231.93165588378906,239.68077087402344,240.615478515625,244.01675415039062,259.8988037109375
20260325,63,245.45248413085938,234.73802185058594,234.6360321044922,238.72886657714844,246.61325073242188,258.03857421875,233.17356872558594,240.75030517578125,241.6090087890625,244.83152770996094,259.56219482421875,-104.51067352294922,227.1219482421875,234.3173828125,270.4640808105469,657.11669921875,233.17356872558594,240.75030517578125,241.6090087890625,244.83152770996094,259.56219482421875
20260325,64,246.56631469726562,235.53927612304688,235.72518920898438,240.09715270996094,247.65176391601562,258.4704284667969,234.57339477539062,241.97555541992188,242.76817321777344,245.8372802734375,259.6085510253906,-98.23709869384766,227.44882202148438,234.02383422851562,275.59503173828125,667.8212890625,234.57339477539062,241.97555541992188,242.76817321777344,245.8372802734375,259.6085510253906
20260325,65,247.68016052246094,236.30044555664062,236.65167236328125,241.387451171875,248.6749267578125,259.60308837890625,236.0234375,243.26876831054688,244.00758361816406,246.95726013183594,260.00250244140625,-91.53691101074219,227.8190155029297,233.775390625,280.7439270019531,679.1333618164062,236.0234375,243.26876831054688,244.00758361816406,246.95726013183594,260.00250244140625
20260325,66,248.00411987304688,237.05148315429688,237.62388610839844,242.74916076660156,249.8446807861328,261.203857421875,237.3992919921875,244.50975036621094,245.19992065429688,248.06175231933594,260.59149169921875,-84.42076110839844,228.23260498046875,233.55810546875,285.8993835449219,691.08251953125,237.3992919921875,244.50975036621094,245.19992065429688,248.06175231933594,260.59149169921875
20260325,67,248.4081573486328,237.7010040283203,238.76084899902344,244.32769775390625,251.34088134765625,263.2161865234375,238.51451110839844,245.53463745117188,246.19268798828125,249.00230407714844,261.203369140625,-77.78973388671875,228.69798278808594,234.03244018554688,290.0656433105469,699.3905639648438,238.51451110839844,245.53463745117188,246.19268798828125,249.00230407714844,261.203369140625
20260325,68,249.68943786621094,238.32388305664062,239.8530731201172,245.8251495361328,252.750244140625,265.0833435058594,239.4109649658203,246.37576293945312,247.01295471191406,249.79278564453125,261.7590637207031,-70.85420989990234,229.2072296142578,234.57394409179688,294.1222229003906,707.976806640625,239.4109649658203,246.37576293945312,247.01295471191406,249.79278564453125,261.7590637207031
20260325,69,249.84596252441406,238.93727111816406,240.83084106445312,247.17633056640625,254.05233764648438,266.65972900390625,240.11038208007812,247.04563903808594,247.67037963867188,250.4344940185547,262.2200927734375,-63.545536041259766,229.75906372070312,235.1041717529297,298.15191650390625,717.2726440429688,240.11038208007812,247.04563903808594,247.67037963867188,250.4344940185547,262.2200927734375
20260325,70,251.51126098632812,239.53762817382812,241.8040008544922,248.5092315673828,255.3392333984375,268.2383728027344,240.660888671875,247.5885467529297,248.2082061767578,250.96563720703125,262.6060485839844,-55.881160736083984,230.35279846191406,235.60910034179688,302.14361572265625,727.2960205078125,240.660888671875,247.5885467529297,248.2082061767578,250.96563720703125,262.6060485839844
20260325,71,251.68780517578125,240.2201690673828,243.04347229003906,250.0930633544922,256.8730163574219,269.5703430175781,241.10549926757812,248.0343017578125,248.6488037109375,251.401123046875,262.9101257324219,-47.84878158569336,231.162841796875,236.77137756347656,306.4319152832031,736.275146484375,241.10549926757812,248.0343017578125,248.6488037109375,251.401123046875,262.9101257324219
20260325,72,253.52963256835938,240.93687438964844,244.21630859375,251.55865478515625,258.22412109375,270.6122741699219,241.46815490722656,248.4004364013672,249.0045623779297,251.74798583984375,263.1261901855469,-39.491546630859375,232.0616912841797,238.07395935058594,310.7566223144531,745.5122680664062,241.46815490722656,248.4004364013672,249.0045623779297,251.74798583984375,263.1261901855469
20260325,73,255.1549072265625,241.6495819091797,245.2633819580078,252.90670776367188,259.42449951171875,271.55242919921875,241.7564697265625,248.68934631347656,249.274169921875,252.00132751464844,263.2450866699219,-30.840017318725586,232.9994659423828,239.3097381591797,315.0114440917969,755.5125732421875,241.7564697265625,248.68934631347656,249.274169921875,252.00132751464844,263.2450866699219
20260325,74,256.9767150878906,242.36170959472656,246.22238159179688,254.1689453125,260.5503234863281,272.5343017578125,241.9861297607422,248.91217041015625,249.466064453125,252.1676788330078,263.27191162109375,-21.91731834411621,233.97488403320312,240.46536254882812,319.1861877441406,766.281494140625,241.9861297607422,248.91217041015625,249.466064453125,252.1676788330078,263.27191162109375
20260325,75,257.21331787109375,242.75453186035156,246.8101806640625,254.96568298339844,261.26519775390625,273.15185546875,242.1194305419922,249.02333068847656,249.5352325439453,252.2023468017578,263.1761779785156,-14.737751960754395,234.86166381835938,242.19247436523438,321.6747131347656,771.0543823242188,242.1194305419922,249.02333068847656,249.5352325439453,252.2023468017578,263.1761779785156
20260325,76,257.21331787109375,242.97341918945312,247.1287384033203,255.4126434326172,261.6106872558594,273.2957458496094,242.17189025878906,249.0410919189453,249.50547790527344,252.13381958007812,262.99273681640625,-8.397908210754395,235.71644592285156,244.1683349609375,323.21258544921875,772.9877319335938,242.17189025878906,249.0410919189453,249.50547790527344,252.13381958007812,262.99273681640625
20260325,77,257.21331787109375,243.2054901123047,247.36322021484375,255.71730041503906,261.8188781738281,273.1144714355469,242.1465301513672,248.9718475341797,249.3878631591797,251.9762420654297,262.7391052246094,-1.862748622894287,236.60386657714844,246.02633666992188,324.6423034667969,775.6859741210938,242.1465301513672,248.9718475341797,249.3878631591797,251.9762420654297,262.7391052246094
20260325,78,258.7985534667969,243.44754028320312,247.51316833496094,255.88433837890625,261.9122314453125,272.8677673339844,242.05731201171875,248.83953857421875,249.21572875976562,251.77003479003906,262.47479248046875,4.840677738189697,237.5221405029297,247.75485229492188,325.955322265625,779.1412353515625,242.05731201171875,248.83953857421875,249.21572875976562,251.77003479003906,262.47479248046875
20260325,79,258.7985534667969,243.4452362060547,247.41310119628906,255.8522186279297,261.9090881347656,272.88665771484375,241.93934631347656,248.68141174316406,249.02175903320312,251.54449462890625,262.20489501953125,10.733965873718262,238.24600219726562,248.9313201904297,326.2845458984375,782.2060546875,241.93934631347656,248.68141174316406,249.02175903320312,251.54449462890625,262.20489501953125
20260325,80,257.21331787109375,243.21713256835938,247.0891876220703,255.61602783203125,261.7578430175781,273.0133361816406,241.80038452148438,248.50440979003906,248.80967712402344,251.30108642578125,261.9200744628906,15.867891311645508,238.7917938232422,249.57962036132812,325.6941223144531,784.9609375,241.80038452148438,248.50440979003906,248.80967712402344,251.30108642578125,261.9200744628906
20260325,81,256.9767150878906,243.00457763671875,246.78013610839844,255.2921142578125,261.4671936035156,272.7701416015625,241.63632202148438,248.30531311035156,248.5779266357422,251.03968811035156,261.62481689453125,21.084850311279297,239.3617401123047,250.06700134277344,324.9647216796875,788.43017578125,241.63632202148438,248.30531311035156,248.5779266357422,251.03968811035156,261.62481689453125
20260325,82,256.9767150878906,242.81748962402344,246.50572204589844,254.92506408691406,261.11480712890625,272.3251953125,241.44631958007812,248.08670043945312,248.3296661376953,250.76271057128906,261.3204650878906,26.355669021606445,239.9536590576172,250.38436889648438,324.0898742675781,792.5933227539062,241.44631958007812,248.08670043945312,248.3296661376953,250.76271057128906,261.3204650878906
20260325,83,255.37147521972656,242.4510040283203,246.1249542236328,254.43698120117188,260.6572265625,271.8971862792969,241.23179626464844,247.848876953125,248.06272888183594,250.46585083007812,260.99615478515625,30.717239379882812,240.40145874023438,250.1780242919922,322.896728515625,796.5536499023438,241.23179626464844,247.848876953125,248.06272888183594,250.46585083007812,260.99615478515625
20260325,84,253.52963256835938,241.7906951904297,245.54747009277344,253.78053283691406,260.0994567871094,271.58697509765625,240.9842071533203,247.5787811279297,247.7599334716797,250.12986755371094,260.6300354003906,33.621395111083984,240.61183166503906,249.24842834472656,321.2869873046875,799.799560546875,240.9842071533203,247.5787811279297,247.7599334716797,250.12986755371094,260.6300354003906
20260325,85,251.68780517578125,241.1238250732422,244.96722412109375,253.09304809570312,259.53558349609375,271.0191955566406,240.6888427734375,247.26329040527344,247.40771484375,249.74050903320312,260.2169189453125,36.490657806396484,240.83636474609375,248.1259002685547,319.51678466796875,803.66064453125,240.6888427734375,247.26329040527344,247.40771484375,249.74050903320312,260.2169189453125
20260325,86,250.25,240.46763610839844,244.38658142089844,252.3678741455078,258.9591064453125,270.101806640625,240.32839965820312,246.8880615234375,246.9915313720703,249.28221130371094,259.75335693359375,39.295719146728516,241.07223510742188,246.80447387695312,317.58258056640625,808.1054077148438,240.32839965820312,246.8880615234375,246.9915313720703,249.28221130371094,259.75335693359375
20260325,87,249.68943786621094,239.68130493164062,243.6865692138672,251.5519256591797,258.28228759765625,268.8812255859375,239.8794708251953,246.43458557128906,246.4923553466797,248.73451232910156,259.2422180175781,41.41865158081055,241.2073516845703,245.0457763671875,315.3271789550781,812.5642700195312,239.8794708251953,246.43458557128906,246.4923553466797,248.73451232910156,259.2422180175781
20260325,88,249.84596252441406,238.48703002929688,242.59681701660156,250.36151123046875,257.25946044921875,267.8558654785156,239.29176330566406,245.85043334960938,245.85220336914062,248.0386199951172,258.6822204589844,41.75120544433594,241.03807067871094,242.41810607910156,312.4657897949219,816.0194091796875,239.29176330566406,245.85043334960938,245.85220336914062,248.0386199951172,258.6822204589844
20260325,89,248.4081573486328,237.16683959960938,241.26889038085938,248.70071411132812,255.6824493408203,267.67449951171875,238.48199462890625,245.06605529785156,245.00645446777344,247.1392364501953,258.1872253417969,41.933380126953125,240.87185668945312,239.57858276367188,309.4335021972656,819.9486083984375,238.48199462890625,245.06605529785156,245.00645446777344,247.1392364501953,258.1872253417969
20260325,90,246.56631469726562,235.71597290039062,239.84017944335938,246.42919921875,253.41046142578125,270.2654113769531,237.2996368408203,243.95565795898438,243.84902954101562,245.9630584716797,258.10467529296875,41.93759536743164,240.70582580566406,236.52479553222656,306.2296447753906,824.311279296875,237.2996368408203,243.95565795898438,243.84902954101562,245.9630584716797,258.10467529296875
20260325,91,244.33863830566406,234.08831787109375,238.38034057617188,243.65914916992188,250.986083984375,279.9884033203125,235.44036865234375,242.2777862548828,242.19454956054688,244.42271423339844,259.4991149902344,42.04429626464844,240.5322723388672,233.228271484375,302.4654846191406,829.4945068359375,235.44036865234375,242.2777862548828,242.19454956054688,244.42271423339844,259.4991149902344
20260325,92,243.22479248046875,232.2950897216797,236.3554229736328,240.76669311523438,249.821044921875,300.2459716796875,232.37876892089844,239.6328125,239.7796173095703,242.5610809326172,265.6314697265625,43.96828842163086,240.32086181640625,229.53627014160156,295.9400329589844,837.8886108398438,232.37876892089844,239.6328125,239.7796173095703,242.5610809326172,265.6314697265625
20260325,93,240.11624145507812,229.83140563964844,232.2044677734375,237.76890563964844,253.0617218017578,346.45037841796875,227.08685302734375,235.3074493408203,236.3309326171875,241.4525909423828,290.4796142578125,45.636741638183594,240.10113525390625,225.62803649902344,289.2449035644531,846.5836791992188,227.08685302734375,235.3074493408203,236.3309326171875,241.4525909423828,290.4796142578125
20260325,94,232.41400146484375,226.58245849609375,225.32931518554688,235.39659118652344,264.681396484375,425.0816650390625,220.5635986328125,229.57737731933594,232.9945068359375,248.33526611328125,396.12847900390625,47.025611877441406,239.87034606933594,221.5047149658203,282.3822937011719,855.5324096679688,220.5635986328125,229.57737731933594,232.9945068359375,248.33526611328125,396.12847900390625
20260325,95,231.30015563964844,222.96543884277344,217.43560791015625,234.16824340820312,285.9759521484375,532.4240112304688,220.5077362060547,222.7279510498047,234.52903747558594,283.1768798828125,683.1038208007812,48.11227035522461,239.62574768066406,217.16848754882812,275.3550720214844,864.686767578125,220.5077362060547,222.7279510498047,234.52903747558594,283.1768798828125,683.1038208007812
20260326,0,237.35711669921875,224.12551879882812,228.9833526611328,232.25599670410156,246.62954711914062,348.45306396484375,227.38926696777344,233.18531799316406,236.43804931640625,253.74905395507812,428.9375,-6.7690229415893555,215.9130096435547,323.11358642578125,440.15740966796875,640.177734375,227.38926696777344,233.18531799316406,236.43804931640625,253.74905395507812,428.9375
20260326,1,237.35711669921875,223.8828125,226.46917724609375,230.13839721679688,242.18618774414062,338.2449951171875,222.75521850585938,230.68714904785156,232.00726318359375,240.30166625976562,343.1519470214844,-1.406148076057434,216.57052612304688,320.3636779785156,434.2474060058594,654.0449829101562,222.75521850585938,230.68714904785156,232.00726318359375,240.30166625976562,343.1519470214844
20260326,2,237.35711669921875,222.6976318359375,226.12696838378906,234.4527130126953,256.94866943359375,374.4373779296875,220.8387908935547,230.3026123046875,230.97129821777344,237.31304931640625,322.0516357421875,3.5945990085601807,217.20652770996094,317.4126281738281,428.1854248046875,667.9688720703125,220.8387908935547,230.3026123046875,230.97129821777344,237.31304931640625,322.0516357421875
20260326,3,239.19895935058594,222.9621124267578,227.0636749267578,236.7653045654297,261.1005859375,386.3236389160156,220.31015014648438,229.2733917236328,229.5626220703125,235.1494903564453,314.50732421875,8.216392517089844,217.81854248046875,314.26605224609375,421.9770812988281,681.8992309570312,220.31015014648438,229.2733917236328,229.5626220703125,235.1494903564453,314.50732421875
20260326,4,239.19895935058594,224.3199005126953,226.97752380371094,235.22412109375,252.86117553710938,393.5499267578125,220.05088806152344,228.57159423828125,228.76454162597656,236.30728149414062,339.49078369140625,12.443780899047852,218.40432739257812,310.9305114746094,415.6285095214844,695.78564453125,220.05088806152344,228.57159423828125,228.76454162597656,236.30728149414062,339.49078369140625
20260326,5,237.35711669921875,223.20846557617188,224.60316467285156,231.9516143798828,249.29615783691406,401.22686767578125,219.92733764648438,228.25790405273438,228.34097290039062,237.67808532714844,366.81903076171875,15.07133674621582,218.87399291992188,307.262451171875,409.8486328125,708.1690063476562,219.92733764648438,228.25790405273438,228.34097290039062,237.67808532714844,366.81903076171875
20260326,6,235.51527404785156,224.6024169921875,221.9156951904297,227.5254669189453,235.4385986328125,363.1142883300781,220.188232421875,228.47232055664062,228.5677947998047,240.2786102294922,402.7954406738281,17.100170135498047,219.29998779296875,303.3981628417969,404.0479431152344,720.197021484375,220.188232421875,228.47232055664062,228.5677947998047,240.2786102294922,402.7954406738281
20260326,7,235.51527404785156,223.3397979736328,219.89979553222656,230.65896606445312,249.2449188232422,414.067626953125,221.1305694580078,229.06015014648438,229.38999938964844,244.95497131347656,458.9406433105469,18.699020385742188,219.69349670410156,299.36920166015625,398.1291198730469,732.0316772460938,221.1305694580078,229.06015014648438,229.38999938964844,244.95497131347656,458.9406433105469
20260326,8,233.67344665527344,219.74232482910156,242.53036499023438,314.97174072265625,429.1509094238281,712.5661010742188,222.9099578857422,229.47540283203125,230.20010375976562,251.43637084960938,535.1354370117188,19.859529495239258,220.0526580810547,295.18505859375,392.1005859375,743.624755859375,222.9099578857422,229.47540283203125,230.20010375976562,251.43637084960938,535.1354370117188
20260326,9,232.41400146484375,217.37416076660156,257.263916015625,379.9080505371094,549.53271484375,877.56591796875,226.09671020507812,229.51785278320312,230.88583374023438,262.1718444824219,652.4425659179688,18.45369529724121,220.40939331054688,291.04132080078125,388.65460205078125,751.9613647460938,226.09671020507812,229.51785278320312,230.88583374023438,262.1718444824219,652.4425659179688
20260326,10,230.1863250732422,218.68019104003906,293.6824645996094,453.6073913574219,642.0689086914062,972.7979736328125,231.2873077392578,227.5812225341797,235.82093811035156,299.55657958984375,872.834228515625,15.849865913391113,220.74044799804688,286.8288879394531,386.06414794921875,758.9156494140625,231.2873077392578,227.5812225341797,235.82093811035156,299.55657958984375,872.834228515625
20260326,11,854.1030883789062,222.99046325683594,370.4346923828125,577.1575927734375,755.21142578125,1010.1038208007812,221.38809204101562,598.6195068359375,785.7958984375,887.0768432617188,979.0711059570312,12.989055633544922,221.08717346191406,282.61474609375,383.5814208984375,765.622802734375,221.38809204101562,598.6195068359375,785.7958984375,887.0768432617188,979.0711059570312
20260326,12,854.1616821289062,240.25088500976562,641.5448608398438,832.0053100585938,916.1491088867188,1002.973388671875,267.04296875,664.9353637695312,814.5131225585938,896.6221923828125,1020.0341796875,11.027154922485352,221.772216796875,279.1294250488281,382.3423767089844,772.827392578125,267.04296875,664.9353637695312,814.5131225585938,896.6221923828125,1020.0341796875
20260326,13,854.1616821289062,246.09185791015625,716.5687255859375,867.0494995117188,927.232421875,997.93994140625,268.3354187011719,648.5889282226562,793.1448364257812,877.0017700195312,1016.839599609375,9.805353164672852,222.2295684814453,275.0395202636719,378.26544189453125,781.6409301757812,268.3354187011719,648.5889282226562,793.1448364257812,877.0017700195312,1016.839599609375
20260326,14,854.1616821289062,244.88385009765625,701.9210205078125,840.6705322265625,896.2576904296875,971.1853637695312,256.52581787109375,606.6808471679688,753.3064575195312,844.10498046875,993.7787475585938,8.901470184326172,222.52508544921875,270.53863525390625,372.35284423828125,791.2837524414062,256.52581787109375,606.6808471679688,753.3064575195312,844.10498046875,993.7787475585938
20260326,15,854.1616821289062,242.18063354492188,677.1703491210938,819.0347290039062,880.1912841796875,963.7566528320312,238.6232147216797,550.0958862304688,700.9308471679688,800.12353515625,954.1110229492188,7.5550408363342285,222.77813720703125,265.96539306640625,366.40020751953125,800.3862915039062,238.6232147216797,550.0958862304688,700.9308471679688,800.12353515625,954.1110229492188
20260326,16,854.1616821289062,231.0916290283203,542.7447509765625,736.4945678710938,835.4743041992188,944.130615234375,217.6603546142578,482.9425964355469,639.0324096679688,746.7588500976562,898.9241333007812,5.773025035858154,222.98817443847656,261.33331298828125,360.41864013671875,808.9135131835938,217.6603546142578,482.9425964355469,639.0324096679688,746.7588500976562,898.9241333007812
20260326,17,230.1863250732422,226.80059814453125,491.4615173339844,700.731689453125,826.714111328125,963.911376953125,192.24215698242188,406.1610107421875,574.1332397460938,693.1243896484375,834.7699584960938,3.7977774143218994,223.60545349121094,257.7242736816406,357.561767578125,816.0578002929688,192.24215698242188,406.1610107421875,574.1332397460938,693.1243896484375,834.7699584960938
20260326,18,232.41400146484375,216.29486083984375,319.3990478515625,501.64471435546875,652.5888061523438,869.8934326171875,148.0294189453125,280.4588623046875,494.7460021972656,650.8312377929688,770.0811767578125,1.1463371515274048,224.5267333984375,254.9293670654297,357.62506103515625,821.3680419921875,148.0294189453125,280.4588623046875,494.7460021972656,650.8312377929688,770.0811767578125
20260326,19,235.51527404785156,212.19052124023438,246.76510620117188,385.1210632324219,543.7933349609375,838.6598510742188,227.51229858398438,222.5457000732422,239.8435821533203,305.9647521972656,933.9295654296875,-1.9084912538528442,225.40463256835938,252.1173858642578,357.6930847167969,826.0142211914062,227.51229858398438,222.5457000732422,239.8435821533203,305.9647521972656,933.9295654296875
20260326,20,227.0850372314453,212.994140625,244.713623046875,373.5326843261719,528.8917236328125,840.5238647460938,229.68238830566406,225.8912353515625,234.25497436523438,280.7156066894531,811.6890258789062,-5.352397441864014,226.2395782470703,249.302490234375,357.7768859863281,829.9719848632812,229.68238830566406,225.8912353515625,234.25497436523438,280.7156066894531,811.6890258789062
20260326,21,230.1863250732422,213.60467529296875,202.73924255371094,258.73858642578125,363.31658935546875,688.602294921875,232.21653747558594,231.17172241210938,237.25611877441406,277.753173828125,763.8571166992188,-8.415972709655762,227.06253051757812,246.53831481933594,357.2450866699219,834.15380859375,232.21653747558594,231.17172241210938,237.25611877441406,277.753173828125,763.8571166992188
20260326,22,231.30015563964844,217.7496337890625,209.84483337402344,245.88552856445312,311.1119079589844,577.3845825195312,234.09373474121094,233.6509552001953,238.47181701660156,275.6776123046875,734.1364135742188,-10.422357559204102,227.9010009765625,243.8735809326172,355.5464172363281,839.3583374023438,234.09373474121094,233.6509552001953,238.47181701660156,275.6776123046875,734.1364135742188
20260326,23,232.41400146484375,220.92642211914062,215.046142578125,233.0663604736328,263.8797302246094,470.6822814941406,234.04754638671875,231.90602111816406,236.17237854003906,271.65576171875,708.7122192382812,-12.765316009521484,228.69833374023438,241.24822998046875,353.8966369628906,843.8201904296875,234.04754638671875,231.90602111816406,236.17237854003906,271.65576171875,708.7122192382812
20260326,24,232.41400146484375,224.30197143554688,228.80992126464844,259.2769775390625,294.5427551269531,482.3621520996094,232.34521484375,231.95693969726562,235.22756958007812,266.8403625488281,657.5977172851562,-15.424442291259766,229.4555206298828,238.67608642578125,352.30645751953125,847.5275268554688,232.34521484375,231.95693969726562,235.22756958007812,266.8403625488281,657.5977172851562
20260326,25,242.3002471923828,226.8499755859375,225.36061096191406,235.7411346435547,244.8029022216797,381.87957763671875,231.82574462890625,235.36465454101562,237.18653869628906,256.4471740722656,512.1907348632812,-17.05340576171875,230.3108673095703,236.6015167236328,349.740234375,851.0957641601562,231.82574462890625,235.36465454101562,237.18653869628906,256.4471740722656,512.1907348632812
20260326,26,239.60299682617188,230.80642700195312,233.96900939941406,242.06442260742188,242.61245727539062,325.5724182128906,231.8553924560547,237.78936767578125,238.57994079589844,246.7981414794922,345.24066162109375,-14.185577392578125,231.6224822998047,236.1576690673828,343.4886779785156,856.1417236328125,231.8553924560547,237.78936767578125,238.57994079589844,246.7981414794922,345.24066162109375
20260326,27,246.1622772216797,233.6837158203125,237.40980529785156,246.076171875,246.2865447998047,295.2754821777344,233.0404510498047,239.63914489746094,240.87939453125,246.6358184814453,287.3977355957031,-11.564645767211914,232.89788818359375,235.80697631835938,337.3269348144531,860.417236328125,233.0404510498047,239.63914489746094,240.87939453125,246.6358184814453,287.3977355957031
20260326,28,247.86761474609375,235.7236328125,239.05740356445312,247.41729736328125,248.28179931640625,272.3980407714844,235.3166046142578,242.00408935546875,243.11077880859375,247.7197265625,272.4498596191406,-9.165349960327148,234.13877868652344,235.5620574951172,331.26446533203125,863.9234008789062,235.3166046142578,242.00408935546875,243.11077880859375,247.7197265625,272.4498596191406
20260326,29,249.68943786621094,237.14175415039062,240.8332061767578,248.54737854003906,250.32550048828125,265.7335205078125,237.24920654296875,243.8693389892578,244.57794189453125,248.29098510742188,267.1328125,-7.979128360748291,235.32958984375,235.61463928222656,325.76507568359375,864.4606323242188,237.24920654296875,243.8693389892578,244.57794189453125,248.29098510742188,267.1328125
20260326,30,249.68943786621094,237.42039489746094,242.04421997070312,248.33905029296875,250.21078491210938,264.726806640625,238.29794311523438,244.7909393310547,245.22048950195312,248.4462127685547,264.57257080078125,-17.647785186767578,236.30702209472656,237.68312072753906,325.15960693359375,841.0986328125,238.29794311523438,244.7909393310547,245.22048950195312,248.4462127685547,264.57257080078125
20260326,31,249.84596252441406,237.92930603027344,243.1944122314453,248.61593627929688,250.06130981445312,266.6229553222656,238.88095092773438,245.23141479492188,245.45294189453125,248.36334228515625,262.7497863769531,-27.456832885742188,237.2557830810547,239.8921356201172,324.67877197265625,816.9904174804688,238.88095092773438,245.23141479492188,245.45294189453125,248.36334228515625,262.7497863769531
20260326,32,250.25,238.62942504882812,243.70477294921875,248.47999572753906,249.71502685546875,265.23681640625,239.15354919433594,245.3602294921875,245.425048828125,248.13107299804688,261.4022216796875,-37.377891540527344,238.1779327392578,242.25221252441406,324.330078125,792.150634765625,239.15354919433594,245.3602294921875,245.425048828125,248.13107299804688,261.4022216796875
20260326,33,251.68780517578125,239.24131774902344,243.37734985351562,247.9658660888672,249.4293975830078,262.1438903808594,239.2095184326172,245.2980499267578,245.2504425048828,247.8195343017578,260.4029541015625,-47.38201904296875,239.07589721679688,244.77316284179688,324.1203308105469,766.59619140625,239.2095184326172,245.2980499267578,245.2504425048828,247.8195343017578,260.4029541015625
20260326,34,251.68780517578125,239.31593322753906,242.5472869873047,247.83660888671875,249.89169311523438,262.40045166015625,239.2152557373047,245.21829223632812,245.0898895263672,247.55908203125,259.64227294921875,-54.81024932861328,239.21621704101562,244.6793975830078,318.4938659667969,750.203125,239.2152557373047,245.21829223632812,245.0898895263672,247.55908203125,259.64227294921875
20260326,35,253.3330841064453,239.4003448486328,242.36541748046875,248.34274291992188,250.87200927734375,263.4679260253906,239.18174743652344,245.12432861328125,244.94224548339844,247.34429931640625,259.0952453613281,-62.1433219909668,239.3037109375,244.63746643066406,312.76556396484375,733.58740234375,239.18174743652344,245.12432861328125,244.94224548339844,247.34429931640625,259.0952453613281
20260326,36,253.3330841064453,239.5657958984375,243.001708984375,249.275634765625,252.24705505371094,266.3113708496094,239.12184143066406,245.023681640625,244.8079376220703,247.16656494140625,258.7060241699219,-69.47106170654297,239.37449645996094,244.78160095214844,307.1932678222656,716.3275756835938,239.12184143066406,245.023681640625,244.8079376220703,247.16656494140625,258.7060241699219
20260326,37,253.52963256835938,239.71473693847656,243.5454864501953,249.78009033203125,253.0192413330078,268.1025390625,239.0525665283203,244.93165588378906,244.6987762451172,247.03494262695312,258.4596252441406,-76.7640151977539,239.43112182617188,245.11863708496094,301.7814025878906,698.4522705078125,239.0525665283203,244.93165588378906,244.6987762451172,247.03494262695312,258.4596252441406
20260326,38,253.52963256835938,239.9102020263672,243.95301818847656,250.2085723876953,253.57765197753906,269.51153564453125,238.9965057373047,244.86253356933594,244.6190185546875,246.93814086914062,258.2754211425781,-82.5915298461914,239.16595458984375,243.1851348876953,298.1885070800781,691.0023803710938,238.9965057373047,244.86253356933594,244.6190185546875,246.93814086914062,258.2754211425781
20260326,39,255.1549072265625,240.0697479248047,244.18450927734375,250.63119506835938,254.38548278808594,271.6651611328125,238.9601593017578,244.82015991210938,244.57266235351562,246.8824920654297,258.16534423828125,-88.03067016601562,238.82672119140625,240.9358367919922,295.1112060546875,685.3207397460938,238.9601593017578,244.82015991210938,244.57266235351562,246.8824920654297,258.16534423828125
20260326,40,255.37147521972656,240.15396118164062,244.20912170410156,250.82762145996094,255.12631225585938,273.70849609375,238.95188903808594,244.8106689453125,244.5636749267578,246.8685760498047,258.113525390625,-93.34764862060547,238.48171997070312,238.89492797851562,292.2030944824219,679.1260375976562,238.95188903808594,244.8106689453125,244.5636749267578,246.8685760498047,258.113525390625
20260326,41,255.37147521972656,240.22976684570312,244.26206970214844,251.02980041503906,255.89871215820312,275.6241760253906,238.98599243164062,244.84701538085938,244.6048583984375,246.90975952148438,258.1268615722656,-98.51424407958984,238.13368225097656,237.0658416748047,289.4658508300781,672.4573364257812,238.98599243164062,244.84701538085938,244.6048583984375,246.90975952148438,258.1268615722656
20260326,42,255.1549072265625,239.84934997558594,244.19528198242188,250.86367797851562,255.96176147460938,275.52447509765625,238.99966430664062,244.8565673828125,244.61563110351562,246.92120361328125,258.12799072265625,-107.94206237792969,237.676513671875,236.3936004638672,287.8258361816406,654.619873046875,238.99966430664062,244.8565673828125,244.61563110351562,246.92120361328125,258.12799072265625
20260326,43,253.52963256835938,239.22134399414062,243.95376586914062,250.44264221191406,255.662109375,274.58660888671875,238.97152709960938,244.82049560546875,244.57691955566406,246.88328552246094,258.0983581542969,-119.10724639892578,237.1742706298828,236.34963989257812,286.7625732421875,631.6951293945312,238.97152709960938,244.82049560546875,244.57691955566406,246.88328552246094,258.0983581542969
20260326,44,251.68780517578125,238.5846405029297,243.53125,249.7301788330078,255.10939025878906,273.1726989746094,238.888427734375,244.72657775878906,244.4757537841797,246.78309631347656,258.0282897949219,-130.04173278808594,236.67758178710938,236.52220153808594,285.8702697753906,608.4236450195312,238.888427734375,244.72657775878906,244.4757537841797,246.78309631347656,258.0282897949219
20260326,45,251.51126098632812,237.98922729492188,243.10633850097656,248.87838745117188,254.3246307373047,271.3678894042969,238.7310333251953,244.56080627441406,244.30010986328125,246.6087646484375,257.9183349609375,-140.72047424316406,236.18919372558594,236.91099548339844,285.1476135253906,584.8513793945312,238.7310333251953,244.56080627441406,244.30010986328125,246.6087646484375,257.9183349609375
20260326,46,249.84596252441406,237.1893310546875,242.37374877929688,247.86691284179688,253.2360382080078,269.93804931640625,238.52105712890625,244.34625244140625,244.07403564453125,246.3848876953125,257.7836608886719,-151.47169494628906,235.37644958496094,236.18544006347656,284.2967529296875,564.0988159179688,238.52105712890625,244.34625244140625,244.07403564453125,246.3848876953125,257.7836608886719
20260326,47,248.4081573486328,236.17779541015625,241.37139892578125,246.69081115722656,252.0731201171875,269.1380920410156,238.2604522705078,244.08462524414062,243.79983520507812,246.1159210205078,257.63531494140625,-162.19139099121094,234.31954956054688,234.6501922607422,283.38311767578125,545.5045776367188,238.2604522705078,244.08462524414062,243.79983520507812,246.1159210205078,257.63531494140625
20260326,48,247.68016052246094,235.13462829589844,240.27371215820312,245.31495666503906,250.69854736328125,267.9735107421875,237.93736267089844,243.7650909423828,243.4677276611328,245.79345703125,257.4730224609375,-172.5874481201172,233.27908325195312,233.32481384277344,282.6305847167969,526.7537841796875,237.93736267089844,243.7650909423828,243.4677276611328,245.79345703125,257.4730224609375
20260326,49,246.56631469726562,234.06747436523438,239.19305419921875,243.8716278076172,249.22802734375,266.58648681640625,237.54251098632812,243.3824920654297,243.07550048828125,245.41839599609375,257.3079833984375,-182.6399688720703,232.25765991210938,232.2054443359375,282.034912109375,507.8961486816406,237.54251098632812,243.3824920654297,243.07550048828125,245.41839599609375,257.3079833984375
20260326,50,246.1622772216797,233.4101104736328,238.4772186279297,242.8418731689453,248.07872009277344,264.8444519042969,237.11338806152344,242.9798126220703,242.67140197753906,245.038330078125,257.1626281738281,-189.92115783691406,231.48941040039062,231.3158721923828,281.9644470214844,493.7497863769531,237.11338806152344,242.9798126220703,242.67140197753906,245.038330078125,257.1626281738281
20260326,51,246.1622772216797,233.30613708496094,238.1963653564453,242.256103515625,247.22659301757812,262.5918884277344,236.7298126220703,242.63523864746094,242.33670043945312,244.72976684570312,257.0577087402344,-193.69131469726562,231.04623413085938,230.65908813476562,282.525634765625,485.7955627441406,236.7298126220703,242.63523864746094,242.33670043945312,244.72976684570312,257.0577087402344
20260326,52,245.45248413085938,233.19544982910156,237.92098999023438,241.70504760742188,246.4139862060547,260.87060546875,236.42721557617188,242.37753295898438,242.09925842285156,244.5182342529297,256.9991149902344,-197.06703186035156,230.62936401367188,230.19126892089844,283.2270202636719,477.88543701171875,236.42721557617188,242.37753295898438,242.09925842285156,244.5182342529297,256.9991149902344
20260326,53,245.45248413085938,233.04661560058594,237.61102294921875,241.21493530273438,245.68966674804688,259.73529052734375,236.26678466796875,242.25462341308594,241.99945068359375,244.43344116210938,256.9701843261719,-200.03482055664062,230.24093627929688,229.90505981445312,284.0617980957031,470.0696105957031,236.26678466796875,242.25462341308594,241.99945068359375,244.43344116210938,256.9701843261719
20260326,54,244.7244873046875,232.77627563476562,237.2601776123047,240.74757385253906,245.13148498535156,258.6990661621094,236.20172119140625,242.21022033691406,241.97325134277344,244.41082763671875,256.9354248046875,-203.55953979492188,229.85646057128906,230.30996704101562,284.134765625,458.44647216796875,236.20172119140625,242.21022033691406,241.97325134277344,244.41082763671875,256.9354248046875
20260326,55,244.3204345703125,232.2160186767578,236.7169189453125,240.07102966308594,244.49520874023438,257.4896545410156,236.0717315673828,242.09669494628906,241.8761444091797,244.3185272216797,256.85888671875,-208.88714599609375,229.4436492919922,232.06248474121094,282.2964172363281,437.9853820800781,236.0717315673828,242.09669494628906,241.8761444091797,244.3185272216797,256.85888671875
20260326,56,243.22479248046875,231.6439666748047,236.07118225097656,239.2859649658203,243.8329620361328,256.5071105957031,235.85614013671875,241.9004669189453,241.69544982910156,244.14382934570312,256.7244567871094,-213.77647399902344,229.06517028808594,233.9701385498047,280.5677185058594,417.7659606933594,235.85614013671875,241.9004669189453,241.69544982910156,244.14382934570312,256.7244567871094
20260326,57,242.1109619140625,231.07505798339844,235.30274963378906,238.33424377441406,243.13706970214844,255.88209533691406,235.48655700683594,241.56202697753906,241.37623596191406,243.84063720703125,256.5350646972656,-218.2211151123047,228.72267150878906,236.02276611328125,278.9399719238281,397.8354187011719,235.48655700683594,241.56202697753906,241.37623596191406,243.84063720703125,256.5350646972656
20260326,58,241.04080200195312,230.52586364746094,234.622314453125,237.5148468017578,242.48878479003906,255.32249450683594,234.9471893310547,241.0758514404297,240.9208221435547,243.41822814941406,256.3232727050781,-222.08877563476562,228.4170379638672,238.0406494140625,277.7989807128906,379.22802734375,234.9471893310547,241.0758514404297,240.9208221435547,243.41822814941406,256.3232727050781
20260326,59,239.88328552246094,230.06617736816406,234.15875244140625,237.03395080566406,242.13504028320312,255.2434539794922,234.35874938964844,240.55068969726562,240.4364471435547,242.9795379638672,256.1593933105469,-224.8974609375,228.14759826660156,239.3791961669922,278.61724853515625,365.69281005859375,234.35874938964844,240.55068969726562,240.4364471435547,242.9795379638672,256.1593933105469
20260326,60,239.19895935058594,229.5875244140625,233.6964569091797,236.5427703857422,241.8009796142578,255.40728759765625,233.72914123535156,239.99053955078125,239.92788696289062,242.53269958496094,256.07696533203125,-227.2538604736328,227.9181671142578,240.82850646972656,279.5072937011719,352.5804443359375,233.72914123535156,239.99053955078125,239.92788696289062,242.53269958496094,256.07696533203125
20260326,61,237.35711669921875,229.0959930419922,233.25921630859375,236.04766845703125,241.43853759765625,255.63967895507812,233.10516357421875,239.43698120117188,239.4349822998047,242.11309814453125,256.0851135253906,-229.15916442871094,227.72976684570312,242.37623596191406,280.45880126953125,339.9320068359375,233.10516357421875,239.43698120117188,239.4349822998047,242.11309814453125,256.0851135253906
20260326,62,235.51527404785156,228.65484619140625,232.90170288085938,235.6737823486328,241.2670440673828,256.0575866699219,232.54299926757812,238.93865966796875,239.00160217285156,241.7583465576172,256.18988037109375,-230.34738159179688,227.601318359375,243.9193115234375,281.69708251953125,328.71563720703125,232.54299926757812,238.93865966796875,239.00160217285156,241.7583465576172,256.18988037109375
20260326,63,238.76943969726562,229.34286499023438,233.62924194335938,236.82106018066406,242.48870849609375,255.9154510498047,232.4998779296875,238.9185791015625,239.0126495361328,241.76976013183594,256.2655029296875,-225.1674346923828,227.913818359375,243.55093383789062,288.16558837890625,338.4707946777344,232.4998779296875,238.9185791015625,239.0126495361328,241.76976013183594,256.2655029296875
20260326,64,239.88328552246094,230.0779266357422,234.42750549316406,237.97479248046875,243.75042724609375,256.2778015136719,232.92054748535156,239.31503295898438,239.41610717773438,242.12217712402344,256.4078674316406,-219.5519561767578,228.269287109375,243.2414093017578,294.6630554199219,348.801025390625,232.92054748535156,239.31503295898438,239.41610717773438,242.12217712402344,256.4078674316406
20260326,65,241.04080200195312,230.82388305664062,235.34652709960938,239.24746704101562,244.9502410888672,256.29913330078125,233.8211212158203,240.15286254882812,240.2422332763672,242.85108947753906,256.6318054199219,-213.5098419189453,228.66807556152344,242.97698974609375,301.1783447265625,359.7388000488281,233.8211212158203,240.15286254882812,240.2422332763672,242.85108947753906,256.6318054199219
20260326,66,243.22479248046875,231.57574462890625,236.26773071289062,240.42774963378906,246.0039825439453,256.34686279296875,235.0555877685547,241.2845001220703,241.34616088867188,243.8485565185547,257.0013122558594,-207.05178833007812,229.11024475097656,242.74374389648438,307.7003173828125,371.313720703125,235.0555877685547,241.2845001220703,241.34616088867188,243.8485565185547,257.0013122558594
20260326,67,244.33863830566406,232.4451141357422,237.57437133789062,241.91554260253906,247.08534240722656,256.8895263671875,236.21176147460938,242.35995483398438,242.41281127929688,244.84844970703125,257.5010986328125,-199.4285125732422,229.58335876464844,242.49148559570312,313.1463623046875,384.4619140625,236.21176147460938,242.35995483398438,242.41281127929688,244.84844970703125,257.5010986328125
20260326,68,245.45248413085938,233.2888946533203,238.78208923339844,243.24058532714844,248.0294952392578,257.7867431640625,237.2310791015625,243.32664489746094,243.39151000976562,245.80018615722656,258.0963134765625,-191.34361267089844,230.09829711914062,242.23870849609375,318.4745178222656,398.3849792480469,237.2310791015625,243.32664489746094,243.39151000976562,245.80018615722656,258.0963134765625
20260326,69,246.56631469726562,234.08828735351562,239.81857299804688,244.39634704589844,248.85446166992188,258.8926086425781,238.10171508789062,244.17205810546875,244.2654571533203,246.67825317382812,258.7478332519531,-182.8854522705078,230.65591430664062,241.9746551513672,323.7756652832031,413.0175476074219,238.10171508789062,244.17205810546875,244.2654571533203,246.67825317382812,258.7478332519531
20260326,70,247.86761474609375,234.85311889648438,240.75006103515625,245.44192504882812,249.54318237304688,259.9939880371094,238.83482360839844,244.90174865722656,245.03298950195312,247.46975708007812,259.4065856933594,-174.0716552734375,231.2554473876953,241.68527221679688,329.0388488769531,428.37774658203125,238.83482360839844,244.90174865722656,245.03298950195312,247.46975708007812,259.4065856933594
20260326,71,248.4081573486328,235.68927001953125,242.12754821777344,247.01011657714844,250.71075439453125,260.7092590332031,239.43267822265625,245.5098419189453,245.68006896972656,248.1482391357422,260.000732421875,-165.3602294921875,232.089111328125,242.44021606445312,334.1870422363281,440.3935546875,239.43267822265625,245.5098419189453,245.68006896972656,248.1482391357422,260.000732421875
20260326,72,249.68943786621094,236.5257568359375,243.38584899902344,248.41102600097656,251.63330078125,260.97174072265625,239.923583984375,246.01901245117188,246.22369384765625,248.72259521484375,260.50115966796875,-156.45458984375,233.01663208007812,243.4429473876953,339.25732421875,452.0286560058594,239.923583984375,246.01901245117188,246.22369384765625,248.72259521484375,260.50115966796875
20260326,73,250.25,237.3421630859375,244.40550231933594,249.5908660888672,252.32437133789062,261.1270751953125,240.32122802734375,246.43833923339844,246.67056274414062,249.196044921875,260.9005432128906,-147.25460815429688,233.98309326171875,244.37887573242188,344.2576904296875,464.42681884765625,240.32122802734375,246.43833923339844,246.67056274414062,249.196044921875,260.9005432128906
20260326,74,251.68780517578125,238.14773559570312,245.32199096679688,250.68211364746094,252.91661071777344,261.27874755859375,240.6439208984375,246.781494140625,247.03179931640625,249.57632446289062,261.200927734375,-137.78346252441406,234.98719787597656,245.23463439941406,349.17791748046875,477.59356689453125,240.6439208984375,246.781494140625,247.03179931640625,249.57632446289062,261.200927734375
20260326,75,253.52963256835938,238.6112060546875,245.9691162109375,251.6086883544922,253.56683349609375,261.6312255859375,240.86029052734375,247.0076141357422,247.26495361328125,249.8198699951172,261.37701416015625,-130.20993041992188,235.89224243164062,246.83535766601562,351.8631286621094,483.6172790527344,240.86029052734375,247.0076141357422,247.26495361328125,249.8198699951172,261.37701416015625
20260326,76,253.52963256835938,238.8765106201172,246.28831481933594,252.12417602539062,253.78456115722656,261.548828125,240.98487854003906,247.13072204589844,247.38592529296875,249.9432830810547,261.4453125,-123.5584716796875,236.7596435546875,248.77732849121094,353.3050842285156,486.1897888183594,240.98487854003906,247.13072204589844,247.38592529296875,249.9432830810547,261.4453125
20260326,77,255.1549072265625,239.161865234375,246.48646545410156,252.4706573486328,253.85816955566406,261.31414794921875,241.02279663085938,247.1560821533203,247.40235900878906,249.9558563232422,261.4156494140625,-116.71168518066406,237.6597442626953,250.60142517089844,354.638916015625,489.52716064453125,241.02279663085938,247.1560821533203,247.40235900878906,249.9558563232422,261.4156494140625
20260326,78,255.37147521972656,239.4584503173828,246.60791015625,252.68771362304688,253.81829833984375,261.1153259277344,240.98690795898438,247.10452270507812,247.34230041503906,249.8904266357422,261.3408508300781,-109.69659423828125,238.5906982421875,252.29605102539062,355.85601806640625,493.62152099609375,240.98690795898438,247.10452270507812,247.34230041503906,249.8904266357422,261.3408508300781
20260326,79,255.1549072265625,239.4222869873047,246.52008056640625,252.6811981201172,253.72433471679688,261.3913879394531,240.90863037109375,247.0052032470703,247.23175048828125,249.7722625732422,261.23736572265625,-104.54859161376953,239.32569885253906,253.51304626464844,357.20281982421875,495.7630310058594,240.90863037109375,247.0052032470703,247.23175048828125,249.7722625732422,261.23736572265625
20260326,80,253.52963256835938,239.0565643310547,246.15243530273438,252.3376007080078,253.29393005371094,261.5263366699219,240.79248046875,246.85964965820312,247.0693817138672,249.59959411621094,261.1039123535156,-101.12869262695312,239.88143920898438,254.27001953125,358.6505126953125,496.16229248046875,240.79248046875,246.85964965820312,247.0693817138672,249.59959411621094,261.1039123535156
20260326,81,253.3330841064453,238.68563842773438,245.74525451660156,251.8621826171875,252.70069885253906,261.16668701171875,240.63348388671875,246.66357421875,246.8513946533203,249.36920166015625,260.9425354003906,-97.6257553100586,240.46141052246094,254.86610412597656,359.95916748046875,497.27587890625,240.63348388671875,246.66357421875,246.8513946533203,249.36920166015625,260.9425354003906
20260326,82,251.68780517578125,238.32814025878906,245.28158569335938,251.22340393066406,251.90921020507812,260.2981872558594,240.42808532714844,246.41912841796875,246.58270263671875,249.087158203125,260.7736511230469,-94.0689926147461,241.06320190429688,255.29220581054688,361.12261962890625,499.08343505859375,240.42808532714844,246.41912841796875,246.58270263671875,249.087158203125,260.7736511230469
20260326,83,250.25,237.8723602294922,244.7156524658203,250.56787109375,251.2842254638672,259.7945251464844,240.18780517578125,246.1414794921875,246.27899169921875,248.76910400390625,260.615966796875,-89.81068420410156,241.48207092285156,255.02169799804688,359.8288269042969,502.9734191894531,240.18780517578125,246.1414794921875,246.27899169921875,248.76910400390625,260.615966796875
20260326,84,249.68943786621094,237.2674102783203,243.9713897705078,249.96836853027344,250.983642578125,260.1562194824219,239.918701171875,245.83306884765625,245.93966674804688,248.41409301757812,260.474853515625,-84.504150390625,241.6031494140625,253.75900268554688,354.79168701171875,509.70391845703125,239.918701171875,245.83306884765625,245.93966674804688,248.41409301757812,260.474853515625
20260326,85,248.4081573486328,236.64756774902344,243.16415405273438,249.26348876953125,250.64285278320312,260.8037109375,239.60833740234375,245.48370361328125,245.5589599609375,248.0225067138672,260.40496826171875,-79.2325210571289,241.73831176757812,252.3034210205078,349.59417724609375,517.049560546875,239.60833740234375,245.48370361328125,245.5589599609375,248.0225067138672,260.40496826171875
20260326,86,247.86761474609375,235.99815368652344,242.30787658691406,248.4188995361328,250.228515625,261.8341064453125,239.24412536621094,245.08193969726562,245.12924194335938,247.59373474121094,260.47467041015625,-74.02507781982422,241.88485717773438,250.64889526367188,344.23260498046875,524.9788818359375,239.24412536621094,245.08193969726562,245.12924194335938,247.59373474121094,260.47467041015625
20260326,87,246.56631469726562,235.13302612304688,241.29550170898438,247.36642456054688,249.65171813964844,263.0135192871094,238.78834533691406,244.5865020751953,244.6101531982422,247.0951690673828,260.774658203125,-69.7076187133789,241.92495727539062,248.55386352539062,338.74505615234375,532.6534423828125,238.78834533691406,244.5865020751953,244.6101531982422,247.0951690673828,260.774658203125
20260326,88,244.7244873046875,233.7736358642578,240.0585479736328,246.0201416015625,249.07302856445312,266.84283447265625,238.14089965820312,243.88803100585938,243.89675903320312,246.44398498535156,261.55950927734375,-67.7693862915039,241.64471435546875,245.58059692382812,333.2045593261719,538.5618896484375,238.14089965820312,243.88803100585938,243.89675903320312,246.44398498535156,261.55950927734375
20260326,89,242.8826446533203,232.30799865722656,238.89361572265625,244.50083923339844,248.50291442871094,274.6227111816406,237.16751098632812,242.8583984375,242.88668823242188,245.59690856933594,263.47393798828125,-65.98155212402344,241.3674774169922,242.39549255371094,327.4931945800781,544.9446411132812,237.16751098632812,242.8583984375,242.88668823242188,245.59690856933594,263.47393798828125
20260326,90,240.9971160888672,230.6785888671875,237.69581604003906,242.81317138671875,248.50668334960938,291.1930236816406,235.594482421875,241.24899291992188,241.414794921875,244.5685272216797,268.3568420410156,-64.37167358398438,241.0904083251953,238.99612426757812,321.6102600097656,551.7606811523438,235.594482421875,241.24899291992188,241.414794921875,244.5685272216797,268.3568420410156
20260326,91,239.19895935058594,228.71759033203125,235.90086364746094,241.99986267089844,252.4114227294922,328.3163757324219,232.8810272216797,238.6431121826172,239.33624267578125,243.82386779785156,282.3280334472656,-62.89934158325195,240.80958557128906,235.375,315.47064208984375,559.061767578125,232.8810272216797,238.6431121826172,239.33624267578125,243.82386779785156,282.3280334472656
20260326,92,237.35711669921875,225.97067260742188,231.8337860107422,243.96511840820312,267.0362854003906,401.8189392089844,228.19383239746094,234.512451171875,237.04795837402344,246.3367462158203,330.220458984375,-61.20979309082031,240.51617431640625,231.4982147216797,308.59332275390625,567.3358154296875,228.19383239746094,234.512451171875,237.04795837402344,246.3367462158203,330.220458984375
20260326,93,233.67344665527344,222.2505340576172,225.01345825195312,251.33811950683594,301.0729064941406,526.4279174804688,222.1165771484375,227.2546844482422,240.87515258789062,281.0962219238281,600.0288696289062,-59.77577209472656,240.21453857421875,227.40516662597656,301.5464172363281,575.9107666015625,222.1165771484375,227.2546844482422,240.87515258789062,281.0962219238281,600.0288696289062
20260326,94,235.51527404785156,218.47689819335938,219.1273193359375,262.7001953125,347.6861877441406,674.8670043945312,144.97265625,380.1086730957031,608.7257690429688,763.6221923828125,1133.4114990234375,-58.62135696411133,239.9017791748047,223.0970458984375,294.33203125,584.739501953125,144.97265625,380.1086730957031,608.7257690429688,763.6221923828125,1133.4114990234375
20260326,95,227.0850372314453,215.1477813720703,215.89784240722656,272.7218322753906,390.9083557128906,811.1798706054688,174.67578125,558.048828125,753.7367553710938,864.5960083007812,991.7825927734375,-57.76913070678711,239.57525634765625,218.57598876953125,286.9530029296875,593.7737426757812,174.67578125,558.048828125,753.7367553710938,864.5960083007812,991.7825927734375
20260327,0,854.8885498046875,218.49777221679688,235.50555419921875,278.7543640136719,359.63494873046875,605.7589721679688,223.4457244873047,228.0101776123047,266.8422546386719,346.5078430175781,768.4124145507812,-8.144701957702637,217.45223999023438,322.5810241699219,451.76898193359375,395.2078857421875,223.4457244873047,228.0101776123047,266.8422546386719,346.5078430175781,768.4124145507812
20260327,1,854.8885498046875,216.6337127685547,234.716064453125,290.7214660644531,386.7288513183594,650.0391235351562,231.79132080078125,231.5449981689453,247.5238494873047,316.7265319824219,812.6038208007812,-3.470384359359741,218.17282104492188,320.0162658691406,447.1244201660156,407.98553466796875,231.79132080078125,231.5449981689453,247.5238494873047,316.7265319824219,812.6038208007812
20260327,2,854.8885498046875,219.7045440673828,301.4130554199219,407.5872802734375,537.5394897460938,800.187255859375,232.4916229248047,234.33401489257812,238.7779541015625,284.1913757324219,748.241943359375,0.8418253660202026,218.87181091308594,317.25030517578125,442.3279113769531,420.8200378417969,232.4916229248047,234.33401489257812,238.7779541015625,284.1913757324219,748.241943359375
20260327,3,854.8885498046875,221.4744873046875,321.5892639160156,437.8620910644531,565.2951049804688,822.6282348632812,231.63446044921875,232.9618377685547,237.65318298339844,283.72174072265625,777.7023315429688,4.775061130523682,219.54684448242188,314.2888488769531,437.3850402832031,433.6609191894531,231.63446044921875,232.9618377685547,237.65318298339844,283.72174072265625,777.7023315429688
20260327,4,854.8885498046875,228.18214416503906,352.47845458984375,481.7131042480469,605.5123291015625,836.169677734375,233.0118865966797,229.79055786132812,239.85574340820312,310.69158935546875,931.8626708984375,8.313892364501953,220.1956024169922,311.1384582519531,432.30194091796875,446.4577941894531,233.0118865966797,229.79055786132812,239.85574340820312,310.69158935546875,931.8626708984375
20260327,5,854.8885498046875,228.4123077392578,368.4155578613281,517.4579467773438,644.7993774414062,866.1675415039062,219.1326446533203,221.22122192382812,282.94140625,411.2015686035156,1091.9998779296875,10.751107215881348,220.92459106445312,308.1011657714844,428.7022399902344,457.9532165527344,219.1326446533203,221.22122192382812,282.94140625,411.2015686035156,1091.9998779296875
20260327,6,854.8885498046875,228.9058380126953,356.2236022949219,476.70269775390625,580.6583862304688,777.3423461914062,144.22271728515625,284.7716369628906,545.802734375,727.0339965820312,985.0574951171875,12.664336204528809,221.63926696777344,304.93450927734375,425.2191162109375,469.1235046386719,144.22271728515625,284.7716369628906,545.802734375,727.0339965820312,985.0574951171875
20260327,7,854.8885498046875,231.4310302734375,411.5324401855469,567.435546875,681.0091552734375,855.121337890625,200.54153442382812,553.520263671875,765.8663330078125,884.0172119140625,968.9452514648438,14.14758014678955,222.32150268554688,301.6031494140625,421.61773681640625,480.1004638671875,200.54153442382812,553.520263671875,765.8663330078125,884.0172119140625,968.9452514648438
20260327,8,854.8885498046875,239.7325897216797,538.1439208984375,731.8926391601562,832.7709350585938,952.941162109375,242.82763671875,637.4115600585938,808.2098999023438,899.2135009765625,1002.6778564453125,15.1925048828125,222.96937561035156,298.11663818359375,417.90667724609375,490.8358459472656,242.82763671875,637.4115600585938,808.2098999023438,899.2135009765625,1002.6778564453125
20260327,9,854.8885498046875,240.29795837402344,553.2411499023438,744.3590087890625,831.4509887695312,928.5689697265625,262.7164001464844,668.0969848632812,819.39794921875,898.9940795898438,1016.2045288085938,17.78269386291504,223.26953125,293.6394958496094,409.4563903808594,504.7452697753906,262.7164001464844,668.0969848632812,819.39794921875,898.9940795898438,1016.2045288085938
20260327,10,854.8885498046875,241.54629516601562,552.2792358398438,730.1520385742188,805.5228271484375,897.1283569335938,273.2849426269531,682.4981079101562,823.4894409179688,897.1994018554688,1022.8480224609375,20.626068115234375,223.4221954345703,288.7297668457031,399.2775573730469,519.5419921875,273.2849426269531,682.4981079101562,823.4894409179688,897.1994018554688,1022.8480224609375
20260327,11,854.8885498046875,243.0275115966797,580.1626586914062,748.0792236328125,810.169189453125,890.8862915039062,279.6897277832031,690.9112548828125,825.9462280273438,896.2568359375,1027.8526611328125,23.017736434936523,223.53599548339844,283.6972961425781,389.016845703125,533.9589233398438,279.6897277832031,690.9112548828125,825.9462280273438,896.2568359375,1027.8526611328125
20260327,12,854.8885498046875,262.12469482421875,822.7730102539062,919.8064575195312,931.9976806640625,981.4057006835938,284.03289794921875,696.88623046875,828.3179931640625,896.64013671875,1033.525390625,24.957088470458984,223.60980224609375,278.55401611328125,378.68426513671875,547.9530029296875,284.03289794921875,696.88623046875,828.3179931640625,896.64013671875,1033.525390625
20260327,13,854.8885498046875,263.81243896484375,847.3094482421875,928.4878540039062,939.236572265625,992.4127807617188,286.4580078125,700.3015747070312,830.1930541992188,898.0255737304688,1040.537109375,25.352890014648438,223.81370544433594,273.77667236328125,370.8368225097656,559.5817260742188,286.4580078125,700.3015747070312,830.1930541992188,898.0255737304688,1040.537109375
20260327,14,854.8885498046875,260.5975341796875,823.34423828125,914.7757568359375,932.2158203125,989.7002563476562,285.70947265625,697.830810546875,828.7142333984375,898.193115234375,1046.5439453125,24.598617553710938,224.0858612060547,269.21221923828125,364.5755310058594,569.48486328125,285.70947265625,697.830810546875,828.7142333984375,898.193115234375,1046.5439453125
20260327,15,854.8885498046875,257.5545654296875,796.4376831054688,887.6567993164062,910.3392333984375,975.2634887695312,280.164794921875,685.42138671875,820.3530883789062,894.2513427734375,1047.8905029296875,23.401721954345703,224.3154296875,264.575439453125,358.27435302734375,578.84765625,280.164794921875,685.42138671875,820.3530883789062,894.2513427734375,1047.8905029296875
20260327,16,854.8885498046875,243.78109741210938,657.3797607421875,790.4359741210938,839.6902465820312,924.1702880859375,268.335693359375,659.8999633789062,802.6959838867188,884.4260864257812,1041.7635498046875,21.769298553466797,224.50204467773438,259.8797607421875,351.9441223144531,587.63525390625,268.335693359375,659.8999633789062,802.6959838867188,884.4260864257812,1041.7635498046875
20260327,17,854.8885498046875,240.2582550048828,627.6567993164062,774.8031616210938,835.2694091796875,931.2662963867188,248.0515594482422,617.5372924804688,773.9375,868.1505126953125,1025.935546875,19.686368942260742,224.6491241455078,255.14913940429688,345.651611328125,595.7738647460938,248.0515594482422,617.5372924804688,773.9375,868.1505126953125,1025.935546875
20260327,18,854.8885498046875,234.92726135253906,565.1549682617188,726.7816772460938,804.0340576171875,919.7886352539062,211.8757781982422,545.51318359375,729.2200317382812,845.8128662109375,995.207763671875,17.161540985107422,224.7568817138672,250.39840698242188,339.4130859375,603.2300415039062,211.8757781982422,545.51318359375,729.2200317382812,845.8128662109375,995.207763671875
20260327,19,242.8826446533203,230.21424865722656,513.662841796875,694.0992431640625,796.1743774414062,940.9198608398438,133.8609161376953,338.9901428222656,603.4346313476562,793.0294189453125,944.227783203125,14.284611701965332,224.83567810058594,245.6624298095703,333.2290954589844,610.0569458007812,133.8609161376953,338.9901428222656,603.4346313476562,793.0294189453125,944.227783203125
20260327,20,244.7244873046875,229.37368774414062,510.4471130371094,702.38818359375,827.742431640625,987.071044921875,232.62245178222656,226.8381805419922,249.1777801513672,340.87176513671875,1102.17236328125,13.661611557006836,225.611328125,242.56585693359375,329.6340026855469,617.99560546875,232.62245178222656,226.8381805419922,249.1777801513672,340.87176513671875,1102.17236328125
20260327,21,247.86761474609375,218.50738525390625,327.807861328125,480.8386535644531,639.3836669921875,920.7513427734375,231.16287231445312,229.1963653564453,237.42745971679688,293.8119201660156,914.2501220703125,13.006452560424805,226.38072204589844,239.55404663085938,325.9385681152344,625.58349609375,231.16287231445312,229.1963653564453,237.42745971679688,293.8119201660156,914.2501220703125
20260327,22,246.1622772216797,219.4070587158203,295.6144714355469,407.41412353515625,532.3909912109375,808.4298706054688,229.7644500732422,230.56509399414062,236.9205780029297,283.0472412109375,816.3914794921875,12.635026931762695,227.1761932373047,236.70538330078125,322.04248046875,633.1162109375,229.7644500732422,230.56509399414062,236.9205780029297,283.0472412109375,816.3914794921875
20260327,23,246.1622772216797,218.8018341064453,231.5376434326172,286.8424072265625,370.1880187988281,657.9806518554688,227.9907989501953,232.69439697265625,237.5651397705078,272.2968444824219,680.45068359375,11.927048683166504,227.9305877685547,233.8961181640625,318.1951904296875,639.90625,227.9907989501953,232.69439697265625,237.5651397705078,272.2968444824219,680.45068359375
20260327,24,242.8826446533203,221.72425842285156,228.32833862304688,268.5797424316406,329.3363037109375,590.0653686523438,226.27313232421875,233.4254913330078,236.56536865234375,257.6435241699219,495.2991027832031,10.902881622314453,228.644775390625,231.14007568359375,314.4075012207031,645.9417114257812,226.27313232421875,233.4254913330078,236.56536865234375,257.6435241699219,495.2991027832031
20260327,25,241.04080200195312,225.2046661376953,222.43621826171875,240.4276580810547,268.7887268066406,473.6423034667969,226.71629333496094,233.92752075195312,235.9037628173828,247.91307067871094,361.8036804199219,10.556990623474121,229.46017456054688,228.84242248535156,310.2845764160156,651.6729736328125,226.71629333496094,233.92752075195312,235.9037628173828,247.91307067871094,361.8036804199219
20260327,26,244.3204345703125,228.93663024902344,225.57846069335938,237.15948486328125,251.1925811767578,392.8489990234375,229.48524475097656,236.2988739013672,237.8380584716797,245.50662231445312,299.8258972167969,13.440898895263672,230.74229431152344,228.03463745117188,304.783203125,658.2879638671875,229.48524475097656,236.2988739013672,237.8380584716797,245.50662231445312,299.8258972167969
20260327,27,247.86761474609375,231.6153106689453,229.80218505859375,236.8305206298828,242.54388427734375,334.47857666015625,232.80978393554688,239.4597930908203,240.68247985839844,246.27078247070312,278.9898376464844,16.077890396118164,231.98826599121094,227.3199462890625,299.37158203125,664.13232421875,232.80978393554688,239.4597930908203,240.68247985839844,246.27078247070312,278.9898376464844
20260327,28,249.68943786621094,233.59988403320312,234.24075317382812,239.30003356933594,240.79306030273438,295.8780212402344,235.53770446777344,242.1436767578125,242.99456787109375,247.32928466796875,271.475341796875,18.493305206298828,233.19979858398438,226.71102905273438,294.05914306640625,669.207275390625,235.53770446777344,242.1436767578125,242.99456787109375,247.32928466796875,271.475341796875
20260327,29,253.3330841064453,235.2136688232422,237.7276611328125,242.7271728515625,243.0336151123047,279.150634765625,237.39808654785156,243.9858856201172,244.5413818359375,248.1200408935547,267.6365661621094,20.345399856567383,234.35214233398438,226.27340698242188,288.7435302734375,672.584716796875,237.39808654785156,243.9858856201172,244.5413818359375,248.1200408935547,267.6365661621094
20260327,30,255.1549072265625,236.27899169921875,240.33811950683594,246.14956665039062,246.4868927001953,275.7482604980469,238.48431396484375,245.04727172851562,245.42311096191406,248.5966033935547,265.4409484863281,18.165616989135742,235.1969757080078,226.5265350341797,282.3747253417969,665.411865234375,238.48431396484375,245.04727172851562,245.42311096191406,248.5966033935547,265.4409484863281
20260327,31,257.21331787109375,237.5571746826172,242.17291259765625,248.8857879638672,249.1300048828125,276.585205078125,239.18907165527344,245.69970703125,245.93612670898438,248.83538818359375,263.7980041503906,15.845383644104004,236.01309204101562,226.9202117919922,276.1305847167969,657.492919921875,239.18907165527344,245.69970703125,245.93612670898438,248.83538818359375,263.7980041503906
20260327,32,259.0551452636719,238.94305419921875,243.0428924560547,250.03453063964844,250.48989868164062,276.38018798828125,239.64602661132812,246.08082580566406,246.20492553710938,248.9093780517578,262.5386047363281,13.413182258605957,236.80267333984375,227.46493530273438,270.0185241699219,648.8422241210938,239.64602661132812,246.08082580566406,246.20492553710938,248.9093780517578,262.5386047363281
20260327,33,258.7985534667969,240.16424560546875,243.35841369628906,250.43800354003906,251.4671630859375,275.6456298828125,239.92343139648438,246.28065490722656,246.32325744628906,248.89202880859375,261.6070251464844,10.89788818359375,237.5679931640625,228.17054748535156,264.0455017089844,639.47705078125,239.92343139648438,246.28065490722656,246.32325744628906,248.89202880859375,261.6070251464844
20260327,34,258.7985534667969,240.553955078125,243.3848114013672,250.7703857421875,252.23764038085938,275.2788391113281,240.10731506347656,246.39422607421875,246.37606811523438,248.84906005859375,260.921142578125,5.860264301300049,237.66616821289062,227.1787567138672,257.6623229980469,629.860595703125,240.10731506347656,246.39422607421875,246.37606811523438,248.84906005859375,260.921142578125
20260327,35,258.7985534667969,240.85818481445312,243.4911346435547,251.09361267089844,252.75570678710938,275.2077331542969,240.22109985351562,246.4508056640625,246.39285278320312,248.8046112060547,260.4515075683594,0.6860606074333191,237.71572875976562,226.28048706054688,251.40484619140625,619.593505859375,240.22109985351562,246.4508056640625,246.39285278320312,248.8046112060547,260.4515075683594
20260327,36,257.21331787109375,241.20118713378906,243.80313110351562,251.55397033691406,253.37644958496094,274.9635925292969,240.27989196777344,246.4645233154297,246.38043212890625,248.75413513183594,260.12689208984375,-4.4827961921691895,237.7485809326172,225.5682830810547,245.30335998535156,608.6821899414062,240.27989196777344,246.4645233154297,246.38043212890625,248.75413513183594,260.12689208984375
20260327,37,257.21331787109375,241.5447998046875,244.08358764648438,252.0674285888672,254.12977600097656,274.7823181152344,240.30690002441406,246.46409606933594,246.36656188964844,248.7199249267578,259.93316650390625,-9.616898536682129,237.76727294921875,225.04898071289062,239.36227416992188,597.1556396484375,240.30690002441406,246.46409606933594,246.36656188964844,248.7199249267578,259.93316650390625
20260327,38,258.7985534667969,241.7379608154297,244.06979370117188,252.2739715576172,254.4953155517578,275.0202941894531,240.33462524414062,246.47225952148438,246.36317443847656,248.69900512695312,259.78472900390625,-14.370199203491211,237.48033142089844,223.1253662109375,233.98477172851562,590.6390380859375,240.33462524414062,246.47225952148438,246.36317443847656,248.69900512695312,259.78472900390625
20260327,39,258.7985534667969,241.8717041015625,243.9000701904297,252.4324493408203,254.93162536621094,275.93408203125,240.36480712890625,246.49002075195312,246.3719482421875,248.694091796875,259.6812438964844,-18.963529586791992,237.12283325195312,221.0683135986328,228.8584442138672,584.75048828125,240.36480712890625,246.49002075195312,246.3719482421875,248.694091796875,259.6812438964844
20260327,40,259.0551452636719,241.99290466308594,243.8188018798828,252.53445434570312,255.16036987304688,276.39422607421875,240.40341186523438,246.52200317382812,246.3966064453125,248.7073974609375,259.6145324707031,-23.434688568115234,236.75950622558594,219.21966552734375,223.90145874023438,578.3490600585938,240.40341186523438,246.52200317382812,246.3966064453125,248.7073974609375,259.6145324707031
20260327,41,260.620361328125,242.1173858642578,243.9097900390625,252.7838592529297,255.4734649658203,276.5851745605469,240.45843505859375,246.5764923095703,246.44622802734375,248.748779296875,259.59002685546875,-27.755468368530273,236.3931427001953,217.58282470703125,219.1151885986328,571.473388671875,240.45843505859375,246.5764923095703,246.44622802734375,248.748779296875,259.59002685546875
20260327,42,260.620361328125,242.04319763183594,243.9680633544922,253.00369262695312,255.7111358642578,276.7089538574219,240.51939392089844,246.63839721679688,246.50344848632812,248.7987060546875,259.5823059082031,-33.31328582763672,235.88449096679688,215.6250762939453,215.94192504882812,563.9188842773438,240.51939392089844,246.63839721679688,246.50344848632812,248.7987060546875,259.5823059082031
20260327,43,260.620361328125,241.86585998535156,243.9915771484375,253.2253875732422,255.99105834960938,277.0447692871094,240.58340454101562,246.705322265625,246.5663299560547,248.8559112548828,259.5910949707031,-39.285282135009766,235.31637573242188,213.64907836914062,213.57081604003906,555.8661499023438,240.58340454101562,246.705322265625,246.5663299560547,248.8559112548828,259.5910949707031
20260327,44,259.0551452636719,241.6879425048828,243.94244384765625,253.30279541015625,256.1070861816406,277.0854187011719,240.6503143310547,246.77706909179688,246.63424682617188,248.9193878173828,259.6129150390625,-45.02663803100586,234.75376892089844,211.8896026611328,211.37081909179688,547.466796875,240.6503143310547,246.77706909179688,246.63424682617188,248.9193878173828,259.6129150390625
20260327,45,259.0551452636719,241.5364227294922,243.91612243652344,253.3624725341797,256.1976623535156,276.9952697753906,240.71958923339844,246.8540496826172,246.70819091796875,248.98989868164062,259.6484069824219,-50.51225280761719,234.19943237304688,210.34640502929688,209.34039306640625,538.7666625976562,240.71958923339844,246.8540496826172,246.70819091796875,248.98989868164062,259.6484069824219
20260327,46,258.7985534667969,241.0284881591797,243.58163452148438,253.05860900878906,255.9007568359375,276.6833801269531,240.77072143554688,246.9122772216797,246.7625274658203,249.04054260253906,259.6720886230469,-57.357879638671875,233.33926391601562,208.7727508544922,205.49029541015625,526.1693115234375,240.77072143554688,246.9122772216797,246.7625274658203,249.04054260253906,259.6720886230469
20260327,47,257.21331787109375,240.2217254638672,243.00303649902344,252.5010528564453,255.40806579589844,276.3792419433594,240.79090881347656,246.9390869140625,246.78509521484375,249.05992126464844,259.6781005859375,-65.16256713867188,232.2490997314453,207.22317504882812,200.27633666992188,510.56329345703125,240.79090881347656,246.9390869140625,246.78509521484375,249.05992126464844,259.6781005859375
20260327,48,255.37147521972656,239.42181396484375,242.40890502929688,251.8400115966797,254.775390625,275.6842041015625,240.77366638183594,246.93043518066406,246.77365112304688,249.0477294921875,259.67218017578125,-72.64362335205078,231.17538452148438,205.88352966308594,195.22344970703125,494.80084228515625,240.77366638183594,246.93043518066406,246.77365112304688,249.0477294921875,259.67218017578125
20260327,49,253.52963256835938,238.64088439941406,241.8495635986328,251.18028259277344,254.14524841308594,274.8209228515625,240.7089385986328,246.88058471679688,246.72482299804688,249.00216674804688,259.6624450683594,-79.78118133544922,230.12066650390625,204.74984741210938,190.32745361328125,478.9315185546875,240.7089385986328,246.88058471679688,246.72482299804688,249.00216674804688,259.6624450683594
20260327,50,253.3330841064453,238.09417724609375,241.4861297607422,250.692138671875,253.66566467285156,273.6514892578125,240.61471557617188,246.8098602294922,246.65989685058594,248.9436798095703,259.65673828125,-85.97123718261719,229.33953857421875,204.330810546875,187.02867126464844,463.5002746582031,240.61471557617188,246.8098602294922,246.65989685058594,248.9436798095703,259.65673828125
20260327,51,255.1549072265625,237.85891723632812,241.37832641601562,250.4061279296875,253.3357391357422,272.1057434082031,240.51145935058594,246.73594665527344,246.5959930419922,248.88751220703125,259.6510009765625,-91.0213394165039,228.90997314453125,204.77474975585938,185.75518798828125,448.7060241699219,240.51145935058594,246.73594665527344,246.5959930419922,248.88751220703125,259.6510009765625
20260327,52,253.52963256835938,237.61392211914062,241.21432495117188,250.1643524169922,253.09901428222656,270.9699401855469,240.4044647216797,246.6605987548828,246.5332489013672,248.8324432373047,259.6369934082031,-95.67706298828125,228.50668334960938,205.40769958496094,184.6219024658203,433.95574951171875,240.4044647216797,246.6605987548828,246.5332489013672,248.8324432373047,259.6369934082031
20260327,53,253.52963256835938,237.35292053222656,240.97607421875,249.953369140625,252.9552001953125,270.2457275390625,240.30929565429688,246.5927276611328,246.4783172607422,248.78396606445312,259.6119384765625,-99.92473602294922,228.1318817138672,206.22230529785156,183.6220245361328,419.2998352050781,240.30929565429688,246.5927276611328,246.4783172607422,248.78396606445312,259.6119384765625
20260327,54,253.3330841064453,236.8705596923828,240.521240234375,249.43902587890625,252.63943481445312,269.7085876464844,240.1945037841797,246.49290466308594,246.39060974121094,248.70326232910156,259.5583801269531,-106.28995513916016,227.78562927246094,207.95468139648438,183.5266876220703,398.1976623535156,240.1945037841797,246.49290466308594,246.39060974121094,248.70326232910156,259.5583801269531
20260327,55,249.84596252441406,235.82411193847656,239.5245361328125,248.05369567871094,251.50328063964844,268.4325866699219,239.9794158935547,246.27842712402344,246.1875762939453,248.5122528076172,259.4425354003906,-118.02497100830078,227.4672088623047,211.5529022216797,185.32894897460938,362.2258605957031,239.9794158935547,246.27842712402344,246.1875762939453,248.5122528076172,259.4425354003906
20260327,56,248.4081573486328,234.73760986328125,238.35496520996094,246.48629760742188,250.2176513671875,266.8191833496094,239.6640625,245.95712280273438,245.87562561035156,248.21568298339844,259.2586364746094,-129.3217315673828,227.1830596923828,215.30633544921875,187.24099731445312,326.4956359863281,239.6640625,245.95712280273438,245.87562561035156,248.21568298339844,259.2586364746094
20260327,57,247.68016052246094,233.6534881591797,237.03988647460938,244.70863342285156,248.9040985107422,265.4847717285156,239.20184326171875,245.48834228515625,245.41339111328125,247.77210998535156,258.9754333496094,-140.1737518310547,226.93492126464844,219.20468139648438,189.2538604736328,291.0544128417969,239.20184326171875,245.48834228515625,245.41339111328125,247.77210998535156,258.9754333496094
20260327,58,246.1622772216797,232.74990844726562,235.88723754882812,243.248291015625,247.9574432373047,265.12115478515625,238.60752868652344,244.9063262939453,244.8384246826172,247.21646118164062,258.6117248535156,-148.4700164794922,226.6955108642578,222.56591796875,190.41453552246094,261.3943176269531,238.60752868652344,244.9063262939453,244.8384246826172,247.21646118164062,258.6117248535156
20260327,59,246.1622772216797,232.9074249267578,235.77178955078125,243.84886169433594,249.27891540527344,266.0235900878906,238.084716796875,244.4197540283203,244.36732482910156,246.76275634765625,258.2894287109375,-146.30810546875,226.358154296875,222.8614959716797,187.17430114746094,257.9820556640625,238.084716796875,244.4197540283203,244.36732482910156,246.76275634765625,258.2894287109375
20260327,60,246.1622772216797,233.12269592285156,235.821533203125,244.5489501953125,250.6525421142578,267.33245849609375,237.65528869628906,244.03720092773438,244.01528930664062,246.43260192871094,258.0440979003906,-143.6938018798828,226.06077575683594,223.2678680419922,184.00592041015625,254.99273681640625,237.65528869628906,244.03720092773438,244.01528930664062,246.43260192871094,258.0440979003906
20260327,61,246.56631469726562,233.25225830078125,235.93582153320312,245.33726501464844,251.84996032714844,268.7696533203125,237.40701293945312,243.84158325195312,243.8690643310547,246.3110809326172,257.9430236816406,-140.6284637451172,225.8044891357422,223.7726287841797,180.89894104003906,252.4674072265625,237.40701293945312,243.84158325195312,243.8690643310547,246.3110809326172,257.9430236816406
20260327,62,246.56631469726562,233.3364715576172,236.0338897705078,245.97120666503906,252.7852783203125,269.0683288574219,237.37066650390625,243.8361053466797,243.91685485839844,246.38247680664062,257.9651184082031,-137.16355895996094,225.6123504638672,224.33619689941406,178.3473358154297,250.74273681640625,237.37066650390625,243.8361053466797,243.91685485839844,246.38247680664062,257.9651184082031
20260327,63,246.56631469726562,233.80084228515625,236.77684020996094,246.75521850585938,253.39825439453125,269.3744812011719,237.5537872314453,244.0187225341797,244.1475067138672,246.6260223388672,258.1224365234375,-134.31497192382812,225.95472717285156,224.3841094970703,186.93519592285156,256.0982666015625,237.5537872314453,244.0187225341797,244.1475067138672,246.6260223388672,258.1224365234375
20260327,64,247.86761474609375,234.22900390625,237.33827209472656,247.19775390625,253.65553283691406,269.25640869140625,237.91265869140625,244.35464477539062,244.5229034423828,247.01177978515625,258.45635986328125,-131.03086853027344,226.34005737304688,224.49082946777344,195.5520782470703,262.02899169921875,237.91265869140625,244.35464477539062,244.5229034423828,247.01177978515625,258.45635986328125
20260327,65,248.00411987304688,234.5946502685547,237.40965270996094,247.01666259765625,253.5026397705078,269.4363098144531,238.43301391601562,244.83375549316406,245.02735900878906,247.52137756347656,258.92486572265625,-127.32008361816406,226.7687225341797,224.64268493652344,204.18678283691406,268.5672607421875,238.43301391601562,244.83375549316406,245.02735900878906,247.52137756347656,258.92486572265625
20260327,66,248.4081573486328,235.04742431640625,237.568359375,246.87796020507812,253.22377014160156,269.43511962890625,239.05624389648438,245.40557861328125,245.60919189453125,248.10409545898438,259.4595642089844,-123.19343566894531,227.24070739746094,224.82568359375,212.82815551757812,275.74261474609375,239.05624389648438,245.40557861328125,245.60919189453125,248.10409545898438,259.4595642089844
20260327,67,247.86761474609375,234.6619873046875,237.891845703125,246.579345703125,252.2514190673828,268.59149169921875,239.49862670898438,245.79486083984375,246.00157165527344,248.49981689453125,259.85186767578125,-129.23228454589844,227.91148376464844,227.20407104492188,230.39976501464844,262.3622741699219,239.49862670898438,245.79486083984375,246.00157165527344,248.49981689453125,259.85186767578125
20260327,68,246.56631469726562,234.06503295898438,237.96829223632812,245.89114379882812,250.6875457763672,266.6892395019531,239.79763793945312,246.0412139892578,246.24081420898438,248.7397918701172,260.1247253417969,-135.88861083984375,228.64004516601562,229.7928009033203,248.80650329589844,247.64930725097656,239.79763793945312,246.0412139892578,246.24081420898438,248.7397918701172,260.1247253417969
20260327,69,245.45248413085938,233.4221954345703,237.78424072265625,244.7928009033203,248.79873657226562,264.22503662109375,239.92864990234375,246.10357666015625,246.27993774414062,248.77220153808594,260.2192687988281,-142.17172241210938,229.4111328125,232.3702850341797,267.1862487792969,233.64585876464844,239.92864990234375,246.10357666015625,246.27993774414062,248.77220153808594,260.2192687988281
20260327,70,244.33863830566406,232.7935791015625,237.65074157714844,243.55728149414062,246.54562377929688,262.3063049316406,239.8810577392578,245.9900665283203,246.13433837890625,248.60874938964844,260.17926025390625,-148.0992431640625,230.22418212890625,234.92247009277344,285.5281066894531,220.3700408935547,239.8810577392578,245.9900665283203,246.13433837890625,248.60874938964844,260.17926025390625
20260327,71,244.7244873046875,233.4044189453125,238.7235565185547,245.1126708984375,247.87045288085938,261.65069580078125,239.88677978515625,245.94586181640625,246.05960083007812,248.5135040283203,260.1683044433594,-144.19273376464844,231.12477111816406,236.11407470703125,296.5538330078125,225.49322509765625,239.88677978515625,245.94586181640625,246.05960083007812,248.5135040283203,260.1683044433594
20260327,72,246.1622772216797,234.35716247558594,239.9110870361328,246.6807403564453,249.08058166503906,261.3834228515625,239.97311401367188,245.99842834472656,246.09300231933594,248.53277587890625,260.22808837890625,-137.33193969726562,232.07835388183594,236.88548278808594,305.5014343261719,236.2755126953125,239.97311401367188,245.99842834472656,246.09300231933594,248.53277587890625,260.22808837890625
20260327,73,246.56631469726562,235.2393035888672,240.99325561523438,248.13058471679688,250.3748779296875,263.6581726074219,240.155517578125,246.17640686035156,246.27197265625,248.7107696533203,260.4284973144531,-130.1767578125,233.07089233398438,237.590087890625,314.3790283203125,247.82095336914062,240.155517578125,246.17640686035156,246.27197265625,248.7107696533203,260.4284973144531
20260327,74,247.86761474609375,235.96237182617188,241.70632934570312,248.88983154296875,251.05686950683594,266.3804931640625,240.43174743652344,246.4520721435547,246.5516357421875,248.998291015625,260.6860046386719,-122.75048065185547,234.10104370117188,238.21449279785156,323.1766662597656,260.135009765625,240.43174743652344,246.4520721435547,246.5516357421875,248.998291015625,260.6860046386719
20260327,75,248.00411987304688,236.55918884277344,242.70111083984375,249.90003967285156,251.9566192626953,267.9189758300781,240.64186096191406,246.65493774414062,246.75143432617188,249.20240783691406,260.853271484375,-115.22691345214844,235.0015411376953,239.66934204101562,326.35003662109375,266.79461669921875,240.64186096191406,246.65493774414062,246.75143432617188,249.20240783691406,260.853271484375
20260327,76,248.4081573486328,237.00613403320312,243.24217224121094,250.21144104003906,252.2578125,268.82122802734375,240.7762451171875,246.7773895263672,246.8661346435547,249.31639099121094,260.9207763671875,-107.56156921386719,235.84800720214844,241.51097106933594,326.47259521484375,270.7970275878906,240.7762451171875,246.7773895263672,246.8661346435547,249.31639099121094,260.9207763671875
20260327,77,248.79400634765625,237.38327026367188,243.290771484375,249.6924591064453,251.88442993164062,269.39361572265625,240.83682250976562,246.81996154785156,246.89779663085938,249.34286499023438,260.8934326171875,-99.70085906982422,236.7272186279297,243.23475646972656,326.48699951171875,275.56427001953125,240.83682250976562,246.81996154785156,246.89779663085938,249.34286499023438,260.8934326171875
20260327,78,249.68943786621094,237.67942810058594,242.86402893066406,248.5298614501953,251.10531616210938,270.5833740234375,240.82577514648438,246.7893829345703,246.8599090576172,249.30093383789062,260.82794189453125,-91.67188262939453,237.6372528076172,244.8290557861328,326.384765625,281.08856201171875,240.82577514648438,246.7893829345703,246.8599090576172,249.30093383789062,260.82794189453125
20260327,79,249.84596252441406,238.0127716064453,243.5296173095703,250.16921997070312,252.86749267578125,271.2373962402344,240.79295349121094,246.73875427246094,246.80137634277344,249.23695373535156,260.7461242675781,-81.26839447021484,238.2894744873047,245.5873565673828,321.08636474609375,290.5796203613281,240.79295349121094,246.73875427246094,246.80137634277344,249.23695373535156,260.7461242675781
20260327,80,250.25,238.40699768066406,244.7701416015625,252.75282287597656,255.58543395996094,272.7322692871094,240.75723266601562,246.68772888183594,246.73948669433594,249.16665649414062,260.646728515625,-68.70501708984375,238.70559692382812,245.5571746826172,311.0069274902344,303.7547912597656,240.75723266601562,246.68772888183594,246.73948669433594,249.16665649414062,260.646728515625
20260327,81,251.51126098632812,238.85980224609375,246.45620727539062,255.44422912597656,258.40728759765625,275.1935729980469,240.71299743652344,246.6334991455078,246.6748504638672,249.09326171875,260.5458068847656,-56.058570861816406,239.14605712890625,245.3660888671875,300.78851318359375,317.644287109375,240.71299743652344,246.6334991455078,246.6748504638672,249.09326171875,260.5458068847656
20260327,82,251.68780517578125,239.32730102539062,248.79293823242188,258.41326904296875,261.5260009765625,278.75372314453125,240.6603546142578,246.5767822265625,246.6070556640625,249.015625,260.4435119628906,-43.358299255371094,239.60830688476562,245.0050048828125,290.4247741699219,332.2277526855469,240.6603546142578,246.5767822265625,246.6070556640625,249.015625,260.4435119628906
20260327,83,251.68780517578125,239.1948699951172,247.40054321289062,257.1299133300781,260.18231201171875,276.40716552734375,240.58148193359375,246.4888916015625,246.49978637695312,248.89271545410156,260.3046875,-33.226890563964844,239.943115234375,244.2422332763672,281.7691345214844,344.3103942871094,240.58148193359375,246.4888916015625,246.49978637695312,248.89271545410156,260.3046875
20260327,84,250.25,238.4782257080078,245.29530334472656,254.88316345214844,257.7847900390625,273.1612548828125,240.4551239013672,246.3382110595703,246.3165283203125,248.6869354248047,260.1197509765625,-27.134689331054688,240.06643676757812,242.9460906982422,275.8494567871094,352.1041259765625,240.4551239013672,246.3382110595703,246.3165283203125,248.6869354248047,260.1197509765625
20260327,85,249.84596252441406,237.75640869140625,243.7032928466797,253.2289276123047,256.0408020019531,270.48492431640625,240.27822875976562,246.12181091308594,246.05430603027344,248.39682006835938,259.9002990722656,-21.07737922668457,240.20387268066406,241.4570770263672,269.76934814453125,360.51300048828125,240.27822875976562,246.12181091308594,246.05430603027344,248.39682006835938,259.9002990722656
20260327,86,249.68943786621094,237.09100341796875,242.49703979492188,252.01856994628906,254.84754943847656,268.68292236328125,240.036376953125,245.82762145996094,245.70372009277344,248.01513671875,259.6708984375,-15.084232330322266,240.3527069091797,239.7690887451172,263.5252380371094,369.5055236816406,240.036376953125,245.82762145996094,245.70372009277344,248.01513671875,259.6708984375
20260327,87,248.00411987304688,236.4078369140625,241.5457305908203,251.10792541503906,254.00250244140625,267.73382568359375,239.72042846679688,245.45639038085938,245.27186584472656,247.55398559570312,259.4973449707031,-9.454017639160156,240.38926696777344,237.60067749023438,256.5078125,378.9742126464844,239.72042846679688,245.45639038085938,245.27186584472656,247.55398559570312,259.4973449707031
20260327,88,246.56631469726562,235.46798706054688,240.48223876953125,250.24510192871094,253.25416564941406,267.0480651855469,239.306640625,244.97215270996094,244.71327209472656,246.9664306640625,259.3876647949219,-4.709641933441162,240.08917236328125,234.44085693359375,247.60354614257812,388.7478942871094,239.306640625,244.97215270996094,244.71327209472656,246.9664306640625,259.3876647949219
20260327,89,247.68016052246094,234.47496032714844,239.40219116210938,249.30377197265625,252.47235107421875,266.42755126953125,238.74119567871094,244.3218994140625,243.9782257080078,246.21469116210938,259.4839782714844,-0.11570306867361069,239.7920684814453,231.06922912597656,238.52842712402344,398.9957580566406,238.74119567871094,244.3218994140625,243.9782257080078,246.21469116210938,259.4839782714844
20260327,90,246.1622772216797,233.41587829589844,238.34178161621094,248.20584106445312,251.50332641601562,265.87823486328125,237.9455108642578,243.43064880371094,243.00294494628906,245.2620086669922,260.08660888671875,4.300336837768555,239.4951934814453,227.48333740234375,229.28167724609375,409.677001953125,237.9455108642578,243.43064880371094,243.00294494628906,245.2620086669922,260.08660888671875
20260327,91,244.3204345703125,232.21688842773438,237.20960998535156,246.83213806152344,250.1580352783203,265.69976806640625,236.78150939941406,242.18138122558594,241.69943237304688,244.0800018310547,261.8642883300781,8.473196029663086,239.19618225097656,223.6848907470703,219.9117889404297,420.69549560546875,236.78150939941406,242.18138122558594,241.69943237304688,244.0800018310547,261.8642883300781
20260327,92,242.1109619140625,230.79527282714844,235.96133422851562,244.97103881835938,248.2512969970703,267.4207458496094,235.0456085205078,240.4069366455078,239.9610137939453,242.70053100585938,266.2909851074219,12.159220695495605,238.8957061767578,219.6923370361328,210.69476318359375,431.70233154296875,235.0456085205078,240.4069366455078,239.9610137939453,242.70053100585938,266.2909851074219
20260327,93,239.88328552246094,229.0465545654297,234.18106079101562,242.1026153564453,245.6055145263672,276.61669921875,232.35733032226562,237.84759521484375,237.67611694335938,241.38685607910156,277.3237609863281,15.589681625366211,238.5869598388672,215.48350524902344,201.30804443359375,443.0101623535156,232.35733032226562,237.84759521484375,237.67611694335938,241.38685607910156,277.3237609863281
20260327,94,234.83096313476562,226.80612182617188,231.44216918945312,238.25062561035156,243.84498596191406,304.9996643066406,228.36090087890625,234.3941192626953,235.00209045410156,241.24037170410156,305.0269470214844,18.740575790405273,238.26718139648438,211.05958557128906,191.7538299560547,454.57171630859375,228.36090087890625,234.3941192626953,235.00209045410156,241.24037170410156,305.0269470214844
20260327,95,231.30015563964844,224.00038146972656,227.51873779296875,234.3421173095703,247.6018829345703,367.72601318359375,223.5977783203125,230.69589233398438,232.83567810058594,245.24673461914062,371.6421203613281,21.589256286621094,237.9335479736328,206.4227752685547,182.03501892089844,466.33880615234375,223.5977783203125,230.69589233398438,232.83567810058594,245.24673461914062,371.6421203613281
20260328,0,242.8826446533203,220.51620483398438,222.00509643554688,232.76756286621094,240.02171325683594,324.866943359375,228.87399291992188,233.0025177001953,236.01806640625,260.7627868652344,488.0452880859375,-77.72969818115234,214.25973510742188,313.0893859863281,395.6360778808594,722.1215209960938,228.87399291992188,233.0025177001953,236.01806640625,260.7627868652344,488.0452880859375
20260328,1,246.1622772216797,220.4613800048828,220.49874877929688,231.9063262939453,238.35313415527344,320.2993469238281,223.4391326904297,230.85964965820312,231.87489318847656,242.81089782714844,375.21514892578125,-77.48419952392578,215.00303649902344,310.7983703613281,396.2352600097656,728.81982421875,223.4391326904297,230.85964965820312,231.87489318847656,242.81089782714844,375.21514892578125
20260328,2,244.7244873046875,220.0198974609375,218.14877319335938,231.82240295410156,248.1838836669922,398.4245910644531,220.32644653320312,229.67312622070312,231.3296661376953,240.3269500732422,362.0008239746094,-77.6008071899414,215.72476196289062,308.30615234375,396.6824951171875,735.574951171875,220.32644653320312,229.67312622070312,231.3296661376953,240.3269500732422,362.0008239746094
20260328,3,244.3204345703125,219.1683807373047,216.95108032226562,231.46209716796875,246.923583984375,409.5298156738281,218.71482849121094,228.7285614013672,230.63931274414062,240.3541717529297,373.3979187011719,-78.09638977050781,216.4225311279297,305.6184387207031,396.98333740234375,742.33642578125,218.71482849121094,228.7285614013672,230.63931274414062,240.3541717529297,373.3979187011719
20260328,4,242.8826446533203,214.7525634765625,201.9083251953125,217.28431701660156,261.2576599121094,566.60302734375,219.95237731933594,228.64642333984375,231.0260772705078,247.013671875,452.8487548828125,-78.98633575439453,217.09400939941406,302.7417297363281,397.1439514160156,749.0540161132812,219.95237731933594,228.64642333984375,231.0260772705078,247.013671875,452.8487548828125
20260328,5,854.7916259765625,211.20314025878906,189.97952270507812,220.89764404296875,293.767333984375,672.8291015625,222.74526977539062,228.66746520996094,231.77621459960938,257.79852294921875,568.4825439453125,-78.75142669677734,217.86328125,299.91009521484375,396.3713684082031,757.4559936523438,222.74526977539062,228.66746520996094,231.77621459960938,257.79852294921875,568.4825439453125
20260328,6,854.8885498046875,213.41409301757812,197.70326232910156,261.283447265625,410.0080261230469,877.8845825195312,229.3337860107422,225.9005584716797,235.4780731201172,307.6106872558594,882.9617919921875,-78.13446044921875,218.7810821533203,297.2943420410156,395.9096374511719,766.3702392578125,229.3337860107422,225.9005584716797,235.4780731201172,307.6106872558594,882.9617919921875
20260328,7,854.8885498046875,215.40432739257812,226.56182861328125,340.3947448730469,524.3563232421875,968.9104614257812,194.40725708007812,582.6970825195312,814.796142578125,947.326904296875,1046.228271484375,-77.94752502441406,219.66635131835938,294.51385498046875,395.3298034667969,775.0913696289062,194.40725708007812,582.6970825195312,814.796142578125,947.326904296875,1046.228271484375
20260328,8,854.8885498046875,251.54685974121094,759.0217895507812,886.5897216796875,920.617431640625,955.95849609375,236.40420532226562,654.3603515625,837.9204711914062,934.8568725585938,1034.130859375,-78.19886016845703,220.51731872558594,291.5782165527344,394.6401672363281,783.5707397460938,236.40420532226562,654.3603515625,837.9204711914062,934.8568725585938,1034.130859375
20260328,9,854.8885498046875,251.86131286621094,779.5707397460938,912.4329833984375,939.726806640625,954.8322143554688,244.08766174316406,663.064697265625,835.7570190429688,924.193603515625,1026.4339599609375,-76.9786148071289,221.0321044921875,287.6832580566406,389.3831787109375,795.0960083007812,244.08766174316406,663.064697265625,835.7570190429688,924.193603515625,1026.4339599609375
20260328,10,854.8885498046875,250.69400024414062,772.7622680664062,900.8175659179688,930.7581176757812,954.1954956054688,243.36050415039062,659.0682983398438,830.4531860351562,916.6231689453125,1019.0070190429688,-75.53121948242188,221.40345764160156,283.36676025390625,382.4582214355469,807.4631958007812,243.36050415039062,659.0682983398438,830.4531860351562,916.6231689453125,1019.0070190429688
20260328,11,854.8885498046875,246.70025634765625,736.01318359375,875.6876831054688,911.8865966796875,950.7131958007812,238.33914184570312,647.8009033203125,823.211181640625,910.4468383789062,1010.6016235351562,-74.53553771972656,221.73599243164062,278.92755126953125,375.45135498046875,819.45068359375,238.33914184570312,647.8009033203125,823.211181640625,910.4468383789062,1010.6016235351562
20260328,12,854.8885498046875,237.08694458007812,616.2645874023438,806.5106811523438,878.6431274414062,941.6082763671875,229.97406005859375,628.2348022460938,812.0556640625,903.0308837890625,998.2000732421875,-73.99217224121094,222.02847290039062,274.3775634765625,368.3727111816406,831.0153198242188,229.97406005859375,628.2348022460938,812.0556640625,903.0308837890625,998.2000732421875
20260328,13,854.7916259765625,234.67955017089844,602.66845703125,808.299072265625,896.5987548828125,968.2858276367188,218.87034606933594,598.1619262695312,793.3968505859375,890.1220703125,977.301513671875,-73.77843475341797,222.26092529296875,269.6775817871094,360.94970703125,842.3270874023438,218.87034606933594,598.1619262695312,793.3968505859375,890.1220703125,977.301513671875
20260328,14,854.7916259765625,223.77577209472656,444.4678955078125,676.0065307617188,809.5698852539062,937.2478637695312,205.57986450195312,553.9179077148438,761.85107421875,865.5752563476562,941.5147094726562,-73.93445587158203,222.4393310546875,264.85888671875,353.29388427734375,853.271484375,205.57986450195312,553.9179077148438,761.85107421875,865.5752563476562,941.5147094726562
20260328,15,854.7916259765625,218.6951141357422,367.0950622558594,599.5296630859375,757.2551879882812,939.8224487304688,191.3069610595703,493.0688781738281,712.6359252929688,823.4994506835938,885.7730102539062,-74.53304290771484,222.57516479492188,259.9678649902344,345.59814453125,863.6753540039062,191.3069610595703,493.0688781738281,712.6359252929688,823.4994506835938,885.7730102539062
20260328,16,854.7916259765625,213.0624237060547,280.5393371582031,481.02789306640625,643.794189453125,893.7799072265625,177.9280242919922,420.5480651855469,647.7794799804688,765.3211059570312,816.3167114257812,-75.5672378540039,222.66806030273438,255.0179443359375,337.8734130859375,873.504150390625,177.9280242919922,420.5480651855469,647.7794799804688,765.3211059570312,816.3167114257812
20260328,17,854.7916259765625,210.00331115722656,240.4269561767578,409.31500244140625,596.26025390625,938.5143432617188,166.20521545410156,349.41339111328125,578.6425170898438,704.7802124023438,758.759765625,-76.93263244628906,222.7027130126953,249.9823760986328,329.9084777832031,882.8914794921875,166.20521545410156,349.41339111328125,578.6425170898438,704.7802124023438,758.759765625
20260328,18,244.3204345703125,208.75811767578125,181.79722595214844,238.58416748046875,354.334228515625,718.5225830078125,151.95315551757812,276.7735900878906,513.7026977539062,668.2642822265625,789.8365478515625,-77.35139465332031,223.02999877929688,245.65347290039062,322.9196472167969,892.6798706054688,151.95315551757812,276.7735900878906,513.7026977539062,668.2642822265625,789.8365478515625
20260328,19,246.1622772216797,210.98471069335938,190.8156280517578,220.12181091308594,286.7996826171875,584.1112670898438,218.4255828857422,217.07635498046875,244.42555236816406,322.63690185546875,810.9014282226562,-76.38362121582031,223.81503295898438,242.4196319580078,317.6778564453125,903.0230102539062,218.4255828857422,217.07635498046875,244.42555236816406,322.63690185546875,810.9014282226562
20260328,20,244.3204345703125,216.6944580078125,252.72586059570312,344.6934814453125,451.25689697265625,736.8565673828125,229.57701110839844,244.6621856689453,239.6197967529297,250.71023559570312,383.27862548828125,-75.80499267578125,224.5570526123047,239.18289184570312,312.451904296875,912.677734375,229.57701110839844,244.6621856689453,239.6197967529297,250.71023559570312,383.27862548828125
20260328,21,244.3204345703125,216.49978637695312,215.63209533691406,261.5574951171875,327.7611083984375,599.1455078125,233.6831512451172,251.72080993652344,242.82147216796875,245.93589782714844,310.7803649902344,-76.05506896972656,225.3044891357422,236.09844970703125,308.1265563964844,920.8699340820312,233.6831512451172,251.72080993652344,242.82147216796875,245.93589782714844,310.7803649902344
20260328,22,246.1622772216797,218.6727294921875,214.38278198242188,230.3844451904297,253.93931579589844,471.9324951171875,232.74594116210938,244.61875915527344,238.27578735351562,239.47885131835938,280.0106201171875,-77.51486206054688,226.10003662109375,233.3038330078125,305.477294921875,926.9219970703125,232.74594116210938,244.61875915527344,238.27578735351562,239.47885131835938,280.0106201171875
20260328,23,235.91932678222656,221.00839233398438,220.9109344482422,235.1595916748047,251.7690887451172,447.7989501953125,227.99374389648438,232.9790802001953,231.84332275390625,233.7849884033203,267.93682861328125,-79.31124877929688,226.85446166992188,230.54861450195312,302.87689208984375,932.2313842773438,227.99374389648438,232.9790802001953,231.84332275390625,233.7849884033203,267.93682861328125
20260328,24,237.35711669921875,222.3833465576172,221.93820190429688,233.0000762939453,246.90476989746094,444.7191162109375,221.92898559570312,229.99928283691406,231.0072784423828,234.56613159179688,275.73016357421875,-81.4238052368164,227.56875610351562,227.84658813476562,300.3360900878906,936.786376953125,221.92898559570312,229.99928283691406,231.0072784423828,234.56613159179688,275.73016357421875
20260328,25,237.7611541748047,224.336181640625,225.30967712402344,233.82931518554688,242.92672729492188,423.1512145996094,221.5250701904297,233.0362091064453,233.0856170654297,236.50491333007812,281.5589294433594,-83.41497039794922,228.3897247314453,225.6481475830078,298.1255187988281,940.2445678710938,221.5250701904297,233.0362091064453,233.0856170654297,236.50491333007812,281.5589294433594
20260328,26,244.3204345703125,227.03933715820312,229.7063446044922,236.0485382080078,239.5450439453125,393.3068542480469,226.33010864257812,235.79080200195312,234.80914306640625,237.4224395751953,274.78564453125,-84.18113708496094,229.69754028320312,225.10211181640625,296.9322814941406,941.73388671875,226.33010864257812,235.79080200195312,234.80914306640625,237.4224395751953,274.78564453125
20260328,27,237.7611541748047,229.82432556152344,233.66273498535156,238.49510192871094,237.78663635253906,365.0124816894531,230.5890350341797,238.42376708984375,237.6751708984375,240.52781677246094,270.17816162109375,-85.1942367553711,230.9691619873047,224.64920043945312,295.8288879394531,942.45263671875,230.5890350341797,238.42376708984375,237.6751708984375,240.52781677246094,270.17816162109375
20260328,28,244.3204345703125,232.7692108154297,237.0603790283203,242.05413818359375,238.4942626953125,329.78533935546875,233.6395263671875,240.8450469970703,240.66270446777344,243.7980499267578,267.4853210449219,-86.42887878417969,232.2063446044922,224.30201721191406,294.8246765136719,942.402099609375,233.6395263671875,240.8450469970703,240.66270446777344,243.7980499267578,267.4853210449219
20260328,29,246.1622772216797,235.43603515625,239.0845489501953,245.86143493652344,242.61534118652344,298.3624267578125,235.8479766845703,242.80055236816406,242.89364624023438,246.0040283203125,265.2577209472656,-87.83303833007812,233.37991333007812,223.9762725830078,293.7371826171875,941.8035888671875,235.8479766845703,242.80055236816406,242.89364624023438,246.0040283203125,265.2577209472656
20260328,30,247.86761474609375,237.2464141845703,239.41111755371094,248.45623779296875,247.41664123535156,276.43524169921875,237.32667541503906,244.13858032226562,244.2853546142578,247.2364044189453,263.57977294921875,-89.13368225097656,234.1986083984375,222.76727294921875,290.7568359375,942.7266235351562,237.32667541503906,244.13858032226562,244.2853546142578,247.2364044189453,263.57977294921875
20260328,31,248.4081573486328,238.2982177734375,239.23837280273438,248.94610595703125,248.96249389648438,265.9213562011719,238.34999084472656,245.03868103027344,245.14889526367188,247.92010498046875,262.2852478027344,-90.57476806640625,234.98858642578125,221.69882202148438,287.9010314941406,942.903564453125,238.34999084472656,245.03868103027344,245.14889526367188,247.92010498046875,262.2852478027344
20260328,32,250.25,239.1584930419922,239.9559783935547,248.9173583984375,248.6083526611328,264.8800354003906,239.0819091796875,245.66033935546875,245.7096405029297,248.32540893554688,261.3335266113281,-92.12785339355469,235.75198364257812,220.78143310546875,285.177490234375,942.348876953125,239.0819091796875,245.66033935546875,245.7096405029297,248.32540893554688,261.3335266113281
20260328,33,253.3330841064453,240.3922882080078,241.83192443847656,250.0126495361328,248.78359985351562,268.81024169921875,239.62686157226562,246.11614990234375,246.1101837158203,248.60910034179688,260.693359375,-93.76403045654297,236.49118041992188,220.02490234375,282.59283447265625,941.0796508789062,239.62686157226562,246.11614990234375,246.1101837158203,248.60910034179688,260.693359375
20260328,34,253.52963256835938,241.10899353027344,243.0941925048828,251.19557189941406,249.33639526367188,273.0869140625,239.9923858642578,246.40567016601562,246.35147094726562,248.7669219970703,260.2521057128906,-98.11019134521484,236.56756591796875,218.99957275390625,275.0730285644531,932.1893310546875,239.9923858642578,246.40567016601562,246.35147094726562,248.7669219970703,260.2521057128906
20260328,35,255.1549072265625,241.73223876953125,243.41456604003906,251.49868774414062,249.1701202392578,274.6590576171875,240.24130249023438,246.58892822265625,246.4945526123047,248.8485870361328,259.92535400390625,-102.60147857666016,236.595458984375,218.13272094726562,267.4732666015625,922.3134765625,240.24130249023438,246.58892822265625,246.4945526123047,248.8485870361328,259.92535400390625
20260328,36,255.37147521972656,242.23190307617188,243.5082550048828,251.3701629638672,248.85670471191406,274.1523742675781,240.3851776123047,246.67550659179688,246.54873657226562,248.8586883544922,259.6677551269531,-107.08744049072266,236.60665893554688,217.451904296875,260.0294494628906,911.7933349609375,240.3851776123047,246.67550659179688,246.54873657226562,248.8586883544922,259.6677551269531
20260328,37,256.9767150878906,242.65020751953125,243.84349060058594,251.55679321289062,249.03274536132812,273.5034484863281,240.441650390625,246.68881225585938,246.5385284423828,248.8173828125,259.4707336425781,-111.53860473632812,236.60372924804688,216.96401977539062,252.74610900878906,900.6580200195312,240.441650390625,246.68881225585938,246.5385284423828,248.8173828125,259.4707336425781
20260328,38,257.21331787109375,242.8739471435547,244.54669189453125,252.37728881835938,249.92910766601562,273.95501708984375,240.4900360107422,246.70379638671875,246.53208923339844,248.78329467773438,259.3101806640625,-115.7881851196289,236.30393981933594,215.11380004882812,246.2570343017578,894.20654296875,240.4900360107422,246.70379638671875,246.53208923339844,248.78329467773438,259.3101806640625
20260328,39,256.9767150878906,243.06077575683594,245.1099090576172,253.01930236816406,250.6685333251953,274.6156005859375,240.53341674804688,246.72305297851562,246.5335235595703,248.76219177246094,259.1943054199219,-119.91549682617188,235.93544006347656,213.13902282714844,240.06773376464844,888.3146362304688,240.53341674804688,246.72305297851562,246.5335235595703,248.76219177246094,259.1943054199219
20260328,40,256.9767150878906,243.2382049560547,245.46969604492188,253.41712951660156,251.1051483154297,275.0003662109375,240.5835723876953,246.75743103027344,246.55308532714844,248.76329040527344,259.1224670410156,-123.92063903808594,235.56112670898438,211.3726348876953,234.04769897460938,881.9097900390625,240.5835723876953,246.75743103027344,246.55308532714844,248.76329040527344,259.1224670410156
20260328,41,257.21331787109375,243.41212463378906,245.6188201904297,253.63815307617188,251.4468231201172,275.4203186035156,240.64903259277344,246.81504821777344,246.59893798828125,248.7943115234375,259.0941467285156,-127.77534484863281,235.18380737304688,209.8180389404297,228.19845581054688,875.0306396484375,240.64903259277344,246.81504821777344,246.59893798828125,248.7943115234375,259.0941467285156
20260328,42,257.21331787109375,243.41380310058594,245.46380615234375,253.55625915527344,251.50747680664062,275.9475402832031,240.72512817382812,246.88751220703125,246.6611785888672,248.8436737060547,259.09124755859375,-132.2445068359375,234.65866088867188,207.79344177246094,223.56394958496094,868.86328125,240.72512817382812,246.88751220703125,246.6611785888672,248.8436737060547,259.09124755859375
20260328,43,257.21331787109375,243.33689880371094,245.2608184814453,253.42233276367188,251.49778747558594,276.5140686035156,240.8098907470703,246.9730224609375,246.73846435546875,248.91079711914062,259.1143798828125,-136.8555145263672,234.07168579101562,205.68528747558594,219.55746459960938,862.8060913085938,240.8098907470703,246.9730224609375,246.73846435546875,248.91079711914062,259.1143798828125
20260328,44,258.6037902832031,243.2571563720703,245.1501007080078,253.4218292236328,251.5286865234375,276.748046875,240.9052276611328,247.07325744628906,246.83193969726562,248.99630737304688,259.1616516113281,-141.23583984375,233.49017333984375,203.79367065429688,215.7220458984375,856.4022827148438,240.9052276611328,247.07325744628906,246.83193969726562,248.99630737304688,259.1616516113281
20260328,45,258.6037902832031,243.18624877929688,245.09825134277344,253.5771484375,251.7130889892578,276.9671630859375,241.00955200195312,247.18702697753906,246.94044494628906,249.0984344482422,259.22967529296875,-145.36045837402344,232.91696166992188,202.11831665039062,212.05621337890625,849.6976318359375,241.00955200195312,247.18702697753906,246.94044494628906,249.0984344482422,259.22967529296875
20260328,46,257.21331787109375,242.57981872558594,244.60166931152344,253.2044677734375,251.46139526367188,276.87664794921875,241.0692138671875,247.252197265625,246.99990844726562,249.1517791748047,259.26678466796875,-152.72598266601562,232.06883239746094,201.21383666992188,206.81089782714844,833.26513671875,241.0692138671875,247.252197265625,246.99990844726562,249.1517791748047,259.26678466796875
20260328,47,255.1549072265625,241.51817321777344,243.69659423828125,252.35289001464844,250.8275909423828,276.4715881347656,241.0583953857422,247.2423858642578,246.9842987060547,249.13119506835938,259.2595520019531,-162.49740600585938,231.0144805908203,200.94981384277344,200.3864288330078,809.3391723632812,241.0583953857422,247.2423858642578,246.9842987060547,249.13119506835938,259.2595520019531
20260328,48,253.52963256835938,240.45602416992188,242.71890258789062,251.34410095214844,250.0760498046875,275.6114196777344,240.96475219726562,247.14892578125,246.8868865966797,249.03208923339844,259.2119445800781,-171.94528198242188,229.97654724121094,200.89569091796875,194.12307739257812,785.2566528320312,240.96475219726562,247.14892578125,246.8868865966797,249.03208923339844,259.2119445800781
20260328,49,251.51126098632812,239.4106903076172,241.66973876953125,250.2295379638672,249.30467224121094,274.6764221191406,240.77120971679688,246.96205139160156,246.7007598876953,248.84970092773438,259.141357421875,-181.04953002929688,228.95770263671875,201.04754638671875,188.01654052734375,761.0672607421875,240.77120971679688,246.96205139160156,246.7007598876953,248.84970092773438,259.141357421875
20260328,50,250.25,238.7268524169922,240.79913330078125,249.30050659179688,248.68194580078125,273.9851379394531,240.54217529296875,246.75767517089844,246.50387573242188,248.66217041015625,259.1018371582031,-187.78994750976562,228.19143676757812,201.0471954345703,184.25502014160156,743.0572509765625,240.54217529296875,246.75767517089844,246.50387573242188,248.66217041015625,259.1018371582031
20260328,51,250.25,238.53367614746094,240.27902221679688,248.7641143798828,248.37200927734375,273.6750793457031,240.3394012451172,246.5978240966797,246.35861206054688,248.53082275390625,259.1162109375,-191.54898071289062,227.7494354248047,200.78294372558594,183.49081420898438,733.1478881835938,240.3394012451172,246.5978240966797,246.35861206054688,248.53082275390625,259.1162109375
20260328,52,249.84596252441406,238.3407745361328,239.8271484375,248.3800048828125,248.18153381347656,273.66748046875,240.17282104492188,246.4843292236328,246.2645721435547,248.45286560058594,259.1683654785156,-194.91357421875,227.33372497558594,200.70762634277344,182.8668212890625,723.2826538085938,240.17282104492188,246.4843292236328,246.2645721435547,248.45286560058594,259.1683654785156
20260328,53,249.84596252441406,238.1333770751953,239.44992065429688,248.15753173828125,248.099853515625,273.8866882324219,240.08827209472656,246.45077514648438,246.25010681152344,248.45167541503906,259.24273681640625,-197.8701629638672,226.94656372070312,200.81398010253906,182.37619018554688,713.5115356445312,240.08827209472656,246.45077514648438,246.25010681152344,248.45167541503906,259.24273681640625
20260328,54,249.84596252441406,237.9217071533203,239.1153106689453,247.94818115234375,248.02969360351562,274.0642395019531,240.0712127685547,246.47120666503906,246.28607177734375,248.4965057373047,259.30914306640625,-200.56053161621094,226.5562286376953,201.0594024658203,181.80197143554688,703.5626220703125,240.0712127685547,246.47120666503906,246.28607177734375,248.4965057373047,259.30914306640625
20260328,55,249.84596252441406,237.65289306640625,238.79501342773438,247.73439025878906,247.94012451171875,274.1873779296875,240.0791473388672,246.50753784179688,246.33734130859375,248.5556640625,259.3724670410156,-203.17205810546875,226.12144470214844,201.39068603515625,180.86669921875,693.0712890625,240.0791473388672,246.50753784179688,246.33734130859375,248.5556640625,259.3724670410156
20260328,56,249.68943786621094,237.39785766601562,238.50282287597656,247.53199768066406,247.89840698242188,274.27423095703125,240.10618591308594,246.55711364746094,246.40213012695312,248.62828063964844,259.4379577636719,-205.3452911376953,225.72091674804688,201.8771514892578,180.0411834716797,682.8216552734375,240.10618591308594,246.55711364746094,246.40213012695312,248.62828063964844,259.4379577636719
20260328,57,249.68943786621094,237.16110229492188,238.19503784179688,247.28079223632812,247.84945678710938,274.2422180175781,240.13499450683594,246.60704040527344,246.46934509277344,248.70484924316406,259.50885009765625,-207.0738067626953,225.35641479492188,202.50856018066406,179.3164825439453,672.8609619140625,240.13499450683594,246.60704040527344,246.46934509277344,248.70484924316406,259.50885009765625
20260328,58,248.79400634765625,236.9591522216797,237.919677734375,247.08718872070312,247.80043029785156,274.1280212402344,240.16148376464844,246.65744018554688,246.54063415527344,248.7879180908203,259.59210205078125,-208.25729370117188,225.02862548828125,203.18687438964844,178.8404541015625,663.774169921875,240.16148376464844,246.65744018554688,246.54063415527344,248.7879180908203,259.59210205078125
20260328,59,248.79400634765625,236.836669921875,237.7425994873047,247.0711669921875,247.8693084716797,274.1472473144531,240.2126007080078,246.73544311523438,246.64251708984375,248.9032440185547,259.7008972167969,-208.53343200683594,224.73587036132812,203.57359313964844,179.1927947998047,657.6257934570312,240.2126007080078,246.73544311523438,246.64251708984375,248.9032440185547,259.7008972167969
20260328,60,248.4081573486328,236.72262573242188,237.59906005859375,247.09835815429688,247.98953247070312,274.233642578125,240.28208923339844,246.83358764648438,246.76776123046875,249.04396057128906,259.8343505859375,-208.35726928710938,224.48318481445312,204.07110595703125,179.616943359375,651.9003295898438,240.28208923339844,246.83358764648438,246.76776123046875,249.04396057128906,259.8343505859375
20260328,61,248.4081573486328,236.60813903808594,237.48643493652344,247.1568603515625,248.12733459472656,274.369140625,240.38018798828125,246.96192932128906,246.9260711669922,249.21942138671875,259.9990234375,-207.73004150390625,224.27151489257812,204.6669921875,180.10250854492188,646.6388549804688,240.38018798828125,246.96192932128906,246.9260711669922,249.21942138671875,259.9990234375
20260328,62,248.00411987304688,236.52085876464844,237.44102478027344,247.2874755859375,248.3159637451172,274.4440002441406,240.50051879882812,247.1120147705078,247.1087188720703,249.42071533203125,260.1860046386719,-206.5885772705078,224.12098693847656,205.39283752441406,180.7051239013672,641.9177856445312,240.50051879882812,247.1120147705078,247.1087188720703,249.42071533203125,260.1860046386719
20260328,63,248.4081573486328,236.90025329589844,237.85260009765625,247.77145385742188,248.6931915283203,273.78363037109375,240.64852905273438,247.2845916748047,247.3189239501953,249.65245056152344,260.402587890625,-203.542236328125,224.439208984375,207.16787719726562,182.8034210205078,638.551025390625,240.64852905273438,247.2845916748047,247.3189239501953,249.65245056152344,260.402587890625
20260328,64,249.68943786621094,237.31036376953125,238.30392456054688,248.31585693359375,249.1478271484375,273.3822021484375,240.8154754638672,247.4701385498047,247.54412841796875,249.9008026123047,260.6382141113281,-200.0603790283203,224.8003692626953,209.0017547607422,184.93067932128906,635.7594604492188,240.8154754638672,247.4701385498047,247.54412841796875,249.9008026123047,260.6382141113281
20260328,65,249.68943786621094,237.7223358154297,238.7445831298828,248.95396423339844,249.7126007080078,273.4311218261719,240.99728393554688,247.6634063720703,247.7763671875,250.15664672851562,260.8861389160156,-196.15187072753906,225.204833984375,210.8807373046875,187.07583618164062,633.5753784179688,240.99728393554688,247.6634063720703,247.7763671875,250.15664672851562,260.8861389160156
20260328,66,249.84596252441406,238.14401245117188,239.22401428222656,249.64610290527344,250.40306091308594,273.818359375,241.18438720703125,247.84658813476562,247.99267578125,250.3948516845703,261.1172180175781,-191.82749938964844,225.6526336669922,212.79087829589844,189.22767639160156,632.0284423828125,241.18438720703125,247.84658813476562,247.99267578125,250.3948516845703,261.1172180175781
20260328,67,250.25,238.5595245361328,239.81126403808594,250.45016479492188,251.28668212890625,274.5430908203125,241.3268280029297,247.97840881347656,248.15489196777344,250.57916259765625,261.3169250488281,-187.41807556152344,226.145263671875,215.12498474121094,190.43858337402344,628.7554931640625,241.3268280029297,247.97840881347656,248.15489196777344,250.57916259765625,261.3169250488281
20260328,68,251.51126098632812,238.9627685546875,240.43089294433594,251.26429748535156,252.22239685058594,275.4111633300781,241.4345703125,248.0702667236328,248.27285766601562,250.7173309326172,261.4779968261719,-182.64984130859375,226.68115234375,217.50076293945312,191.5444793701172,625.9432373046875,241.4345703125,248.0702667236328,248.27285766601562,250.7173309326172,261.4779968261719
20260328,69,251.51126098632812,239.36720275878906,241.090087890625,252.0664825439453,253.22349548339844,276.3470153808594,241.4980926513672,248.11354064941406,248.33778381347656,250.7993621826172,261.586669921875,-177.50845336914062,227.25950622558594,219.86526489257812,192.6234588623047,623.8405151367188,241.4980926513672,248.11354064941406,248.33778381347656,250.7993621826172,261.586669921875
20260328,70,251.68780517578125,239.7509307861328,241.75592041015625,252.84837341308594,254.2280731201172,277.3719787597656,241.5240478515625,248.11851501464844,248.36097717285156,250.8368682861328,261.6554870605469,-172.0113983154297,227.87985229492188,222.2044219970703,193.6644287109375,622.4653930664062,241.5240478515625,248.11851501464844,248.36097717285156,250.8368682861328,261.6554870605469
20260328,71,253.3330841064453,240.44497680664062,242.78529357910156,254.11134338378906,255.68759155273438,278.9495544433594,241.5888214111328,248.16905212402344,248.42503356933594,250.91197204589844,261.74066162109375,-164.21861267089844,228.70355224609375,223.76902770996094,197.11863708496094,629.281494140625,241.5888214111328,248.16905212402344,248.42503356933594,250.91197204589844,261.74066162109375
20260328,72,255.1549072265625,241.21888732910156,243.85638427734375,255.43466186523438,257.1622314453125,280.5876770019531,241.67434692382812,248.2429962158203,248.50442504882812,250.99609375,261.8133850097656,-155.56556701660156,229.61241149902344,225.0762176513672,201.19723510742188,638.9213256835938,241.67434692382812,248.2429962158203,248.50442504882812,250.99609375,261.8133850097656
20260328,73,255.37147521972656,241.94732666015625,244.78817749023438,256.65625,258.4649658203125,282.11065673828125,241.79237365722656,248.35304260253906,248.60960388183594,251.0976104736328,261.87548828125,-146.61817932128906,230.56024169921875,226.31655883789062,205.20590209960938,649.32421875,241.79237365722656,248.35304260253906,248.60960388183594,251.0976104736328,261.87548828125
20260328,74,257.21331787109375,242.65858459472656,245.64804077148438,257.8424377441406,259.6741027832031,283.4075012207031,241.92750549316406,248.47531127929688,248.70864868164062,251.17799377441406,261.8668518066406,-137.39964294433594,231.54576110839844,227.4767303466797,209.13446044921875,660.4957275390625,241.92750549316406,248.47531127929688,248.70864868164062,251.17799377441406,261.8668518066406
20260328,75,258.6037902832031,243.0385284423828,246.18382263183594,258.5750427246094,260.3339538574219,283.9703369140625,242.00230407714844,248.52439880371094,248.7216796875,251.1615447998047,261.7524108886719,-130.22610473632812,232.443115234375,229.16419982910156,211.93116760253906,665.5640258789062,242.00230407714844,248.52439880371094,248.7216796875,251.1615447998047,261.7524108886719
20260328,76,258.7985534667969,243.22142028808594,246.44088745117188,258.9856872558594,260.6158752441406,283.9238586425781,242.02137756347656,248.5089874267578,248.66461181640625,251.0703582763672,261.5688171386719,-124.05330657958984,233.30873107910156,231.07681274414062,214.07296752929688,667.7356567382812,242.02137756347656,248.5089874267578,248.66461181640625,251.0703582763672,261.5688171386719
20260328,77,258.7985534667969,243.40965270996094,246.5606689453125,259.2538757324219,260.771484375,283.5123596191406,241.98626708984375,248.43243408203125,248.5439910888672,250.91355895996094,261.3271484375,-117.6851577758789,234.2070770263672,232.87155151367188,216.1065673828125,670.6722412109375,241.98626708984375,248.43243408203125,248.5439910888672,250.91355895996094,261.3271484375
20260328,78,259.0551452636719,243.60708618164062,246.58740234375,259.4295959472656,260.85028076171875,282.97900390625,241.9040985107422,248.3103790283203,248.38507080078125,250.7237091064453,261.0836486816406,-111.14874267578125,235.13619995117188,234.53680419921875,218.02352905273438,674.3657836914062,241.9040985107422,248.3103790283203,248.38507080078125,250.7237091064453,261.0836486816406
20260328,79,258.7985534667969,243.5384063720703,246.5147247314453,259.6630554199219,261.1495056152344,283.0543212890625,241.79881286621094,248.1674041748047,248.20899963378906,250.51963806152344,260.8416748046875,-105.90518951416016,235.870361328125,235.7236328125,219.33323669433594,676.7569580078125,241.79881286621094,248.1674041748047,248.20899963378906,250.51963806152344,260.8416748046875
20260328,80,258.6037902832031,243.20736694335938,246.211669921875,259.7008972167969,261.30242919921875,283.1761779785156,241.6752166748047,248.0061492919922,248.0157012939453,250.29978942871094,260.5923767089844,-101.86332702636719,236.4260711669922,236.4497528076172,220.0684356689453,678.0023193359375,241.6752166748047,248.0061492919922,248.0157012939453,250.29978942871094,260.5923767089844
20260328,81,257.21331787109375,242.8834228515625,245.8726348876953,259.5733947753906,261.2494201660156,282.8446960449219,241.5291748046875,247.82272338867188,247.8021240234375,250.0618896484375,260.33575439453125,-97.73844909667969,237.0059814453125,237.0149688720703,220.66464233398438,679.9620361328125,241.5291748046875,247.82272338867188,247.8021240234375,250.0618896484375,260.33575439453125
20260328,82,256.9767150878906,242.58297729492188,245.52706909179688,259.31878662109375,261.01629638671875,282.10296630859375,241.3588409423828,247.61801147460938,247.5695343017578,249.8063201904297,260.0719299316406,-93.55976867675781,237.60772705078125,237.41017150878906,221.11553955078125,682.6156616210938,241.3588409423828,247.61801147460938,247.5695343017578,249.8063201904297,260.0719299316406
20260328,83,255.1549072265625,241.9934844970703,244.95008850097656,258.7242126464844,260.3945617675781,280.9517822265625,241.1675567626953,247.39271545410156,247.3176727294922,249.53306579589844,259.8025817871094,-91.82178497314453,238.08389282226562,237.4016876220703,223.14146423339844,682.9384155273438,241.1675567626953,247.39271545410156,247.3176727294922,249.53306579589844,259.8025817871094
20260328,84,253.3330841064453,240.89610290527344,243.95077514648438,257.5566711425781,259.12103271484375,278.9223327636719,240.9471435546875,247.1298828125,247.02545166015625,249.2206573486328,259.50872802734375,-93.92359161376953,238.3513641357422,236.856689453125,227.6962432861328,679.2365112304688,240.9471435546875,247.1298828125,247.02545166015625,249.2206573486328,259.50872802734375
20260328,85,250.25,239.7139129638672,242.75035095214844,256.07904052734375,257.5290222167969,275.78485107421875,240.67648315429688,246.8042755126953,246.6600341796875,248.82925415039062,259.13897705078125,-96.06031799316406,238.6329345703125,236.11878967285156,232.0906524658203,676.1499633789062,240.67648315429688,246.8042755126953,246.6600341796875,248.82925415039062,259.13897705078125
20260328,86,248.4081573486328,238.468017578125,241.37034606933594,254.32949829101562,255.7266845703125,271.8658142089844,240.33026123046875,246.38731384277344,246.18617248535156,248.31631469726562,258.65625,-98.26121520996094,238.92587280273438,235.18194580078125,236.32102966308594,673.6469116210938,240.33026123046875,246.38731384277344,246.18617248535156,248.31631469726562,258.65625
20260328,87,247.68016052246094,237.12815856933594,240.08914184570312,252.7351531982422,254.36279296875,269.912109375,239.88978576660156,245.8719482421875,245.59982299804688,247.6789093017578,258.11187744140625,-99.66433715820312,239.09080505371094,233.66937255859375,238.32945251464844,673.2371826171875,239.88978576660156,245.8719482421875,245.59982299804688,247.6789093017578,258.11187744140625
20260328,88,246.56631469726562,235.61512756347656,238.85952758789062,251.4213104248047,253.64585876464844,270.0019836425781,239.32321166992188,245.22866821289062,244.8656768798828,246.8806915283203,257.5339050292969,-98.66468048095703,238.87435913085938,230.89540100097656,234.34646606445312,677.7142944335938,239.32321166992188,245.22866821289062,244.8656768798828,246.8806915283203,257.5339050292969
20260328,89,246.56631469726562,233.97921752929688,237.78114318847656,249.69696044921875,252.61825561523438,274.08349609375,238.56040954589844,244.39105224609375,243.92257690429688,245.87429809570312,257.0836486816406,-97.8154067993164,238.66085815429688,227.90963745117188,230.192626953125,682.6656494140625,238.56040954589844,244.39105224609375,243.92257690429688,245.87429809570312,257.0836486816406
20260328,90,244.7244873046875,232.1575927734375,236.63656616210938,247.47732543945312,251.58807373046875,288.3439025878906,237.48814392089844,243.25608825683594,242.68154907226562,244.60238647460938,257.13372802734375,-97.14405059814453,238.4475860595703,224.70957946777344,225.86717224121094,688.0503540039062,237.48814392089844,243.25608825683594,242.68154907226562,244.60238647460938,257.13372802734375
20260328,91,244.3204345703125,229.95175170898438,234.41903686523438,244.4294891357422,251.5254364013672,322.2029724121094,235.85018920898438,241.58041381835938,240.9247283935547,242.9237518310547,258.57666015625,-96.7254867553711,238.23239135742188,221.2978057861328,221.43069458007812,693.7589111328125,235.85018920898438,241.58041381835938,240.9247283935547,242.9237518310547,258.57666015625
20260328,92,237.67379760742188,227.0532989501953,230.02000427246094,241.70504760742188,259.3274230957031,399.8315124511719,233.15127563476562,238.9546356201172,238.3668670654297,240.8450469970703,264.58514404296875,-96.85774230957031,238.0167236328125,217.69752502441406,217.22802734375,699.3662109375,233.15127563476562,238.9546356201172,238.3668670654297,240.8450469970703,264.58514404296875
20260328,93,232.41400146484375,223.35556030273438,223.31170654296875,242.46026611328125,285.1520080566406,526.0056762695312,228.4254150390625,234.80055236816406,234.8315887451172,239.37551879882812,287.9161071777344,-97.24553680419922,237.79278564453125,213.88095092773438,212.8556671142578,705.2744750976562,228.4254150390625,234.80055236816406,234.8315887451172,239.37551879882812,287.9161071777344
20260328,94,233.67344665527344,219.25234985351562,215.20135498046875,246.8645477294922,326.7340393066406,680.2243041992188,221.5360107421875,229.67481994628906,231.89541625976562,246.1223602294922,391.7897033691406,-97.91292572021484,237.5577850341797,209.8493194580078,208.3158416748047,711.4365844726562,221.5360107421875,229.67481994628906,231.89541625976562,246.1223602294922,391.7897033691406
20260328,95,222.24383544921875,215.24205017089844,206.3712921142578,245.78990173339844,357.4632873535156,805.3161010742188,223.2812957763672,222.093994140625,235.81532287597656,307.302490234375,872.0581665039062,-98.88250732421875,237.3089599609375,205.60476684570312,203.61141967773438,717.8042602539062,223.2812957763672,222.093994140625,235.81532287597656,307.302490234375,872.0581665039062
20260329,0,854.7916259765625,224.11920166015625,226.60250854492188,228.31993103027344,240.09530639648438,352.3481140136719,229.80355834960938,230.585693359375,246.4510955810547,307.37451171875,731.293701171875,-86.02015686035156,218.95361328125,326.2492370605469,508.06268310546875,850.3784790039062,229.80355834960938,230.585693359375,246.4510955810547,307.37451171875,731.293701171875
20260329,1,854.8885498046875,224.3573455810547,224.39064025878906,226.75914001464844,234.74769592285156,327.69207763671875,231.20956420898438,232.681640625,239.99497985839844,288.83123779296875,704.4204711914062,-83.09082794189453,219.94752502441406,324.426025390625,507.4855041503906,860.1192626953125,231.20956420898438,232.681640625,239.99497985839844,288.83123779296875,704.4204711914062
20260329,2,854.8885498046875,220.54852294921875,215.438232421875,226.92294311523438,253.20437622070312,408.036376953125,229.91384887695312,232.656005859375,237.25636291503906,278.67987060546875,684.496826171875,-80.52357482910156,220.91993713378906,322.4016418457031,506.7563781738281,869.916748046875,229.91384887695312,232.656005859375,237.25636291503906,278.67987060546875,684.496826171875
20260329,3,854.8885498046875,220.1977081298828,214.0303955078125,228.0687713623047,259.6006164550781,441.00537109375,229.92987060546875,226.61740112304688,244.4760284423828,329.88677978515625,921.1466674804688,-78.33531951904297,221.86834716796875,320.1817321777344,505.8808288574219,879.7208251953125,229.92987060546875,226.61740112304688,244.4760284423828,329.88677978515625,921.1466674804688
20260329,4,854.8885498046875,220.16835021972656,244.79730224609375,351.2395324707031,498.600341796875,844.7420654296875,143.56874084472656,369.9430847167969,668.3003540039062,864.511474609375,1149.313232421875,-76.54143524169922,222.79051208496094,317.7729187011719,504.86505126953125,889.4808349609375,143.56874084472656,369.9430847167969,668.3003540039062,864.511474609375,1149.313232421875
20260329,5,854.8885498046875,223.66392517089844,308.5608215332031,472.8537902832031,643.69921875,965.3633422851562,210.394775390625,592.6978149414062,815.8232421875,946.8773803710938,1067.9940185546875,-75.71916961669922,223.77244567871094,315.4219055175781,505.0296630859375,898.165771484375,210.394775390625,592.6978149414062,815.8232421875,946.8773803710938,1067.9940185546875
20260329,6,854.8885498046875,237.9974822998047,442.93109130859375,623.3543701171875,761.5573120117188,963.7648315429688,239.84591674804688,642.53564453125,836.177490234375,945.3006591796875,1053.635009765625,-75.4013442993164,224.7371063232422,312.93328857421875,505.26519775390625,906.5594482421875,239.84591674804688,642.53564453125,836.177490234375,945.3006591796875,1053.635009765625
20260329,7,854.8885498046875,245.4979705810547,530.5152587890625,703.2703857421875,808.0487060546875,939.26123046875,254.71095275878906,665.1395874023438,843.69091796875,941.588134765625,1049.141845703125,-75.51351165771484,225.6692657470703,310.2799072265625,505.382568359375,914.760009765625,254.71095275878906,665.1395874023438,843.69091796875,941.588134765625,1049.141845703125
20260329,8,854.8885498046875,266.0290222167969,807.5973510742188,893.3901977539062,919.8095092773438,961.1774291992188,263.6318359375,677.4464721679688,846.7642211914062,937.8419189453125,1046.9495849609375,-76.06399536132812,226.5670928955078,307.4714050292969,505.3902282714844,922.7188110351562,263.6318359375,677.4464721679688,846.7642211914062,937.8419189453125,1046.9495849609375
20260329,9,854.8885498046875,269.7762451171875,860.6978149414062,937.8157348632812,958.5110473632812,988.238037109375,269.4785461425781,684.7838134765625,848.055908203125,934.7991333007812,1045.9942626953125,-76.50636291503906,227.34237670898438,304.28302001953125,504.0085754394531,931.3505859375,269.4785461425781,684.7838134765625,848.055908203125,934.7991333007812,1045.9942626953125
20260329,10,854.8885498046875,270.1054992675781,860.6345825195312,936.0045166015625,959.8116455078125,988.6316528320312,273.35247802734375,689.159423828125,848.5048828125,932.566650390625,1045.813720703125,-77.2027816772461,228.04957580566406,300.8775939941406,502.0806884765625,939.98681640625,273.35247802734375,689.159423828125,848.5048828125,932.566650390625,1045.813720703125
20260329,11,854.8885498046875,270.0014953613281,858.152099609375,932.61083984375,959.9505004882812,992.2948608398438,275.7861022949219,691.525146484375,848.4728393554688,931.033203125,1046.07373046875,-78.3509292602539,228.71795654296875,297.34942626953125,500.07086181640625,948.2432250976562,275.7861022949219,691.525146484375,848.4728393554688,931.033203125,1046.07373046875
20260329,12,854.8885498046875,267.73223876953125,827.7998046875,918.6864013671875,950.9539794921875,987.024169921875,277.0232238769531,692.237060546875,847.9888305664062,929.9509887695312,1046.40087890625,-79.9513931274414,229.3463134765625,293.7105407714844,497.9892883300781,956.076904296875,277.0232238769531,692.237060546875,847.9888305664062,929.9509887695312,1046.40087890625
20260329,13,854.8885498046875,268.67083740234375,843.601806640625,933.8507080078125,967.5158081054688,1002.0175170898438,277.1709899902344,691.5960693359375,847.140625,929.21728515625,1046.67578125,-81.94216918945312,229.9241485595703,289.9474182128906,495.7047424316406,963.5520629882812,277.1709899902344,691.5960693359375,847.140625,929.21728515625,1046.67578125
20260329,14,854.8885498046875,264.9825134277344,809.2862548828125,923.8902587890625,965.3624877929688,997.4918212890625,276.2236022949219,689.67333984375,845.9514770507812,928.7951049804688,1046.843994140625,-84.34173583984375,230.45404052734375,286.0821228027344,493.2784729003906,970.5918579101562,276.2236022949219,689.67333984375,845.9514770507812,928.7951049804688,1046.843994140625
20260329,15,854.8885498046875,264.4785461425781,809.16796875,928.8162231445312,973.6832885742188,1004.85205078125,274.1207275390625,686.4342651367188,844.4138793945312,928.6806640625,1046.8841552734375,-87.18385314941406,230.94137573242188,282.14453125,490.81219482421875,977.09130859375,274.1207275390625,686.4342651367188,844.4138793945312,928.6806640625,1046.8841552734375
20260329,16,854.8885498046875,263.374267578125,801.4637451171875,921.3201293945312,975.160888671875,1014.058349609375,270.7405700683594,681.7439575195312,842.4761352539062,928.8755493164062,1046.7640380859375,-90.46155548095703,231.3857421875,278.1480712890625,488.3169250488281,983.0156860351562,270.7405700683594,681.7439575195312,842.4761352539062,928.8755493164062,1046.7640380859375
20260329,17,854.8885498046875,262.5271911621094,797.7266845703125,916.540283203125,971.5643920898438,1011.96875,265.8116149902344,675.093017578125,839.894775390625,929.3305053710938,1046.3116455078125,-93.85592651367188,231.73826599121094,273.9747314453125,485.081298828125,988.8720092773438,265.8116149902344,675.093017578125,839.894775390625,929.3305053710938,1046.3116455078125
20260329,18,854.8885498046875,259.67578125,764.6705322265625,890.4454956054688,954.2367553710938,1005.0609741210938,258.8511657714844,665.53173828125,836.198486328125,929.9388427734375,1045.1787109375,-97.3280029296875,231.9944305419922,269.6265869140625,481.0507507324219,994.6795654296875,258.8511657714844,665.53173828125,836.198486328125,929.9388427734375,1045.1787109375
20260329,19,854.8885498046875,257.4986267089844,742.2041015625,863.0858764648438,928.68701171875,986.7286987304688,249.16400146484375,651.7223510742188,830.60302734375,930.399658203125,1042.7904052734375,-101.2034683227539,232.20729064941406,265.2613220214844,477.02484130859375,999.8230590820312,249.16400146484375,651.7223510742188,830.60302734375,930.399658203125,1042.7904052734375
20260329,20,854.8885498046875,258.2195739746094,764.078125,860.673583984375,919.7723388671875,984.9666137695312,235.56785583496094,631.1275024414062,821.5140991210938,930.013427734375,1038.16943359375,-105.46800994873047,232.37713623046875,260.8931579589844,473.0147399902344,1004.2781982421875,235.56785583496094,631.1275024414062,821.5140991210938,930.013427734375,1038.16943359375
20260329,21,854.8885498046875,252.98507690429688,705.849609375,806.5648803710938,871.0713500976562,950.8123779296875,215.7552032470703,598.0015258789062,805.1375122070312,926.9494018554688,1029.70849609375,-109.82967376708984,232.46124267578125,256.4208679199219,468.38311767578125,1008.4955444335938,215.7552032470703,598.0015258789062,805.1375122070312,926.9494018554688,1029.70849609375
20260329,22,854.8885498046875,248.77854919433594,673.7501220703125,776.1934204101562,843.0968017578125,937.105224609375,185.6433563232422,536.2608032226562,769.0289916992188,913.297607421875,1015.7974853515625,-114.02930450439453,232.4224853515625,251.75755310058594,462.5735168457031,1012.869384765625,185.6433563232422,536.2608032226562,769.0289916992188,913.297607421875,1015.7974853515625
20260329,23,854.8885498046875,242.10853576660156,605.585693359375,729.617919921875,810.3219604492188,924.000732421875,148.10409545898438,394.748291015625,660.09228515625,843.3991088867188,1030.308349609375,-118.56558990478516,232.3425750732422,247.13363647460938,456.81280517578125,1016.5008544921875,148.10409545898438,394.748291015625,660.09228515625,843.3991088867188,1030.308349609375
20260329,24,244.3204345703125,237.54586791992188,557.9813842773438,726.9505004882812,840.335205078125,969.684814453125,184.79270935058594,217.8084716796875,376.6405029296875,560.5697021484375,1191.5400390625,-122.44589233398438,232.49468994140625,243.16696166992188,452.0579833984375,1020.0398559570312,184.79270935058594,217.8084716796875,376.6405029296875,560.5697021484375,1191.5400390625
20260329,25,246.1622772216797,232.90391540527344,452.6580505371094,645.841064453125,803.588134765625,980.2872924804688,231.71910095214844,229.27589416503906,246.8482666015625,329.68792724609375,1024.2279052734375,-124.1197509765625,233.28956604003906,240.97341918945312,449.0049743652344,1023.5738525390625,231.71910095214844,229.27589416503906,246.8482666015625,329.68792724609375,1024.2279052734375
20260329,26,246.1622772216797,228.39456176757812,343.23553466796875,505.93316650390625,692.6802978515625,966.3744506835938,228.86415100097656,232.9753875732422,240.76519775390625,288.5414123535156,827.4202270507812,-124.03755950927734,234.54855346679688,240.66830444335938,445.1159973144531,1024.3189697265625,228.86415100097656,232.9753875732422,240.76519775390625,288.5414123535156,827.4202270507812
20260329,27,247.86761474609375,225.8223114013672,266.5633544921875,367.7309265136719,526.3783569335938,855.1941528320312,226.38156127929688,233.77906799316406,239.2083282470703,267.84912109375,627.18798828125,-124.20233154296875,235.7714080810547,240.45632934570312,441.3167419433594,1024.2935791015625,226.38156127929688,233.77906799316406,239.2083282470703,267.84912109375,627.18798828125
20260329,28,249.68943786621094,227.02479553222656,239.8757781982422,295.1758728027344,401.3109130859375,705.3409423828125,226.0693817138672,233.72666931152344,236.5915069580078,248.72177124023438,399.68792724609375,-124.58869934082031,236.95973205566406,240.35012817382812,437.61676025390625,1023.4986572265625,226.0693817138672,233.72666931152344,236.5915069580078,248.72177124023438,399.68792724609375
20260329,29,250.25,229.67259216308594,233.51785278320312,265.95159912109375,330.4411315917969,577.734619140625,230.25343322753906,237.24783325195312,238.693115234375,244.76319885253906,304.0782775878906,-125.60995483398438,238.09140014648438,240.41957092285156,434.03143310546875,1020.9285888671875,230.25343322753906,237.24783325195312,238.693115234375,244.76319885253906,304.0782775878906
20260329,30,250.25,232.08473205566406,233.2114715576172,257.1733093261719,296.0648193359375,485.25372314453125,233.39230346679688,240.17039489746094,241.15821838378906,245.71385192871094,280.3846130371094,-131.4150390625,238.94134521484375,241.22525024414062,430.6300048828125,1006.9922485351562,233.39230346679688,240.17039489746094,241.15821838378906,245.71385192871094,280.3846130371094
20260329,31,251.68780517578125,234.59103393554688,234.9055633544922,252.36805725097656,276.45147705078125,418.1127624511719,235.17735290527344,241.8067169189453,242.53062438964844,246.42442321777344,271.8091125488281,-137.3606414794922,239.76251220703125,242.17153930664062,427.3532409667969,992.3099365234375,235.17735290527344,241.8067169189453,242.53062438964844,246.42442321777344,271.8091125488281
20260329,32,253.52963256835938,237.04779052734375,239.47012329101562,252.93966674804688,269.8284912109375,375.0101318359375,236.2334442138672,242.71839904785156,243.2410125732422,246.73583984375,267.56805419921875,-143.4181671142578,240.5571746826172,243.2688446044922,424.2085876464844,976.895751953125,236.2334442138672,242.71839904785156,243.2410125732422,246.73583984375,267.56805419921875
20260329,33,255.37147521972656,239.2972412109375,245.49087524414062,257.9766540527344,272.7024230957031,354.5859069824219,236.88255310058594,243.24461364746094,243.61827087402344,246.84898376464844,265.09478759765625,-149.5587921142578,241.32752990722656,244.5270538330078,421.2030334472656,960.7672119140625,236.88255310058594,243.24461364746094,243.61827087402344,246.84898376464844,265.09478759765625
20260329,34,255.1549072265625,240.2122344970703,252.44140625,266.6405029296875,284.696044921875,360.9734802246094,237.23565673828125,243.48902893066406,243.7559814453125,246.82228088378906,263.6133728027344,-161.1698760986328,241.49383544921875,245.6771697998047,417.2628173828125,933.7081298828125,237.23565673828125,243.48902893066406,243.7559814453125,246.82228088378906,263.6133728027344
20260329,35,255.1549072265625,240.5470428466797,258.8799743652344,276.3611755371094,298.6548767089844,376.357666015625,237.40255737304688,243.5625457763672,243.7510223388672,246.7118682861328,262.6372985839844,-173.051513671875,241.61434936523438,246.99307250976562,413.4244689941406,905.5133056640625,237.40255737304688,243.5625457763672,243.7510223388672,246.7118682861328,262.6372985839844
20260329,36,253.52963256835938,240.47596740722656,263.05889892578125,283.48541259765625,308.6963806152344,387.1387023925781,237.40359497070312,243.48316955566406,243.6154327392578,246.518798828125,262.0066223144531,-184.92791748046875,241.7180938720703,248.4950408935547,409.7421569824219,876.6741943359375,237.40359497070312,243.48316955566406,243.6154327392578,246.518798828125,262.0066223144531
20260329,37,253.52963256835938,240.28546142578125,265.6639099121094,288.4185791015625,315.45556640625,394.0040588378906,237.24365234375,243.27020263671875,243.37155151367188,246.25973510742188,261.6626892089844,-196.76942443847656,241.8077850341797,250.1898956298828,406.22027587890625,847.2198486328125,237.24365234375,243.27020263671875,243.37155151367188,246.25973510742188,261.6626892089844
20260329,38,253.3330841064453,240.02874755859375,267.490478515625,292.0094909667969,321.0145263671875,401.9229736328125,237.04498291015625,243.04029846191406,243.1219940185547,246.00669860839844,261.4088134765625,-206.8497772216797,241.58937072753906,249.5965118408203,404.4064025878906,828.7423706054688,237.04498291015625,243.04029846191406,243.1219940185547,246.00669860839844,261.4088134765625
20260329,39,253.3330841064453,239.7410888671875,269.19293212890625,294.6839294433594,325.4022521972656,409.0548095703125,236.8125762939453,242.79339599609375,242.86521911621094,245.75950622558594,261.25341796875,-216.47952270507812,241.29995727539062,248.68359375,403.0845642089844,812.1490478515625,236.8125762939453,242.79339599609375,242.86521911621094,245.75950622558594,261.25341796875
20260329,40,251.68780517578125,239.37193298339844,267.6322021484375,291.527587890625,322.14031982421875,407.4012756347656,236.5670166015625,242.54661560058594,242.6160125732422,245.52764892578125,261.1656799316406,-225.9871368408203,241.0046844482422,247.9791259765625,401.93218994140625,795.0428466796875,236.5670166015625,242.54661560058594,242.6160125732422,245.52764892578125,261.1656799316406
20260329,41,251.68780517578125,238.95217895507812,265.1668395996094,286.9051513671875,316.8408203125,402.7081604003906,236.34860229492188,242.3322296142578,242.40155029296875,245.33131408691406,261.110595703125,-235.3443145751953,240.7064208984375,247.48638916015625,400.9504089355469,777.4625244140625,236.34860229492188,242.3322296142578,242.40155029296875,245.33131408691406,261.110595703125
20260329,42,251.51126098632812,238.18719482421875,260.00286865234375,279.1077880859375,307.9572448730469,393.9148864746094,236.1333770751953,242.1243438720703,242.1947784423828,245.14332580566406,261.0756530761719,-244.5847930908203,240.25192260742188,246.50112915039062,400.1673889160156,761.4376831054688,236.1333770751953,242.1243438720703,242.1947784423828,245.14332580566406,261.0756530761719
20260329,43,250.25,237.34573364257812,255.29197692871094,271.9244384765625,299.5950622558594,385.90789794921875,235.91415405273438,241.915771484375,241.98854064941406,244.957275390625,261.0601501464844,-253.6472930908203,239.73184204101562,245.4224853515625,399.5677795410156,745.8921508789062,235.91415405273438,241.915771484375,241.98854064941406,244.957275390625,261.0601501464844
20260329,44,249.84596252441406,236.4882354736328,250.83782958984375,264.7481384277344,290.91357421875,376.9846496582031,235.68777465820312,241.70297241210938,241.779296875,244.7700958251953,261.065185546875,-262.4790954589844,239.21730041503906,244.56039428710938,399.13922119140625,730.0000610351562,235.68777465820312,241.70297241210938,241.779296875,244.7700958251953,261.065185546875
20260329,45,249.68943786621094,235.6572265625,247.03729248046875,258.5714111328125,282.9721374511719,367.77606201171875,235.44615173339844,241.47906494140625,241.56161499023438,244.57872009277344,261.1001892089844,-271.0552062988281,238.71099853515625,243.91455078125,398.8803405761719,713.80712890625,235.44615173339844,241.47906494140625,241.56161499023438,244.57872009277344,261.1001892089844
20260329,46,248.4081573486328,234.65176391601562,243.45916748046875,252.65196228027344,274.1065979003906,355.5429992675781,235.15255737304688,241.20947265625,241.3040008544922,244.36009216308594,261.20013427734375,-279.60833740234375,237.89405822753906,242.80531311035156,396.376708984375,697.3889770507812,235.15255737304688,241.20947265625,241.3040008544922,244.36009216308594,261.20013427734375
20260329,47,247.86761474609375,233.455810546875,240.27813720703125,247.63284301757812,266.3518371582031,344.6880798339844,234.7755584716797,240.86630249023438,240.9828338623047,244.0995330810547,261.40167236328125,-288.0567626953125,236.84335327148438,241.38714599609375,392.1822814941406,680.787109375,234.7755584716797,240.86630249023438,240.9828338623047,244.0995330810547,261.40167236328125
20260329,48,246.1622772216797,232.23324584960938,237.3082733154297,243.03111267089844,259.2630310058594,334.5675048828125,234.2940216064453,240.43186950683594,240.58497619628906,243.79208374023438,261.7413635253906,-296.1815185546875,235.8091278076172,240.17889404296875,388.14892578125,664.0286865234375,234.2940216064453,240.43186950683594,240.58497619628906,243.79208374023438,261.7413635253906
20260329,49,244.3204345703125,230.9952850341797,234.72280883789062,239.19610595703125,253.48733520507812,326.4123229980469,233.67333984375,239.88006591796875,240.09555053710938,243.44094848632812,262.3076171875,-303.9627685546875,234.7939453125,239.17662048339844,384.2724914550781,647.163330078125,233.67333984375,239.88006591796875,240.09555053710938,243.44094848632812,262.3076171875
20260329,50,241.04080200195312,229.86151123046875,232.06556701660156,235.24461364746094,247.91015625,319.9582214355469,232.96832275390625,239.26121520996094,239.56092834472656,243.0799560546875,263.0465393066406,-312.17510986328125,234.06826782226562,238.45692443847656,385.51763916015625,631.5379638671875,232.96832275390625,239.26121520996094,239.56092834472656,243.0799560546875,263.0465393066406
20260329,51,237.35711669921875,228.85560607910156,229.78988647460938,232.03701782226562,244.211669921875,320.7861633300781,232.264892578125,238.6470947265625,239.03585815429688,242.73245239257812,263.84136962890625,-321.0396423339844,233.71502685546875,238.0385284423828,393.3695983886719,617.5918579101562,232.264892578125,238.6470947265625,239.03585815429688,242.73245239257812,263.84136962890625
20260329,52,233.67344665527344,227.81396484375,228.02157592773438,229.59478759765625,242.7228240966797,329.9173889160156,231.5964813232422,238.06260681152344,238.53504943847656,242.40072631835938,264.6684265136719,-329.50982666015625,233.3880157470703,237.8091278076172,401.3617858886719,603.68994140625,231.5964813232422,238.06260681152344,238.53504943847656,242.40072631835938,264.6684265136719
20260329,53,232.41400146484375,226.82810974121094,227.0084991455078,228.1908416748047,243.9510955810547,347.5927429199219,231.02737426757812,237.5579833984375,238.0872802734375,242.0790557861328,265.36932373046875,-337.572021484375,233.08950805664062,237.76136779785156,409.4874267578125,589.8822631835938,231.02737426757812,237.5579833984375,238.0872802734375,242.0790557861328,265.36932373046875
20260329,54,854.2789306640625,226.7486114501953,227.1760711669922,227.5319366455078,244.23690795898438,355.7139587402344,230.64773559570312,237.21751403808594,237.7567596435547,241.7877655029297,265.6999206542969,-342.00262451171875,233.00111389160156,238.0369110107422,415.8329772949219,580.7650146484375,230.64773559570312,237.21751403808594,237.7567596435547,241.7877655029297,265.6999206542969
20260329,55,854.2789306640625,227.04315185546875,227.83737182617188,227.03955078125,241.95785522460938,350.3647766113281,230.42413330078125,237.02267456054688,237.55538940429688,241.58168029785156,265.8458557128906,-342.06427001953125,232.4034881591797,236.7054443359375,414.6277770996094,579.9163818359375,230.42413330078125,237.02267456054688,237.55538940429688,241.58168029785156,265.8458557128906
20260329,56,231.30015563964844,227.4962158203125,228.25,226.7895965576172,238.99996948242188,339.6520690917969,230.3736114501953,236.98980712890625,237.50515747070312,241.48109436035156,265.7276611328125,-341.6494140625,231.85086059570312,235.552978515625,413.5695495605469,579.33544921875,230.3736114501953,236.98980712890625,237.50515747070312,241.48109436035156,265.7276611328125
20260329,57,232.41400146484375,228.14930725097656,228.254150390625,226.74302673339844,235.72357177734375,325.5500793457031,230.51565551757812,237.1304931640625,237.61654663085938,241.49778747558594,265.34478759765625,-340.3622741699219,231.45391845703125,234.81114196777344,413.0285949707031,579.3348388671875,230.51565551757812,237.1304931640625,237.61654663085938,241.49778747558594,265.34478759765625
20260329,58,232.41400146484375,228.5904998779297,228.1282196044922,226.97467041015625,233.7173309326172,313.9931335449219,230.73458862304688,237.3420867919922,237.8123321533203,241.6110076904297,265.0181884765625,-339.1296691894531,231.10211181640625,234.28564453125,413.0814208984375,578.768798828125,230.73458862304688,237.3420867919922,237.8123321533203,241.6110076904297,265.0181884765625
20260329,59,231.30015563964844,228.68943786621094,228.07449340820312,227.0962677001953,232.2012176513672,308.803955078125,230.9542999267578,237.54689025878906,238.01011657714844,241.74427795410156,264.8044738769531,-339.8382873535156,230.8252716064453,234.27330017089844,415.60211181640625,574.3053588867188,230.9542999267578,237.54689025878906,238.01011657714844,241.74427795410156,264.8044738769531
20260329,60,854.2789306640625,228.69757080078125,228.18222045898438,227.1610565185547,231.48585510253906,306.59185791015625,231.1879425048828,237.7562713623047,238.21319580078125,241.89031982421875,264.6661376953125,-339.8927001953125,230.6449737548828,234.49725341796875,418.3912658691406,570.40234375,231.1879425048828,237.7562713623047,238.21319580078125,241.89031982421875,264.6661376953125
20260329,61,854.2789306640625,228.81373596191406,228.39419555664062,227.3125457763672,230.84852600097656,306.4530029296875,231.41831970214844,237.9558868408203,238.40919494628906,242.04150390625,264.6235046386719,-339.19610595703125,230.58961486816406,235.00592041015625,421.5337219238281,567.16748046875,231.41831970214844,237.9558868408203,238.40919494628906,242.04150390625,264.6235046386719
20260329,62,854.2789306640625,228.94989013671875,228.8354949951172,228.09310913085938,231.0304412841797,307.6139221191406,231.65098571777344,238.1576690673828,238.61436462402344,242.21424865722656,264.6658630371094,-337.95306396484375,230.5596160888672,235.5370330810547,424.5523376464844,564.70458984375,231.65098571777344,238.1576690673828,238.61436462402344,242.21424865722656,264.6658630371094
20260329,63,232.41400146484375,229.52450561523438,229.58078002929688,229.99267578125,231.53463745117188,301.2890930175781,232.07737731933594,238.54042053222656,238.99249267578125,242.53125,264.543212890625,-332.95208740234375,230.5288543701172,235.4620361328125,424.8772888183594,569.4666137695312,232.07737731933594,238.54042053222656,238.99249267578125,242.53125,264.543212890625
20260329,64,232.41400146484375,230.4866943359375,230.59344482421875,232.06739807128906,232.04623413085938,292.03411865234375,232.7864532470703,239.184814453125,239.6165313720703,243.04576110839844,264.0875549316406,-326.42864990234375,230.8453369140625,236.1212615966797,426.2893371582031,575.5441284179688,232.7864532470703,239.184814453125,239.6165313720703,243.04576110839844,264.0875549316406
20260329,65,244.14207458496094,231.40431213378906,231.5948944091797,233.9715118408203,232.8025360107422,281.3023376464844,233.7069854736328,240.0409698486328,240.4531707763672,243.75686645507812,263.5137634277344,-319.4786071777344,231.2051239013672,236.82559204101562,427.7192687988281,582.22900390625,233.7069854736328,240.0409698486328,240.4531707763672,243.75686645507812,263.5137634277344
20260329,66,244.3204345703125,232.16734313964844,232.3898162841797,235.4160919189453,233.73794555664062,271.612548828125,234.7692413330078,241.0424346923828,241.43385314941406,244.6094207763672,262.93609619140625,-312.11260986328125,231.60826110839844,237.5611114501953,429.15576171875,589.551025390625,234.7692413330078,241.0424346923828,241.43385314941406,244.6094207763672,262.93609619140625
20260329,67,244.7244873046875,232.5922088623047,232.99893188476562,236.10763549804688,234.17286682128906,265.0697937011719,235.76547241210938,241.98556518554688,242.35873413085938,245.4300537109375,262.5214538574219,-306.4508361816406,232.08731079101562,238.57186889648438,432.99163818359375,594.2097778320312,235.76547241210938,241.98556518554688,242.35873413085938,245.4300537109375,262.5214538574219
20260329,68,246.1622772216797,232.95614624023438,233.75836181640625,236.97244262695312,235.0720672607422,260.65936279296875,236.62469482421875,242.8087615966797,243.17405700683594,246.1741485595703,262.3212585449219,-300.6005554199219,232.6124725341797,239.61016845703125,437.0404968261719,599.239990234375,236.62469482421875,242.8087615966797,243.17405700683594,246.1741485595703,262.3212585449219
20260329,69,246.56631469726562,233.3697509765625,234.62210083007812,238.11683654785156,236.25430297851562,259.7542419433594,237.35203552246094,243.50979614257812,243.8726043701172,246.82504272460938,262.2539978027344,-294.377197265625,233.18023681640625,240.63717651367188,441.0624694824219,604.9796142578125,237.35203552246094,243.50979614257812,243.8726043701172,246.82504272460938,262.2539978027344
20260329,70,247.86761474609375,233.8291778564453,235.6969757080078,239.576416015625,237.9060516357422,261.37884521484375,237.96168518066406,244.1060791015625,244.47438049316406,247.39744567871094,262.2811584472656,-287.7981262207031,233.78997802734375,241.6388702392578,445.04632568359375,611.4468994140625,237.96168518066406,244.1060791015625,244.47438049316406,247.39744567871094,262.2811584472656
20260329,71,248.00411987304688,234.52427673339844,237.0752716064453,241.26800537109375,239.29136657714844,261.8061218261719,238.48731994628906,244.62586975097656,245.00364685058594,247.90602111816406,262.330810546875,-281.2633361816406,234.62478637695312,243.28997802734375,450.0343017578125,616.5377197265625,238.48731994628906,244.62586975097656,245.00364685058594,247.90602111816406,262.330810546875
20260329,72,249.68943786621094,235.2770233154297,238.84889221191406,243.39735412597656,241.16404724121094,263.6249694824219,238.94125366210938,245.07818603515625,245.4661865234375,248.35220336914062,262.3809509277344,-274.5181884765625,235.5509033203125,245.0792236328125,455.255126953125,621.79443359375,238.94125366210938,245.07818603515625,245.4661865234375,248.35220336914062,262.3809509277344
20260329,73,249.84596252441406,236.07969665527344,240.90078735351562,245.79092407226562,243.44467163085938,266.4561462402344,239.32801818847656,245.46534729003906,245.8629608154297,248.73501586914062,262.4202880859375,-267.4787292480469,236.5159912109375,246.80165100097656,460.4060974121094,627.8142700195312,239.32801818847656,245.46534729003906,245.8629608154297,248.73501586914062,262.4202880859375
20260329,74,250.25,236.9032745361328,242.98175048828125,248.18466186523438,245.87818908691406,270.1830139160156,239.6611328125,245.79684448242188,246.2003631591797,249.05795288085938,262.43536376953125,-260.1680908203125,237.51866149902344,248.44387817382812,465.4768981933594,634.6026611328125,239.6611328125,245.79684448242188,246.2003631591797,249.05795288085938,262.43536376953125
20260329,75,251.51126098632812,237.57955932617188,244.78285217285156,250.40625,248.5485076904297,274.365478515625,239.908935546875,246.03919982910156,246.44552612304688,249.28890991210938,262.4109191894531,-252.03067016601562,238.39199829101562,250.27366638183594,466.14874267578125,639.7916870117188,239.908935546875,246.03919982910156,246.44552612304688,249.28890991210938,262.4109191894531
20260329,76,251.68780517578125,238.05618286132812,246.2038116455078,252.29013061523438,251.11163330078125,279.41162109375,240.0698699951172,246.1877899169922,246.5950927734375,249.42665100097656,262.3533020019531,-244.7811279296875,239.2339630126953,252.27133178710938,466.2174072265625,642.501708984375,240.0698699951172,246.1877899169922,246.5950927734375,249.42665100097656,262.3533020019531
20260329,77,253.3330841064453,238.5533905029297,247.3287353515625,254.05235290527344,253.7163848876953,284.0658874511719,240.15821838378906,246.2595977783203,246.66714477539062,249.4889373779297,262.26385498046875,-236.77610778808594,240.09974670410156,254.1022186279297,465.46954345703125,646.7599487304688,240.15821838378906,246.2595977783203,246.66714477539062,249.4889373779297,262.26385498046875
20260329,78,253.3330841064453,238.99351501464844,248.11276245117188,255.54806518554688,256.11895751953125,288.69598388671875,240.18161010742188,246.264404296875,246.67434692382812,249.49124145507812,262.17315673828125,-228.6028289794922,240.9963836669922,255.80360412597656,464.6051940917969,651.775146484375,240.18161010742188,246.264404296875,246.67434692382812,249.49124145507812,262.17315673828125
20260329,79,253.52963256835938,239.18893432617188,248.60699462890625,256.8997497558594,258.3542175292969,292.3201599121094,240.1654052734375,246.23153686523438,246.64480590820312,249.45980834960938,262.0997009277344,-220.02362060546875,241.67723083496094,256.7908020019531,461.3753356933594,658.362548828125,240.1654052734375,246.23153686523438,246.64480590820312,249.45980834960938,262.0997009277344
20260329,80,253.52963256835938,239.19493103027344,248.75074768066406,257.9111328125,260.2909851074219,295.5818176269531,240.12667846679688,246.17575073242188,246.59117126464844,249.4064178466797,262.0381774902344,-211.08892822265625,242.16050720214844,257.10113525390625,455.9593811035156,666.43896484375,240.12667846679688,246.17575073242188,246.59117126464844,249.4064178466797,262.0381774902344
20260329,81,253.52963256835938,239.1802215576172,248.81626892089844,258.69091796875,261.85174560546875,297.8913269042969,240.0606689453125,246.0926055908203,246.51055908203125,249.3292999267578,261.9930419921875,-202.07119750976562,242.66806030273438,257.25054931640625,450.4044189453125,675.229736328125,240.0606689453125,246.0926055908203,246.51055908203125,249.3292999267578,261.9930419921875
20260329,82,253.52963256835938,239.17318725585938,248.7208709716797,259.16082763671875,263.0957336425781,299.7440490722656,239.96682739257812,245.98463439941406,246.40724182128906,249.2336883544922,261.97637939453125,-192.99966430664062,243.1974334716797,257.2300109863281,444.70416259765625,684.7144165039062,239.96682739257812,245.98463439941406,246.40724182128906,249.2336883544922,261.97637939453125
20260329,83,253.52963256835938,238.90145874023438,248.6290283203125,259.8968505859375,265.03948974609375,304.5583801269531,239.82620239257812,245.8262939453125,246.25245666503906,249.0908203125,261.9830627441406,-185.65020751953125,243.5936279296875,256.75213623046875,439.6990966796875,692.8639526367188,239.82620239257812,245.8262939453125,246.25245666503906,249.0908203125,261.9830627441406
20260329,84,251.68780517578125,238.1426239013672,248.46929931640625,261.16973876953125,268.7488708496094,316.2558288574219,239.60076904296875,245.5673065185547,245.9912567138672,248.848388671875,262.0223693847656,-181.02279663085938,243.7694854736328,255.65435791015625,435.854248046875,698.537841796875,239.60076904296875,245.5673065185547,245.9912567138672,248.848388671875,262.0223693847656
20260329,85,251.51126098632812,237.32041931152344,249.20401000976562,264.11553955078125,275.3670959472656,334.9939270019531,239.2707977294922,245.18365478515625,245.59747314453125,248.4831085205078,262.12493896484375,-176.4302978515625,243.9594268798828,254.36367797851562,431.8490295410156,704.8268432617188,239.2707977294922,245.18365478515625,245.59747314453125,248.4831085205078,262.12493896484375
20260329,86,249.84596252441406,236.45318603515625,251.81729125976562,270.6000671386719,287.77142333984375,365.1161193847656,238.7945098876953,244.6326141357422,245.03173828125,247.9650421142578,262.3851013183594,-171.90191650390625,244.1607666015625,252.87408447265625,427.67974853515625,711.6995849609375,238.7945098876953,244.6326141357422,245.03173828125,247.9650421142578,262.3851013183594
20260329,87,248.4081573486328,235.6350860595703,256.766845703125,281.7967224121094,306.80059814453125,403.28466796875,238.13558959960938,243.88687133789062,244.27589416503906,247.29124450683594,262.9954528808594,-166.82635498046875,244.24057006835938,250.8367462158203,421.62481689453125,720.3088989257812,238.13558959960938,243.88687133789062,244.27589416503906,247.29124450683594,262.9954528808594
20260329,88,247.86761474609375,234.9317169189453,264.096923828125,297.1806335449219,330.12109375,441.3599548339844,237.23826599121094,242.888671875,243.27481079101562,246.42901611328125,264.2394104003906,-160.05801391601562,243.95745849609375,247.61740112304688,410.53106689453125,732.7944946289062,237.23826599121094,242.888671875,243.27481079101562,246.42901611328125,264.2394104003906
20260329,89,246.1622772216797,234.36386108398438,273.39154052734375,316.3739318847656,357.33343505859375,482.2064514160156,235.96731567382812,241.5113067626953,241.92530822753906,245.34274291992188,266.8638916015625,-153.4399871826172,243.67735290527344,244.1862335205078,399.2665710449219,745.7542724609375,235.96731567382812,241.5113067626953,241.92530822753906,245.34274291992188,266.8638916015625
20260329,90,244.3204345703125,233.52488708496094,278.6449279785156,330.81195068359375,379.8714599609375,520.6690673828125,234.10525512695312,239.5745849609375,240.10841369628906,244.08480834960938,272.7334899902344,-146.99996948242188,243.3973846435547,240.54080200195312,387.8304748535156,759.1475219726562,234.10525512695312,239.5745849609375,240.10841369628906,244.08480834960938,272.7334899902344
20260329,91,244.3204345703125,231.88577270507812,276.29583740234375,338.2301330566406,399.1113586425781,566.7927856445312,231.24777221679688,236.79908752441406,237.71653747558594,243.0789794921875,287.4368591308594,-141.21351623535156,243.121826171875,236.71868896484375,376.7902526855469,772.3040161132812,231.24777221679688,236.79908752441406,237.71653747558594,243.0789794921875,287.4368591308594
20260329,92,231.30015563964844,228.67404174804688,264.0737609863281,339.2523193359375,420.68267822265625,641.668701171875,226.7651824951172,232.90582275390625,235.1001434326172,245.056640625,334.8404846191406,-138.64999389648438,242.8880615234375,232.94151306152344,369.3634338378906,781.6221313476562,226.7651824951172,232.90582275390625,235.1001434326172,245.056640625,334.8404846191406
20260329,93,854.2203369140625,225.16575622558594,247.70950317382812,330.933349609375,434.5882873535156,718.998291015625,223.00979614257812,228.9866180419922,236.39697265625,270.03759765625,556.4230346679688,-135.87281799316406,242.7773895263672,229.23968505859375,362.22381591796875,791.5608520507812,223.00979614257812,228.9866180419922,236.39697265625,270.03759765625,556.4230346679688
20260329,94,854.2203369140625,223.1731719970703,235.9467315673828,315.7970275878906,433.1666259765625,765.2174072265625,206.7285614013672,209.86289978027344,308.1611328125,473.3193054199219,1266.0557861328125,-130.2042694091797,243.54330444335938,227.29312133789062,358.0037841796875,803.912841796875,206.7285614013672,209.86289978027344,308.1611328125,473.3193054199219,1266.0557861328125
20260329,95,854.2203369140625,221.2734832763672,228.4602508544922,303.065673828125,430.51190185546875,803.0556640625,151.94557189941406,354.7192687988281,564.1926879882812,713.8487548828125,1052.2596435546875,-124.8379135131836,244.2954559326172,225.13360595703125,353.6190490722656,816.4703369140625,151.94557189941406,354.7192687988281,564.1926879882812,713.8487548828125,1052.2596435546875
20260330,0,854.8885498046875,227.8153533935547,244.26612854003906,276.07489013671875,382.1156921386719,658.6594848632812,225.19790649414062,228.60995483398438,263.4312744140625,348.5093078613281,841.0139770507812,-5.668211936950684,227.18743896484375,348.8903503417969,649.614013671875,759.2072143554688,225.19790649414062,228.60995483398438,263.4312744140625,348.5093078613281,841.0139770507812
20260330,1,854.8885498046875,227.03170776367188,241.9449462890625,280.74432373046875,393.1376953125,666.9593505859375,138.93418884277344,303.8821716308594,577.7142944335938,769.2741088867188,1209.076904296875,-0.6199923157691956,227.84942626953125,346.1666259765625,644.0979614257812,772.6356201171875,138.93418884277344,303.8821716308594,577.7142944335938,769.2741088867188,1209.076904296875
20260330,2,854.8885498046875,234.23681640625,377.2329406738281,508.8549499511719,665.4132080078125,870.4969482421875,211.20095825195312,612.3599853515625,807.5244750976562,920.333984375,1052.155029296875,4.066139221191406,228.48983764648438,343.2417907714844,638.4298706054688,786.120849609375,211.20095825195312,612.3599853515625,807.5244750976562,920.333984375,1052.155029296875
20260330,3,854.8885498046875,235.98895263671875,387.7021789550781,527.0892944335938,685.8379516601562,898.740478515625,246.1593017578125,660.0518188476562,819.9323120117188,907.96875,1008.2114868164062,8.373296737670898,229.10630798339844,340.1214294433594,632.6152954101562,799.6124877929688,246.1593017578125,660.0518188476562,819.9323120117188,907.96875,1008.2114868164062
20260330,4,854.8885498046875,256.1735534667969,648.8324584960938,806.4571533203125,885.2406616210938,942.726806640625,260.0318908691406,673.8521118164062,824.96240234375,906.7192993164062,1004.3978881835938,12.286069869995117,229.6964569091797,336.8121337890625,626.66064453125,813.0601196289062,260.0318908691406,673.8521118164062,824.96240234375,906.7192993164062,1004.3978881835938
20260330,5,854.8885498046875,255.37615966796875,646.9677124023438,810.406494140625,890.339111328125,947.3416137695312,268.20281982421875,683.4077758789062,831.5916748046875,911.1812133789062,1009.4734497070312,17.01558494567871,230.06631469726562,332.8006591796875,617.7178955078125,828.5449829101562,268.20281982421875,683.4077758789062,831.5916748046875,911.1812133789062,1009.4734497070312
20260330,6,854.8885498046875,265.099609375,728.5170288085938,855.6022338867188,900.0936279296875,960.5336303710938,274.3047790527344,691.468017578125,838.2969360351562,916.6965942382812,1016.7470092773438,21.50889778137207,230.37681579589844,328.53753662109375,608.2208251953125,844.2053833007812,274.3047790527344,691.468017578125,838.2969360351562,916.6965942382812,1016.7470092773438
20260330,7,854.8885498046875,264.04608154296875,721.5357666015625,850.0159301757812,897.451171875,961.113037109375,278.9314880371094,698.911865234375,844.3069458007812,921.456787109375,1023.3525390625,25.572206497192383,230.6548309326172,324.1097412109375,598.6055297851562,859.6724853515625,278.9314880371094,698.911865234375,844.3069458007812,921.456787109375,1023.3525390625
20260330,8,854.7916259765625,265.1662292480469,743.3353271484375,842.4932861328125,892.86083984375,959.1888427734375,283.0727233886719,704.4846801757812,848.5902099609375,924.66455078125,1028.6873779296875,29.197175979614258,230.8984832763672,319.52679443359375,588.8805541992188,874.8980712890625,283.0727233886719,704.4846801757812,848.5902099609375,924.66455078125,1028.6873779296875
20260330,9,854.7916259765625,264.0502014160156,734.9046020507812,839.1867065429688,891.3596801757812,955.7164916992188,286.9473571777344,709.0857543945312,851.8738403320312,926.89892578125,1033.30859375,31.52996063232422,231.23899841308594,315.15899658203125,581.0303344726562,888.3594970703125,286.9473571777344,709.0857543945312,851.8738403320312,926.89892578125,1033.30859375
20260330,10,854.7916259765625,265.46063232421875,744.82568359375,837.2909545898438,885.8118286132812,954.4118041992188,290.6416015625,712.9553833007812,854.2994995117188,928.2592163085938,1037.2867431640625,33.1144905090332,231.58885192871094,310.7842712402344,573.7857055664062,900.9653930664062,290.6416015625,712.9553833007812,854.2994995117188,928.2592163085938,1037.2867431640625
20260330,11,854.7916259765625,265.1029357910156,741.485595703125,832.9216918945312,881.6145629882812,952.554931640625,294.03143310546875,716.115966796875,856.03759765625,929.00048828125,1040.7716064453125,34.24726486206055,231.89987182617188,306.28680419921875,566.4593505859375,913.1914672851562,294.03143310546875,716.115966796875,856.03759765625,929.00048828125,1040.7716064453125
20260330,12,854.7916259765625,271.1443786621094,813.298828125,884.2684326171875,918.9788818359375,977.7814331054688,296.9678649902344,718.579833984375,857.259521484375,929.4041748046875,1043.8966064453125,34.9277229309082,232.17091369628906,301.67852783203125,559.0610961914062,924.9945678710938,296.9678649902344,718.579833984375,857.259521484375,929.4041748046875,1043.8966064453125
20260330,13,854.7916259765625,271.9044494628906,823.2149047851562,888.6395874023438,921.20458984375,980.7190551757812,299.34881591796875,720.0859985351562,858.0107421875,929.730712890625,1046.722412109375,36.151065826416016,232.2451934814453,296.5495300292969,549.2847900390625,938.0634155273438,299.34881591796875,720.0859985351562,858.0107421875,929.730712890625,1046.722412109375
20260330,14,854.7916259765625,268.8251647949219,794.9998168945312,867.3380737304688,899.7286987304688,959.3675537109375,301.0900573730469,720.729736328125,858.770263671875,930.6802368164062,1049.827880859375,37.565528869628906,232.1775360107422,291.0633850097656,537.9683837890625,951.7410278320312,301.0900573730469,720.729736328125,858.770263671875,930.6802368164062,1049.827880859375
20260330,15,854.7916259765625,265.8998718261719,770.368896484375,850.9277954101562,887.1199340820312,951.102294921875,302.3178405761719,720.6848754882812,859.81201171875,932.6380615234375,1053.6064453125,38.53738784790039,232.0673370361328,285.50494384765625,526.612060546875,964.8781127929688,302.3178405761719,720.6848754882812,859.81201171875,932.6380615234375,1053.6064453125
20260330,16,854.7916259765625,262.2220153808594,741.9304809570312,832.9159545898438,876.596435546875,947.5272827148438,303.3081359863281,719.7183227539062,860.8956298828125,935.4671630859375,1057.9571533203125,39.07373046875,231.91419982910156,279.8876037597656,515.2266845703125,977.4401245117188,303.3081359863281,719.7183227539062,860.8956298828125,935.4671630859375,1057.9571533203125
20260330,17,854.7916259765625,259.16241455078125,715.984619140625,818.8950805664062,870.5407104492188,946.9107666015625,304.43365478515625,717.1885375976562,860.9121704101562,937.8966064453125,1061.5616455078125,38.4799690246582,231.82794189453125,274.52410888671875,505.4630432128906,988.1704711914062,304.43365478515625,717.1885375976562,860.9121704101562,937.8966064453125,1061.5616455078125
20260330,18,854.7916259765625,257.9090270996094,700.11767578125,797.3595581054688,853.23046875,939.4584350585938,305.9136962890625,711.7413330078125,857.721435546875,937.4282836914062,1061.653564453125,36.703006744384766,231.81854248046875,269.4555969238281,497.4814453125,996.9281005859375,305.9136962890625,711.7413330078125,857.721435546875,937.4282836914062,1061.653564453125
20260330,19,854.7916259765625,256.0998840332031,684.9578247070312,788.410888671875,849.9508056640625,939.956787109375,307.1962585449219,700.7521362304688,848.2996215820312,930.84619140625,1054.2681884765625,34.522682189941406,231.7658233642578,264.3699645996094,489.50433349609375,1005.021728515625,307.1962585449219,700.7521362304688,848.2996215820312,930.84619140625,1054.2681884765625
20260330,20,854.7916259765625,257.90362548828125,721.5779418945312,828.06298828125,890.9874877929688,974.5458374023438,307.1007995605469,681.4620361328125,829.648193359375,914.9393920898438,1035.176025390625,31.953231811523438,231.67010498046875,259.28143310546875,481.5431213378906,1012.4268798828125,307.1007995605469,681.4620361328125,829.648193359375,914.9393920898438,1035.176025390625
20260330,21,854.7916259765625,255.1206817626953,688.4318237304688,799.1759033203125,866.8685302734375,955.537841796875,304.4403381347656,651.9280395507812,799.696533203125,887.4650268554688,1001.3422241210938,28.62357521057129,231.5928192138672,254.37632751464844,474.4909362792969,1018.4138793945312,304.4403381347656,651.9280395507812,799.696533203125,887.4650268554688,1001.3422241210938
20260330,22,854.7916259765625,256.0603332519531,712.603515625,826.5747680664062,893.4706420898438,975.1539916992188,298.3089904785156,612.0687866210938,758.6267700195312,848.5946044921875,953.101806640625,24.21246910095215,231.5880126953125,249.81944274902344,469.1307067871094,1022.3440551757812,298.3089904785156,612.0687866210938,758.6267700195312,848.5946044921875,953.101806640625
20260330,23,854.7916259765625,253.84716796875,685.2236938476562,803.4332275390625,873.888916015625,960.0423583984375,287.89080810546875,563.8309936523438,709.8263549804688,802.4270629882812,896.46484375,19.46479034423828,231.54202270507812,245.30194091796875,463.8193664550781,1025.5318603515625,287.89080810546875,563.8309936523438,709.8263549804688,802.4270629882812,896.46484375
20260330,24,854.7916259765625,253.6069793701172,696.12158203125,823.4307250976562,898.053466796875,980.5188598632812,272.54669189453125,507.9516906738281,655.6404418945312,752.44189453125,838.3019409179688,14.400943756103516,231.45594787597656,240.837646484375,458.56756591796875,1027.965087890625,272.54669189453125,507.9516906738281,655.6404418945312,752.44189453125,838.3019409179688
20260330,25,854.7916259765625,250.58970642089844,654.0204467773438,793.6336059570312,879.4393310546875,972.4035034179688,250.2283477783203,439.9898681640625,592.9977416992188,697.406494140625,784.4126586914062,8.88328742980957,231.36740112304688,236.7434844970703,453.1409606933594,1028.2813720703125,250.2283477783203,439.9898681640625,592.9977416992188,697.406494140625,784.4126586914062
20260330,26,242.8826446533203,247.33815002441406,599.9699096679688,754.8952026367188,857.7042236328125,965.3494262695312,213.55364990234375,339.89288330078125,502.1052551269531,622.822021484375,752.9263305664062,3.1719272136688232,231.55517578125,234.2263946533203,447.5480041503906,1023.400634765625,213.55364990234375,339.89288330078125,502.1052551269531,622.822021484375,752.9263305664062
20260330,27,244.3204345703125,243.30209350585938,526.3571166992188,693.0175170898438,819.9881591796875,959.4051513671875,185.0228729248047,220.64385986328125,360.8797302246094,512.2472534179688,919.9497680664062,-2.001647472381592,231.92652893066406,232.29002380371094,442.8088073730469,1018.2835083007812,185.0228729248047,220.64385986328125,360.8797302246094,512.2472534179688,919.9497680664062
20260330,28,244.7244873046875,238.08438110351562,440.21649169921875,601.2913818359375,754.7012939453125,954.4390869140625,229.42953491210938,223.427978515625,252.4229736328125,360.9398193359375,1109.913330078125,-7.396779537200928,232.26333618164062,230.4593963623047,438.1689147949219,1012.3971557617188,229.42953491210938,223.427978515625,252.4229736328125,360.9398193359375,1109.913330078125
20260330,29,246.1622772216797,231.93923950195312,343.4945068359375,473.3482666015625,643.5975341796875,920.9627685546875,226.4226531982422,229.2381134033203,233.92481994628906,279.8307189941406,771.2518920898438,-13.161548614501953,232.59326171875,228.98388671875,433.4674987792969,1004.6058349609375,226.4226531982422,229.2381134033203,233.92481994628906,279.8307189941406,771.2518920898438
20260330,30,246.56631469726562,228.4987030029297,275.7322692871094,359.40423583984375,517.6666870117188,833.291748046875,219.8062286376953,227.35289001464844,230.3897247314453,254.1499481201172,550.9022827148438,-20.92371940612793,233.16358947753906,230.1285858154297,427.1018981933594,984.0869140625,219.8062286376953,227.35289001464844,230.3897247314453,254.1499481201172,550.9022827148438
20260330,31,247.86761474609375,228.1488800048828,243.60299682617188,284.3117370605469,408.2550048828125,706.7384033203125,217.0203857421875,227.02835083007812,229.73004150390625,242.7834930419922,414.7755432128906,-28.826339721679688,233.70521545410156,231.41387939453125,420.8609313964844,962.8218994140625,217.0203857421875,227.02835083007812,229.73004150390625,242.7834930419922,414.7755432128906
20260330,32,248.00411987304688,229.37661743164062,235.8456268310547,252.97463989257812,342.80401611328125,589.1445922851562,218.5880889892578,229.28744506835938,231.43772888183594,239.32513427734375,338.6332092285156,-36.8409309387207,234.2202606201172,232.8502197265625,414.7521057128906,940.8252563476562,218.5880889892578,229.28744506835938,231.43772888183594,239.32513427734375,338.6332092285156
20260330,33,248.4081573486328,230.9472198486328,236.8402557373047,244.2762451171875,309.0401916503906,498.1189880371094,221.85809326171875,232.09039306640625,233.91432189941406,239.7897491455078,302.76287841796875,-44.93865203857422,234.7111053466797,234.44741821289062,408.78228759765625,918.1141357421875,221.85809326171875,232.09039306640625,233.91432189941406,239.7897491455078,302.76287841796875
20260330,34,248.4081573486328,232.20339965820312,239.93402099609375,244.96157836914062,296.65057373046875,443.3203125,224.5250701904297,234.11668395996094,235.82530212402344,240.94744873046875,286.35784912109375,-52.740962982177734,234.9117431640625,234.7190704345703,403.3554382324219,900.0457153320312,224.5250701904297,234.11668395996094,235.82530212402344,240.94744873046875,286.35784912109375
20260330,35,249.68943786621094,233.1903839111328,242.69259643554688,246.57102966308594,291.4351806640625,408.80743408203125,226.2696990966797,235.3571014404297,236.9970245361328,241.7614288330078,277.96142578125,-60.55176544189453,235.08079528808594,235.10113525390625,398.0976867675781,881.5494384765625,226.2696990966797,235.3571014404297,236.9970245361328,241.7614288330078,277.96142578125
20260330,36,249.84596252441406,233.92550659179688,244.98719787597656,247.89378356933594,289.21685791015625,387.2674865722656,227.39047241210938,236.1123809814453,237.68177795410156,242.2159881591797,273.00225830078125,-68.35723876953125,235.233154296875,235.6692657470703,392.9959411621094,862.4088745117188,227.39047241210938,236.1123809814453,237.68177795410156,242.2159881591797,273.00225830078125
20260330,37,249.84596252441406,234.5283660888672,246.93023681640625,248.97972106933594,287.7633972167969,371.5461120605469,228.13624572753906,236.597412109375,238.09423828125,242.4532012939453,269.74078369140625,-76.12796020507812,235.37135314941406,236.4302978515625,388.0546569824219,842.6531372070312,228.13624572753906,236.597412109375,238.09423828125,242.4532012939453,269.74078369140625
20260330,38,249.84596252441406,234.64346313476562,248.09022521972656,249.45945739746094,287.1709289550781,364.1466064453125,228.60256958007812,236.8695068359375,238.30322265625,242.5381622314453,267.5324401855469,-85.44583129882812,235.29197692871094,236.77432250976562,384.24420166015625,821.637939453125,228.60256958007812,236.8695068359375,238.30322265625,242.5381622314453,267.5324401855469
20260330,39,249.84596252441406,234.61843872070312,248.91726684570312,250.12010192871094,287.5263671875,360.8604431152344,228.87301635742188,236.9921417236328,238.36766052246094,242.5103302001953,265.9642028808594,-95.00957489013672,235.16053771972656,237.19277954101562,380.80438232421875,799.9310302734375,228.87301635742188,236.9921417236328,238.36766052246094,242.5103302001953,265.9642028808594
20260330,40,249.68943786621094,234.53762817382812,249.4593505859375,250.60317993164062,288.1219177246094,359.1341857910156,229.00770568847656,237.0076904296875,238.32957458496094,242.40484619140625,264.8291931152344,-104.4511489868164,235.0232696533203,237.8196258544922,377.5338134765625,777.7110595703125,229.00770568847656,237.0076904296875,238.32957458496094,242.40484619140625,264.8291931152344
20260330,41,249.68943786621094,234.4972686767578,250.18589782714844,251.64918518066406,289.5620422363281,359.1967468261719,229.050537109375,236.95606994628906,238.23495483398438,242.2657012939453,264.00299072265625,-113.74238586425781,234.88294982910156,238.6582794189453,374.43408203125,755.0171508789062,229.050537109375,236.95606994628906,238.23495483398438,242.2657012939453,264.00299072265625
20260330,42,249.84596252441406,234.74697875976562,250.04605102539062,251.69178771972656,289.072265625,357.06683349609375,229.08653259277344,236.9248504638672,238.17115783691406,242.16603088378906,263.3701171875,-119.81681823730469,234.64315795898438,237.74822998046875,372.6069030761719,744.2022705078125,229.08653259277344,236.9248504638672,238.17115783691406,242.16603088378906,263.3701171875
20260330,43,249.84596252441406,235.1366729736328,249.7655029296875,251.6598358154297,288.3168640136719,354.6603698730469,229.1411590576172,236.9340362548828,238.1547393798828,242.11611938476562,262.8818664550781,-124.35697174072266,234.362548828125,236.19529724121094,371.4329833984375,738.3833618164062,229.1411590576172,236.9340362548828,238.1547393798828,242.11611938476562,262.8818664550781
20260330,44,250.25,235.57530212402344,248.0904998779297,249.42420959472656,283.69512939453125,347.3501281738281,229.24029541015625,237.00466918945312,238.20718383789062,242.1344757080078,262.4990234375,-128.6664581298828,234.08743286132812,234.85887145996094,370.4301452636719,732.2177734375,229.24029541015625,237.00466918945312,238.20718383789062,242.1344757080078,262.4990234375
20260330,45,251.51126098632812,236.0225830078125,246.3041229248047,247.00775146484375,278.3749694824219,338.7596130371094,229.40953063964844,237.15162658691406,238.3347625732422,242.2187957763672,262.16107177734375,-132.72021484375,233.82061767578125,233.73867797851562,369.5968933105469,725.7514038085938,229.40953063964844,237.15162658691406,238.3347625732422,242.2187957763672,262.16107177734375
20260330,46,250.25,235.97080993652344,244.4784393310547,244.58082580566406,273.36444091796875,331.06256103515625,229.56536865234375,237.28379821777344,238.44741821289062,242.2915496826172,261.89410400390625,-139.4215087890625,233.34071350097656,232.89891052246094,369.0363464355469,713.2862548828125,229.56536865234375,237.28379821777344,238.44741821289062,242.2915496826172,261.89410400390625
20260330,47,249.84596252441406,235.43150329589844,242.589111328125,242.31857299804688,269.4060974121094,326.1753234863281,229.64295959472656,237.33900451660156,238.48471069335938,242.299072265625,261.6903991699219,-148.07235717773438,232.7021484375,232.3223114013672,368.721435546875,696.1961669921875,229.64295959472656,237.33900451660156,238.48471069335938,242.299072265625,261.6903991699219
20260330,48,249.68943786621094,234.68353271484375,241.05239868164062,240.3519287109375,266.69384765625,322.9710388183594,229.6234893798828,237.29983520507812,238.42742919921875,242.22093200683594,261.5211486816406,-156.39955139160156,232.07998657226562,231.95562744140625,368.5675964355469,678.949462890625,229.6234893798828,237.29983520507812,238.42742919921875,242.22093200683594,261.5211486816406
20260330,49,248.00411987304688,233.80892944335938,239.7882843017578,238.689453125,265.0659484863281,321.63177490234375,229.49432373046875,237.16220092773438,238.2802276611328,242.06748962402344,261.3891906738281,-164.3831787109375,231.47689819335938,231.7948760986328,368.57061767578125,661.5958862304688,229.49432373046875,237.16220092773438,238.2802276611328,242.06748962402344,261.3891906738281
20260330,50,247.86761474609375,233.057373046875,238.88623046875,237.5400848388672,263.69500732421875,319.9222412109375,229.3082275390625,236.98202514648438,238.10177612304688,241.8912811279297,261.2447509765625,-171.199951171875,230.9644317626953,231.97796630859375,368.2691345214844,645.0272216796875,229.3082275390625,236.98202514648438,238.10177612304688,241.8912811279297,261.2447509765625
20260330,51,247.86761474609375,232.49533081054688,238.2222442626953,236.6824188232422,262.4337158203125,317.8342590332031,229.11209106445312,236.80226135253906,237.931884765625,241.72494506835938,261.0438232421875,-176.59136962890625,230.56570434570312,232.54197692871094,367.5207214355469,629.5462646484375,229.11209106445312,236.80226135253906,237.931884765625,241.72494506835938,261.0438232421875
20260330,52,246.56631469726562,232.0019073486328,237.27049255371094,235.59519958496094,260.60247802734375,315.2127990722656,228.91220092773438,236.62716674804688,237.77432250976562,241.57296752929688,260.7997131347656,-181.5884552001953,230.1932373046875,233.2949676513672,366.9125061035156,614.109375,228.91220092773438,236.62716674804688,237.77432250976562,241.57296752929688,260.7997131347656
20260330,53,246.56631469726562,231.59349060058594,236.20008850097656,234.49078369140625,258.4085693359375,312.09820556640625,228.71295166015625,236.45701599121094,237.62515258789062,241.43011474609375,260.5301513671875,-186.17742919921875,229.84927368164062,234.22959899902344,366.43768310546875,598.7667846679688,228.71295166015625,236.45701599121094,237.62515258789062,241.43011474609375,260.5301513671875
20260330,54,246.1622772216797,231.2166748046875,235.02565002441406,233.2347869873047,256.0817565917969,308.1651916503906,228.50640869140625,236.28125,237.4718475341797,241.28636169433594,260.2864074707031,-190.7126007080078,229.5728759765625,235.1610870361328,367.7486572265625,584.4100341796875,228.50640869140625,236.28125,237.4718475341797,241.28636169433594,260.2864074707031
20260330,55,246.1622772216797,230.822021484375,233.86788940429688,231.9263916015625,254.06069946289062,305.18475341796875,228.2822723388672,236.09130859375,237.3088836669922,241.143798828125,260.1629638671875,-195.65438842773438,229.41358947753906,235.85340881347656,372.9714050292969,572.1709594726562,228.2822723388672,236.09130859375,237.3088836669922,241.143798828125,260.1629638671875
20260330,56,244.7244873046875,230.36483764648438,232.9434051513672,230.89825439453125,252.96832275390625,304.2868347167969,228.05023193359375,235.89210510253906,237.1384735107422,241.00497436523438,260.19244384765625,-200.1578826904297,229.28860473632812,236.70094299316406,378.30389404296875,560.1734008789062,228.05023193359375,235.89210510253906,237.1384735107422,241.00497436523438,260.19244384765625
20260330,57,244.3204345703125,229.834716796875,232.39939880371094,230.2517547607422,253.06051635742188,305.9479675292969,227.82708740234375,235.69790649414062,236.9752960205078,240.88348388671875,260.3548278808594,-204.21669006347656,229.19960021972656,237.69337463378906,383.7372741699219,548.4650268554688,227.82708740234375,235.69790649414062,236.9752960205078,240.88348388671875,260.3548278808594
20260330,58,244.3204345703125,229.38848876953125,232.20382690429688,230.150146484375,253.9239501953125,309.14752197265625,227.62489318847656,235.52188110351562,236.83242797851562,240.78887939453125,260.61517333984375,-207.311767578125,229.077392578125,238.29342651367188,389.2613830566406,539.6354370117188,227.62489318847656,235.52188110351562,236.83242797851562,240.78887939453125,260.61517333984375
20260330,59,242.8826446533203,229.16592407226562,232.57891845703125,231.22311401367188,256.0359802246094,313.8356018066406,227.4766387939453,235.40884399414062,236.75848388671875,240.76519775390625,260.9789123535156,-207.5107421875,228.65823364257812,236.5150146484375,394.8633117675781,543.2684936523438,227.4766387939453,235.40884399414062,236.75848388671875,240.76519775390625,260.9789123535156
20260330,60,854.8885498046875,229.1117706298828,233.17861938476562,232.56080627441406,258.31829833984375,318.1431579589844,227.38526916503906,235.35694885253906,236.74916076660156,240.8014373779297,261.4019470214844,-206.90199279785156,228.37863159179688,235.06822204589844,400.8830261230469,547.5664672851562,227.38526916503906,235.35694885253906,236.74916076660156,240.8014373779297,261.4019470214844
20260330,61,854.8885498046875,229.19114685058594,233.52130126953125,233.43182373046875,259.2894287109375,319.85638427734375,227.3999786376953,235.41452026367188,236.8567657470703,240.94692993164062,261.8857116699219,-205.73065185546875,228.17123413085938,233.78921508789062,407.0728454589844,552.4043579101562,227.3999786376953,235.41452026367188,236.8567657470703,240.94692993164062,261.8857116699219
20260330,62,854.8885498046875,229.31570434570312,233.9701690673828,234.38917541503906,260.2065734863281,320.85455322265625,227.54080200195312,235.59735107421875,237.0929718017578,241.20655822753906,262.3907775878906,-204.06060791015625,227.9999542236328,232.61900329589844,413.0771789550781,557.6290893554688,227.54080200195312,235.59735107421875,237.0929718017578,241.20655822753906,262.3907775878906
20260330,63,854.8885498046875,229.57301330566406,234.12974548339844,234.82070922851562,259.3795166015625,317.1916809082031,227.791748046875,235.8829345703125,237.43331909179688,241.55628967285156,262.8645324707031,-200.82725524902344,227.74403381347656,232.0333709716797,413.92034912109375,560.8280639648438,227.791748046875,235.8829345703125,237.43331909179688,241.55628967285156,262.8645324707031
20260330,64,242.8826446533203,230.0350341796875,234.59161376953125,235.4873504638672,258.6821594238281,313.17340087890625,228.1842041015625,236.3096466064453,237.92498779296875,242.04458618164062,263.24090576171875,-196.69473266601562,227.66087341308594,231.79469299316406,415.24407958984375,564.9181518554688,228.1842041015625,236.3096466064453,237.92498779296875,242.04458618164062,263.24090576171875
20260330,65,244.3204345703125,230.6535186767578,234.73171997070312,235.5939178466797,256.8150939941406,307.2491455078125,228.7061309814453,236.86766052246094,238.55856323242188,242.6669464111328,263.5534973144531,-191.7511749267578,227.7285919189453,231.83993530273438,416.9596862792969,569.8773803710938,228.7061309814453,236.86766052246094,238.55856323242188,242.6669464111328,263.5534973144531
20260330,66,244.3204345703125,231.22573852539062,234.99728393554688,235.96908569335938,255.52935791015625,302.7730407714844,229.33729553222656,237.54388427734375,239.3237762451172,243.42225646972656,263.90081787109375,-186.3917694091797,227.8396759033203,231.91632080078125,418.68194580078125,575.4737548828125,229.33729553222656,237.54388427734375,239.3237762451172,243.42225646972656,263.90081787109375
20260330,67,246.1622772216797,231.91407775878906,235.60205078125,236.78350830078125,255.05552673339844,299.58367919921875,230.21006774902344,238.44020080566406,240.30307006835938,244.38438415527344,264.39080810546875,-181.65293884277344,228.35623168945312,232.7191925048828,425.0224304199219,580.5181274414062,230.21006774902344,238.44020080566406,240.30307006835938,244.38438415527344,264.39080810546875
20260330,68,246.56631469726562,232.58836364746094,236.49624633789062,237.97035217285156,255.31390380859375,297.66876220703125,231.32041931152344,239.5490264892578,241.4742889404297,245.5316619873047,265.1119384765625,-176.62254333496094,228.95030212402344,233.592529296875,431.78729248046875,586.135009765625,231.32041931152344,239.5490264892578,241.4742889404297,245.5316619873047,265.1119384765625
20260330,69,247.86761474609375,233.1942138671875,237.83033752441406,239.66351318359375,256.6749267578125,297.79095458984375,232.6564483642578,240.86082458496094,242.81809997558594,246.8405303955078,266.01080322265625,-171.21897888183594,229.58700561523438,234.45457458496094,438.5252380371094,592.46142578125,232.6564483642578,240.86082458496094,242.81809997558594,246.8405303955078,266.01080322265625
20260330,70,248.00411987304688,233.79794311523438,239.4342803955078,241.68629455566406,258.6128234863281,298.7996826171875,234.18438720703125,242.33627319335938,244.28074645996094,248.24594116210938,266.93414306640625,-165.45970153808594,230.26564025878906,235.2913360595703,445.2251892089844,599.515380859375,234.18438720703125,242.33627319335938,244.28074645996094,248.24594116210938,266.93414306640625
20260330,71,248.4081573486328,234.70249938964844,241.7462158203125,244.62149047851562,261.1725158691406,299.0069274902344,235.72323608398438,243.81814575195312,245.71664428710938,249.60313415527344,267.64715576171875,-157.85772705078125,231.03199768066406,236.49603271484375,449.25006103515625,607.3807983398438,235.72323608398438,243.81814575195312,245.71664428710938,249.60313415527344,267.64715576171875
20260330,72,249.84596252441406,235.68365478515625,244.2801055908203,247.8428192138672,264.0816345214844,300.1749267578125,237.16754150390625,245.20957946777344,247.0425262451172,250.83743286132812,268.08258056640625,-149.52133178710938,231.85145568847656,237.76071166992188,452.48590087890625,616.0198364257812,237.16754150390625,245.20957946777344,247.0425262451172,250.83743286132812,268.08258056640625
20260330,73,250.25,236.75152587890625,246.93043518066406,251.25885009765625,266.9960021972656,301.6588134765625,238.41563415527344,246.4125518798828,248.171875,251.87457275390625,268.2879333496094,-140.8905792236328,232.7098846435547,238.9585723876953,455.65179443359375,625.4220581054688,238.41563415527344,246.4125518798828,248.171875,251.87457275390625,268.2879333496094
20260330,74,251.68780517578125,237.78866577148438,249.2650604248047,254.3307647705078,269.5410461425781,303.21929931640625,239.44090270996094,247.39317321777344,249.07310485839844,252.68988037109375,268.3401794433594,-131.98867797851562,233.60598754882812,240.0762176513672,458.737548828125,635.5927734375,239.44090270996094,247.39317321777344,249.07310485839844,252.68988037109375,268.3401794433594
20260330,75,253.3330841064453,238.87876892089844,251.35452270507812,256.8507385253906,271.5042419433594,303.0978088378906,240.206298828125,248.08639526367188,249.6780242919922,253.21360778808594,268.1929931640625,-122.67192840576172,234.7744598388672,242.4252166748047,460.7324523925781,642.3241577148438,240.206298828125,248.08639526367188,249.6780242919922,253.21360778808594,268.1929931640625
20260330,76,255.1549072265625,239.9840545654297,253.1397247314453,258.9229736328125,272.9375,302.0154724121094,240.76019287109375,248.5416717529297,250.04232788085938,253.5017852783203,267.8652038574219,-113.0439453125,236.10345458984375,245.37481689453125,462.0941467285156,647.57958984375,240.76019287109375,248.5416717529297,250.04232788085938,253.5017852783203,267.8652038574219
20260330,77,256.9767150878906,241.0390625,254.71124267578125,260.9194641113281,274.5187072753906,301.5426025390625,241.1222686767578,248.78627014160156,250.19744873046875,253.5867156982422,267.4102783203125,-103.2205810546875,237.46517944335938,248.2065887451172,463.34765625,653.599853515625,241.1222686767578,248.78627014160156,250.19744873046875,253.5867156982422,267.4102783203125
20260330,78,258.7985534667969,242.04971313476562,255.9571990966797,262.5979919433594,275.86968994140625,301.27392578125,241.3373565673828,248.8682403564453,250.19442749023438,253.5220947265625,266.9140930175781,-93.22895812988281,238.85772705078125,250.90884399414062,464.48455810546875,660.3771362304688,241.3373565673828,248.8682403564453,250.19442749023438,253.5220947265625,266.9140930175781
20260330,79,258.7985534667969,242.3126220703125,256.7375183105469,264.0144958496094,277.7183837890625,303.6537170410156,241.41702270507812,248.82383728027344,250.0782470703125,253.3585205078125,266.4943542480469,-86.34027862548828,239.78872680664062,252.53262329101562,465.2420959472656,664.2932739257812,241.41702270507812,248.82383728027344,250.0782470703125,253.3585205078125,266.4943542480469
20260330,80,258.7985534667969,241.83042907714844,256.82550048828125,264.92755126953125,279.9332580566406,308.69525146484375,241.37582397460938,248.67050170898438,249.86692810058594,253.11587524414062,266.1808776855469,-82.31262969970703,240.29689025878906,253.1455841064453,465.6340026855469,665.6345825195312,241.37582397460938,248.67050170898438,249.86692810058594,253.11587524414062,266.1808776855469
20260330,81,257.21331787109375,241.20858764648438,257.0852355957031,266.0917663574219,283.2111511230469,316.0024719238281,241.2295379638672,248.41781616210938,249.57028198242188,252.8044891357422,265.95159912109375,-78.2019271850586,240.82931518554688,253.59765625,465.8869323730469,667.6903076171875,241.2295379638672,248.41781616210938,249.57028198242188,252.8044891357422,265.95159912109375
20260330,82,256.9767150878906,240.48338317871094,257.72747802734375,267.808349609375,288.0005187988281,326.3348388671875,240.9595184326172,248.06765747070312,249.20599365234375,252.45053100585938,265.86859130859375,-74.03736114501953,241.38360595703125,253.8797149658203,465.99456787109375,670.4398803710938,240.9595184326172,248.06765747070312,249.20599365234375,252.45053100585938,265.86859130859375
20260330,83,255.37147521972656,239.78929138183594,259.71832275390625,271.42437744140625,295.6184387207031,341.788818359375,240.58848571777344,247.6425018310547,248.79554748535156,252.07376098632812,265.94085693359375,-69.98303985595703,241.9961700439453,254.08351135253906,466.4003601074219,673.5823974609375,240.58848571777344,247.6425018310547,248.79554748535156,252.07376098632812,265.94085693359375
20260330,84,255.1549072265625,239.15553283691406,263.7725524902344,277.9421081542969,307.0693359375,362.84735107421875,240.14002990722656,247.14608764648438,248.33082580566406,251.66058349609375,266.1387023925781,-66.14317321777344,242.6862030029297,254.2569580078125,467.3489685058594,676.9374389648438,240.14002990722656,247.14608764648438,248.33082580566406,251.66058349609375,266.1387023925781
20260330,85,253.52963256835938,238.57952880859375,269.9214172363281,287.6101379394531,322.2740478515625,388.3037414550781,239.60159301757812,246.55702209472656,247.78799438476562,251.19058227539062,266.51837158203125,-62.338340759277344,243.3903045654297,254.23751831054688,468.1371765136719,680.9076538085938,239.60159301757812,246.55702209472656,247.78799438476562,251.19058227539062,266.51837158203125
20260330,86,253.3330841064453,238.14903259277344,279.40740966796875,301.8883056640625,342.1624450683594,417.80303955078125,238.98394775390625,245.87271118164062,247.15618896484375,250.65267944335938,267.11798095703125,-58.59762954711914,244.10580444335938,254.01913452148438,468.7613220214844,685.4614868164062,238.98394775390625,245.87271118164062,247.15618896484375,250.65267944335938,267.11798095703125
20260330,87,251.68780517578125,237.8975372314453,291.37646484375,319.2120361328125,363.7535400390625,445.8822021484375,238.29434204101562,245.09817504882812,246.437255859375,250.05104064941406,267.9924011230469,-54.27798843383789,244.74559020996094,253.36117553710938,467.8100280761719,691.6839599609375,238.29434204101562,245.09817504882812,246.437255859375,250.05104064941406,267.9924011230469
20260330,88,251.51126098632812,237.81683349609375,302.9958801269531,335.44305419921875,382.32861328125,467.4087219238281,237.51405334472656,244.22897338867188,245.63409423828125,249.39793395996094,269.25457763671875,-48.17570495605469,245.1521453857422,251.82766723632812,462.6990661621094,701.59033203125,237.51405334472656,244.22897338867188,245.63409423828125,249.39793395996094,269.25457763671875
20260330,89,251.51126098632812,237.93666076660156,316.0613708496094,352.9949645996094,401.2044982910156,487.4193420410156,236.61415100097656,243.2425537109375,244.73989868164062,248.71084594726562,271.1150207519531,-42.223777770996094,245.56170654296875,250.0823516845703,457.4171142578125,711.9708251953125,236.61415100097656,243.2425537109375,244.73989868164062,248.71084594726562,271.1150207519531
20260330,90,250.25,238.11453247070312,327.2800598144531,367.76080322265625,416.7982177734375,503.8187255859375,235.55043029785156,242.1043243408203,243.74188232421875,248.01760864257812,273.9623718261719,-36.44981002807617,245.971435546875,248.12277221679688,451.963623046875,722.78466796875,235.55043029785156,242.1043243408203,243.74188232421875,248.01760864257812,273.9623718261719
20260330,91,249.84596252441406,238.2605743408203,340.01708984375,384.4061584472656,433.9457702636719,521.1597900390625,234.21795654296875,240.70965576171875,242.566162109375,247.32595825195312,278.5946350097656,-31.56222915649414,246.38926696777344,246.0068359375,447.20050048828125,733.0362548828125,234.21795654296875,240.70965576171875,242.566162109375,247.32595825195312,278.5946350097656
20260330,92,248.00411987304688,238.34146118164062,362.8992919921875,415.34869384765625,465.19305419921875,553.0224609375,232.27198791503906,238.70211791992188,240.97434997558594,246.7105712890625,288.059814453125,-31.449748992919922,246.8733673095703,244.0714569091797,448.0137634277344,737.2786865234375,232.27198791503906,238.70211791992188,240.97434997558594,246.7105712890625,288.059814453125
20260330,93,247.86761474609375,238.82794189453125,391.9403991699219,454.1842346191406,505.3260498046875,595.087158203125,229.47100830078125,235.89173889160156,238.99264526367188,246.9092559814453,309.44403076171875,-31.59283447265625,247.34921264648438,241.9197998046875,448.65740966796875,741.8220825195312,229.47100830078125,235.89173889160156,238.99264526367188,246.9092559814453,309.44403076171875
20260330,94,246.1622772216797,240.54344177246094,435.46319580078125,511.14654541015625,567.4579467773438,661.443359375,225.3848876953125,232.0000457763672,237.2955780029297,251.8011016845703,372.5244140625,-32.01548767089844,247.81396484375,239.55308532714844,449.13348388671875,746.619384765625,225.3848876953125,232.0000457763672,237.2955780029297,251.8011016845703,372.5244140625
20260330,95,242.8826446533203,242.9520263671875,477.7760009765625,569.0635375976562,636.0365600585938,741.8435668945312,223.2196807861328,226.16456604003906,246.71226501464844,308.2596130371094,755.7998657226562,-32.74037170410156,248.264892578125,236.97344970703125,449.44500732421875,751.6220703125,223.2196807861328,226.16456604003906,246.71226501464844,308.2596130371094,755.7998657226562
20260331,0,854.8885498046875,231.08230590820312,316.68505859375,432.0833740234375,603.820068359375,886.4674682617188,200.6016387939453,240.086181640625,351.9078063964844,468.5658264160156,948.9042358398438,-149.20452880859375,227.8552703857422,360.23846435546875,701.8009033203125,898.4751586914062,200.6016387939453,240.086181640625,351.9078063964844,468.5658264160156,948.9042358398438
20260331,1,854.8885498046875,230.73834228515625,318.9124450683594,442.99273681640625,616.2885131835938,886.827880859375,239.7787628173828,657.1472778320312,832.95068359375,932.7127685546875,1056.015869140625,-142.93482971191406,228.32586669921875,356.99566650390625,693.4376220703125,914.0294799804688,239.7787628173828,657.1472778320312,832.95068359375,932.7127685546875,1056.015869140625
20260331,2,854.8885498046875,247.67431640625,537.2736206054688,682.5352172851562,798.6983032226562,933.5764770507812,270.8923034667969,690.2485961914062,833.2685546875,909.0875244140625,1006.4503784179688,-137.02720642089844,228.7749481201172,353.55169677734375,684.92236328125,929.6404418945312,270.8923034667969,690.2485961914062,833.2685546875,909.0875244140625,1006.4503784179688
20260331,3,854.8885498046875,249.6095428466797,545.920166015625,695.1345825195312,812.4534301757812,955.8923950195312,281.96209716796875,696.7000122070312,824.0546264648438,890.4228515625,985.0040283203125,-131.4985809326172,229.20004272460938,349.9122619628906,676.2607421875,945.2579345703125,281.96209716796875,696.7000122070312,824.0546264648438,890.4228515625,985.0040283203125
20260331,4,854.8885498046875,276.2897033691406,804.716552734375,886.5389404296875,917.1278686523438,952.779296875,291.1592102050781,706.7488403320312,824.572509765625,885.459716796875,982.5821533203125,-126.36430358886719,229.59884643554688,346.0838317871094,667.4588623046875,960.831298828125,291.1592102050781,706.7488403320312,824.572509765625,885.459716796875,982.5821533203125
20260331,5,854.8885498046875,276.4600524902344,808.658203125,892.43408203125,920.8698120117188,954.067626953125,294.4297790527344,712.0808715820312,828.646728515625,888.865966796875,989.9215087890625,-123.328857421875,230.2340850830078,342.79229736328125,662.4647216796875,973.367919921875,294.4297790527344,712.0808715820312,828.646728515625,888.865966796875,989.9215087890625
20260331,6,854.8885498046875,279.1363220214844,853.9111938476562,912.5182495117188,932.2711181640625,977.6528930664062,297.0688781738281,717.4974975585938,834.5018310546875,894.6686401367188,999.8143310546875,-120.96691131591797,230.8784942626953,339.43499755859375,657.9356079101562,985.319091796875,297.0688781738281,717.4974975585938,834.5018310546875,894.6686401367188,999.8143310546875
20260331,7,854.8885498046875,279.3628845214844,856.5946044921875,915.4219360351562,937.0396728515625,982.2314453125,299.217529296875,724.2902221679688,841.8093872070312,901.848876953125,1011.3206787109375,-119.03495025634766,231.49041748046875,335.9129333496094,653.2883911132812,997.0770263671875,299.217529296875,724.2902221679688,841.8093872070312,901.848876953125,1011.3206787109375
20260331,8,854.8885498046875,276.7087707519531,846.136962890625,882.7897338867188,932.8920288085938,1002.8750610351562,301.1081848144531,729.896728515625,847.7937622070312,907.7025146484375,1021.5645141601562,-117.54132843017578,232.06802368164062,332.2357177734375,648.5313720703125,1008.5932006835938,301.1081848144531,729.896728515625,847.7937622070312,907.7025146484375,1021.5645141601562
20260331,9,854.8885498046875,276.2986755371094,844.0631103515625,883.7509155273438,934.855224609375,1002.617431640625,302.6328125,733.7882080078125,852.0132446289062,911.854736328125,1029.665283203125,-115.12889862060547,232.39601135253906,327.8341064453125,640.4954833984375,1022.1934204101562,302.6328125,733.7882080078125,852.0132446289062,911.854736328125,1029.665283203125
20260331,10,854.8885498046875,278.34698486328125,865.4037475585938,897.1759643554688,945.787109375,1013.3173217773438,303.7732238769531,736.0875244140625,854.727294921875,914.5900268554688,1035.6580810546875,-112.68433380126953,232.6111602783203,323.0938720703125,631.2462768554688,1036.2960205078125,303.7732238769531,736.0875244140625,854.727294921875,914.5900268554688,1035.6580810546875
20260331,11,854.8885498046875,278.3963623046875,867.5189208984375,897.1592407226562,943.0206909179688,1010.8974609375,304.6944885253906,737.1714477539062,856.2103271484375,916.118896484375,1039.825439453125,-110.6915512084961,232.78744506835938,318.2309265136719,621.915283203125,1050.0186767578125,304.6944885253906,737.1714477539062,856.2103271484375,916.118896484375,1039.825439453125
20260331,12,854.8885498046875,278.33026123046875,881.8699340820312,921.4098510742188,956.3779296875,1010.1383666992188,305.5160217285156,737.314208984375,856.64404296875,916.5593872070312,1042.4134521484375,-109.15104675292969,232.92372131347656,313.25714111328125,612.5123901367188,1063.318603515625,305.5160217285156,737.314208984375,856.64404296875,916.5593872070312,1042.4134521484375
20260331,13,854.8885498046875,279.00909423828125,890.4749755859375,927.0062866210938,961.3323364257812,1014.3919067382812,306.2558288574219,736.8140258789062,856.0895385742188,915.8515625,1043.6605224609375,-109.62445068359375,233.26385498046875,308.8492126464844,606.6910400390625,1073.4345703125,306.2558288574219,736.8140258789062,856.0895385742188,915.8515625,1043.6605224609375
20260331,14,854.8885498046875,277.79608154296875,879.3670654296875,922.042724609375,957.8242797851562,1009.0721435546875,306.8788757324219,735.557373046875,854.1519775390625,913.5209350585938,1043.2286376953125,-111.55037689208984,233.71949768066406,304.7826843261719,603.1607666015625,1081.2987060546875,306.8788757324219,735.557373046875,854.1519775390625,913.5209350585938,1043.2286376953125
20260331,15,854.8885498046875,276.99591064453125,868.735595703125,920.19140625,959.8394165039062,1010.1490478515625,307.1197814941406,733.2294311523438,850.6763916015625,909.5164794921875,1040.8590087890625,-113.91889190673828,234.1326446533203,300.643798828125,599.5904541015625,1088.6224365234375,307.1197814941406,733.2294311523438,850.6763916015625,909.5164794921875,1040.8590087890625
20260331,16,854.8885498046875,281.39508056640625,929.546142578125,965.4318237304688,1002.7821044921875,1053.6357421875,306.6617431640625,729.509765625,845.6546630859375,903.9818115234375,1036.368896484375,-116.72295379638672,234.50282287597656,296.4460144042969,595.9912109375,1095.3709716796875,306.6617431640625,729.509765625,845.6546630859375,903.9818115234375,1036.368896484375
20260331,17,854.8885498046875,281.3363037109375,928.4044189453125,972.5863037109375,1012.7667846679688,1060.3514404296875,305.3531494140625,724.189697265625,838.8138427734375,896.5987548828125,1029.199462890625,-121.53931427001953,235.078125,292.87701416015625,596.070068359375,1098.7525634765625,305.3531494140625,724.189697265625,838.8138427734375,896.5987548828125,1029.199462890625
20260331,18,854.8885498046875,282.6125183105469,945.8648681640625,992.190673828125,1035.1771240234375,1080.2451171875,302.9987487792969,716.8309326171875,829.533935546875,886.7029418945312,1018.532958984375,-128.50132751464844,235.88101196289062,290.0119934082031,600.1743774414062,1098.486572265625,302.9987487792969,716.8309326171875,829.533935546875,886.7029418945312,1018.532958984375
20260331,19,854.8885498046875,283.9978942871094,965.7408447265625,1015.4548950195312,1059.055908203125,1097.890869140625,299.262939453125,707.0651245117188,817.9039916992188,874.648193359375,1004.5383911132812,-135.86671447753906,236.64068603515625,287.1298828125,604.2831420898438,1097.5562744140625,299.262939453125,707.0651245117188,817.9039916992188,874.648193359375,1004.5383911132812
20260331,20,854.8885498046875,290.44403076171875,1051.9302978515625,1083.893798828125,1118.6177978515625,1144.959228515625,293.6253662109375,694.772705078125,804.7845458984375,861.77685546875,988.2998657226562,-143.6212615966797,237.35723876953125,284.2448425292969,608.4077758789062,1095.937744140625,293.6253662109375,694.772705078125,804.7845458984375,861.77685546875,988.2998657226562
20260331,21,854.8885498046875,290.07354736328125,1049.3701171875,1086.9822998046875,1120.9921875,1142.9010009765625,286.0625915527344,680.1861572265625,791.3623657226562,849.7568359375,971.5365600585938,-148.85385131835938,237.58364868164062,280.2618408203125,605.4940795898438,1098.0947265625,286.0625915527344,680.1861572265625,791.3623657226562,849.7568359375,971.5365600585938
20260331,22,854.8885498046875,291.84173583984375,1081.9974365234375,1106.9403076171875,1126.66259765625,1139.1273193359375,277.13507080078125,663.9375,778.6807861328125,839.7200927734375,955.7122192382812,-149.01382446289062,236.9287567138672,274.224365234375,589.3709716796875,1107.9337158203125,277.13507080078125,663.9375,778.6807861328125,839.7200927734375,955.7122192382812
20260331,23,854.8885498046875,289.7398681640625,1061.8023681640625,1084.3902587890625,1099.3446044921875,1115.2813720703125,266.4033203125,645.8642578125,766.614501953125,831.4495849609375,940.2185668945312,-149.51040649414062,236.23275756835938,268.226318359375,573.2968139648438,1117.0302734375,266.4033203125,645.8642578125,766.614501953125,831.4495849609375,940.2185668945312
20260331,24,854.8885498046875,287.8197326660156,1053.8173828125,1066.374267578125,1075.594482421875,1097.6435546875,253.5912628173828,624.7352294921875,753.2319946289062,822.7884521484375,922.6092529296875,-150.32315063476562,235.49661254882812,262.28143310546875,557.2820434570312,1125.3719482421875,253.5912628173828,624.7352294921875,753.2319946289062,822.7884521484375,922.6092529296875
20260331,25,854.8885498046875,283.8795166015625,1011.0452880859375,1020.9158935546875,1034.6160888671875,1068.6505126953125,237.13916015625,597.1463623046875,734.944091796875,810.3508911132812,899.1690673828125,-151.34690856933594,234.73231506347656,256.85577392578125,539.8657836914062,1130.866943359375,237.13916015625,597.1463623046875,734.944091796875,810.3508911132812,899.1690673828125
20260331,26,854.7916259765625,279.51580810546875,959.2920532226562,970.023681640625,992.7283325195312,1039.0537109375,209.95848083496094,548.914794921875,700.8892211914062,786.6248779296875,862.735107421875,-152.34226989746094,233.96937561035156,253.1387176513672,517.232177734375,1128.0924072265625,209.95848083496094,548.914794921875,700.8892211914062,786.6248779296875,862.735107421875
20260331,27,854.7916259765625,274.4134521484375,901.4913940429688,916.3345947265625,948.3995971679688,1005.3578491210938,169.67471313476562,450.73052978515625,625.7380981445312,735.612060546875,838.2887573242188,-153.58445739746094,233.17030334472656,249.51478576660156,494.6883850097656,1124.547119140625,169.67471313476562,450.73052978515625,625.7380981445312,735.612060546875,838.2887573242188
20260331,28,854.7916259765625,268.3803405761719,839.2089233398438,863.7739868164062,905.7533569335938,971.4495239257812,168.17800903320312,256.3722839355469,424.81927490234375,577.4801635742188,1006.9180297851562,-155.0483856201172,232.33668518066406,245.99659729003906,472.2437438964844,1120.232666015625,168.17800903320312,256.3722839355469,424.81927490234375,577.4801635742188,1006.9180297851562
20260331,29,854.7916259765625,261.5787658691406,773.9553833007812,818.1799926757812,871.974609375,943.3429565429688,227.67835998535156,226.23699951171875,270.87841796875,383.36041259765625,1087.7633056640625,-157.50306701660156,231.59812927246094,242.99876403808594,451.5929870605469,1113.4744873046875,227.67835998535156,226.23699951171875,270.87841796875,383.36041259765625,1087.7633056640625
20260331,30,854.7916259765625,257.0925598144531,718.8824462890625,777.4041137695312,841.56640625,920.2308959960938,230.53562927246094,230.7771759033203,249.74485778808594,319.9878234863281,917.634765625,-168.47914123535156,232.17050170898438,244.35633850097656,448.75823974609375,1088.3330078125,230.53562927246094,230.7771759033203,249.74485778808594,319.9878234863281,917.634765625
20260331,31,854.8885498046875,252.4055938720703,659.927001953125,737.1380004882812,814.7423095703125,906.1735229492188,225.8648223876953,230.83909606933594,243.0894775390625,291.71014404296875,758.8328857421875,-179.59564208984375,232.71421813964844,245.85447692871094,446.048095703125,1062.4454345703125,225.8648223876953,230.83909606933594,243.0894775390625,291.71014404296875,758.8328857421875
20260331,32,854.8885498046875,249.3641357421875,612.588134765625,699.7760009765625,784.2703857421875,885.16943359375,222.03726196289062,230.21908569335938,239.21180725097656,273.424072265625,620.4172973632812,-190.8241424560547,233.23133850097656,247.50364685058594,443.4701232910156,1035.826171875,222.03726196289062,230.21908569335938,239.21180725097656,273.424072265625,620.4172973632812
20260331,33,854.8885498046875,246.135009765625,556.23095703125,659.6423950195312,753.9616088867188,870.7238159179688,220.56275939941406,230.2028350830078,236.8466339111328,260.5036926269531,505.2956848144531,-202.13572692871094,233.72422790527344,249.31373596191406,441.0312194824219,1008.4924926757812,220.56275939941406,230.2028350830078,236.8466339111328,260.5036926269531,505.2956848144531
20260331,34,854.8885498046875,243.57383728027344,507.1208190917969,620.1950073242188,716.8795776367188,835.0512084960938,220.87757873535156,230.71453857421875,235.5184783935547,251.79933166503906,419.0795593261719,-209.92227172851562,233.58287048339844,248.71580505371094,433.1647033691406,991.5233154296875,220.87757873535156,230.71453857421875,235.5184783935547,251.79933166503906,419.0795593261719
20260331,35,242.8826446533203,240.82693481445312,450.5704040527344,570.8886108398438,673.2014770507812,806.2676391601562,222.08187866210938,231.5386505126953,235.0440216064453,246.72242736816406,362.0616760253906,-217.07984924316406,233.5316925048828,248.48402404785156,425.6736755371094,974.720458984375,222.08187866210938,231.5386505126953,235.0440216064453,246.72242736816406,362.0616760253906
20260331,36,244.3204345703125,237.7709503173828,396.80194091796875,512.1204833984375,620.7488403320312,774.06689453125,223.4917755126953,232.45472717285156,235.11654663085938,244.04026794433594,326.0195617675781,-223.5702362060547,233.64907836914062,248.8495635986328,418.9829406738281,957.7240600585938,223.4917755126953,232.45472717285156,235.11654663085938,244.04026794433594,326.0195617675781
20260331,37,244.7244873046875,234.91058349609375,347.14404296875,449.03277587890625,557.0865478515625,722.9573364257812,224.75904846191406,233.3103790283203,235.47972106933594,242.81451416015625,303.84161376953125,-230.02593994140625,233.7523193359375,249.4080047607422,412.45263671875,940.1124267578125,224.75904846191406,233.3103790283203,235.47972106933594,242.81451416015625,303.84161376953125
20260331,38,246.56631469726562,233.93072509765625,314.5563049316406,397.55560302734375,502.11016845703125,675.1622924804688,225.83123779296875,234.08497619628906,235.96713256835938,242.34176635742188,289.8841857910156,-232.2260284423828,233.5659637451172,247.57470703125,404.9953918457031,936.9476318359375,225.83123779296875,234.08497619628906,235.96713256835938,242.34176635742188,289.8841857910156
20260331,39,248.00411987304688,234.44454956054688,298.1222839355469,358.818603515625,449.75238037109375,608.7162475585938,226.66500854492188,234.73300170898438,236.455810546875,242.24253845214844,281.1668395996094,-233.45040893554688,233.31248474121094,245.4000701904297,397.4754333496094,936.3976440429688,226.66500854492188,234.73300170898438,236.455810546875,242.24253845214844,281.1668395996094
20260331,40,248.4081573486328,235.60687255859375,287.1915588378906,327.66064453125,404.14056396484375,542.4869384765625,227.29673767089844,235.27565002441406,236.91746520996094,242.32785034179688,275.6430969238281,-234.55262756347656,233.05311584472656,243.43386840820312,390.12481689453125,935.334716796875,227.29673767089844,235.27565002441406,236.91746520996094,242.32785034179688,275.6430969238281
20260331,41,249.84596252441406,236.9669647216797,281.664306640625,309.246337890625,372.1441650390625,485.1584167480469,227.78573608398438,235.74398803710938,237.35079956054688,242.50868225097656,272.0879211425781,-235.5044403076172,232.79078674316406,241.67945861816406,382.9449462890625,933.7977905273438,227.78573608398438,235.74398803710938,237.35079956054688,242.50868225097656,272.0879211425781
20260331,42,250.25,237.72640991210938,278.8209228515625,299.3392028808594,351.30914306640625,447.8369140625,228.11680603027344,236.08517456054688,237.68641662597656,242.68682861328125,269.922607421875,-240.5894012451172,232.52383422851562,241.3091278076172,377.5644836425781,921.0980834960938,228.11680603027344,236.08517456054688,237.68641662597656,242.68682861328125,269.922607421875
20260331,43,250.25,238.09939575195312,276.8473815917969,293.67498779296875,337.5960388183594,421.1211242675781,228.30484008789062,236.300048828125,237.90960693359375,242.8150177001953,268.6256408691406,-247.3557586669922,232.25755310058594,241.66648864746094,373.06781005859375,903.313720703125,228.30484008789062,236.300048828125,237.90960693359375,242.8150177001953,268.6256408691406
20260331,44,250.25,238.3846435546875,277.8757629394531,293.8499755859375,331.8265686035156,403.63348388671875,228.37147521972656,236.39761352539062,238.01686096191406,242.86854553222656,267.8844909667969,-253.8914337158203,231.9967803955078,242.2403564453125,368.7421875,885.1827392578125,228.37147521972656,236.39761352539062,238.01686096191406,242.86854553222656,267.8844909667969
20260331,45,250.25,238.4456787109375,278.19085693359375,293.9096984863281,328.1245422363281,391.0644226074219,228.3408203125,236.40280151367188,238.036865234375,242.86773681640625,267.5096740722656,-260.1714172363281,231.7443389892578,243.03048706054688,364.5861511230469,866.7509155273438,228.3408203125,236.40280151367188,238.036865234375,242.86773681640625,267.5096740722656
20260331,46,249.84596252441406,237.94041442871094,277.32916259765625,293.0992126464844,325.89935302734375,385.2310791015625,228.24993896484375,236.34915161132812,238.00144958496094,242.83201599121094,267.3494567871094,-267.2030029296875,231.2636260986328,243.09686279296875,361.377197265625,849.342529296875,228.24993896484375,236.34915161132812,238.00144958496094,242.83201599121094,267.3494567871094
20260331,47,249.68943786621094,237.0980987548828,276.33837890625,292.5072937011719,325.0340270996094,384.5390930175781,228.1150665283203,236.24551391601562,237.91175842285156,242.7504119873047,267.2922668457031,-274.7257080078125,230.61260986328125,242.654052734375,358.93255615234375,832.71044921875,228.1150665283203,236.24551391601562,237.91175842285156,242.7504119873047,267.2922668457031
20260331,48,248.4081573486328,236.16061401367188,274.0811767578125,290.2838439941406,323.18902587890625,385.03814697265625,227.95135498046875,236.1029815673828,237.77401733398438,242.61825561523438,267.2334289550781,-281.9246826171875,229.97799682617188,242.42112731933594,356.6490783691406,815.9219360351562,227.95135498046875,236.1029815673828,237.77401733398438,242.61825561523438,267.2334289550781
20260331,49,248.00411987304688,235.21133422851562,271.8759765625,288.1489562988281,321.8121643066406,387.17279052734375,227.7724151611328,235.93959045410156,237.608642578125,242.450439453125,267.09130859375,-288.7803039550781,229.3624267578125,242.39419555664062,354.5223693847656,799.0264282226562,227.7724151611328,235.93959045410156,237.608642578125,242.450439453125,267.09130859375
20260331,50,247.86761474609375,234.48204040527344,268.5751037597656,284.100830078125,318.17816162109375,385.40509033203125,227.59902954101562,235.7827911376953,237.4464111328125,242.2729949951172,266.8008728027344,-294.4068603515625,228.83775329589844,242.33538818359375,353.2864990234375,784.8814086914062,227.59902954101562,235.7827911376953,237.4464111328125,242.2729949951172,266.8008728027344
20260331,51,247.86761474609375,234.00967407226562,264.69354248046875,278.8908386230469,313.2751159667969,381.6673583984375,227.4490966796875,235.6516571044922,237.30809020996094,242.1065673828125,266.36614990234375,-298.5274963378906,228.42715454101562,242.16903686523438,353.1573791503906,774.37939453125,227.4490966796875,235.6516571044922,237.30809020996094,242.1065673828125,266.36614990234375
20260331,52,247.86761474609375,233.54673767089844,260.2646484375,272.66729736328125,307.3304138183594,377.5440979003906,227.32432556152344,235.54684448242188,237.1971435546875,241.96116638183594,265.8509521484375,-302.25390625,228.0428466796875,242.1917266845703,353.1684265136719,763.92138671875,227.32432556152344,235.54684448242188,237.1971435546875,241.96116638183594,265.8509521484375
20260331,53,247.86761474609375,233.10769653320312,255.44825744628906,265.61041259765625,300.1197204589844,371.6226501464844,227.2286834716797,235.46958923339844,237.114013671875,241.83953857421875,265.29583740234375,-305.57220458984375,227.68699645996094,242.39602661132812,353.31298828125,753.5576171875,227.2286834716797,235.46958923339844,237.114013671875,241.83953857421875,265.29583740234375
20260331,54,247.86761474609375,232.95423889160156,250.9920196533203,258.60723876953125,291.4090881347656,361.1636657714844,227.15786743164062,235.4167022705078,237.05491638183594,241.73887634277344,264.72662353515625,-307.6641540527344,227.37831115722656,242.61643981933594,353.3186950683594,745.1879272460938,227.15786743164062,235.4167022705078,237.05491638183594,241.73887634277344,264.72662353515625
20260331,55,247.86761474609375,233.22300720214844,247.08082580566406,251.9596710205078,281.5401306152344,345.501708984375,227.11659240722656,235.4010772705078,237.036865234375,241.6760711669922,264.1454772949219,-307.482666015625,227.14010620117188,242.6416015625,352.837158203125,741.2404174804688,227.11659240722656,235.4010772705078,237.036865234375,241.6760711669922,264.1454772949219
20260331,56,248.00411987304688,233.51661682128906,243.99755859375,246.63485717773438,272.8076171875,329.9967041015625,227.10348510742188,235.4200439453125,237.05979919433594,241.65350341796875,263.5705261230469,-306.8630065917969,226.93621826171875,242.82196044921875,352.46539306640625,737.5343627929688,227.10348510742188,235.4200439453125,237.05979919433594,241.65350341796875,263.5705261230469
20260331,57,248.00411987304688,233.8083953857422,241.5554962158203,242.56182861328125,265.3583679199219,315.23162841796875,227.1202850341797,235.4750518798828,237.12542724609375,241.6731719970703,263.01312255859375,-305.79852294921875,226.768310546875,243.1472625732422,352.19451904296875,734.1175537109375,227.1202850341797,235.4750518798828,237.12542724609375,241.6731719970703,263.01312255859375
20260331,58,248.4081573486328,233.93545532226562,240.16615295410156,240.54620361328125,260.97979736328125,305.24664306640625,227.15806579589844,235.5457305908203,237.20668029785156,241.7081756591797,262.4937744140625,-305.345458984375,226.592529296875,243.35543823242188,353.54730224609375,730.6869506835938,227.15806579589844,235.5457305908203,237.20668029785156,241.7081756591797,262.4937744140625
20260331,59,247.86761474609375,233.33070373535156,239.92718505859375,240.73997497558594,260.7978820800781,307.1809997558594,227.20504760742188,235.5861358642578,237.2420654296875,241.69813537597656,262.0445861816406,-309.4775695800781,226.24026489257812,242.49298095703125,362.2596130371094,725.9794921875,227.20504760742188,235.5861358642578,237.2420654296875,241.69813537597656,262.0445861816406
20260331,60,246.56631469726562,232.5274200439453,239.7722930908203,241.4378662109375,261.8720703125,312.35736083984375,227.25244140625,235.58885192871094,237.2158660888672,241.62110900878906,261.6685791015625,-313.1575012207031,225.92803955078125,241.7412567138672,371.0436706542969,721.6948852539062,227.25244140625,235.58885192871094,237.2158660888672,241.62110900878906,261.6685791015625
20260331,61,246.1622772216797,231.5655059814453,241.233154296875,245.3421630859375,268.58160400390625,328.8316955566406,227.2807159423828,235.5540313720703,237.1455841064453,241.5079803466797,261.4515380859375,-316.38641357421875,225.6567840576172,241.0879669189453,379.88922119140625,717.874267578125,227.2807159423828,235.5540313720703,237.1455841064453,241.5079803466797,261.4515380859375
20260331,62,244.3204345703125,230.54954528808594,242.83853149414062,250.57818603515625,278.0457763671875,351.03662109375,227.24185180664062,235.48098754882812,237.06863403320312,241.42332458496094,261.5651550292969,-319.1237487792969,225.4385528564453,240.56314086914062,388.7571105957031,714.4965209960938,227.24185180664062,235.48098754882812,237.06863403320312,241.42332458496094,261.5651550292969
20260331,63,244.3204345703125,229.96775817871094,244.99356079101562,256.8551025390625,289.52850341796875,374.13787841796875,227.1251983642578,235.38104248046875,237.01315307617188,241.4029541015625,262.02264404296875,-320.45660400390625,225.50730895996094,241.05491638183594,397.0391845703125,710.3277587890625,227.1251983642578,235.38104248046875,237.01315307617188,241.4029541015625,262.02264404296875
20260331,64,242.8826446533203,229.31515502929688,245.53622436523438,261.1999206542969,299.849609375,397.6321716308594,226.94976806640625,235.27159118652344,236.99978637695312,241.47911071777344,262.9236755371094,-321.3539123535156,225.6190185546875,241.6055450439453,405.3502197265625,706.7343139648438,226.94976806640625,235.27159118652344,236.99978637695312,241.47911071777344,262.9236755371094
20260331,65,854.8885498046875,229.02366638183594,243.90541076660156,260.88104248046875,303.7467041015625,409.6152038574219,226.75682067871094,235.18161010742188,237.05120849609375,241.6736297607422,264.2610778808594,-321.2034912109375,225.94796752929688,242.58726501464844,414.2838134765625,704.1712646484375,226.75682067871094,235.18161010742188,237.05120849609375,241.6736297607422,264.2610778808594
20260331,66,854.8885498046875,228.81809997558594,240.31869506835938,256.89422607421875,303.08941650390625,415.16839599609375,226.5926513671875,235.1317138671875,237.17190551757812,241.98728942871094,266.0860595703125,-320.3542175292969,226.3994140625,243.7759246826172,423.49951171875,702.4379272460938,226.5926513671875,235.1317138671875,237.17190551757812,241.98728942871094,266.0860595703125
20260331,67,854.8885498046875,228.98358154296875,237.42092895507812,252.81178283691406,299.6268005371094,411.5509033203125,226.52223205566406,235.19493103027344,237.43885803222656,242.50543212890625,268.5884704589844,-317.2702941894531,226.55271911621094,243.08837890625,431.3626403808594,709.6507568359375,226.52223205566406,235.19493103027344,237.43885803222656,242.50543212890625,268.5884704589844
20260331,68,244.3204345703125,229.8231658935547,235.25364685058594,248.02157592773438,292.4775390625,396.51190185546875,226.6466827392578,235.44390869140625,237.91116333007812,243.26052856445312,271.590087890625,-312.3042297363281,227.08567810058594,243.04283142089844,440.3653564453125,719.2386474609375,226.6466827392578,235.44390869140625,237.91116333007812,243.26052856445312,271.590087890625
20260331,69,244.7244873046875,230.86643981933594,235.23138427734375,246.39627075195312,288.66766357421875,385.51483154296875,227.09054565429688,235.98805236816406,238.6927947998047,244.33265686035156,274.95245361328125,-306.7559814453125,227.71974182128906,243.1158905029297,449.5445861816406,729.6783447265625,227.09054565429688,235.98805236816406,238.6927947998047,244.33265686035156,274.95245361328125
20260331,70,246.1622772216797,231.9595184326172,236.66488647460938,246.39605712890625,285.9527282714844,374.0728454589844,227.9462127685547,236.917724609375,239.86453247070312,245.77053833007812,278.3499450683594,-300.85211181640625,228.39573669433594,243.1636199951172,458.6858825683594,740.845703125,227.9462127685547,236.917724609375,239.86453247070312,245.77053833007812,278.3499450683594
20260331,71,247.86761474609375,232.99069213867188,238.95216369628906,248.12350463867188,285.27337646484375,366.802490234375,229.28140258789062,238.23684692382812,241.33395385742188,247.34950256347656,280.6637878417969,-294.59375,229.17730712890625,244.10813903808594,465.5953674316406,748.6781005859375,229.28140258789062,238.23684692382812,241.33395385742188,247.34950256347656,280.6637878417969
20260331,72,248.00411987304688,234.1483612060547,244.3077850341797,254.8421630859375,291.0459289550781,368.03704833984375,230.98057556152344,239.8485870361328,242.97760009765625,248.9127197265625,281.426025390625,-288.0144348144531,230.01699829101562,245.25949096679688,471.8388366699219,756.1322631835938,230.98057556152344,239.8485870361328,242.97760009765625,248.9127197265625,281.426025390625
20260331,73,248.4081573486328,235.2725830078125,249.8837127685547,262.4064025878906,297.62701416015625,370.2197570800781,232.80796813964844,241.53182983398438,244.57191467285156,250.27029418945312,280.7957458496094,-281.1407470703125,230.89564514160156,246.34400939941406,478.0124816894531,764.3496704101562,232.80796813964844,241.53182983398438,244.57191467285156,250.27029418945312,280.7957458496094
20260331,74,249.68943786621094,236.4832000732422,260.0704650878906,277.8316650390625,313.0732727050781,382.5000915527344,234.5054473876953,243.0592498779297,245.93858337402344,251.34182739257812,279.5284423828125,-273.9959411621094,231.81192016601562,247.34835815429688,484.10601806640625,773.3355712890625,234.5054473876953,243.0592498779297,245.93858337402344,251.34182739257812,279.5284423828125
20260331,75,249.84596252441406,237.70242309570312,271.53472900390625,294.4429626464844,328.4544982910156,391.891357421875,235.9419708251953,244.29722595214844,246.976318359375,252.07711791992188,277.9662170410156,-267.2885437011719,233.00881958007812,249.52182006835938,490.5670166015625,778.3282470703125,235.9419708251953,244.29722595214844,246.976318359375,252.07711791992188,277.9662170410156
20260331,76,251.51126098632812,239.00074768066406,286.0084228515625,315.6149597167969,348.2781982421875,405.4587097167969,237.10943603515625,245.24290466308594,247.6988525390625,252.50364685058594,276.219482421875,-260.7246398925781,234.37062072753906,252.26272583007812,497.17266845703125,781.5494995117188,237.10943603515625,245.24290466308594,247.6988525390625,252.50364685058594,276.219482421875
20260331,77,251.68780517578125,240.29611206054688,301.67303466796875,337.60150146484375,368.979736328125,420.949462890625,238.0027618408203,245.904541015625,248.13320922851562,252.6645965576172,274.44952392578125,-253.96542358398438,235.76515197753906,254.8857879638672,503.6702575683594,785.53564453125,238.0027618408203,245.904541015625,248.13320922851562,252.6645965576172,274.44952392578125
20260331,78,253.3330841064453,241.5164031982422,316.39300537109375,356.8435974121094,387.32574462890625,435.0656433105469,238.66868591308594,246.33489990234375,248.33982849121094,252.62290954589844,272.7568664550781,-247.03787231445312,237.1904296875,257.3793640136719,510.0511779785156,790.2789306640625,238.66868591308594,246.33489990234375,248.33982849121094,252.62290954589844,272.7568664550781
20260331,79,253.52963256835938,242.14236450195312,329.2366638183594,372.95501708984375,403.5097961425781,449.83489990234375,239.0477294921875,246.52114868164062,248.3570098876953,252.4683837890625,271.5684814453125,-240.72805786132812,238.12696838378906,258.8350524902344,512.2243041992188,794.452880859375,239.0477294921875,246.52114868164062,248.3570098876953,252.4683837890625,271.5684814453125
20260331,80,253.3330841064453,242.1715545654297,339.2676696777344,384.80596923828125,416.5317687988281,464.2533264160156,239.1676483154297,246.5005340576172,248.23635864257812,252.26148986816406,270.94512939453125,-235.0010528564453,238.61563110351562,259.317138671875,510.5225830078125,798.1530151367188,239.1676483154297,246.5005340576172,248.23635864257812,252.26148986816406,270.94512939453125
20260331,81,251.68780517578125,242.1379852294922,347.828125,394.4327087402344,427.5685729980469,477.34698486328125,239.0842742919922,246.31886291503906,248.01876831054688,252.0333709716797,270.79974365234375,-229.19100952148438,239.1285858154297,259.6383361816406,508.6818542480469,802.5674438476562,239.0842742919922,246.31886291503906,248.01876831054688,252.0333709716797,270.79974365234375
20260331,82,251.68780517578125,242.06900024414062,355.38671875,403.2393798828125,438.1520690917969,490.6094665527344,238.77565002441406,245.97402954101562,247.72657775878906,251.82923889160156,271.32220458984375,-223.3271484375,239.66331481933594,259.7895202636719,506.6958312988281,807.6759033203125,238.77565002441406,245.97402954101562,247.72657775878906,251.82923889160156,271.32220458984375
20260331,83,251.51126098632812,242.0708770751953,368.3081359863281,418.4153137207031,455.0997619628906,509.2608947753906,238.26116943359375,245.47540283203125,247.3706817626953,251.67010498046875,272.6407775878906,-218.6423797607422,240.2723388671875,259.9535217285156,506.3526916503906,811.6845703125,238.26116943359375,245.47540283203125,247.3706817626953,251.67010498046875,272.6407775878906
20260331,84,250.25,242.2865447998047,389.7171936035156,444.190185546875,483.03472900390625,537.9034423828125,237.52117919921875,244.77947998046875,246.91439819335938,251.55337524414062,275.0694885253906,-215.8349151611328,240.9835662841797,260.2289123535156,508.64385986328125,813.583984375,237.52117919921875,244.77947998046875,246.91439819335938,251.55337524414062,275.0694885253906
20260331,85,249.84596252441406,242.9955291748047,419.03118896484375,479.45166015625,521.5206298828125,576.0369262695312,236.4714813232422,243.80992126464844,246.34129333496094,251.5715789794922,279.5177917480469,-213.06228637695312,241.7088623046875,260.3113708496094,510.7747497558594,816.0986328125,236.4714813232422,243.80992126464844,246.34129333496094,251.5715789794922,279.5177917480469
20260331,86,249.68943786621094,244.4996337890625,456.2106018066406,524.4972534179688,571.9472045898438,626.1561279296875,234.9944610595703,242.47616577148438,245.7111358642578,252.0421600341797,288.0451354980469,-210.35389709472656,242.44558715820312,260.1949157714844,512.7415771484375,819.1968383789062,234.9944610595703,242.47616577148438,245.7111358642578,252.0421600341797,288.0451354980469
20260331,87,248.00411987304688,246.6984100341797,492.9493713378906,568.2913818359375,620.7852783203125,673.2411499023438,232.99777221679688,240.76754760742188,245.36968994140625,253.89620971679688,305.1345520019531,-205.93202209472656,243.0905303955078,259.5443420410156,511.7125244140625,825.5457763671875,232.99777221679688,240.76754760742188,245.36968994140625,253.89620971679688,305.1345520019531
20260331,88,248.00411987304688,249.15966796875,522.8391723632812,600.6666259765625,653.84765625,699.0699462890625,230.5574951171875,238.86880493164062,246.18521118164062,259.0711364746094,338.0791931152344,-196.512939453125,243.4569549560547,257.7503967285156,502.49920654296875,840.0611572265625,230.5574951171875,238.86880493164062,246.18521118164062,259.0711364746094,338.0791931152344
20260331,89,248.00411987304688,251.38148498535156,547.05419921875,624.8439331054688,677.5809326171875,716.4544677734375,227.2470245361328,236.47091674804688,250.3121337890625,273.2261657714844,408.8489685058594,-187.2442626953125,243.82630920410156,255.74459838867188,493.11517333984375,855.050537109375,227.2470245361328,236.47091674804688,250.3121337890625,273.2261657714844,408.8489685058594
20260331,90,248.00411987304688,252.32901000976562,555.3494262695312,627.9307250976562,678.9860229492188,714.8447265625,221.1953887939453,231.8699951171875,267.046875,318.250244140625,585.9004516601562,-178.15353393554688,244.19589233398438,253.5245361328125,483.55938720703125,870.4735717773438,221.1953887939453,231.8699951171875,267.046875,318.250244140625,585.9004516601562
20260331,91,248.00411987304688,252.6820526123047,560.6572265625,630.0679931640625,681.8067016601562,718.8460083007812,160.9486083984375,300.5472106933594,527.2069702148438,691.6154174804688,1173.0501708984375,-171.48529052734375,244.59783935546875,251.28233337402344,476.63677978515625,883.185791015625,160.9486083984375,300.5472106933594,527.2069702148438,691.6154174804688,1173.0501708984375
20260331,92,244.3204345703125,252.58172607421875,579.733642578125,664.0128173828125,733.083251953125,795.6178588867188,214.64442443847656,515.9378662109375,632.9130249023438,705.255615234375,820.064208984375,-179.83274841308594,245.22784423828125,250.11546325683594,488.24224853515625,875.5667724609375,214.64442443847656,515.9378662109375,632.9130249023438,705.255615234375,820.064208984375
20260331,93,854.8885498046875,253.57469177246094,601.2420654296875,701.680908203125,789.2349853515625,877.0426635742188,227.80078125,552.2861938476562,660.2734985351562,724.8935546875,805.19677734375,-184.78057861328125,246.87277221679688,251.00357055664062,503.2366027832031,870.7381591796875,227.80078125,552.2861938476562,660.2734985351562,724.8935546875,805.19677734375
20260331,94,854.8885498046875,256.7548522949219,642.9371337890625,766.418701171875,881.4588012695312,997.1746826171875,234.2180938720703,590.2847290039062,701.1722412109375,766.4339599609375,842.6954345703125,-188.08615112304688,249.0446319580078,252.87074279785156,519.9344482421875,867.4720458984375,234.2180938720703,590.2847290039062,701.1722412109375,766.4339599609375,842.6954345703125
20260331,95,854.8885498046875,259.0019226074219,675.3117065429688,813.467529296875,949.4165649414062,1080.9036865234375,237.33895874023438,620.4365844726562,736.3043823242188,804.2499389648438,887.3388061523438,-189.84060668945312,250.912353515625,253.73739624023438,532.1476440429688,867.6370849609375,237.33895874023438,620.4365844726562,736.3043823242188,804.2499389648438,887.3388061523438
20260401,0,854.8885498046875,223.0289764404297,321.34857177734375,444.3166198730469,596.4951782226562,883.9505615234375,195.0226593017578,248.6614227294922,372.2179260253906,480.83892822265625,892.8947143554688,-6.891566753387451,222.91656494140625,343.62005615234375,602.7576293945312,749.6974487304688,195.0226593017578,248.6614227294922,372.2179260253906,480.83892822265625,892.8947143554688
20260401,1,854.8885498046875,222.90890502929688,341.48480224609375,480.922119140625,631.3901977539062,899.8585815429688,213.09521484375,594.6962280273438,790.326904296875,898.6296997070312,1015.2431030273438,-5.046587944030762,224.08041381835938,342.2576904296875,604.7079467773438,757.551025390625,213.09521484375,594.6962280273438,790.326904296875,898.6296997070312,1015.2431030273438
20260401,2,854.8885498046875,238.79725646972656,563.6351928710938,715.8230590820312,822.662353515625,953.6688232421875,258.87872314453125,681.6097412109375,841.4320068359375,927.7905883789062,1034.500732421875,-3.5637173652648926,225.22267150878906,340.6941223144531,606.5064697265625,765.4615478515625,258.87872314453125,681.6097412109375,841.4320068359375,927.7905883789062,1034.500732421875
20260401,3,854.8885498046875,241.92088317871094,604.5962524414062,765.704345703125,877.7822875976562,1006.5662841796875,274.2774353027344,697.6493530273438,843.1621704101562,921.6585693359375,1038.858154296875,-2.4598402976989746,226.3409881591797,338.93505859375,608.158447265625,773.37841796875,274.2774353027344,697.6493530273438,843.1621704101562,921.6585693359375,1038.858154296875
20260401,4,854.8885498046875,260.7420349121094,754.7929077148438,834.9572143554688,862.6685791015625,904.2062377929688,284.57122802734375,706.006591796875,842.7182006835938,915.7305297851562,1040.5791015625,-1.7503479719161987,227.43301391601562,336.987060546875,609.6703491210938,781.2512817382812,284.57122802734375,706.006591796875,842.7182006835938,915.7305297851562,1040.5791015625
20260401,5,854.8885498046875,262.7633361816406,777.1531982421875,860.2467041015625,883.5025634765625,916.1751708984375,289.4590759277344,705.1224365234375,836.6527709960938,906.7332153320312,1036.1280517578125,-0.2891397178173065,228.31488037109375,334.3645324707031,608.3455810546875,791.0481567382812,289.4590759277344,705.1224365234375,836.6527709960938,906.7332153320312,1036.1280517578125
20260401,6,854.8885498046875,262.09185791015625,778.7017822265625,841.8663940429688,858.2789306640625,915.0753173828125,292.3988952636719,703.5294189453125,831.9218139648438,900.3670043945312,1033.62939453125,1.4268275499343872,229.06048583984375,331.2817077636719,605.3222045898438,801.8751220703125,292.3988952636719,703.5294189453125,831.9218139648438,900.3670043945312,1033.62939453125
20260401,7,854.8885498046875,263.2730712890625,789.6259765625,844.7288208007812,859.77001953125,914.8900756835938,294.2593994140625,704.1430053710938,830.9700927734375,898.8045654296875,1035.8023681640625,2.8103697299957275,229.7583465576172,327.99273681640625,601.9532470703125,812.6785278320312,294.2593994140625,704.1430053710938,830.9700927734375,898.8045654296875,1035.8023681640625
20260401,8,854.8885498046875,261.95379638671875,759.7846069335938,823.36669921875,860.1409301757812,950.478515625,295.56268310546875,704.2803955078125,829.9966430664062,897.48046875,1037.687255859375,3.755573034286499,230.42184448242188,324.5486145019531,598.474609375,823.2403564453125,295.56268310546875,704.2803955078125,829.9966430664062,897.48046875,1037.687255859375
20260401,9,854.8885498046875,262.14166259765625,761.6405639648438,822.804443359375,860.7859497070312,950.2493896484375,296.4866943359375,704.1054077148438,829.014892578125,896.3326416015625,1039.3890380859375,4.679900169372559,230.98297119140625,320.7793884277344,593.9072875976562,834.250732421875,296.4866943359375,704.1054077148438,829.014892578125,896.3326416015625,1039.3890380859375
20260401,10,854.8885498046875,261.41546630859375,747.7969360351562,814.4435424804688,858.1112060546875,944.7838745117188,297.0455017089844,703.7284545898438,828.25,895.6366577148438,1041.2310791015625,6.225949764251709,231.3388671875,316.4209899902344,586.7523803710938,846.7896118164062,297.0455017089844,703.7284545898438,828.25,895.6366577148438,1041.2310791015625
20260401,11,854.8885498046875,262.37091064453125,762.7134399414062,823.341796875,866.1450805664062,952.862548828125,297.2685546875,703.3333129882812,827.9743041992188,895.7025756835938,1043.56396484375,7.994421482086182,231.5503387451172,311.6533508300781,577.9443359375,860.121826171875,297.2685546875,703.3333129882812,827.9743041992188,895.7025756835938,1043.56396484375
20260401,12,854.8885498046875,265.6407775878906,816.6913452148438,866.111083984375,893.4970703125,950.3722534179688,297.2719421386719,703.064697265625,828.1707153320312,896.439208984375,1046.399169921875,9.310558319091797,231.72177124023438,306.77496337890625,569.0643920898438,873.03125,297.2719421386719,703.064697265625,828.1707153320312,896.439208984375,1046.399169921875
20260401,13,854.8885498046875,267.71624755859375,848.4985961914062,890.1860961914062,916.8787841796875,974.235595703125,297.20635986328125,702.8909912109375,828.3504028320312,897.1495971679688,1049.1265869140625,8.923820495605469,232.04827880859375,302.3301696777344,563.041015625,883.2981567382812,297.20635986328125,702.8909912109375,828.3504028320312,897.1495971679688,1049.1265869140625
20260401,14,854.8885498046875,267.00146484375,849.2308349609375,897.0653686523438,923.9362182617188,977.3544921875,297.08038330078125,702.4957275390625,827.8741455078125,897.0569458007812,1050.97998046875,7.284575462341309,232.4590301513672,298.1418151855469,558.8424682617188,891.6612548828125,297.08038330078125,702.4957275390625,827.8741455078125,897.0569458007812,1050.97998046875
20260401,15,854.8885498046875,265.78619384765625,842.1483764648438,898.9385986328125,932.7616577148438,988.6255493164062,296.6726989746094,701.40380859375,826.4179077148438,895.9109497070312,1051.5540771484375,5.202765464782715,232.82728576660156,293.8810729980469,554.6039428710938,899.4838256835938,296.6726989746094,701.40380859375,826.4179077148438,895.9109497070312,1051.5540771484375
20260401,16,854.8885498046875,264.4725646972656,844.5888671875,909.4739379882812,949.9591674804688,1006.843017578125,295.71917724609375,699.1625366210938,823.8045043945312,893.667236328125,1050.6279296875,2.685368776321411,233.1525115966797,289.5614929199219,550.3364868164062,906.7314453125,295.71917724609375,699.1625366210938,823.8045043945312,893.667236328125,1050.6279296875
20260401,17,854.8885498046875,262.4337158203125,827.38427734375,902.7844848632812,948.5402221679688,1004.8975830078125,293.9723205566406,695.5618896484375,820.5082397460938,891.1307983398438,1048.9205322265625,1.6310083866119385,233.13845825195312,284.39373779296875,541.6465454101562,916.6600341796875,293.9723205566406,695.5618896484375,820.5082397460938,891.1307983398438,1048.9205322265625
20260401,18,854.8885498046875,260.9181213378906,815.0106811523438,889.3190307617188,937.1925048828125,995.3331298828125,291.12945556640625,690.6051025390625,817.4266357421875,889.6616821289062,1047.800048828125,2.222222328186035,232.75802612304688,278.31878662109375,528.1448364257812,929.5391235351562,291.12945556640625,690.6051025390625,817.4266357421875,889.6616821289062,1047.800048828125
20260401,19,854.8885498046875,258.707275390625,797.7571411132812,869.7568969726562,916.5792846679688,975.928466796875,286.6318359375,683.6129760742188,814.3295288085938,889.3760986328125,1047.230224609375,2.4100875854492188,232.33432006835938,272.22674560546875,514.6478271484375,941.7540893554688,286.6318359375,683.6129760742188,814.3295288085938,889.3760986328125,1047.230224609375
20260401,20,854.8885498046875,258.3960876464844,810.7371215820312,870.0267944335938,912.3518676757812,980.8751831054688,279.0649108886719,671.8912963867188,809.3870239257812,889.176025390625,1045.492919921875,2.2088356018066406,231.86756896972656,266.1318054199219,501.1665954589844,953.28076171875,279.0649108886719,671.8912963867188,809.3870239257812,889.176025390625,1045.492919921875
20260401,21,854.8885498046875,251.9617156982422,747.9922485351562,819.7847290039062,870.6859741210938,958.3261108398438,265.0307922363281,648.6575927734375,797.6965942382812,885.56787109375,1036.9112548828125,0.15545019507408142,231.59646606445312,260.8092346191406,490.81231689453125,960.9180297851562,265.0307922363281,648.6575927734375,797.6965942382812,885.56787109375,1036.9112548828125
20260401,22,854.8885498046875,248.0719757080078,724.2488403320312,819.8108520507812,885.2755737304688,996.6744995117188,236.0691375732422,597.8742065429688,769.2249755859375,871.9612426757812,1005.9893798828125,-5.026675224304199,231.72998046875,256.939208984375,486.3083801269531,961.8654174804688,236.0691375732422,597.8742065429688,769.2249755859375,871.9612426757812,1005.9893798828125
20260401,23,244.7244873046875,240.98565673828125,645.5681762695312,785.9378662109375,880.0221557617188,1013.885986328125,151.85147094726562,371.1606750488281,614.369384765625,773.949951171875,903.8721923828125,-8.134224891662598,232.49737548828125,254.6067657470703,484.20068359375,963.7122802734375,151.85147094726562,371.1606750488281,614.369384765625,773.949951171875,903.8721923828125
20260401,24,246.56631469726562,236.07386779785156,571.089599609375,753.0321655273438,890.9567260742188,1057.0213623046875,235.19725036621094,231.0516815185547,249.9462127685547,335.392822265625,1170.6947021484375,-11.452559471130371,233.25411987304688,252.3929901123047,482.2550964355469,964.876220703125,235.19725036621094,231.0516815185547,249.9462127685547,335.392822265625,1170.6947021484375
20260401,25,244.7244873046875,230.39320373535156,450.6063232421875,639.6452026367188,826.3011474609375,1067.1126708984375,233.24539184570312,231.46229553222656,240.1840057373047,300.18212890625,1017.9506225585938,-15.233902931213379,234.13111877441406,250.81204223632812,481.18157958984375,963.773681640625,233.24539184570312,231.46229553222656,240.1840057373047,300.18212890625,1017.9506225585938
20260401,26,854.7916259765625,226.07640075683594,347.8891296386719,495.4170227050781,684.2861328125,1002.3246459960938,231.4073944091797,231.2221221923828,239.000244140625,290.8911437988281,932.2852172851562,-19.661697387695312,235.60865783691406,251.49298095703125,483.3017578125,956.64892578125,231.4073944091797,231.2221221923828,239.000244140625,290.8911437988281,932.2852172851562
20260401,27,239.19895935058594,223.96932983398438,280.159912109375,383.24053955078125,537.7367553710938,884.8107299804688,230.19268798828125,232.25445556640625,239.52725219726562,284.4612731933594,851.6871948242188,-24.80097007751465,236.91998291015625,251.97842407226562,485.05950927734375,948.437255859375,230.19268798828125,232.25445556640625,239.52725219726562,284.4612731933594,851.6871948242188
20260401,28,239.19895935058594,224.6843719482422,247.42568969726562,310.1102600097656,418.3470764160156,736.7604370117188,229.3720245361328,234.01341247558594,239.88568115234375,272.7624816894531,706.8541259765625,-29.929569244384766,238.26181030273438,252.7139434814453,487.14263916015625,939.6143798828125,229.3720245361328,234.01341247558594,239.88568115234375,272.7624816894531,706.8541259765625
20260401,29,239.19895935058594,227.1977996826172,236.83059692382812,274.1813049316406,343.38690185546875,600.3387451171875,228.91282653808594,234.61788940429688,237.65338134765625,253.83718872070312,483.54638671875,-35.092960357666016,239.53501892089844,253.67129516601562,488.20703125,929.3334350585938,228.91282653808594,234.61788940429688,237.65338134765625,253.83718872070312,483.54638671875
20260401,30,241.04080200195312,230.32301330566406,234.24514770507812,254.28123474121094,293.9250183105469,476.9908752441406,230.37551879882812,236.00186157226562,237.0879669189453,244.50177001953125,346.6976623535156,-38.73912048339844,240.39988708496094,255.84979248046875,477.55645751953125,911.0181274414062,230.37551879882812,236.00186157226562,237.0879669189453,244.50177001953125,346.6976623535156
20260401,31,244.3204345703125,233.28585815429688,237.682373046875,246.31715393066406,267.6087341308594,388.9108581542969,232.5166015625,238.1799774169922,238.5933837890625,243.1638641357422,293.7970275878906,-42.525753021240234,241.23606872558594,258.16888427734375,467.030517578125,891.9566040039062,232.5166015625,238.1799774169922,238.5933837890625,243.1638641357422,293.7970275878906
20260401,32,246.56631469726562,235.93885803222656,242.31112670898438,244.88299560546875,255.91661071777344,331.37139892578125,234.16708374023438,239.87979125976562,240.07652282714844,243.71192932128906,274.4512634277344,-46.424354553222656,242.04566955566406,260.6390075683594,456.6366882324219,872.1633911132812,234.16708374023438,239.87979125976562,240.07652282714844,243.71192932128906,274.4512634277344
20260401,33,248.00411987304688,237.67108154296875,244.70681762695312,244.65640258789062,250.3636474609375,299.603759765625,235.1885223388672,240.91217041015625,240.97706604003906,244.17465209960938,266.57037353515625,-50.40602493286133,242.83108520507812,263.27001953125,446.3818664550781,851.6558227539062,235.1885223388672,240.91217041015625,240.97706604003906,244.17465209960938,266.57037353515625
20260401,34,249.68943786621094,237.99729919433594,244.30111694335938,243.17861938476562,246.97386169433594,284.9503479003906,235.82020568847656,241.5370635986328,241.49888610839844,244.42843627929688,262.933837890625,-56.00455093383789,242.94349670410156,262.3717956542969,440.640625,841.0814819335938,235.82020568847656,241.5370635986328,241.49888610839844,244.42843627929688,262.933837890625
20260401,35,247.86761474609375,237.98898315429688,242.52967834472656,241.3350067138672,244.9935302734375,276.343994140625,236.21612548828125,241.92662048339844,241.82261657714844,244.5896453857422,261.06005859375,-61.698455810546875,243.00697326660156,261.4838562011719,435.24884033203125,830.3196411132812,236.21612548828125,241.92662048339844,241.82261657714844,244.5896453857422,261.06005859375
20260401,36,246.56631469726562,237.95419311523438,240.69381713867188,239.69737243652344,244.2844696044922,270.789306640625,236.46925354003906,242.17494201660156,242.03245544433594,244.7025604248047,259.9980773925781,-67.38709259033203,243.05368041992188,260.781982421875,430.01318359375,818.9136352539062,236.46925354003906,242.17494201660156,242.03245544433594,244.7025604248047,259.9980773925781
20260401,37,246.1622772216797,238.1184539794922,239.616455078125,239.53936767578125,245.35879516601562,268.4584045410156,236.6573028564453,242.36610412597656,242.2090606689453,244.8285675048828,259.41619873046875,-73.0408935546875,243.08633422851562,260.27301025390625,424.9378662109375,806.8922119140625,236.6573028564453,242.36610412597656,242.2090606689453,244.8285675048828,259.41619873046875
20260401,38,246.56631469726562,238.57090759277344,239.89210510253906,241.05734252929688,247.5924530029297,269.8490295410156,236.8633270263672,242.5832977294922,242.424072265625,245.00889587402344,259.0605163574219,-74.97417449951172,242.76406860351562,257.3268127441406,418.76715087890625,808.32177734375,236.8633270263672,242.5832977294922,242.424072265625,245.00889587402344,259.0605163574219
20260401,39,247.68016052246094,239.13980102539062,240.7514190673828,243.14144897460938,249.88356018066406,271.10736083984375,237.0927276611328,242.8271026611328,242.67364501953125,245.2356414794922,258.86737060546875,-76.04438018798828,242.36082458496094,254.02976989746094,412.49847412109375,812.1566162109375,237.0927276611328,242.8271026611328,242.67364501953125,245.2356414794922,258.86737060546875
20260401,40,248.00411987304688,239.7257080078125,241.46737670898438,244.46807861328125,250.9792022705078,271.03369140625,237.3546905517578,243.10748291015625,242.96556091308594,245.5113983154297,258.78875732421875,-76.99237060546875,241.95176696777344,250.9410858154297,406.3989562988281,815.478515625,237.3546905517578,243.10748291015625,242.96556091308594,245.5113983154297,258.78875732421875
20260401,41,248.4081573486328,240.25820922851562,242.2063446044922,245.56504821777344,251.8474884033203,270.5080261230469,237.65992736816406,243.43145751953125,243.3035430908203,245.83770751953125,258.8000793457031,-77.79003143310547,241.53965759277344,248.064208984375,400.4703063964844,818.3263549804688,237.65992736816406,243.43145751953125,243.3035430908203,245.83770751953125,258.8000793457031
20260401,42,248.00411987304688,239.7543487548828,242.13839721679688,245.4477996826172,252.01429748535156,268.3145446777344,237.82244873046875,243.59677124023438,243.4744110107422,246.0030517578125,258.78875732421875,-86.57707214355469,241.05577087402344,249.18678283691406,391.4903564453125,791.8931274414062,237.82244873046875,243.59677124023438,243.4744110107422,246.0030517578125,258.78875732421875
20260401,43,247.86761474609375,238.80918884277344,241.98001098632812,244.8505096435547,251.44265747070312,265.1872253417969,237.81321716308594,243.5824432373047,243.45826721191406,245.98519897460938,258.71063232421875,-98.73253631591797,240.5431365966797,252.18124389648438,381.2720031738281,752.4484252929688,237.81321716308594,243.5824432373047,243.45826721191406,245.98519897460938,258.71063232421875
20260401,44,246.56631469726562,237.86375427246094,241.52371215820312,243.85923767089844,250.78634643554688,262.15478515625,237.603271484375,243.3658447265625,243.23458862304688,245.76829528808594,258.572509765625,-110.6573257446289,240.03602600097656,255.39219665527344,371.2247619628906,712.6571044921875,237.603271484375,243.3658447265625,243.23458862304688,245.76829528808594,258.572509765625
20260401,45,244.7244873046875,236.9512176513672,240.91500854492188,242.6977081298828,250.2165985107422,259.9245300292969,237.1147918701172,242.88966369628906,242.75473022460938,245.3123016357422,258.4048767089844,-122.32637023925781,239.53726196289062,258.8194274902344,361.3470153808594,672.56494140625,237.1147918701172,242.88966369628906,242.75473022460938,245.3123016357422,258.4048767089844
20260401,46,244.3204345703125,236.15066528320312,240.1782684326172,241.85964965820312,249.7447052001953,260.1619567871094,236.4739227294922,242.29031372070312,242.16616821289062,244.77198791503906,258.3198547363281,-132.0836639404297,238.71290588378906,258.0481262207031,359.1634826660156,653.0341796875,236.4739227294922,242.29031372070312,242.16616821289062,244.77198791503906,258.3198547363281
20260401,47,242.8826446533203,235.3296661376953,239.19647216796875,241.14620971679688,249.5768280029297,262.9337463378906,235.77423095703125,241.64810180664062,241.55230712890625,244.23817443847656,258.412353515625,-140.28329467773438,237.643310546875,254.09463500976562,362.93438720703125,649.3094482421875,235.77423095703125,241.64810180664062,241.55230712890625,244.23817443847656,258.412353515625
20260401,48,240.9971160888672,234.43336486816406,238.15188598632812,240.04380798339844,248.70809936523438,264.4457092285156,235.08364868164062,241.01588439941406,240.95704650878906,243.74197387695312,258.6405944824219,-148.15927124023438,236.59022521972656,250.35105895996094,366.8663330078125,645.4281005859375,235.08364868164062,241.01588439941406,240.95704650878906,243.74197387695312,258.6405944824219
20260401,49,239.19895935058594,233.5175323486328,237.11679077148438,238.68544006347656,247.26080322265625,264.5721130371094,234.55001831054688,240.5243377685547,240.4935302734375,243.36129760742188,258.8741149902344,-155.6917266845703,235.55615234375,246.81344604492188,370.95513916015625,641.4398803710938,234.55001831054688,240.5243377685547,240.4935302734375,243.36129760742188,258.8741149902344
20260401,50,237.35711669921875,232.822998046875,236.44357299804688,237.49598693847656,245.66842651367188,262.29840087890625,234.1315460205078,240.13758850097656,240.1200714111328,243.0385284423828,258.9808044433594,-162.56935119628906,234.78932189941406,245.52304077148438,371.73480224609375,629.7765502929688,234.1315460205078,240.13758850097656,240.1200714111328,243.0385284423828,258.9808044433594
20260401,51,233.67344665527344,232.37767028808594,235.99794006347656,236.21986389160156,243.70437622070312,257.674072265625,233.72911071777344,239.774658203125,239.76455688476562,242.70960998535156,258.9040832519531,-168.68734741210938,234.3657989501953,247.0879364013672,368.1614685058594,608.2029418945312,233.72911071777344,239.774658203125,239.76455688476562,242.70960998535156,258.9040832519531
20260401,52,232.41400146484375,231.95948791503906,235.48353576660156,235.10252380371094,242.19219970703125,254.7386932373047,233.3118133544922,239.4128875732422,239.4161834716797,242.38259887695312,258.7179260253906,-174.4110107421875,233.9686279296875,248.841796875,364.7283020019531,586.6732788085938,233.3118133544922,239.4128875732422,239.4161834716797,242.38259887695312,258.7179260253906
20260401,53,232.41400146484375,231.5170135498047,234.83106994628906,234.05406188964844,241.16583251953125,253.7482147216797,232.79556274414062,238.97230529785156,239.00320434570312,242.00804138183594,258.5238037109375,-179.72666931152344,233.59982299804688,250.77732849121094,361.4286193847656,565.2380981445312,232.79556274414062,238.97230529785156,239.00320434570312,242.00804138183594,258.5238037109375
20260401,54,231.30015563964844,231.28280639648438,234.4778594970703,233.64492797851562,241.05673217773438,254.1593780517578,232.2490692138672,238.51466369628906,238.5825653076172,241.6350555419922,258.363525390625,-182.66934204101562,233.205810546875,251.33470153808594,360.07086181640625,553.4002685546875,232.2490692138672,238.51466369628906,238.5825653076172,241.6350555419922,258.363525390625
20260401,55,232.41400146484375,231.57566833496094,234.71575927734375,234.4783172607422,242.3660125732422,256.7567138671875,231.9365692138672,238.2784423828125,238.37350463867188,241.4413604736328,258.2381896972656,-180.71771240234375,232.71665954589844,248.51002502441406,362.9818115234375,563.36376953125,231.9365692138672,238.2784423828125,238.37350463867188,241.4413604736328,258.2381896972656
20260401,56,233.67344665527344,231.87042236328125,234.90658569335938,235.14407348632812,243.50059509277344,259.69158935546875,231.91966247558594,238.3036651611328,238.4091796875,241.4518280029297,258.14154052734375,-178.32785034179688,232.2617645263672,245.84054565429688,366.0025939941406,573.5690307617188,231.91966247558594,238.3036651611328,238.4091796875,241.4518280029297,258.14154052734375
20260401,57,235.51527404785156,232.18154907226562,235.14398193359375,235.7704620361328,244.35665893554688,262.35272216796875,232.35247802734375,238.72726440429688,238.82127380371094,241.78134155273438,258.0144348144531,-175.49334716796875,231.84291076660156,243.3159942626953,369.1242370605469,584.0631713867188,232.35247802734375,238.72726440429688,238.82127380371094,241.78134155273438,258.0144348144531
20260401,58,237.35711669921875,232.5025634765625,235.6224365234375,236.5371551513672,244.87034606933594,263.0152587890625,233.1841278076172,239.497802734375,239.5663299560547,242.41336059570312,257.9283142089844,-172.51266479492188,231.46307373046875,241.29977416992188,371.49237060546875,592.6845092773438,233.1841278076172,239.497802734375,239.5663299560547,242.41336059570312,257.9283142089844
20260401,59,237.35711669921875,232.68536376953125,236.27435302734375,237.2078399658203,244.87789916992188,260.93048095703125,234.0170135498047,240.26870727539062,240.32301330566406,243.07920837402344,257.9097595214844,-170.51925659179688,231.12962341308594,241.183837890625,369.9285888671875,591.1976928710938,234.0170135498047,240.26870727539062,240.32301330566406,243.07920837402344,257.9097595214844
20260401,60,237.35711669921875,232.8515625,236.8314666748047,237.85067749023438,244.90313720703125,259.0802917480469,234.79258728027344,240.99813842773438,241.0519561767578,243.74049377441406,257.9463195800781,-168.0735321044922,230.8361358642578,241.1786651611328,368.4366149902344,590.1337890625,234.79258728027344,240.99813842773438,241.0519561767578,243.74049377441406,257.9463195800781
20260401,61,237.35711669921875,232.989013671875,237.20985412597656,238.4140167236328,245.0738983154297,258.0117492675781,235.39695739746094,241.58023071289062,241.64883422851562,244.29942321777344,258.0465087890625,-165.1767120361328,230.583740234375,241.27188110351562,367.00604248046875,589.5337524414062,235.39695739746094,241.58023071289062,241.64883422851562,244.29942321777344,258.0465087890625
20260401,62,238.76943969726562,233.139404296875,237.70440673828125,239.1646728515625,245.6979522705078,257.5956726074219,235.82794189453125,242.0145263671875,242.11219787597656,244.74839782714844,258.1951599121094,-161.68862915039062,230.3922119140625,241.46104431152344,365.7018127441406,589.728515625,235.82794189453125,242.0145263671875,242.11219787597656,244.74839782714844,258.1951599121094
20260401,63,239.88328552246094,233.94552612304688,238.96214294433594,240.83984375,247.44041442871094,257.981689453125,236.3622589111328,242.55886840820312,242.6895294189453,245.31106567382812,258.42645263671875,-154.59886169433594,230.6627960205078,241.951171875,366.09716796875,596.8712158203125,236.3622589111328,242.55886840820312,242.6895294189453,245.31106567382812,258.42645263671875
20260401,64,242.1109619140625,234.78189086914062,240.17755126953125,242.48866271972656,249.22637939453125,259.1586608886719,236.95489501953125,243.16464233398438,243.33131408691406,245.94216918945312,258.7394714355469,-147.073486328125,230.97634887695312,242.50015258789062,366.521484375,604.5891723632812,236.95489501953125,243.16464233398438,243.33131408691406,245.94216918945312,258.7394714355469
20260401,65,244.3204345703125,235.61158752441406,241.3102264404297,244.15054321289062,250.9866180419922,260.9554748535156,237.61756896972656,243.8448486328125,244.04913330078125,246.65061950683594,259.1357727050781,-139.1215057373047,231.3332061767578,243.09420776367188,366.9637145996094,612.9144287109375,237.61756896972656,243.8448486328125,244.04913330078125,246.65061950683594,259.1357727050781
20260401,66,244.7244873046875,236.40794372558594,242.38790893554688,245.73037719726562,252.60406494140625,262.7261047363281,238.31695556640625,244.55307006835938,244.78759765625,247.38006591796875,259.5702819824219,-130.7536163330078,231.73342895507812,243.71945190429688,367.4125671386719,621.8770141601562,238.31695556640625,244.55307006835938,244.78759765625,247.38006591796875,259.5702819824219
20260401,67,246.1622772216797,237.142822265625,243.38047790527344,247.24929809570312,254.04473876953125,264.1983642578125,238.94088745117188,245.19137573242188,245.45684814453125,248.0490264892578,260.02154541015625,-122.25448608398438,232.18052673339844,244.4683380126953,367.9085693359375,630.6983642578125,238.94088745117188,245.19137573242188,245.45684814453125,248.0490264892578,260.02154541015625
20260401,68,247.68016052246094,237.84706115722656,244.27110290527344,248.6510009765625,255.3548583984375,265.5230407714844,239.4917449951172,245.76243591308594,246.0593719482422,248.65829467773438,260.47021484375,-113.39217376708984,232.67091369628906,245.23025512695312,368.39361572265625,640.1314086914062,239.4917449951172,245.76243591308594,246.0593719482422,248.65829467773438,260.47021484375
20260401,69,248.00411987304688,238.53573608398438,245.0453643798828,249.95176696777344,256.5777587890625,266.6249694824219,239.96878051757812,246.26527404785156,246.5937957763672,249.20468139648438,260.8970642089844,-104.15672302246094,233.20388793945312,245.98092651367188,368.85174560546875,650.27392578125,239.96878051757812,246.26527404785156,246.5937957763672,249.20468139648438,260.8970642089844
20260401,70,248.4081573486328,239.21295166015625,245.74298095703125,251.15577697753906,257.7385559082031,267.7840881347656,240.37673950195312,246.705322265625,247.06576538085938,249.6921844482422,261.294921875,-94.56555938720703,233.77883911132812,246.70626831054688,369.2718811035156,661.1439819335938,240.37673950195312,246.705322265625,247.06576538085938,249.6921844482422,261.294921875
20260401,71,249.68943786621094,239.89649963378906,246.44415283203125,252.11581420898438,258.5270080566406,268.3439025878906,240.71502685546875,247.0748748779297,247.46592712402344,250.1105194091797,261.6508483886719,-86.282958984375,234.60906982421875,248.16624450683594,372.54010009765625,669.0950317382812,240.71502685546875,247.0748748779297,247.46592712402344,250.1105194091797,261.6508483886719
20260401,72,250.25,240.564453125,247.05514526367188,252.91339111328125,259.0525207519531,268.5055236816406,240.9947509765625,247.38275146484375,247.80007934570312,250.46238708496094,261.95501708984375,-78.14122772216797,235.5388946533203,249.78802490234375,376.55352783203125,676.7833251953125,240.9947509765625,247.38275146484375,247.80007934570312,250.46238708496094,261.95501708984375
20260401,73,251.68780517578125,241.22659301757812,247.60052490234375,253.67054748535156,259.5745544433594,268.6882019042969,241.22120666503906,247.63134765625,248.0681610107422,250.74481201171875,262.1929931640625,-69.70516204833984,236.5077667236328,251.34298706054688,380.4969482421875,685.2348022460938,241.22120666503906,247.63134765625,248.0681610107422,250.74481201171875,262.1929931640625
20260401,74,253.3330841064453,241.9041748046875,248.12094116210938,254.38076782226562,260.0233154296875,268.8149108886719,241.4038848876953,247.83013916015625,248.27890014648438,250.96441650390625,262.3663330078125,-60.99796676635742,237.51422119140625,252.81777954101562,384.3603210449219,694.4547729492188,241.4038848876953,247.83013916015625,248.27890014648438,250.96441650390625,262.3663330078125
20260401,75,253.52963256835938,242.4317169189453,248.44027709960938,254.93011474609375,260.4251708984375,269.0310974121094,241.53858947753906,247.9754638671875,248.4296112060547,251.11865234375,262.47265625,-52.08601760864258,238.3958282470703,254.2100067138672,385.6273498535156,702.7899780273438,241.53858947753906,247.9754638671875,248.4296112060547,251.11865234375,262.47265625
20260401,76,255.1549072265625,242.8891143798828,248.67323303222656,255.39764404296875,260.79864501953125,269.3534851074219,241.6317901611328,248.07501220703125,248.52960205078125,251.21807861328125,262.526123046875,-42.9749641418457,239.22610473632812,255.5021514892578,385.45831298828125,711.0115966796875,241.6317901611328,248.07501220703125,248.52960205078125,251.21807861328125,262.526123046875
20260401,77,255.37147521972656,243.36599731445312,248.9080810546875,255.83761596679688,261.1341552734375,269.5711975097656,241.68453979492188,248.13134765625,248.58299255371094,251.2678680419922,262.5362854003906,-33.6685905456543,240.08901977539062,256.67645263671875,385.18115234375,719.9979858398438,241.68453979492188,248.13134765625,248.58299255371094,251.2678680419922,262.5362854003906
20260401,78,257.21331787109375,243.84286499023438,249.1255340576172,256.2018127441406,261.3791809082031,269.70562744140625,241.70326232910156,248.15353393554688,248.60032653808594,251.27951049804688,262.5190124511719,-24.19387435913086,240.98281860351562,257.72125244140625,384.78729248046875,729.7415161132812,241.70326232910156,248.15353393554688,248.60032653808594,251.27951049804688,262.5190124511719
20260401,79,257.21331787109375,244.10589599609375,249.16281127929688,256.42681884765625,261.6495666503906,269.9185791015625,241.6893768310547,248.13934326171875,248.574951171875,251.2422332763672,262.4485778808594,-14.697356224060059,241.65115356445312,258.3531188964844,381.3605041503906,739.0183715820312,241.6893768310547,248.13934326171875,248.574951171875,251.2422332763672,262.4485778808594
20260401,80,257.21331787109375,244.18092346191406,249.04090881347656,256.5448913574219,261.9354248046875,270.3435974121094,241.6442413330078,248.08941650390625,248.5067596435547,251.15501403808594,262.318603515625,-5.197458267211914,242.11309814453125,258.58428955078125,375.13568115234375,747.9154052734375,241.6442413330078,248.08941650390625,248.5067596435547,251.15501403808594,262.318603515625
20260401,81,258.7985534667969,244.27403259277344,248.93081665039062,256.56683349609375,262.09954833984375,270.70037841796875,241.5701141357422,248.00880432128906,248.40396118164062,251.0287628173828,262.1466064453125,4.385492324829102,242.5992431640625,258.6545715332031,368.7718200683594,757.52685546875,241.5701141357422,248.00880432128906,248.40396118164062,251.0287628173828,262.1466064453125
20260401,82,258.7985534667969,244.37478637695312,248.81619262695312,256.49041748046875,262.14605712890625,270.9518737792969,241.46685791015625,247.90057373046875,248.2725067138672,250.87147521972656,261.9473571777344,14.022284507751465,243.10728454589844,258.5548095703125,362.2627258300781,767.8322143554688,241.46685791015625,247.90057373046875,248.2725067138672,250.87147521972656,261.9473571777344
20260401,83,257.21331787109375,244.168701171875,248.4598388671875,256.10784912109375,261.8258056640625,271.2338562011719,241.34095764160156,247.76748657226562,248.11341857910156,250.68402099609375,261.7192077636719,21.50078010559082,243.47927856445312,258.0126037597656,356.92669677734375,776.216064453125,241.34095764160156,247.76748657226562,248.11341857910156,250.68402099609375,261.7192077636719
20260401,84,256.9767150878906,243.4768829345703,247.6996307373047,255.236328125,260.97540283203125,271.5160827636719,241.18971252441406,247.6008758544922,247.91561889648438,250.4556427001953,261.4523620605469,25.578968048095703,243.6265106201172,256.8735046386719,353.4944152832031,781.212158203125,241.18971252441406,247.6008758544922,247.91561889648438,250.4556427001953,261.4523620605469
20260401,85,255.1549072265625,242.75115966796875,246.86898803710938,254.2720489501953,260.07879638671875,271.4913024902344,241.0042266845703,247.39437866210938,247.6732940673828,250.18038940429688,261.1416015625,29.62222671508789,243.78785705566406,255.54148864746094,349.9017639160156,786.823486328125,241.0042266845703,247.39437866210938,247.6732940673828,250.18038940429688,261.1416015625
20260401,86,253.3330841064453,242.04539489746094,246.01869201660156,253.25538635253906,259.2006530761719,271.21893310546875,240.7714080810547,247.136474609375,247.37437438964844,249.8436737060547,260.7732849121094,33.601314544677734,243.96058654785156,254.0105438232422,346.14508056640625,793.0184326171875,240.7714080810547,247.136474609375,247.37437438964844,249.8436737060547,260.7732849121094
20260401,87,251.51126098632812,241.24142456054688,245.15550231933594,252.33323669433594,258.4316711425781,270.8057556152344,240.48190307617188,246.82415771484375,247.01742553710938,249.44338989257812,260.3575134277344,36.81922912597656,244.02603149414062,252.0306396484375,342.10833740234375,799.1358032226562,240.48190307617188,246.82415771484375,247.01742553710938,249.44338989257812,260.3575134277344
20260401,88,249.68943786621094,240.05128479003906,244.01409912109375,251.26272583007812,257.6044921875,270.32110595703125,240.11355590820312,246.42816162109375,246.56622314453125,248.940673828125,259.8713073730469,38.0228271484375,243.7687225341797,249.1486358642578,337.5824890136719,803.9894409179688,240.11355590820312,246.42816162109375,246.56622314453125,248.940673828125,259.8713073730469
20260401,89,248.00411987304688,238.79330444335938,242.67059326171875,249.94070434570312,256.5001525878906,269.26666259765625,239.62313842773438,245.91123962402344,245.9849853515625,248.30322265625,259.3580017089844,39.07600784301758,243.5143280029297,246.05482482910156,332.8858642578125,809.3173217773438,239.62313842773438,245.91123962402344,245.9849853515625,248.30322265625,259.3580017089844
20260401,90,248.4081573486328,237.48695373535156,241.24264526367188,248.32850646972656,255.03555297851562,268.4867248535156,238.94561767578125,245.21502685546875,245.21949768066406,247.48593139648438,258.92535400390625,39.95125961303711,243.2601776123047,242.7467041015625,328.0175476074219,815.0785522460938,238.94561767578125,245.21502685546875,245.21949768066406,247.48593139648438,258.92535400390625
20260401,91,246.56631469726562,236.1048583984375,239.8780975341797,246.43179321289062,253.2705535888672,270.58465576171875,237.96482849121094,244.24465942382812,244.19070434570312,246.4344024658203,258.88250732421875,40.66493225097656,243.00262451171875,239.2189483642578,322.92291259765625,821.2911376953125,237.96482849121094,244.24465942382812,244.19070434570312,246.4344024658203,258.88250732421875
20260401,92,244.7244873046875,234.63479614257812,238.7107696533203,244.25521850585938,251.40432739257812,278.4115295410156,236.48292541503906,242.82101440429688,242.7499542236328,245.0660400390625,260.0021057128906,41.43584060668945,242.73504638671875,235.44949340820312,317.2929992675781,828.2529907226562,236.48292541503906,242.82101440429688,242.7499542236328,245.0660400390625,260.0021057128906
20260401,93,244.3204345703125,232.850341796875,237.07220458984375,241.5709686279297,250.46250915527344,300.1163024902344,234.0189666748047,240.53057861328125,240.59266662597656,243.31874084472656,264.97540283203125,41.95118713378906,242.459228515625,231.4637908935547,311.49346923828125,835.5157470703125,234.0189666748047,240.53057861328125,240.59266662597656,243.31874084472656,264.97540283203125
20260401,94,238.7876434326172,230.28378295898438,233.3499298095703,239.19979858398438,255.0491943359375,351.66314697265625,229.59805297851562,236.63836669921875,237.3784637451172,241.93421936035156,285.426025390625,42.18697738647461,242.1723175048828,227.2630157470703,305.5263977050781,843.0322875976562,229.59805297851562,236.63836669921875,237.3784637451172,241.93421936035156,285.426025390625
20260401,95,232.41400146484375,226.4967803955078,225.8766326904297,239.09022521972656,273.4688415527344,450.5674743652344,222.84725952148438,230.80218505859375,234.1352081298828,248.38270568847656,387.8926696777344,42.12053680419922,241.87158203125,222.8493194580078,299.3947448730469,850.7543334960938,222.84725952148438,230.80218505859375,234.1352081298828,248.38270568847656,387.8926696777344
