day,period,price,load_MW,thermal_MW,wind_MW,solar_MW,hydro_MW,sdr
20260101,0,238.76944,6018.5443399999995,3145.544340000004,873.0,0.0,2000.0,1.0000000000000007
20260101,1,237.35712,5931.552025894737,3056.373078526318,875.1789473684208,0.0,2000.0,1.0000000000000002
20260101,2,233.67344,5844.559711789474,2967.201817052631,877.3578947368421,0.0,2000.0,0.9999999999999999
20260101,3,232.414,5757.56739768421,2878.0305555789478,879.5368421052631,0.0,2000.0,1.0000000000000002
20260101,4,230.18632,5670.575083578948,2788.859294105265,881.7157894736841,0.0,2000.0,1.0000000000000002
20260101,5,230.18632,5602.494142105262,2742.599405263158,859.8947368421053,0.0,2000.0,1.0000000000000002
20260101,6,229.07248,5537.249906526316,2702.776222315791,834.4736842105262,0.0,2000.0,1.0000000000000002
20260101,7,229.07248,5472.005670947368,2662.953039368422,809.0526315789475,0.0,2000.0,1.0000000000000002
20260101,8,227.95864,5406.76143536842,2623.1298564210542,783.6315789473683,0.0,2000.0,1.0000000000000004
20260101,9,227.95864,5373.666533263159,2615.4560069473723,758.2105263157894,0.0,2000.0,1.0000000000000004
20260101,10,227.95864,5351.918454736843,2619.1289810526337,732.7894736842104,0.0,2000.0,1.0000000000000002
20260101,11,227.95864,5330.170376210526,2622.8019551578973,707.3684210526316,0.0,2000.0,1.0000000000000004
20260101,12,227.95864,5308.422297684211,2626.474929263161,681.9473684210527,0.0,2000.0,1.0000000000000004
20260101,13,226.8448,5299.912179999999,2578.838495789477,721.0736842105265,0.0,2000.0,1.0000000000000007
20260101,14,225.73096,5299.912179999999,2498.217443157899,801.694736842105,0.0,2000.0,1.000000000000001
20260101,15,853.98584,5381.385041551242,2499.069252077561,882.3157894736842,0.0,2000.0,1.0000000000000007
20260101,16,853.98584,5466.24930747922,2503.3124653739596,962.9368421052632,0.0,2000.0,1.0000000000000004
20260101,17,853.98584,5482.127423822713,2504.1063711911347,978.021052631579,0.0,2000.0,1.0000000000000002
20260101,18,853.98584,5422.747922437671,2501.137396121883,921.6105263157895,0.0,2000.0,1.0000000000000002
20260101,19,853.98584,5363.368421052627,2498.168421052631,865.2,0.0,2000.0,1.0000000000000007
20260101,20,226.8448,5375.557670526316,2566.768196842108,808.7894736842106,0.0,2000.0,1.0000000000000004
20260101,21,222.71704,5495.644886736843,2726.255413052633,769.3894736842105,0.0,2000.0,1.0000000000000002
20260101,22,238.76944,5800.117986105262,3038.233775578947,761.8842105263158,0.0,2000.0,1.0
20260101,23,238.76944,6104.591085473684,3350.2121381052666,754.3789473684209,0.0,2000.0,1.0000000000000007
20260101,24,240.99712,6409.0641848421055,3662.1905006315806,746.8736842105262,0.0,2000.0,1.0000000000000002
20260101,25,242.11096,6704.081597894737,3965.607913684208,738.3684210526316,0.1052631578947363,2000.0,0.9999999999999998
20260101,26,244.32044,6965.058540210526,4238.205908631578,726.2631578947369,0.5894736842105265,2000.0,0.9999999999999998
20260101,27,245.45248,7226.035482526317,4510.803903578946,714.1578947368421,1.073684210526316,2000.0,0.9999999999999997
20260101,28,245.45248,7487.012424842105,4783.401898526315,702.0526315789474,1.557894736842105,2000.0,0.9999999999999999
20260101,29,245.45248,7742.31595536842,5047.10542905263,691.9473684210525,3.2631578947368465,2000.0,0.9999999999999999
20260101,30,246.25328,7938.048662105264,5217.417083157895,702.842105263158,17.78947368421055,2000.0,1.0
20260101,31,246.56632,8133.781368842105,5387.728737263159,713.7368421052631,32.3157894736842,2000.0,1.0000000000000002
20260101,32,247.6801600000001,8329.514075578947,5558.04039136842,724.6315789473686,46.84210526315791,2000.0,1.0
20260101,33,248.00412,8525.24678231579,5728.352045473684,735.5263157894738,61.368421052631604,2000.0,1.0
20260101,34,248.40816,8554.559409894737,5743.822567789474,707.7473684210527,102.9894736842105,2000.0,1.0
20260101,35,248.40816,8576.307488421053,5752.254856842103,678.2105263157897,145.8421052631578,2000.0,0.9999999999999998
20260101,36,248.40816,8598.055566947369,5760.687145894737,648.6736842105264,188.6947368421054,2000.0,1.0
20260101,37,248.40816,8619.803645473687,5769.119434947369,619.1368421052632,231.5473684210526,2000.0,0.9999999999999998
20260101,38,248.40816,8623.585920000001,5764.485920000001,601.8,257.3,2000.0,1.0
20260101,39,248.40816,8623.585920000001,5757.101709473685,587.0315789473683,279.4526315789474,2000.0,1.0
20260101,40,248.40816,8623.585920000001,5749.717498947368,572.2631578947368,301.6052631578948,2000.0,0.9999999999999998
20260101,41,248.40816,8623.585920000001,5742.333288421051,557.4947368421052,323.757894736842,2000.0,0.9999999999999996
20260101,42,248.00412,8608.456821894737,5694.893664000001,549.1263157894737,364.4368421052633,2000.0,1.0000000000000002
20260101,43,247.6801600000001,8586.70874336842,5629.9297959999985,543.5578947368421,413.22105263157897,2000.0,1.0000000000000002
20260101,44,247.6801600000001,8564.960664842105,5564.965927999998,537.9894736842106,462.0052631578946,2000.0,0.9999999999999998
20260101,45,247.36712,8543.212586315789,5500.002059999995,532.421052631579,510.78947368421075,2000.0,0.9999999999999996
20260101,46,247.36712,8533.756899999998,5484.209531578945,523.8421052631579,525.7052631578948,2000.0,0.9999999999999998
20260101,47,247.36712,8533.756899999998,5506.241110526313,512.9473684210526,514.5684210526316,2000.0,0.9999999999999998
20260101,48,247.6801600000001,8533.756899999998,5528.272689473681,502.0526315789472,503.43157894736834,2000.0,0.9999999999999998
20260101,49,247.6801600000001,8533.756899999998,5550.3042684210495,491.1578947368421,492.29473684210535,2000.0,0.9999999999999998
20260101,50,247.6801600000001,8533.756899999998,5568.2305842105225,483.63157894736844,481.8947368421053,2000.0,0.9999999999999998
20260101,51,247.6801600000001,8533.756899999998,5580.820057894734,480.48421052631574,472.4526315789474,2000.0,0.9999999999999998
20260101,52,247.6801600000001,8533.756899999998,5593.409531578945,477.33684210526303,463.0105263157895,2000.0,0.9999999999999998
20260101,53,247.6801600000001,8533.756899999998,5605.999005263155,474.1894736842106,453.5684210526317,2000.0,0.9999999999999998
20260101,54,247.6801600000001,8520.518939157895,5610.766307578943,475.021052631579,434.7315789473683,2000.0,0.9999999999999993
20260101,55,247.6801600000001,8477.022782105265,5597.654361052631,484.94736842105254,394.4210526315789,2000.0,0.9999999999999998
20260101,56,247.6801600000001,8433.52662505263,5584.542414526315,494.8736842105262,354.11052631578957,2000.0,1.0000000000000002
20260101,57,247.6801600000001,8390.030468,5571.430467999998,504.8,313.7999999999999,2000.0,0.9999999999999996
20260101,58,247.6801600000001,8357.881134526318,5572.739029263157,505.08421052631576,280.057894736842,2000.0,0.9999999999999996
20260101,59,247.6801600000001,8379.62921305263,5642.545002526315,459.56842105263166,277.5157894736842,2000.0,1.0
20260101,60,248.00412,8401.377291578949,5712.350975789475,414.0526315789472,274.9736842105262,2000.0,1.0
20260101,61,248.48096,8423.125370105263,5782.156949052633,368.5368421052631,272.4315789473684,2000.0,1.0
20260101,62,248.794,8448.655723157897,5853.329407368421,326.578947368421,268.7473684210527,2000.0,0.9999999999999998
20260101,63,248.794,8557.396115789474,5954.564536842107,362.8947368421054,239.936842105263,2000.0,1.0000000000000002
20260101,64,249.5948,8666.136508421054,6055.79966631579,399.2105263157895,211.1263157894737,2000.0,0.9999999999999998
20260101,65,250.2500000000001,8774.876901052632,6157.03479578947,435.5263157894737,182.31578947368422,2000.0,0.9999999999999993
20260101,66,250.70864,8883.617293684214,6258.269925263157,471.84210526315803,153.5052631578946,2000.0,0.9999999999999996
20260101,67,251.6878,8912.929921263158,6318.761500210524,475.4421052631579,118.7263157894739,2000.0,0.9999999999999998
20260101,68,251.82248,8934.677999789474,6375.372736631574,475.92631578947373,83.3789473684211,2000.0,0.9999999999999996
20260101,69,252.93632,8956.42607831579,6431.98397305263,476.4105263157895,48.031578947368295,2000.0,0.9999999999999998
20260101,70,253.52964,8978.174156842104,6488.59520947368,476.89473684210526,12.684210526316,2000.0,0.9999999999999998
20260101,71,253.52964,8982.902,6529.323052631578,449.52631578947387,4.05263157894737,2000.0,1.0
20260101,72,254.05016,8982.902,6565.638842105262,414.42105263157873,2.84210526315789,2000.0,0.9999999999999998
20260101,73,254.05016,8982.902,6601.954631578947,379.3157894736845,1.631578947368429,2000.0,0.9999999999999998
20260101,74,255.164,8982.902,6638.27042105263,344.2105263157895,0.4210526315789487,2000.0,0.9999999999999998
20260101,75,254.05016,8926.167882105261,6603.167882105262,323.0,0.0,2000.0,1.0000000000000002
20260101,76,253.52964,8839.175568000002,6529.975567999998,309.2000000000001,0.0,2000.0,0.9999999999999996
20260101,77,252.93632,8752.183253894735,6456.783253894736,295.40000000000003,0.0,2000.0,1.0
20260101,78,251.82248,8665.190939789472,6383.590939789472,281.5999999999999,0.0,2000.0,1.0
20260101,79,251.6878,8566.851802105264,6291.7254863157905,275.1263157894737,0.0,2000.0,1.0
20260101,80,250.70864,8458.111409473684,6182.7429884210505,275.3684210526316,0.0,2000.0,0.9999999999999998
20260101,81,250.70864,8349.371016842102,6073.760490526314,275.61052631578946,0.0,2000.0,1.0000000000000002
20260101,82,249.84596,8240.630624210524,5964.777992631576,275.8526315789473,0.0,2000.0,1.0
20260101,83,248.794,8106.359878526317,5823.065141684211,283.2947368421053,0.0,2000.0,1.0
20260101,84,248.40816,7932.3752503157875,5630.438408210526,301.9368421052633,0.0,2000.0,1.0000000000000002
20260101,85,247.6801600000001,7758.390622105266,5437.811674736842,320.57894736842087,0.0,2000.0,0.9999999999999997
20260101,86,246.56632,7584.4059938947385,5245.184941263156,339.221052631579,0.0,2000.0,0.9999999999999997
20260101,87,246.16228,7399.074542105263,5043.358752631579,355.7157894736843,0.0,2000.0,1.0
20260101,88,245.13944,7181.593756842106,4815.467441052633,366.1263157894736,0.0,2000.0,1.0000000000000002
20260101,89,244.33864,6964.1129715789475,4587.576129473682,376.5368421052631,0.0,2000.0,0.9999999999999996
20260101,90,244.32044,6746.63218631579,4359.684817894737,386.9473684210527,0.0,2000.0,0.9999999999999999
20260101,91,242.11096,6529.151401052632,4132.20403263158,396.9473684210526,0.0,2000.0,1.0000000000000002
20260101,92,240.99712,6311.670615789474,3907.460089473684,404.2105263157895,0.0,2000.0,0.9999999999999999
20260101,93,239.88328,6094.189830526315,3682.7161463157877,411.47368421052624,0.0,2000.0,0.9999999999999999
20260101,94,238.76944,5876.70904526316,3457.972203157898,418.7368421052631,0.0,2000.0,1.0000000000000002
20260101,95,231.30016,5659.22826,3233.2282600000026,426.0,0.0,2000.0,1.0000000000000004
20260102,0,233.67344,5898.173453199999,3484.173453200002,413.99999999999994,0.0,2000.0,1.0000000000000004
20260102,1,232.414,5812.9209853768425,3406.18414327158,406.7368421052631,0.0,2000.0,1.0000000000000002
20260102,2,231.30016,5727.668517553684,3328.194833343159,399.4736842105263,0.0,2000.0,1.0000000000000002
20260102,3,230.18632,5642.416049730527,3250.205523414739,392.21052631578954,0.0,2000.0,1.0000000000000002
20260102,4,229.07248,5557.163581907368,3172.216213486318,384.9473684210527,0.0,2000.0,1.0000000000000004
20260102,5,227.95864,5490.4442592631585,3108.128469789475,382.3157894736842,0.0,2000.0,1.0
20260102,6,226.8448,5426.504908395789,3046.12596102737,380.378947368421,0.0,2000.0,1.0000000000000004
20260102,7,853.98584,5377.307479224374,2998.8653739612173,378.44210526315794,0.0,2000.0,1.0000000000000002
20260102,8,853.98584,5375.268698060938,2998.763434903045,376.5052631578947,0.0,2000.0,1.0000000000000004
20260102,9,853.98584,5366.448753462601,2998.322437673129,368.1263157894736,0.0,2000.0,1.0000000000000002
20260102,10,853.98584,5355.235457063709,2997.761772853184,357.4736842105263,0.0,2000.0,1.0000000000000004
20260102,11,853.98584,5344.022160664818,2997.20110803324,346.82105263157894,0.0,2000.0,1.0000000000000002
20260102,12,853.98584,5332.808864265924,2996.640443213295,336.1684210526316,0.0,2000.0,1.0000000000000004
20260102,13,853.98584,5324.542936288086,2996.227146814404,328.3157894736842,0.0,2000.0,1.0000000000000004
20260102,14,853.98584,5318.171745152354,2995.908587257617,322.2631578947369,0.0,2000.0,1.0
20260102,15,853.98584,5311.800554016619,2995.59002770083,316.2105263157895,0.0,2000.0,1.0000000000000002
20260102,16,853.98584,5305.429362880885,2995.271468144044,310.1578947368421,0.0,2000.0,1.0000000000000004
20260102,17,853.98584,5297.3518005540145,2994.8675900277,302.48421052631585,0.0,2000.0,1.0000000000000002
20260102,18,853.98584,5287.412742382269,2994.370637119113,293.0421052631579,0.0,2000.0,1.0000000000000002
20260102,19,853.98584,5277.473684210523,2993.873684210526,283.59999999999997,0.0,2000.0,1.0000000000000004
20260102,20,225.73096,5268.0465171157875,2993.888622378948,274.15789473684214,0.0,2000.0,1.0000000000000004
20260102,21,219.37552,5385.731989002106,3121.4372521600008,264.2947368421053,0.0,2000.0,1.0
20260102,22,238.76944,5684.115626383158,3430.473521120002,253.6421052631579,0.0,2000.0,1.0000000000000002
20260102,23,239.1989600000001,5982.499263764211,3739.5097900800038,242.9894736842106,0.0,2000.0,1.0000000000000007
20260102,24,240.99712,6280.882901145263,4048.5460590400016,232.3368421052631,0.0,2000.0,1.0000000000000002
20260102,25,243.2248,6569.999965936841,4347.552597515789,222.3684210526315,0.0789473684210522,2000.0,1.0
20260102,26,244.33864,6825.757369406316,4610.45210624842,214.8631578947368,0.4421052631578948,2000.0,0.9999999999999999
20260102,27,245.45248,7081.514772875791,4873.351614981049,207.3578947368421,0.8052631578947376,2000.0,0.9999999999999993
20260102,28,246.56632,7337.272176345262,5136.251123713683,199.85263157894738,1.168421052631578,2000.0,1.0000000000000002
20260102,29,247.6801600000001,7587.469636261054,5391.506478366315,191.9684210526316,3.9947368421052696,2000.0,0.9999999999999998
20260102,30,248.48096,7779.287688863157,5566.498215178946,180.1052631578947,32.68421052631584,2000.0,1.0
20260102,31,249.5948,7971.105741465263,5741.489951991579,168.2421052631579,61.37368421052629,2000.0,1.0
20260102,32,250.70864,8162.923794067367,5916.481688804207,156.3789473684211,90.06315789473685,2000.0,0.9999999999999997
20260102,33,251.82248,8354.741846669474,6091.473425616841,144.5157894736842,118.7526315789474,2000.0,0.9999999999999998
20260102,34,251.82248,8383.468221696841,6065.394537486314,137.74736842105258,180.32631578947368,2000.0,0.9999999999999998
20260102,35,251.6878,8404.781338652632,6030.176075494734,131.2105263157895,243.3947368421051,2000.0,0.9999999999999996
20260102,36,251.6878,8426.094455608421,5994.9576135031575,124.67368421052629,306.463157894737,2000.0,1.0
20260102,37,250.70864,8447.407572564209,5959.739151511579,118.13684210526321,369.5315789473685,2000.0,1.0000000000000002
20260102,38,250.2500000000001,8451.1142016,5878.914201599998,158.5999999999999,413.59999999999985,2000.0,0.9999999999999998
20260102,39,249.5948,8451.1142016,5788.487885810526,208.95789473684218,453.66842105263174,2000.0,1.0
20260102,40,248.794,8451.1142016,5698.061570021052,259.3157894736842,493.7368421052631,2000.0,1.0
20260102,41,248.794,8451.1142016,5607.635254231577,309.6736842105262,533.8052631578946,2000.0,0.9999999999999998
20260102,42,248.40816,8436.287685456842,5514.6771591410525,341.0000000000001,580.6105263157895,2000.0,1.0
20260102,43,247.6801600000001,8414.97456850105,5420.611410606314,364.0,630.3631578947368,2000.0,1.0000000000000002
20260102,44,247.6801600000001,8393.661451545262,5326.545662071578,387.0,680.115789473684,2000.0,1.0
20260102,45,247.36712,8372.348334589473,5232.479913536838,409.99999999999994,729.8684210526317,2000.0,0.9999999999999996
20260102,46,246.56632,8363.081762,5173.518604105261,441.48421052631585,748.078947368421,2000.0,0.9999999999999998
20260102,47,246.56632,8363.081762,5141.560709368418,479.4947368421052,742.0263157894736,2000.0,0.9999999999999998
20260102,48,246.56632,8363.081762,5109.602814631577,517.5052631578949,735.9736842105264,2000.0,0.9999999999999998
20260102,49,246.56632,8363.081762,5077.644919894733,555.5157894736843,729.921052631579,2000.0,0.9999999999999996
20260102,50,246.56632,8363.081762,5071.423867263155,584.4736842105262,707.1842105263161,2000.0,0.9999999999999998
20260102,51,246.56632,8363.081762,5098.660709368419,601.663157894737,662.7578947368419,2000.0,0.9999999999999998
20260102,52,246.56632,8363.081762,5125.897551473682,618.8526315789474,618.3315789473684,2000.0,0.9999999999999998
20260102,53,246.56632,8363.081762,5153.1343935789455,636.0421052631577,573.9052631578949,2000.0,0.9999999999999998
20260102,54,246.56632,8350.108560374732,5167.766455111579,645.0526315789473,537.2894736842104,2000.0,1.0000000000000004
20260102,55,246.56632,8307.482326463158,5153.587589621047,635.3684210526316,518.5263157894738,2000.0,0.9999999999999993
20260102,56,246.56632,8264.85609255158,5139.408724130526,625.6842105263157,499.7631578947368,2000.0,0.9999999999999998
20260102,57,246.56632,8222.22985864,5125.229858639998,615.9999999999999,480.9999999999999,2000.0,1.0
20260102,58,246.56632,8190.723511835788,5122.107722362102,608.6736842105262,459.94210526315806,2000.0,0.9999999999999999
20260102,59,246.56632,8212.036628791579,5171.505049844208,612.5473684210526,427.98421052631585,2000.0,0.9999999999999998
20260102,60,247.36712,8233.349745747368,5220.9023773263125,616.4210526315791,396.0263157894737,2000.0,0.9999999999999996
20260102,61,247.36712,8254.662862703159,5270.299704808421,620.2947368421053,364.0684210526315,2000.0,0.9999999999999998
20260102,62,247.6801600000001,8279.682608694733,5325.029977115789,622.863157894737,331.7894736842105,2000.0,1.0000000000000004
20260102,63,248.40816,8386.248193473684,5497.085035578945,596.7157894736843,292.4473684210525,2000.0,0.9999999999999998
20260102,64,248.794,8492.81377825263,5669.140094042104,570.5684210526316,253.1052631578947,2000.0,1.0
20260102,65,249.84596,8599.379363031576,5841.195152505261,544.4210526315791,213.7631578947369,2000.0,1.0000000000000002
20260102,66,251.6878,8705.944947810527,6013.250210968418,518.2736842105261,174.42105263157882,2000.0,0.9999999999999996
20260102,67,251.6878,8734.671322837896,6035.734480732631,564.6315789473682,134.30526315789498,2000.0,0.9999999999999998
20260102,68,251.82248,8755.984439793683,6043.973913477893,617.8947368421053,94.11578947368427,2000.0,1.0
20260102,69,251.82248,8777.297556749474,6052.213346223153,671.1578947368423,53.926315789473534,2000.0,0.9999999999999993
20260102,70,251.82248,8798.610673705261,6060.452778968415,724.4210526315786,13.736842105263412,2000.0,0.9999999999999996
20260102,71,251.82248,8803.24396,6078.349223157894,720.842105263158,4.05263157894737,2000.0,1.0
20260102,72,251.82248,8803.24396,6098.928170526316,701.4736842105262,2.84210526315789,2000.0,1.0
20260102,73,252.93632,8803.24396,6119.5071178947355,682.1052631578949,1.631578947368429,2000.0,1.0
20260102,74,252.93632,8803.24396,6140.086065263157,662.7368421052631,0.4210526315789487,2000.0,1.0
20260102,75,252.93632,8747.644524463156,6114.381366568419,633.2631578947367,0.0,2000.0,1.0
20260102,76,251.82248,8662.392056640001,6063.992056639997,598.4000000000002,0.0,2000.0,0.9999999999999996
20260102,77,251.6878,8577.13958881684,6013.602746711578,563.5368421052632,0.0,2000.0,1.0
20260102,78,250.70864,8491.887120993686,5963.213436783157,528.6736842105262,0.0,2000.0,0.9999999999999998
20260102,79,250.2500000000001,8395.51476606316,5899.683187115784,495.8315789473686,0.0,2000.0,0.9999999999999991
20260102,80,249.84596,8288.949181284212,5824.107076021051,464.8421052631579,0.0,2000.0,0.9999999999999998
20260102,81,249.5948,8182.383596505262,5748.530964926315,433.8526315789472,0.0,2000.0,1.0
20260102,82,248.794,8075.818011726316,5672.954853831579,402.863157894737,0.0,2000.0,1.0
20260102,83,248.48096,7944.232680955788,5566.295838850526,377.9368421052632,0.0,2000.0,1.0000000000000002
20260102,84,247.6801600000001,7773.727745309475,5411.285640046313,362.4421052631578,0.0,2000.0,0.9999999999999996
20260102,85,247.36712,7603.22280966316,5256.275441242105,346.9473684210526,0.0,2000.0,0.9999999999999998
20260102,86,246.56632,7432.717874016842,5101.265242437892,331.4526315789474,0.0,2000.0,0.9999999999999997
20260102,87,246.25328,7251.093051263156,4931.093051263155,320.0,0.0,2000.0,0.9999999999999999
20260102,88,246.56632,7037.961881705264,4717.96188170526,320.0,0.0,2000.0,0.9999999999999993
20260102,89,245.45248,6824.830712147369,4504.830712147367,320.0,0.0,2000.0,0.9999999999999998
20260102,90,244.33864,6611.699542589471,4291.699542589473,320.0,0.0,2000.0,1.0000000000000002
20260102,91,243.2248,6398.5683730315795,4074.526267768422,324.0421052631578,0.0,2000.0,1.0
20260102,92,241.0408,6185.437203473684,3830.405624526317,355.0315789473685,0.0,2000.0,1.0000000000000002
20260102,93,239.88328,5972.306033915788,3586.284981284208,386.0210526315792,0.0,2000.0,0.9999999999999999
20260102,94,238.76944,5759.174864357895,3342.1643380421065,417.0105263157893,0.0,2000.0,1.0000000000000002
20260102,95,231.30016,5546.043694799999,3098.043694800001,448.00000000000006,0.0,2000.0,1.0000000000000002
20260103,0,232.414,5777.8025664,3237.802566400002,540.0,0.0,2000.0,1.0000000000000002
20260103,1,232.414,5694.289944858948,3217.2373132800017,477.0526315789474,0.0,2000.0,1.0000000000000002
20260103,2,231.30016,5610.777323317894,3196.672060160001,414.10526315789485,0.0,2000.0,1.0000000000000002
20260103,3,231.30016,5527.264701776842,3176.106807040002,351.15789473684214,0.0,2000.0,1.0000000000000002
20260103,4,231.30016,5443.7520802357885,3155.541553920003,288.21052631578954,0.0,2000.0,1.0000000000000007
20260103,5,231.30016,5378.394376421053,3150.6049027368454,227.7894736842105,0.0,2000.0,1.0000000000000007
20260103,6,231.30016,5315.759910265263,3148.012541844212,167.7473684210526,0.0,2000.0,1.0000000000000004
20260103,7,231.30016,5253.125444109475,3145.420180951582,107.7052631578947,0.0,2000.0,1.0000000000000004
20260103,8,231.30016,5190.490977953684,3142.82782005895,47.66315789473684,0.0,2000.0,1.0000000000000004
20260103,9,230.18632,5158.719871932632,3132.446187722108,26.273684210526323,0.0,2000.0,1.0000000000000004
20260103,10,230.18632,5137.841716547369,3119.315400757899,18.526315789473692,0.0,2000.0,1.0000000000000007
20260103,11,230.18632,5116.963561162104,3106.1846137936877,10.77894736842106,0.0,2000.0,1.0000000000000009
20260103,12,230.18632,5096.085405776842,3093.0538268294763,3.031578947368418,0.0,2000.0,1.0000000000000004
20260103,13,229.07248,5087.915692800001,3052.5472717473713,35.36842105263159,0.0,2000.0,1.0000000000000004
20260103,14,229.07248,5087.915692800001,2994.442008589476,93.47368421052629,0.0,2000.0,1.0000000000000002
20260103,15,227.95864,5087.915692800001,2936.336745431583,151.5789473684211,0.0,2000.0,1.0000000000000007
20260103,16,226.8448,5087.915692800001,2878.231482273689,209.68421052631592,0.0,2000.0,1.0000000000000007
20260103,17,225.73096,5097.900897549473,2821.427213338951,276.4736842105263,0.0,2000.0,1.0000000000000009
20260103,18,853.98584,5171.301939058169,2818.565096952908,352.7368421052633,0.0,2000.0,1.0000000000000004
20260103,19,853.98584,5251.578947368417,2822.57894736842,428.99999999999983,0.0,2000.0,1.0000000000000004
20260103,20,853.98584,5331.855955678666,2826.592797783933,505.2631578947368,0.0,2000.0,1.0000000000000007
20260103,21,853.98584,5388.0221606648165,2829.401108033241,558.621052631579,0.0,2000.0,1.0000000000000007
20260103,22,221.6032,5568.113266661053,2999.0816877136867,569.0315789473684,0.0,2000.0,1.0000000000000004
20260103,23,238.76944,5860.407442054738,3280.9653367915807,579.4421052631579,0.0,2000.0,1.0000000000000002
20260103,24,239.1989600000001,6152.7016174484215,3562.8489858694793,589.8526315789474,0.0,2000.0,1.0000000000000009
20260103,25,240.99712,6435.918333978947,3828.1551760842112,607.6315789473684,0.1315789473684204,2000.0,1.0000000000000002
20260103,26,242.11096,6686.456198602106,4033.7825143915793,651.936842105263,0.736842105263158,2000.0,0.9999999999999999
20260103,27,243.2248,6936.994063225264,4239.409852698948,696.2421052631579,1.342105263157896,2000.0,1.0
20260103,28,244.33864,7187.531927848421,4445.037191006315,740.5473684210525,1.947368421052631,2000.0,0.9999999999999999
20260103,29,245.45248,7432.623317153686,4639.954896101051,787.6105263157893,5.057894736842114,2000.0,0.9999999999999997
20260103,30,246.16228,7620.526715621052,4722.421452463158,863.6315789473684,34.473684210526365,2000.0,1.0000000000000002
20260103,31,246.56632,7808.430114088421,4804.888008825263,939.6526315789474,63.88947368421049,2000.0,0.9999999999999999
20260103,32,246.56632,7996.333512555789,4887.354565187367,1015.6736842105261,93.30526315789474,2000.0,1.0
20260103,33,247.6801600000001,8184.236911023156,4969.821121549474,1091.6947368421052,122.721052631579,2000.0,1.0000000000000004
20260103,34,247.6801600000001,8212.37703349895,4984.113875604211,1042.894736842105,185.3684210526315,2000.0,0.9999999999999998
20260103,35,247.6801600000001,8233.255188884212,4995.307820463158,988.4210526315791,249.52631578947341,2000.0,0.9999999999999998
20260103,36,247.6801600000001,8254.133344269476,5006.501765322104,933.9473684210525,313.6842105263159,2000.0,0.9999999999999996
20260103,37,247.6801600000001,8275.011499654736,5017.695710181052,879.4736842105262,377.8421052631578,2000.0,0.9999999999999998
20260103,38,247.6801600000001,8278.642483200001,4938.4424832,901.6,438.59999999999985,2000.0,1.0
20260103,39,246.56632,8278.642483200001,4840.147746357897,939.8526315789474,498.6421052631581,2000.0,1.0000000000000002
20260103,40,246.56632,8278.642483200001,4741.853009515789,978.1052631578948,558.6842105263157,2000.0,1.0
20260103,41,245.45248,8278.642483200001,4643.558272673684,1016.3578947368419,618.7263157894736,2000.0,0.9999999999999998
20260103,42,245.45248,8264.118549018947,4584.044864808419,1007.284210526316,672.7894736842105,2000.0,0.9999999999999998
20260103,43,245.45248,8243.240393633683,4541.498288370525,977.5052631578947,724.2368421052631,2000.0,1.0
20260103,44,244.72448,8222.36223824842,4498.951711932627,947.7263157894738,775.6842105263156,2000.0,0.9999999999999996
20260103,45,244.33864,8201.484082863159,4456.405135494737,917.9473684210525,827.1315789473684,2000.0,0.9999999999999998
20260103,46,244.33864,8192.406624,4427.16451873684,914.442105263158,850.8,2000.0,1.0
20260103,47,244.33864,8192.406624,4408.159255578945,931.1473684210525,853.1,2000.0,0.9999999999999998
20260103,48,244.33864,8192.406624,4389.153992421051,947.8526315789475,855.3999999999999,2000.0,1.0
20260103,49,244.33864,8192.406624,4370.148729263157,964.5578947368421,857.7,2000.0,1.0
20260103,50,244.33864,8192.406624,4356.932939789472,998.6315789473682,836.842105263158,2000.0,1.0
20260103,51,244.33864,8192.406624,4351.243466105261,1055.284210526316,785.8789473684209,2000.0,1.0
20260103,52,244.33864,8192.406624,4345.553992421052,1111.9368421052632,734.9157894736842,2000.0,1.0
20260103,53,244.33864,8192.406624,4339.86451873684,1168.58947368421,683.9526315789473,2000.0,0.9999999999999998
20260103,54,244.32044,8179.698181591576,4320.95081317052,1216.326315789474,642.4210526315787,2000.0,0.9999999999999994
20260103,55,244.32044,8137.941870821053,4271.810291873684,1243.684210526316,622.4473684210526,2000.0,0.9999999999999999
20260103,56,243.2248,8096.185560050528,4222.669770576844,1271.042105263158,602.4736842105264,2000.0,1.0000000000000002
20260103,57,243.2248,8054.429249279999,4173.529249279997,1298.4,582.4999999999999,2000.0,0.9999999999999999
20260103,58,243.2248,8023.565889145261,4147.007994408419,1316.452631578947,560.1052631578948,2000.0,1.0
20260103,59,243.2248,8044.444044530527,4227.928255056841,1290.305263157895,526.2105263157896,2000.0,0.9999999999999999
20260103,60,244.32044,8065.32219991579,4308.848515705262,1264.1578947368419,492.315789473684,2000.0,0.9999999999999997
20260103,61,244.33864,8086.200355301054,4389.768776353683,1238.010526315789,458.42105263157896,2000.0,0.9999999999999998
20260103,62,244.72448,8110.709494231578,4475.546336336839,1211.736842105263,423.42631578947396,2000.0,0.9999999999999997
20260103,63,246.16228,8215.100271157895,4668.184481684209,1182.6842105263158,364.2315789473683,2000.0,0.9999999999999998
20260103,64,246.56632,8319.491048084212,4860.822627031578,1153.6315789473679,305.03684210526313,2000.0,0.9999999999999996
20260103,65,247.6801600000001,8423.881825010527,5053.4607723789495,1124.578947368421,245.842105263158,2000.0,1.0000000000000002
20260103,66,248.794,8528.272601936842,5246.098917726315,1095.526315789474,186.64736842105242,2000.0,1.0
20260103,67,248.794,8556.41272441263,5320.928513886317,1093.0,142.484210526316,2000.0,1.0000000000000002
20260103,68,249.84596,8577.290879797896,5384.538248218948,1093.0,99.75263157894744,2000.0,1.0
20260103,69,250.2500000000001,8598.169035183157,5448.147982551578,1093.0,57.0210526315788,2000.0,1.0
20260103,70,251.6878,8619.04719056842,5511.757716884212,1093.0,14.28947368421079,2000.0,1.0000000000000002
20260103,71,253.33308,8623.585920000001,5542.449077894734,1077.084210526316,4.05263157894737,2000.0,0.9999999999999996
20260103,72,253.52964,8623.585920000001,5563.996446315787,1056.747368421053,2.84210526315789,2000.0,0.9999999999999996
20260103,73,253.52964,8623.585920000001,5585.54381473684,1036.4105263157899,1.631578947368429,2000.0,0.9999999999999996
20260103,74,253.52964,8623.585920000001,5607.091183157893,1016.073684210526,0.4210526315789487,2000.0,0.9999999999999996
20260103,75,253.52964,8569.12116682105,5552.068535242104,1017.0526315789481,0.0,2000.0,1.0000000000000002
20260103,76,250.2500000000001,8485.608545279998,5456.208545279999,1029.4,0.0,2000.0,1.0000000000000002
20260103,77,249.84596,8402.095923738947,5360.348555317897,1041.747368421052,0.0,2000.0,1.0000000000000002
20260103,78,248.794,8318.583302197894,5264.48856535579,1054.094736842105,0.0,2000.0,1.0
20260103,79,248.40816,8224.177730021052,5153.9461510736855,1070.231578947368,0.0,2000.0,1.0
20260103,80,247.6801600000001,8119.786953094737,5029.944847831578,1089.842105263158,0.0,2000.0,0.9999999999999998
20260103,81,246.56632,8015.396176168421,4905.943544589472,1109.452631578947,0.0,2000.0,0.9999999999999998
20260103,82,246.56632,7911.005399242105,4781.942241347367,1129.0631578947368,0.0,2000.0,0.9999999999999998
20260103,83,245.45248,7782.105483385263,4646.694957069472,1135.410526315789,0.0,2000.0,0.9999999999999998
20260103,84,244.72448,7615.080240303158,4493.953924513683,1121.126315789473,0.0,2000.0,0.9999999999999998
20260103,85,244.33864,7448.054997221056,4341.2128919578945,1106.842105263158,0.0,2000.0,0.9999999999999996
20260103,86,243.2248,7281.029754138947,4188.471859402105,1092.557894736842,0.0,2000.0,1.0
20260103,87,242.11096,7103.111560421053,4025.595770947368,1077.515789473684,0.0,2000.0,0.9999999999999999
20260103,88,240.99712,6894.3300065684225,3834.0036907789495,1060.326315789474,0.0,2000.0,1.0000000000000002
20260103,89,239.88328,6685.54845271579,3642.411610610528,1043.136842105263,0.0,2000.0,1.0000000000000002
20260103,90,238.76944,6476.766898863157,3450.819530442108,1025.947368421052,0.0,2000.0,1.0000000000000004
20260103,91,232.414,6267.985345010527,3254.743239747369,1013.242105263158,0.0,2000.0,1.0
20260103,92,239.88328,6059.203791157896,3028.772212210531,1030.431578947368,0.0,2000.0,1.0000000000000004
20260103,93,237.35712,5850.422237305262,2802.801184673685,1047.621052631579,0.0,2000.0,1.0000000000000002
20260103,94,235.51528,5641.640683452632,2576.830157136844,1064.810526315789,0.0,2000.0,1.0000000000000002
20260103,95,853.3279578947369,5433.684210526314,2351.684210526315,1082.0,0.0,2000.0,1.0000000000000002
20260104,0,247.86762,5657.431679599999,2509.431679600001,1148.0,0.0,2000.0,1.0000000000000002
20260104,1,246.56632,5575.658904341052,2430.0799569726328,1145.578947368421,0.0,2000.0,1.0000000000000002
20260104,2,244.72448,5493.886129082105,2350.7282343452653,1143.157894736842,0.0,2000.0,1.0000000000000004
20260104,3,244.32044,5412.113353823158,2271.376511717896,1140.736842105263,0.0,2000.0,1.0000000000000002
20260104,4,241.0408,5330.34057856421,2192.024789090527,1138.315789473684,0.0,2000.0,1.0000000000000002
20260104,5,237.35712,5266.344493578948,2119.502388315792,1146.842105263158,0.0,2000.0,1.0000000000000004
20260104,6,235.51528,5205.014912134737,2048.004385818949,1157.01052631579,0.0,2000.0,1.0000000000000004
20260104,7,232.414,5143.685330690526,1976.5063833221081,1167.178947368421,0.0,2000.0,1.0000000000000004
20260104,8,230.18632,5082.355749246317,1905.0083808252668,1177.347368421053,0.0,2000.0,1.0000000000000004
20260104,9,230.18632,5051.246541267369,1885.025488635792,1166.221052631579,0.0,2000.0,1.0000000000000004
20260104,10,230.18632,5030.803347452631,1883.224400084212,1147.578947368421,0.0,2000.0,1.0000000000000004
20260104,11,229.07248,5010.360153637896,1881.423311532635,1128.9368421052632,0.0,2000.0,1.0000000000000004
20260104,12,229.07248,4989.916959823158,1879.6222229810548,1110.294736842105,0.0,2000.0,1.0000000000000004
20260104,13,854.1617094736841,4983.50138504155,1879.1750692520768,1104.326315789474,0.0,2000.0,1.0000000000000002
20260104,14,854.1617094736841,4985.795013850414,1879.289750692521,1106.5052631578951,0.0,2000.0,1.0000000000000004
20260104,15,854.1617094736841,4988.088642659278,1879.404432132964,1108.684210526316,0.0,2000.0,1.0000000000000004
20260104,16,854.1617094736841,4990.382271468143,1879.519113573407,1110.863157894737,0.0,2000.0,1.0000000000000002
20260104,17,854.1617094736841,4999.867036011078,1879.993351800554,1119.873684210526,0.0,2000.0,1.0000000000000004
20260104,18,854.1617094736841,5017.196675900275,1880.859833795014,1136.336842105263,0.0,2000.0,1.0000000000000004
20260104,19,854.1617094736841,5034.5263157894715,1881.726315789473,1152.8,0.0,2000.0,1.0000000000000004
20260104,20,230.18632,5053.024210294737,1883.7610524000008,1169.263157894737,0.0,2000.0,1.0000000000000002
20260104,21,232.414,5165.906193532633,2002.4114566905262,1163.494736842105,0.0,2000.0,0.9999999999999998
20260104,22,232.414,5452.110906938947,2336.068801675791,1116.042105263158,0.0,2000.0,1.0000000000000004
20260104,23,246.16228,5738.3156203452645,2669.7261466610557,1068.58947368421,0.0,2000.0,1.0000000000000002
20260104,24,249.68944,6024.520333751579,3003.3834916463197,1021.136842105263,0.0,2000.0,1.0000000000000007
20260104,25,248.00412,6301.836702021052,3322.231438863159,979.4210526315787,0.1842105263157885,2000.0,1.0000000000000002
20260104,26,246.56632,6547.155027797895,3587.765554113686,958.3578947368419,1.0315789473684212,2000.0,1.0000000000000002
20260104,27,248.00412,6792.473353574739,3853.2996693642112,937.294736842105,1.878947368421054,2000.0,0.9999999999999998
20260104,28,249.68944,7037.79167935158,4118.83378461474,916.2315789473685,2.726315789473684,2000.0,1.0000000000000004
20260104,29,251.6878,7277.776998046318,4375.813840151578,896.1789473684212,5.784210526315797,2000.0,0.9999999999999997
20260104,30,252.93632,7461.765742378947,4542.976268694737,886.7368421052631,32.05263157894741,2000.0,1.0000000000000002
20260104,31,254.05016,7645.754486711576,4710.138697237891,877.2947368421052,58.321052631578915,2000.0,1.0
20260104,32,255.164,7829.743231044212,4877.30112578105,867.8526315789472,84.58947368421055,2000.0,0.9999999999999996
20260104,33,257.21332,8013.7319753768425,5044.463554324209,858.4105263157896,110.8578947368422,2000.0,0.9999999999999999
20260104,34,257.21332,8041.28584530105,5018.138476879997,857.7684210526317,165.378947368421,2000.0,0.9999999999999999
20260104,35,256.97672,8061.729039115791,4983.0185127999985,857.5263157894739,221.1842105263155,2000.0,0.9999999999999997
20260104,36,256.97672,8082.172232930526,4947.898548719999,857.2842105263156,276.98947368421057,2000.0,0.9999999999999999
20260104,37,255.37148,8102.615426745262,4912.77858464,857.0421052631579,332.7947368421052,2000.0,1.0000000000000002
20260104,38,255.164,8106.170764800001,4845.4707647999985,860.1999999999998,400.49999999999966,2000.0,0.9999999999999997
20260104,39,252.93632,8106.170764800001,4771.386554273685,864.0736842105263,470.7105263157895,2000.0,0.9999999999999999
20260104,40,251.6878,8106.170764800001,4697.30234374737,867.9473684210525,540.921052631579,2000.0,1.0000000000000002
20260104,41,250.2500000000001,8106.170764800001,4623.218133221052,871.8210526315788,611.1315789473683,2000.0,0.9999999999999998
20260104,42,249.5948,8091.949412581052,4580.30204416,857.5052631578947,654.142105263158,2000.0,1.0000000000000002
20260104,43,248.48096,8071.506218766316,4551.022008240001,835.2315789473683,685.2526315789473,2000.0,1.0000000000000002
20260104,44,248.48096,8051.063024951577,4521.741972320002,812.957894736842,716.3631578947367,2000.0,1.0000000000000004
20260104,45,248.48096,8030.6198311368435,4492.461936400003,790.6842105263156,747.4736842105266,2000.0,1.0000000000000002
20260104,46,248.48096,8021.731485999997,4488.284117578947,781.5473684210525,751.9,2000.0,1.0000000000000004
20260104,47,248.48096,8021.731485999997,4503.4156965263155,782.5157894736841,735.8000000000002,2000.0,1.0000000000000004
20260104,48,248.48096,8021.731485999997,4518.547275473684,783.4842105263158,719.6999999999999,2000.0,1.0000000000000004
20260104,49,248.48096,8021.731485999997,4533.678854421052,784.4526315789473,703.5999999999999,2000.0,1.0000000000000002
20260104,50,248.48096,8021.731485999997,4545.915696526315,790.3684210526316,685.4473684210527,2000.0,1.0000000000000002
20260104,51,248.48096,8021.731485999997,4554.389380736842,802.7157894736841,664.6263157894737,2000.0,1.0000000000000004
20260104,52,248.794,8021.731485999997,4562.863064947368,815.0631578947368,643.8052631578946,2000.0,1.0000000000000004
20260104,53,248.794,8021.731485999997,4571.336749157895,827.4105263157894,622.9842105263158,2000.0,1.0000000000000004
20260104,54,248.794,8009.28780280842,4574.1088554399985,833.4947368421053,601.6842105263157,2000.0,1.0
20260104,55,248.794,7968.401415178947,4563.848783600001,825.2631578947368,579.2894736842106,2000.0,1.0000000000000002
20260104,56,248.48096,7927.5150275494725,4553.588711760001,817.0315789473683,556.8947368421053,2000.0,1.0000000000000002
20260104,57,248.48096,7886.628639920001,4543.32863992,808.7999999999997,534.5000000000001,2000.0,0.9999999999999999
20260104,58,248.48096,7856.408266454736,4541.313529612631,806.0,509.0947368421052,2000.0,1.0
20260104,59,248.794,7876.851460269472,4578.461986585264,829.0000000000001,469.3894736842106,2000.0,1.0000000000000002
20260104,60,249.5948,7897.29465408421,4615.610443557895,852.0000000000001,429.6842105263157,2000.0,1.0000000000000002
20260104,61,249.5948,7917.7378478989485,4652.758900530528,875.0,389.97894736842096,2000.0,1.0000000000000002
20260104,62,249.68944,7941.73637976842,4697.741642926314,893.8947368421054,350.09999999999997,2000.0,0.9999999999999999
20260104,63,251.51126,8043.9523488421055,4915.078664631578,822.4736842105264,306.3999999999999,2000.0,0.9999999999999999
20260104,64,252.93632,8146.16831791579,5132.415686336843,751.0526315789473,262.7,2000.0,1.0
20260104,65,254.05016,8248.384286989472,5349.752708042104,679.6315789473686,219.0,2000.0,1.0
20260104,66,256.97672,8350.600256063157,5567.089729747368,608.2105263157893,175.2999999999999,2000.0,1.0
20260104,67,256.97672,8378.154125987368,5640.796231250525,602.6631578947369,134.6947368421055,2000.0,0.9999999999999998
20260104,68,256.97672,8398.597319802106,5700.823635591577,603.3894736842104,94.38421052631585,2000.0,0.9999999999999996
20260104,69,257.21332,8419.040513616843,5760.8510399326315,604.1157894736843,54.07368421052618,2000.0,0.9999999999999998
20260104,70,258.622,8439.483707431578,5820.8784442736805,604.8421052631579,13.763157894737098,2000.0,0.9999999999999996
20260104,71,258.622,8443.927880000001,5812.138406315788,627.7368421052631,4.05263157894737,2000.0,0.9999999999999998
20260104,72,257.21332,8443.927880000001,5784.296301052629,656.7894736842106,2.84210526315789,2000.0,0.9999999999999996
20260104,73,257.21332,8443.927880000001,5756.454195789472,685.8421052631577,1.631578947368429,2000.0,0.9999999999999996
20260104,74,256.97672,8443.927880000001,5728.612090526314,714.8947368421052,0.4210526315789487,2000.0,0.9999999999999998
20260104,75,255.37148,8390.597809178948,5677.597809178944,712.9999999999999,0.0,2000.0,0.9999999999999996
20260104,76,255.164,8308.82503392,5614.22503392,694.6000000000003,0.0,2000.0,1.0
20260104,77,255.1549,8227.052258661053,5550.852258661048,676.1999999999999,0.0,2000.0,0.9999999999999993
20260104,78,254.05016,8145.279483402106,5487.479483402103,657.8000000000001,0.0,2000.0,0.9999999999999997
20260104,79,253.52964,8052.8406939789475,5386.409115031577,666.4315789473682,0.0,2000.0,0.9999999999999998
20260104,80,252.93632,7950.624724905262,5250.782619642107,699.8421052631579,0.0,2000.0,1.0000000000000004
20260104,81,251.6878,7848.408755831578,5115.156124252628,733.2526315789476,0.0,2000.0,0.9999999999999997
20260104,82,250.70864,7746.192786757896,4979.52962886316,766.6631578947365,0.0,2000.0,1.0
20260104,83,249.68944,7619.978285814737,4818.199338446317,801.7789473684211,0.0,2000.0,1.0
20260104,84,249.5948,7456.432735296839,4616.88536687579,839.5473684210529,0.0,2000.0,1.0000000000000004
20260104,85,248.40816,7292.88718477895,4415.571395305268,877.3157894736837,0.0,2000.0,1.0000000000000004
20260104,86,247.86762,7129.341634261054,4214.257423734739,915.084210526316,0.0,2000.0,1.0000000000000002
20260104,87,247.6801600000001,6955.130069578948,4015.982701157898,939.1473684210528,0.0,2000.0,1.0000000000000004
20260104,88,246.25328,6750.698131431581,3826.319184063161,924.3789473684211,0.0,2000.0,1.0000000000000002
20260104,89,245.13944,6546.266193284211,3636.655666968421,909.6105263157897,0.0,2000.0,1.0
20260104,90,244.32044,6341.834255136841,3446.9921498736853,894.8421052631579,0.0,2000.0,1.0000000000000002
20260104,91,242.11096,6137.4023169894745,3255.2444222526333,882.1578947368421,0.0,2000.0,1.0000000000000002
20260104,92,239.88328,5932.970378842106,3049.601957789475,883.3684210526317,0.0,2000.0,1.0000000000000002
20260104,93,238.61656,5728.538440694737,2843.959493326318,884.5789473684212,0.0,2000.0,1.0000000000000004
20260104,94,232.414,5524.106502547369,2638.31702886316,885.7894736842105,0.0,2000.0,1.0000000000000002
20260104,95,233.67344,5319.674564400001,2432.674564400002,887.0000000000001,0.0,2000.0,1.0000000000000002
20260105,0,237.35712,5395.130941199999,2585.1309412000032,810.0,0.0,2000.0,1.0000000000000007
20260105,1,235.51528,5294.65481840842,2512.496923671581,782.1578947368422,0.0,2000.0,1.0000000000000004
20260105,2,232.414,5194.178695616843,2439.862906143161,754.3157894736842,0.0,2000.0,1.0000000000000004
20260105,3,231.30016,5093.702572825263,2367.228888614738,726.4736842105264,0.0,2000.0,1.0000000000000004
20260105,4,230.18632,4993.226450033684,2294.594871086318,698.6315789473684,0.0,2000.0,1.0000000000000004
20260105,5,229.07248,4921.873841094737,2233.400156884212,688.4736842105262,0.0,2000.0,1.0000000000000002
20260105,6,229.07248,4854.889759233684,2173.921338181056,680.9684210526316,0.0,2000.0,1.0000000000000007
20260105,7,227.95864,4787.9056773726315,2114.442519477896,673.4631578947368,0.0,2000.0,1.0000000000000004
20260105,8,226.8448,4720.921595511577,2054.963700774738,665.9578947368423,0.0,2000.0,1.0000000000000007
20260105,9,225.73096,4678.6925004252635,2020.7767109515821,657.9157894736842,0.0,2000.0,1.0000000000000007
20260105,10,225.73096,4645.200459494736,1995.516248968423,649.6842105263158,0.0,2000.0,1.0000000000000009
20260105,11,853.98584,4612.055401662046,1970.6027700831019,641.4526315789475,0.0,2000.0,1.0000000000000009
20260105,12,853.98584,4603.39058171745,1970.169529085873,633.221052631579,0.0,2000.0,1.0000000000000004
20260105,13,853.98584,4572.853185595567,1968.642659279779,604.2105263157896,0.0,2000.0,1.0000000000000004
20260105,14,853.98584,4528.254847645427,1966.4127423822708,561.8421052631579,0.0,2000.0,1.0000000000000004
20260105,15,853.98584,4483.656509695289,1964.1828254847649,519.4736842105262,0.0,2000.0,1.0000000000000004
20260105,16,225.73096,4444.248213911576,1967.142950753687,477.10526315789474,0.0,2000.0,1.0000000000000013
20260105,17,225.73096,4434.783071909475,1992.28833506737,442.4947368421052,0.0,2000.0,1.0
20260105,18,226.8448,4451.529092374737,2035.181723953686,416.34736842105264,0.0,2000.0,1.0000000000000004
20260105,19,226.8448,4468.27511284,2078.075112840002,390.2,0.0,2000.0,1.0000000000000004
20260105,20,227.95864,4485.021133305264,2120.968501726317,364.05263157894734,0.0,2000.0,1.0000000000000002
20260105,21,227.95864,4501.767153770526,2156.1987327178963,345.5684210526316,0.0,2000.0,1.0000000000000004
20260105,22,229.07248,4518.513174235791,2177.060542656845,341.45263157894743,0.0,2000.0,1.0000000000000004
20260105,23,229.07248,4535.259194701053,2197.922352595792,337.3368421052632,0.0,2000.0,1.0000000000000004
20260105,24,229.07248,4552.005215166314,2218.784162534737,333.22105263157897,0.0,2000.0,1.0000000000000004
20260105,25,230.18632,4579.672553326316,2248.040974378949,331.4736842105263,0.1578947368421044,2000.0,1.0000000000000004
20260105,26,230.18632,4646.656635187368,2307.519793082108,338.2526315789474,0.8842105263157894,2000.0,1.0000000000000009
20260105,27,231.30016,4713.64071704842,2366.998611785264,345.0315789473684,1.610526315789474,2000.0,1.0000000000000004
20260105,28,232.414,4780.624798909473,2426.477430488423,351.8105263157895,2.336842105263157,2000.0,1.0000000000000007
20260105,29,232.414,4856.345934926317,2492.451198084209,358.5894736842105,5.3052631578947445,2000.0,0.9999999999999994
20260105,30,240.8624400000001,5023.806139578947,2626.621929052634,365.3684210526316,31.815789473684248,2000.0,1.0000000000000004
20260105,31,244.32044,5191.266344231578,2760.792660021053,372.1473684210526,58.32631578947366,2000.0,1.0000000000000002
20260105,32,246.16228,5358.72654888421,2894.963390989475,378.9263157894737,84.83684210526319,2000.0,1.0000000000000004
20260105,33,248.00412,5526.186753536843,3029.134121957895,385.7052631578947,111.3473684210527,2000.0,0.9999999999999999
20260105,34,249.68944,5661.611092951582,3099.5426718989484,389.7052631578947,172.3631578947368,2000.0,0.9999999999999997
20260105,35,249.84596,5795.579256673684,3167.052940884212,393.578947368421,234.9473684210524,2000.0,1.0000000000000002
20260105,36,250.2500000000001,5929.547420395788,3234.563209869474,397.45263157894743,297.5315789473686,2000.0,1.0000000000000002
20260105,37,251.6878,6063.515584117895,3302.073478854738,401.32631578947365,360.11578947368406,2000.0,1.0
20260105,38,250.2500000000001,6114.48173336,3240.081733359999,450.1999999999999,424.19999999999993,2000.0,0.9999999999999997
20260105,39,249.84596,6147.973774290525,3150.826405869475,508.5473684210528,488.6000000000002,2000.0,1.0000000000000004
20260105,40,248.40816,6181.465815221052,3061.571078378951,566.8947368421052,552.9999999999999,2000.0,1.0000000000000007
20260105,41,247.86762,6214.957856151578,2972.3157508884233,625.2421052631577,617.3999999999999,2000.0,1.0000000000000004
20260105,42,246.56632,6236.800491541052,2914.358386277895,668.6000000000001,653.8421052631579,2000.0,1.0000000000000002
20260105,43,246.16228,6253.546512006315,2870.093880427367,705.4000000000001,678.0526315789475,2000.0,0.9999999999999999
20260105,44,244.72448,6270.29253247158,2825.829374576843,742.2,702.2631578947369,2000.0,1.0
20260105,45,244.32044,6287.038552936842,2781.564868726316,779.0000000000001,726.4736842105265,2000.0,1.0
20260105,46,244.32044,6284.854289397894,2758.875342029474,793.4947368421053,732.4842105263158,2000.0,1.0000000000000002
20260105,47,244.32044,6268.10826893263,2752.7819531431574,790.8315789473685,724.4947368421052,2000.0,1.0000000000000002
20260105,48,244.32044,6251.362248467368,2746.6885642568423,788.1684210526317,716.5052631578948,2000.0,1.0000000000000002
20260105,49,244.32044,6234.616228002104,2740.595175370527,785.5052631578947,708.5157894736842,2000.0,1.0000000000000002
20260105,50,244.32044,6210.589329073684,2743.799855389475,770.3157894736844,696.4736842105265,2000.0,1.0000000000000002
20260105,51,244.32044,6177.097288143158,2759.092024985263,738.8421052631577,679.163157894737,2000.0,1.0
20260105,52,244.32044,6143.605247212633,2774.384194581054,707.3684210526316,661.8526315789475,2000.0,1.0
20260105,53,244.32044,6110.113206282105,2789.676364176842,675.8947368421053,644.542105263158,2000.0,1.0
20260105,54,244.72448,6081.71778027579,2810.9125171178957,647.0,623.8052631578945,2000.0,1.0000000000000002
20260105,55,246.16228,6064.971759810526,2845.7349177052647,624.0,595.2368421052632,2000.0,1.0000000000000002
20260105,56,246.16228,6048.225739345263,2880.557318292633,601.0000000000001,566.6684210526316,2000.0,1.0000000000000002
20260105,57,246.56632,6031.47971888,2915.379718880001,577.9999999999999,538.0999999999999,2000.0,1.0
20260105,58,246.56632,6017.6460498,2935.198681378949,573.1894736842106,509.2578947368422,2000.0,1.0000000000000002
20260105,59,246.16228,6017.6460498,2883.751312957896,654.778947368421,479.1157894736843,2000.0,1.0000000000000002
20260105,60,244.72448,6017.6460498,2832.303944536844,736.3684210526319,448.9736842105262,2000.0,1.0000000000000002
20260105,61,244.32044,6017.6460498,2780.85657611579,817.9578947368423,418.8315789473685,2000.0,1.0000000000000002
20260105,62,244.32044,6020.5584011852625,2734.847874869474,898.063157894737,387.6473684210528,2000.0,1.0000000000000002
20260105,63,244.72448,6087.542483046316,2808.48985146737,945.5157894736844,333.5368421052631,2000.0,1.0000000000000002
20260105,64,246.16228,6154.526564907369,2882.131828065265,992.9684210526318,279.42631578947356,2000.0,1.0000000000000002
20260105,65,247.86762,6221.51064676842,2955.77380466316,1040.421052631579,225.3157894736843,2000.0,1.0000000000000004
20260105,66,248.00412,6288.494728629475,3029.415781261056,1087.873684210527,171.2052631578946,2000.0,1.0000000000000004
20260105,67,249.84596,6431.928034353683,3159.1701396168423,1139.747368421052,133.0105263157897,2000.0,1.0000000000000002
20260105,68,251.51126,6582.642218541054,3294.2685343305243,1192.042105263158,96.33157894736847,2000.0,0.9999999999999994
20260105,69,253.52964,6733.356402728421,3429.3669290442094,1244.336842105263,59.65263157894722,2000.0,0.9999999999999998
20260105,70,255.37148,6884.070586915788,3564.465323757891,1296.6315789473679,22.973684210526528,2000.0,0.9999999999999996
20260105,71,256.97672,6903.728958766315,3591.9079061347334,1299.663157894737,12.15789473684211,2000.0,0.9999999999999996
20260105,72,256.97672,6886.982938301053,3589.4460961957884,1289.01052631579,8.52631578947367,2000.0,0.9999999999999999
20260105,73,256.97672,6870.236917835789,3586.984286256842,1278.3578947368421,4.894736842105286,2000.0,1.0
20260105,74,256.97672,6853.490897370527,3584.522476317894,1267.7052631578952,1.263157894736846,2000.0,0.9999999999999999
20260105,75,255.37148,6825.823559210525,3566.87619078947,1258.947368421053,0.0,2000.0,0.9999999999999998
20260105,76,255.37148,6792.33151828,3541.1315182799967,1251.2,0.0,2000.0,0.9999999999999996
20260105,77,255.1549,6758.839477349474,3515.3868457705235,1243.452631578947,0.0,2000.0,0.9999999999999994
20260105,78,255.1549,6725.347436418947,3489.6421732610497,1235.705263157895,0.0,2000.0,0.9999999999999996
20260105,79,253.52964,6683.118341332632,3456.6762360694715,1226.442105263158,0.0,2000.0,0.9999999999999998
20260105,80,253.52964,6632.88027993684,3417.0908062526273,1215.7894736842109,0.0,2000.0,0.9999999999999998
20260105,81,253.33308,6582.642218541054,3377.505376435787,1205.136842105263,0.0,2000.0,0.9999999999999994
20260105,82,251.6878,6532.404157145263,3337.919946618949,1194.484210526316,0.0,2000.0,1.0000000000000004
20260105,83,251.6878,6488.718886366317,3315.592570576841,1173.126315789474,0.0,2000.0,0.9999999999999997
20260105,84,251.6878,6455.226845435789,3320.1110559621056,1135.115789473684,0.0,2000.0,1.0
20260105,85,251.6878,6421.734804505263,3324.6295413473704,1097.105263157895,0.0,2000.0,1.0000000000000004
20260105,86,251.6878,6388.242763574737,3329.1480267326306,1059.094736842105,0.0,2000.0,0.9999999999999997
20260105,87,251.6878,6341.645141410525,3307.550404568422,1034.094736842105,0.0,2000.0,1.0000000000000002
20260105,88,250.2500000000001,6257.915039084211,3211.95714434737,1045.957894736842,0.0,2000.0,1.0000000000000002
20260105,89,249.68944,6174.184936757894,3116.363884126316,1057.821052631579,0.0,2000.0,1.0000000000000002
20260105,90,248.00412,6090.454834431578,3020.770623905263,1069.684210526316,0.0,2000.0,1.0000000000000002
20260105,91,246.56632,6004.540468566318,2923.340468566317,1081.2,0.0,2000.0,0.9999999999999999
20260105,92,244.72448,5904.064345774736,2813.664345774739,1090.4,0.0,2000.0,1.0000000000000007
20260105,93,244.32044,5803.588222983158,2703.988222983158,1099.6000000000001,0.0,2000.0,1.0
20260105,94,240.8624400000001,5703.112100191578,2594.312100191582,1108.8,0.0,2000.0,1.0000000000000007
20260105,95,232.414,5602.6359774,2484.635977400002,1118.0,0.0,2000.0,1.0000000000000002
20260106,0,854.88856,5256.842105263155,1942.8421052631559,1314.0,0.0,2000.0,1.0000000000000002
20260106,1,244.72448,5157.1313166315795,1799.552369263158,1357.578947368421,0.0,2000.0,1.0
20260106,2,854.88856,5095.955678670359,1694.797783933518,1401.157894736842,0.0,2000.0,1.0000000000000002
20260106,3,854.88856,5141.828254847644,1697.091412742382,1444.736842105263,0.0,2000.0,1.0000000000000004
20260106,4,854.88856,5187.70083102493,1699.385041551247,1488.315789473684,0.0,2000.0,1.0000000000000002
20260106,5,854.88856,5212.742382271468,1700.637119113574,1512.105263157895,0.0,2000.0,1.0000000000000002
20260106,6,854.88856,5234.659279778392,1701.7329639889201,1532.926315789474,0.0,2000.0,1.0000000000000004
20260106,7,854.88856,5256.5761772853175,1702.8288088642662,1553.7473684210531,0.0,2000.0,1.0000000000000004
20260106,8,854.88856,5278.493074792242,1703.924653739612,1574.568421052632,0.0,2000.0,1.0000000000000004
20260106,9,854.88856,5241.074792243764,1702.053739612188,1539.021052631579,0.0,2000.0,1.0000000000000007
20260106,10,854.88856,5182.7146814404405,1699.1357340720222,1483.578947368421,0.0,2000.0,1.0000000000000004
20260106,11,854.88856,5124.354570637118,1696.217728531856,1428.136842105263,0.0,2000.0,1.0000000000000002
20260106,12,854.88856,5065.994459833793,1693.29972299169,1372.694736842105,0.0,2000.0,1.0000000000000004
20260106,13,854.88856,5010.271468144046,1690.513573407203,1319.757894736842,0.0,2000.0,0.9999999999999998
20260106,14,854.88856,4956.243767313019,1687.812188365651,1268.431578947368,0.0,2000.0,1.0
20260106,15,854.88856,4902.216066481994,1685.1108033241,1217.105263157895,0.0,2000.0,1.0000000000000002
20260106,16,854.88856,4848.188365650969,1682.409418282549,1165.7789473684209,0.0,2000.0,1.0000000000000002
20260106,17,854.88856,4794.526315789474,1679.726315789474,1114.8,0.0,2000.0,1.0
20260106,18,854.88856,4741.263157894735,1677.063157894737,1064.2,0.0,2000.0,1.0000000000000004
20260106,19,854.88856,4688.0,1674.4,1013.5999999999999,0.0,2000.0,1.0
20260106,20,854.88856,4634.736842105261,1671.736842105263,963.0000000000001,0.0,2000.0,1.0000000000000007
20260106,21,854.88856,4595.922437673129,1669.796121883656,926.1263157894737,0.0,2000.0,1.0000000000000002
20260106,22,854.88856,4584.199445983378,1669.2099722991688,914.9894736842103,0.0,2000.0,1.0000000000000002
20260106,23,854.88856,4572.476454293628,1668.623822714682,903.8526315789474,0.0,2000.0,1.0000000000000004
20260106,24,854.88856,4560.753462603876,1668.037673130194,892.7157894736843,0.0,2000.0,1.0000000000000004
20260106,25,854.88856,4554.95844875346,1667.747922437673,887.0526315789473,0.1578947368421044,2000.0,1.0000000000000007
20260106,26,854.88856,4570.504155124651,1668.525207756232,901.0947368421054,0.8842105263157894,2000.0,1.0000000000000004
20260106,27,242.88264,4591.2084906315795,1674.461122210527,915.1368421052632,1.610526315789474,2000.0,1.0
20260106,28,244.32044,4656.452726210526,1724.936936736844,929.178947368421,2.336842105263157,2000.0,1.0000000000000004
20260106,29,244.72448,4730.207079473685,1785.186026842106,939.5157894736842,5.505263157894745,2000.0,1.0
20260106,30,244.32044,4893.317668421052,1948.054510526315,910.9473684210527,34.31578947368426,2000.0,1.0
20260106,31,854.6190084210527,5121.584487534624,2176.079224376731,882.3789473684211,63.126315789473665,2000.0,1.0000000000000004
20260106,32,235.51528,5219.53884631579,2273.791477894739,853.8105263157894,91.93684210526317,2000.0,1.0000000000000004
20260106,33,235.51528,5382.649435263156,2436.659961578951,825.2421052631579,120.7473684210527,2000.0,1.000000000000001
20260106,34,233.67344,5514.556259368421,2567.166785684211,761.4736842105265,185.91578947368419,2000.0,1.0
20260106,35,232.414,5645.044730526316,2696.20262526316,696.1052631578951,252.7368421052629,2000.0,1.0000000000000002
20260106,36,244.32044,5775.533201684213,2825.238464842109,630.7368421052631,319.5578947368423,2000.0,1.0000000000000002
20260106,37,244.32044,5906.021672842105,2954.274304421053,565.3684210526318,386.3789473684209,2000.0,1.0000000000000002
20260106,38,244.72448,5955.664025999998,2973.664025999999,524.2,457.79999999999967,2000.0,1.0000000000000002
20260106,39,244.32044,5988.2861437894735,2969.970354315792,488.1263157894736,530.1894736842107,2000.0,1.0000000000000004
20260106,40,244.32044,6020.908261578947,2966.276682631581,452.0526315789473,602.578947368421,2000.0,1.0000000000000004
20260106,41,244.32044,6053.53037936842,2962.58301094737,415.9789473684212,674.9684210526315,2000.0,1.0000000000000007
20260106,42,244.72448,6074.805673578949,2994.953042000003,361.5473684210524,718.3052631578948,2000.0,1.0000000000000002
20260106,43,246.16228,6091.116732473683,3043.100943000001,299.0842105263158,748.9315789473683,2000.0,1.0000000000000002
20260106,44,246.56632,6107.427791368422,3091.248844000004,236.62105263157912,779.5578947368421,2000.0,1.0000000000000004
20260106,45,247.86762,6123.738850263158,3139.396745000002,174.15789473684188,810.184210526316,2000.0,1.0000000000000002
20260106,46,247.86762,6121.611320842105,3143.92711031579,167.38947368421051,810.2947368421054,2000.0,1.0000000000000002
20260106,47,246.56632,6105.300261947368,3114.905525105264,203.4631578947367,786.9315789473686,2000.0,1.0000000000000002
20260106,48,246.56632,6088.989203052632,3085.883939894737,239.5368421052632,763.5684210526317,2000.0,1.0
20260106,49,246.16228,6072.678144157895,3056.8623546842127,275.61052631578946,740.2052631578948,2000.0,1.0000000000000002
20260106,50,244.72448,6049.275320526316,2994.0121626315818,330.736842105263,724.5263157894738,2000.0,1.0000000000000002
20260106,51,244.32044,6016.653202736842,2887.184781684211,410.63157894736867,718.836842105263,2000.0,1.0000000000000002
20260106,52,240.8624400000001,5984.031084947368,2780.357400736845,490.5263157894736,713.1473684210528,2000.0,1.0000000000000007
20260106,53,232.414,5951.408967157894,2673.530019789476,570.4210526315787,707.457894736842,2000.0,1.0000000000000004
20260106,54,232.414,5923.7510846842115,2597.898453105266,625.5578947368421,700.2947368421052,2000.0,1.0000000000000002
20260106,55,232.414,5907.440025789473,2593.571604736844,624.1052631578947,689.7631578947368,2000.0,1.0000000000000004
20260106,56,232.414,5891.128966894737,2589.244756368425,622.6526315789473,679.2315789473683,2000.0,1.0000000000000007
20260106,57,232.414,5874.817908,2584.917908000003,621.1999999999999,668.6999999999999,2000.0,1.0000000000000004
20260106,58,232.414,5861.343555000001,2601.1751339473713,605.3473684210527,654.8210526315788,2000.0,1.0000000000000002
20260106,59,232.414,5861.343555000001,2715.20671289474,521.0947368421056,625.042105263158,2000.0,1.0000000000000004
20260106,60,244.32044,5861.343555000001,2829.238291842109,436.8421052631577,595.2631578947368,2000.0,1.0000000000000002
20260106,61,244.32044,5861.343555000001,2943.269870789474,352.58947368421053,565.4842105263158,2000.0,0.9999999999999999
20260106,62,246.16228,5864.180260894737,3058.827629315791,270.8842105263159,534.4684210526318,2000.0,1.0000000000000002
20260106,63,248.00412,5929.4244964736845,3207.96133857895,245.22105263157877,476.2421052631577,2000.0,1.0000000000000002
20260106,64,249.68944,5994.668732052633,3357.095047842109,219.5578947368421,418.01578947368415,2000.0,1.0000000000000004
20260106,65,251.51126,6059.912967631579,3506.2287571052607,193.8947368421053,359.78947368421063,2000.0,0.9999999999999997
20260106,66,253.33308,6125.157203210527,3655.3624663684195,168.23157894736832,301.5631578947366,2000.0,0.9999999999999996
20260106,67,256.97672,6264.8649685263135,3886.9176001052588,135.9368421052634,242.0105263157899,2000.0,0.9999999999999999
20260106,68,256.97672,6411.664498578949,4126.322393315786,103.0105263157895,182.33157894736848,2000.0,0.9999999999999991
20260106,69,258.79854,6558.464028631581,4365.727186526315,70.08421052631569,122.6526315789472,2000.0,0.9999999999999994
20260106,70,260.62036,6705.26355868421,4605.131979736841,37.1578947368423,62.97368421052669,2000.0,1.0
20260106,71,260.62036,6724.411323473683,4655.2113234736835,28.673684210526318,40.5263157894737,2000.0,1.0
20260106,72,258.79854,6708.100264578949,4652.700264578946,26.978947368421053,28.421052631578902,2000.0,0.9999999999999998
20260106,73,258.79854,6691.78920568421,4650.18920568421,25.284210526315796,16.31578947368429,2000.0,1.0
20260106,74,258.79854,6675.478146789472,4647.678146789471,23.589473684210528,4.210526315789487,2000.0,0.9999999999999998
20260106,75,258.79854,6648.529440789474,4626.3189144736825,22.21052631578947,0.0,2000.0,0.9999999999999996
20260106,76,257.21332,6615.907323,4594.9073229999985,21.00000000000001,0.0,2000.0,0.9999999999999998
20260106,77,257.21332,6583.285205210526,4563.495731526313,19.789473684210527,0.0,2000.0,0.9999999999999996
20260106,78,256.97672,6550.663087421053,4532.084140052628,18.57894736842105,0.0,2000.0,0.9999999999999993
20260106,79,256.97672,6509.530851947367,4490.899272999999,18.63157894736841,0.0,2000.0,1.0
20260106,80,255.37148,6460.5976752631595,4440.755569999999,19.84210526315789,0.0,2000.0,0.9999999999999996
20260106,81,255.1549,6411.664498578946,4390.611866999996,21.05263157894737,0.0,2000.0,0.9999999999999996
20260106,82,255.1549,6362.731321894737,4340.468163999999,22.26315789473683,0.0,2000.0,0.9999999999999997
20260106,83,253.52964,6320.180733473685,4294.338628210524,25.8421052631579,0.0,2000.0,0.9999999999999994
20260106,84,253.33308,6287.558615684209,4254.453352526312,33.10526315789477,0.0,2000.0,0.9999999999999997
20260106,85,253.33308,6254.936497894737,4214.568076842107,40.36842105263155,0.0,2000.0,1.0000000000000002
20260106,86,251.6878,6222.314380105262,4174.682801157896,47.6315789473684,0.0,2000.0,1.0000000000000004
20260106,87,251.51126,6176.9270857894735,4115.337612105261,61.58947368421066,0.0,2000.0,0.9999999999999997
20260106,88,249.84596,6095.371791315791,4000.856001842107,94.51578947368404,0.0,2000.0,1.0
20260106,89,248.794,6013.816496842105,3886.37439157895,127.44210526315788,0.0,2000.0,1.0000000000000004
20260106,90,248.00412,5932.26120236842,3771.8927813157898,160.3684210526317,0.0,2000.0,1.0000000000000002
20260106,91,248.00412,5848.578378473686,3659.199431105266,189.378947368421,0.0,2000.0,1.0000000000000002
20260106,92,248.00412,5750.712025105263,3558.4278145789485,192.2842105263158,0.0,2000.0,1.0000000000000002
20260106,93,248.00412,5652.845671736842,3457.656198052632,195.1894736842105,0.0,2000.0,1.0000000000000002
20260106,94,246.56632,5554.979318368422,3356.8845815263167,198.0947368421052,0.0,2000.0,0.9999999999999999
20260106,95,246.16228,5457.112965,3256.112965000001,200.99999999999997,0.0,2000.0,1.0000000000000002
20260107,0,241.0408,5843.992589999999,3676.9925900000035,167.0,0.0,2000.0,1.0000000000000009
20260107,1,240.99712,5759.523254842105,3605.8390443157896,153.6842105263158,0.0,2000.0,1.0
20260107,2,240.99712,5675.053919684211,3534.68549863158,140.36842105263162,0.0,2000.0,1.0
20260107,3,239.88328,5590.584584526316,3463.531952947368,127.0526315789474,0.0,2000.0,1.0
20260107,4,239.88328,5506.115249368419,3392.378407263158,113.73684210526321,0.0,2000.0,1.0000000000000002
20260107,5,238.76944,5440.008813157893,3270.95618157895,169.0526315789474,0.0,2000.0,1.0000000000000009
20260107,6,235.51528,5376.656811789474,3141.9936538947377,234.6631578947369,0.0,2000.0,1.0000000000000002
20260107,7,232.414,5313.304810421053,3013.031126210528,300.2736842105263,0.0,2000.0,1.0000000000000002
20260107,8,230.18632,5249.952809052632,2884.068598526318,365.8842105263158,0.0,2000.0,1.0000000000000004
20260107,9,229.07248,5217.817735894737,2803.680893789476,414.13684210526327,0.0,2000.0,1.0000000000000004
20260107,10,227.95864,5196.700402105262,2740.437244210528,456.2631578947369,0.0,2000.0,1.0000000000000007
20260107,11,226.8448,5175.583068315789,2677.193594631581,498.38947368421043,0.0,2000.0,1.0000000000000004
20260107,12,225.73096,5154.465734526319,2613.9499450526328,540.5157894736843,0.0,2000.0,0.9999999999999997
20260107,13,853.98584,5161.096952908582,2598.054847645427,563.042105263158,0.0,2000.0,1.0000000000000004
20260107,14,853.98584,5171.545706371186,2598.5772853185567,572.9684210526316,0.0,2000.0,1.0000000000000004
20260107,15,853.98584,5181.99445983379,2599.099722991687,582.8947368421053,0.0,2000.0,1.0000000000000004
20260107,16,853.98584,5192.443213296394,2599.6221606648182,592.8210526315788,0.0,2000.0,1.0000000000000007
20260107,17,853.98584,5211.301939058168,2600.565096952907,610.7368421052631,0.0,2000.0,1.0000000000000004
20260107,18,853.98584,5239.3351800553955,2601.966759002768,637.3684210526317,0.0,2000.0,1.0000000000000007
20260107,19,853.98584,5267.36842105263,2603.368421052632,664.0,0.0,2000.0,1.0000000000000004
20260107,20,853.98584,5295.40166204986,2604.770083102493,690.6315789473684,0.0,2000.0,1.0000000000000004
20260107,21,853.3279578947369,5337.174515235455,2606.858725761771,730.3157894736844,0.0,2000.0,1.0
20260107,22,235.51528,5631.901107157894,2837.427422947369,794.4736842105262,0.0,2000.0,1.0000000000000002
20260107,23,237.35712,5927.543780210527,3068.91220126316,858.6315789473686,0.0,2000.0,1.0000000000000002
20260107,24,238.76944,6223.186453263159,3300.396979578951,922.7894736842106,0.0,2000.0,1.0000000000000004
20260107,25,240.99712,6509.647676842105,3536.963466315789,972.578947368421,0.1052631578947363,2000.0,1.0
20260107,26,242.11096,6763.05568231579,3791.8241033684217,970.6421052631578,0.5894736842105265,2000.0,0.9999999999999999
20260107,27,244.32044,7016.463687789474,4046.684740421051,968.7052631578947,1.073684210526316,2000.0,0.9999999999999998
20260107,28,245.45248,7269.871693263159,4301.545377473684,966.7684210526315,1.557894736842105,2000.0,0.9999999999999999
20260107,29,245.45248,7517.770829052632,4550.181355368422,964.663157894737,2.926315789473687,2000.0,1.0000000000000002
20260107,30,244.33864,7707.826833157894,4733.45841210526,960.7894736842105,13.57894736842107,2000.0,0.9999999999999998
20260107,31,245.45248,7897.882837263158,4916.735468842103,956.9157894736842,24.23157894736841,2000.0,0.9999999999999998
20260107,32,246.25328,8087.938841368423,5100.012525578948,953.042105263158,34.88421052631579,2000.0,0.9999999999999999
20260107,33,246.56632,8277.994845473684,5283.289582315788,949.1684210526316,45.53684210526318,2000.0,1.0
20260107,34,246.56632,8306.457338842105,5279.8468125263125,952.0105263157894,74.6,2000.0,0.9999999999999996
20260107,35,246.56632,8327.57467263158,5267.916777894735,955.1578947368421,104.4999999999999,2000.0,0.9999999999999998
20260107,36,246.56632,8348.692006421052,5255.986743263156,958.3052631578946,134.4000000000001,2000.0,1.0
20260107,37,246.56632,8369.809340210524,5244.056708631578,961.4526315789474,164.3,2000.0,1.0000000000000002
20260107,38,246.56632,8373.481919999998,5240.681919999998,936.4000000000002,196.39999999999992,2000.0,1.0
20260107,39,246.56632,8373.481919999998,5239.108235789472,905.4105263157895,228.96315789473692,2000.0,1.0
20260107,40,246.56632,8373.481919999998,5237.534551578947,874.4210526315788,261.5263157894737,2000.0,1.0
20260107,41,246.56632,8373.481919999998,5235.96086736842,843.4315789473686,294.08947368421036,2000.0,1.0
20260107,42,246.56632,8358.791600842105,5253.549495578946,796.6105263157895,308.63157894736844,2000.0,1.0
20260107,43,246.56632,8337.674267052635,5279.521635473683,742.8631578947368,315.2894736842106,2000.0,0.9999999999999996
20260107,44,246.56632,8316.556933263158,5305.49377536842,689.1157894736846,321.9473684210526,2000.0,0.9999999999999998
20260107,45,247.36712,8295.439599473686,5331.465915263157,635.3684210526314,328.6052631578948,2000.0,0.9999999999999998
20260107,46,247.36712,8286.258150000001,5341.0476236842105,593.936842105263,351.2736842105263,2000.0,0.9999999999999998
20260107,47,247.36712,8286.258150000001,5338.0213078947345,561.9789473684211,386.257894736842,2000.0,0.9999999999999996
20260107,48,247.36712,8286.258150000001,5334.994992105262,530.0210526315789,421.2421052631579,2000.0,0.9999999999999996
20260107,49,247.36712,8286.258150000001,5331.968676315789,498.0631578947369,456.2263157894737,2000.0,0.9999999999999998
20260107,50,247.36712,8286.258150000001,5342.626571052632,456.42105263157913,487.2105263157894,2000.0,1.0
20260107,51,247.36712,8286.258150000001,5371.073939473682,402.1894736842103,512.9947368421052,2000.0,0.9999999999999996
20260107,52,247.6801600000001,8286.258150000001,5399.521307894736,347.9578947368421,538.7789473684211,2000.0,0.9999999999999998
20260107,53,247.6801600000001,8286.258150000001,5427.968676315788,293.7263157894738,564.5631578947368,2000.0,0.9999999999999996
20260107,54,247.6801600000001,8273.404120736841,5438.735699684209,271.3263157894738,563.3421052631578,2000.0,0.9999999999999998
20260107,55,247.6801600000001,8231.169453157894,5409.090505789473,321.6842105263158,500.3947368421052,2000.0,1.0
20260107,56,247.36712,8188.9347855789465,5379.445311894737,372.0421052631578,437.44736842105283,2000.0,1.0000000000000002
20260107,57,247.36712,8146.700117999998,5349.800117999998,422.4000000000002,374.4999999999998,2000.0,1.0000000000000002
20260107,58,247.36712,8115.483189789476,5333.741084526315,460.67368421052646,321.0684210526316,2000.0,0.9999999999999997
20260107,59,247.36712,8136.600523578949,5382.216313052631,441.5473684210525,312.8368421052632,2000.0,0.9999999999999998
20260107,60,247.6801600000001,8157.71785736842,5430.691541578946,422.4210526315788,304.6052631578947,2000.0,1.0000000000000002
20260107,61,247.6801600000001,8178.835191157893,5479.166770105262,403.2947368421052,296.3736842105264,2000.0,1.0000000000000002
20260107,62,247.6801600000001,8203.62510473684,5529.482999473682,387.3052631578946,286.8368421052633,2000.0,1.0
20260107,63,248.40816,8309.211773684208,5620.301247368421,440.3263157894738,248.58421052631573,2000.0,1.0000000000000002
20260107,64,248.48096,8414.79844263158,5711.119495263158,493.34736842105275,210.3315789473684,2000.0,0.9999999999999998
20260107,65,248.794,8520.385111578946,5801.937743157894,546.3684210526314,172.0789473684211,2000.0,1.0000000000000002
20260107,66,249.5948,8625.971780526317,5892.7559910526315,599.3894736842108,133.8263157894735,2000.0,1.0
20260107,67,249.84596,8654.434273894736,5972.655326526311,579.021052631579,102.75789473684229,2000.0,0.9999999999999993
20260107,68,250.70864,8675.551607684209,6051.514765578944,551.6631578947367,72.37368421052636,2000.0,0.9999999999999998
20260107,69,251.6878,8696.668941473683,6130.374204631578,524.3052631578944,41.989473684210424,2000.0,1.0
20260107,70,251.82248,8717.786275263157,6209.233643684211,496.94736842105283,11.60526315789492,2000.0,1.0000000000000002
20260107,71,251.82248,8722.377,6195.871736842103,522.4526315789473,4.05263157894737,2000.0,0.9999999999999996
20260107,72,251.6878,8722.377,6156.892789473681,562.6421052631581,2.84210526315789,2000.0,0.9999999999999996
20260107,73,251.6878,8722.377,6117.913842105261,602.8315789473681,1.631578947368429,2000.0,0.9999999999999996
20260107,74,250.70864,8722.377,6078.93489473684,643.0210526315792,0.4210526315789487,2000.0,0.9999999999999998
20260107,75,250.2500000000001,8667.288303157895,6008.077776842102,659.2105263157896,0.0,2000.0,0.9999999999999996
20260107,76,249.5948,8582.818967999998,5920.218967999999,662.5999999999999,0.0,2000.0,1.0000000000000002
20260107,77,248.794,8498.349632842104,5832.3601591578945,665.9894736842105,0.0,2000.0,1.0000000000000002
20260107,78,248.794,8413.88029768421,5744.501350315791,669.3789473684211,0.0,2000.0,1.0000000000000002
20260107,79,248.48096,8318.393223157897,5653.961644210528,664.4315789473684,0.0,2000.0,1.0
20260107,80,248.00412,8212.806554210527,5560.9644489473685,651.8421052631577,0.0,2000.0,0.9999999999999998
20260107,81,247.6801600000001,8107.2198852631545,5467.967253684209,639.2526315789474,0.0,2000.0,1.0000000000000002
20260107,82,247.36712,8001.6332163157895,5374.970058421052,626.6631578947367,0.0,2000.0,1.0
20260107,83,246.56632,7871.256633789474,5233.877686421052,637.378947368421,0.0,2000.0,0.9999999999999999
20260107,84,246.16228,7702.317963473683,5017.970595052626,684.3473684210528,0.0,2000.0,0.9999999999999994
20260107,85,245.13944,7533.379293157897,4802.063503684209,731.3157894736838,0.0,2000.0,0.9999999999999994
20260107,86,244.32044,7364.440622842106,4586.156412315789,778.2842105263157,0.0,2000.0,0.9999999999999999
20260107,87,242.88264,7184.484213157894,4374.200002631579,810.2842105263157,0.0,2000.0,1.0000000000000002
20260107,88,241.0408,6973.31087526316,4173.437191052636,799.8736842105263,0.0,2000.0,1.0000000000000004
20260107,89,239.88328,6762.137537368421,3972.674379473685,789.4631578947369,0.0,2000.0,1.0000000000000002
20260107,90,238.76944,6550.964199473684,3771.9115678947396,779.0526315789475,0.0,2000.0,1.0000000000000004
20260107,91,232.414,6339.790861578949,3568.8750721052643,770.9157894736842,0.0,2000.0,0.9999999999999999
20260107,92,230.18632,6128.617523684211,3350.680681578952,777.9368421052633,0.0,2000.0,1.0000000000000007
20260107,93,233.67344,5917.444185789473,3132.486291052633,784.9578947368423,0.0,2000.0,1.0000000000000004
20260107,94,223.35768,5706.270847894736,2914.291900526318,791.9789473684211,0.0,2000.0,1.0000000000000004
20260107,95,853.98584,5662.105263157892,2863.1052631578923,798.9999999999999,0.0,2000.0,1.0
20260108,0,238.76944,6283.8629999999985,3410.863000000002,873.0,0.0,2000.0,1.0000000000000007
20260108,1,235.51528,6193.035757894737,3317.8568105263166,875.1789473684208,0.0,2000.0,1.0000000000000002
20260108,2,232.414,6102.208515789474,3224.850621052633,877.3578947368421,0.0,2000.0,1.0000000000000002
20260108,3,231.30016,6011.381273684209,3131.844431578948,879.5368421052631,0.0,2000.0,1.0000000000000002
20260108,4,229.07248,5920.554031578947,3038.838242105263,881.7157894736841,0.0,2000.0,1.0000000000000002
20260108,5,229.07248,5849.471842105263,2989.57710526316,859.8947368421053,0.0,2000.0,1.0000000000000004
20260108,6,227.95864,5781.351410526315,2946.877726315792,834.4736842105262,0.0,2000.0,1.0000000000000007
20260108,7,226.8448,5713.230978947368,2904.178347368423,809.0526315789475,0.0,2000.0,1.0000000000000004
20260108,8,226.8448,5645.110547368422,2861.478968421055,783.6315789473683,0.0,2000.0,1.0000000000000002
20260108,9,226.8448,5610.556705263158,2852.346178947371,758.2105263157894,0.0,2000.0,1.0000000000000004
20260108,10,226.8448,5587.849894736842,2855.060421052634,732.7894736842104,0.0,2000.0,1.0000000000000004
20260108,11,226.8448,5565.143084210525,2857.774663157896,707.3684210526316,0.0,2000.0,1.0000000000000004
20260108,12,226.8448,5542.4362736842095,2860.4889052631593,681.9473684210527,0.0,2000.0,1.0000000000000004
20260108,13,853.98584,5548.498614958447,2827.424930747922,721.0736842105265,0.0,2000.0,1.0000000000000002
20260108,14,853.98584,5633.362880886425,2831.66814404432,801.694736842105,0.0,2000.0,1.0
20260108,15,853.98584,5718.227146814403,2835.911357340719,882.3157894736842,0.0,2000.0,1.0
20260108,16,854.0444631578948,5803.09141274238,2840.154570637118,962.9368421052632,0.0,2000.0,1.0000000000000002
20260108,17,854.0444631578948,5818.969529085869,2840.948476454293,978.021052631579,0.0,2000.0,1.0000000000000007
20260108,18,853.98584,5759.5900277008295,2837.9795013850407,921.6105263157895,0.0,2000.0,1.0000000000000002
20260108,19,853.98584,5700.210526315787,2835.010526315789,865.2,0.0,2000.0,1.0000000000000002
20260108,20,853.98584,5640.831024930744,2832.041551246536,808.7894736842106,0.0,2000.0,1.0000000000000004
20260108,21,220.48936,5737.912294736842,2968.522821052635,769.3894736842105,0.0,2000.0,1.0000000000000007
20260108,22,238.76944,6055.807642105264,3293.9234315789517,761.8842105263158,0.0,2000.0,1.0000000000000007
20260108,23,239.88328,6373.702989473684,3619.3240421052624,754.3789473684209,0.0,2000.0,0.9999999999999999
20260108,24,242.11096,6691.598336842106,3944.7246526315803,746.8736842105262,0.0,2000.0,1.0000000000000002
20260108,25,243.2248,6999.621157894738,4261.147473684211,738.3684210526316,0.1052631578947363,2000.0,1.0
20260108,26,244.33864,7272.102884210527,4545.250252631579,726.2631578947369,0.5894736842105265,2000.0,0.9999999999999999
20260108,27,244.33864,7544.584610526317,4829.353031578947,714.1578947368421,1.073684210526316,2000.0,0.9999999999999997
20260108,28,244.33864,7817.066336842102,5113.455810526315,702.0526315789474,1.557894736842105,2000.0,1.0000000000000004
20260108,29,246.16228,8083.62454736842,5388.414021052628,691.9473684210525,3.2631578947368465,2000.0,0.9999999999999997
20260108,30,246.56632,8287.985842105261,5567.354263157893,702.842105263158,17.78947368421055,2000.0,1.0000000000000002
20260108,31,247.36712,8492.347136842107,5746.2945052631585,713.7368421052631,32.3157894736842,2000.0,0.9999999999999998
20260108,32,247.6801600000001,8696.708431578947,5925.234747368421,724.6315789473686,46.84210526315791,2000.0,1.0
20260108,33,248.48096,8901.069726315787,6104.174989473687,735.5263157894738,61.368421052631604,2000.0,1.0000000000000007
20260108,34,248.794,8931.674557894738,6120.937715789476,707.7473684210527,102.9894736842105,2000.0,1.0000000000000002
20260108,35,248.794,8954.381368421053,6130.328736842107,678.2105263157897,145.8421052631578,2000.0,1.0000000000000002
20260108,36,248.794,8977.08817894737,6139.719757894736,648.6736842105264,188.6947368421054,2000.0,0.9999999999999998
20260108,37,248.794,8999.794989473681,6149.11077894737,619.1368421052632,231.5473684210526,2000.0,1.0000000000000004
20260108,38,248.794,9003.744,6144.644000000002,601.8,257.3,2000.0,1.0000000000000002
20260108,39,248.794,9003.744,6137.259789473685,587.0315789473683,279.4526315789474,2000.0,0.9999999999999998
20260108,40,248.794,9003.744,6129.87557894737,572.2631578947368,301.6052631578948,2000.0,1.0000000000000002
20260108,41,248.794,9003.744,6122.491368421052,557.4947368421052,323.757894736842,2000.0,0.9999999999999998
20260108,42,248.48096,8987.947957894736,6074.3848,549.1263157894737,364.4368421052633,2000.0,1.0
20260108,43,248.40816,8965.24114736842,6008.462199999996,543.5578947368421,413.22105263157897,2000.0,0.9999999999999998
20260108,44,248.00412,8942.534336842105,5942.539600000001,537.9894736842106,462.0052631578946,2000.0,1.0
20260108,45,247.6801600000001,8919.827526315787,5876.616999999997,532.421052631579,510.78947368421075,2000.0,1.0
20260108,46,247.6801600000001,8909.955,5860.407631578949,523.8421052631579,525.7052631578948,2000.0,1.0000000000000002
20260108,47,247.6801600000001,8909.955,5882.43921052632,512.9473684210526,514.5684210526316,2000.0,1.0000000000000004
20260108,48,247.6801600000001,8909.955,5904.470789473687,502.0526315789472,503.43157894736834,2000.0,1.0000000000000002
20260108,49,248.00412,8909.955,5926.502368421055,491.1578947368421,492.29473684210535,2000.0,1.0000000000000002
20260108,50,248.00412,8909.955,5944.428684210529,483.63157894736844,481.8947368421053,2000.0,1.0000000000000002
20260108,51,248.00412,8909.955,5957.018157894738,480.48421052631574,472.4526315789474,2000.0,1.0000000000000002
20260108,52,248.00412,8909.955,5969.60763157895,477.33684210526303,463.0105263157895,2000.0,1.0000000000000002
20260108,53,248.00412,8909.955,5982.197105263161,474.1894736842106,453.5684210526317,2000.0,1.0000000000000002
20260108,54,248.00412,8896.133463157894,5986.380831578947,475.021052631579,434.7315789473683,2000.0,1.0
20260108,55,248.00412,8850.71984210526,5971.351421052631,484.94736842105254,394.4210526315789,2000.0,1.0000000000000004
20260108,56,248.00412,8805.306221052631,5956.322010526318,494.8736842105262,354.11052631578957,2000.0,1.0000000000000002
20260108,57,248.00412,8759.8926,5941.292599999999,504.8,313.7999999999999,2000.0,1.0
20260108,58,248.00412,8726.326010526314,5941.183905263158,505.08421052631576,280.057894736842,2000.0,1.0
20260108,59,248.40816,8749.032821052631,6011.948610526316,459.56842105263166,277.5157894736842,2000.0,1.0
20260108,60,248.48096,8771.739631578947,6082.713315789474,414.0526315789472,274.9736842105262,2000.0,1.0000000000000002
20260108,61,248.794,8794.446442105262,6153.478021052633,368.5368421052631,272.4315789473684,2000.0,1.0000000000000004
20260108,62,248.794,8821.102263157896,6225.77594736842,326.578947368421,268.7473684210527,2000.0,0.9999999999999996
20260108,63,249.5948,8934.636315789474,6331.804736842103,362.8947368421054,239.936842105263,2000.0,0.9999999999999996
20260108,64,249.84596,9048.170368421053,6437.833526315785,399.2105263157895,211.1263157894737,2000.0,0.9999999999999994
20260108,65,250.70864,9161.704421052631,6543.862315789471,435.5263157894737,182.31578947368422,2000.0,0.9999999999999998
20260108,66,251.82248,9275.238473684212,6649.891105263157,471.84210526315803,153.5052631578946,2000.0,0.9999999999999998
20260108,67,252.93632,9305.84330526316,6711.674884210525,475.4421052631579,118.7263157894739,2000.0,0.9999999999999996
20260108,68,253.52964,9328.550115789474,6769.2448526315775,475.92631578947373,83.3789473684211,2000.0,0.9999999999999998
20260108,69,253.52964,9351.25692631579,6826.814821052629,476.4105263157895,48.031578947368295,2000.0,0.9999999999999996
20260108,70,254.05016,9373.963736842104,6884.3847894736855,476.89473684210526,12.684210526316,2000.0,1.0000000000000002
20260108,71,254.05016,9378.900000000003,6925.321052631577,449.52631578947387,4.05263157894737,2000.0,0.9999999999999994
20260108,72,255.164,9378.900000000003,6961.636842105261,414.42105263157873,2.84210526315789,2000.0,0.9999999999999994
20260108,73,255.164,9378.900000000003,6997.952631578945,379.3157894736845,1.631578947368429,2000.0,0.9999999999999994
20260108,74,255.37148,9378.900000000003,7034.26842105263,344.2105263157895,0.4210526315789487,2000.0,0.9999999999999994
20260108,75,255.164,9319.664842105263,6996.664842105264,323.0,0.0,2000.0,1.0
20260108,76,254.05016,9228.8376,6919.637599999998,309.2000000000001,0.0,2000.0,0.9999999999999998
20260108,77,253.981,9138.010357894736,6842.610357894736,295.40000000000003,0.0,2000.0,0.9999999999999998
20260108,78,252.93632,9047.183115789472,6765.583115789474,281.5999999999999,0.0,2000.0,1.0000000000000002
20260108,79,251.82248,8944.508842105262,6669.382526315788,275.1263157894737,0.0,2000.0,0.9999999999999998
20260108,80,250.70864,8830.974789473685,6555.606368421054,275.3684210526316,0.0,2000.0,1.0000000000000002
20260108,81,250.2500000000001,8717.440736842103,6441.830210526314,275.61052631578946,0.0,2000.0,1.0
20260108,82,249.5948,8603.906684210528,6328.05405263158,275.8526315789473,0.0,2000.0,1.0
20260108,83,248.794,8463.716810526317,6180.42207368421,283.2947368421053,0.0,2000.0,0.9999999999999998
20260108,84,248.794,8282.062326315789,5980.125484210527,301.9368421052633,0.0,2000.0,1.0000000000000002
20260108,85,248.794,8100.407842105263,5779.828894736845,320.57894736842087,0.0,2000.0,1.0000000000000004
20260108,86,248.00412,7918.753357894735,5579.532305263156,339.221052631579,0.0,2000.0,1.0
20260108,87,247.36712,7725.251842105263,5369.536052631575,355.7157894736843,0.0,2000.0,0.9999999999999997
20260108,88,246.56632,7498.183736842108,5132.05742105263,366.1263157894736,0.0,2000.0,0.9999999999999994
20260108,89,245.45248,7271.1156315789485,4894.578789473681,376.5368421052631,0.0,2000.0,0.9999999999999994
20260108,90,244.33864,7044.047526315788,4657.100157894735,386.9473684210527,0.0,2000.0,1.0
20260108,91,244.33864,6816.979421052632,4420.032052631579,396.9473684210526,0.0,2000.0,1.0
20260108,92,242.88264,6589.911315789474,4185.7007894736835,404.2105263157895,0.0,2000.0,0.9999999999999998
20260108,93,240.99712,6362.843210526314,3951.3695263157892,411.47368421052624,0.0,2000.0,1.0000000000000002
20260108,94,239.88328,6135.7751052631575,3717.038263157896,418.7368421052631,0.0,2000.0,1.0000000000000002
20260108,95,237.35712,5908.706999999999,3482.7070000000012,426.0,0.0,2000.0,1.0000000000000002
20260109,0,235.51528,6158.18574,3744.185740000003,413.99999999999994,0.0,2000.0,1.0000000000000004
20260109,1,232.414,6069.1750427368415,3662.4382006315814,406.7368421052631,0.0,2000.0,1.0000000000000004
20260109,2,231.30016,5980.164345473685,3580.6906612631606,399.4736842105263,0.0,2000.0,1.0000000000000002
20260109,3,230.18632,5891.1536482105275,3498.943121894741,392.21052631578954,0.0,2000.0,1.0000000000000007
20260109,4,229.07248,5802.142950947367,3417.1955825263167,384.9473684210527,0.0,2000.0,1.0000000000000002
20260109,5,227.95864,5732.482405263157,3350.166615789476,382.3157894736842,0.0,2000.0,1.0000000000000007
20260109,6,226.8448,5665.72438231579,3285.345434947371,380.378947368421,0.0,2000.0,1.0000000000000002
20260109,7,853.98584,5608.886426592795,3230.4443213296386,378.44210526315794,0.0,2000.0,1.0000000000000002
20260109,8,853.98584,5606.84764542936,3230.342382271467,376.5052631578947,0.0,2000.0,1.0000000000000002
20260109,9,853.98584,5598.027700831021,3229.9013850415513,368.1263157894736,0.0,2000.0,1.0000000000000007
20260109,10,853.98584,5586.81440443213,3229.3407202216054,357.4736842105263,0.0,2000.0,1.0000000000000002
20260109,11,853.98584,5575.6011080332355,3228.780055401659,346.82105263157894,0.0,2000.0,1.0000000000000002
20260109,12,853.98584,5564.387811634346,3228.2193905817167,336.1684210526316,0.0,2000.0,1.0000000000000002
20260109,13,853.98584,5556.121883656505,3227.806094182823,328.3157894736842,0.0,2000.0,1.0000000000000004
20260109,14,853.98584,5549.750692520773,3227.487534626036,322.2631578947369,0.0,2000.0,1.0
20260109,15,853.98584,5543.379501385037,3227.1689750692503,316.2105263157895,0.0,2000.0,1.0000000000000004
20260109,16,853.98584,5537.008310249303,3226.8504155124633,310.1578947368421,0.0,2000.0,1.0000000000000004
20260109,17,853.98584,5528.930747922434,3226.446537396122,302.48421052631585,0.0,2000.0,1.0000000000000007
20260109,18,853.98584,5518.99168975069,3225.9495844875337,293.0421052631579,0.0,2000.0,1.0000000000000002
20260109,19,853.98584,5509.052631578948,3225.452631578947,283.59999999999997,0.0,2000.0,0.9999999999999997
20260109,20,225.73096,5500.28058631579,3226.1226915789493,274.15789473684214,0.0,2000.0,1.0000000000000002
20260109,21,220.48936,5623.154048842106,3358.859312,264.2947368421053,0.0,2000.0,0.9999999999999999
20260109,22,238.76944,5934.6914892631585,3681.049384000002,253.6421052631579,0.0,2000.0,1.0000000000000002
20260109,23,239.88328,6246.228929684211,4003.2394560000002,242.9894736842106,0.0,2000.0,1.0
20260109,24,242.11096,6557.766370105264,4325.429528000002,232.3368421052631,0.0,2000.0,1.0000000000000002
20260109,25,243.2248,6859.628734736842,4637.18136631579,222.3684210526315,0.0789473684210522,2000.0,1.0000000000000002
20260109,26,245.13944,7126.660826526318,4911.355563368419,214.8631578947368,0.4421052631578948,2000.0,0.9999999999999994
20260109,27,246.16228,7393.69291831579,5185.529760421052,207.3578947368421,0.8052631578947376,2000.0,0.9999999999999999
20260109,28,247.36712,7660.725010105263,5459.703957473684,199.85263157894738,1.168421052631578,2000.0,1.0
20260109,29,248.00412,7921.9520564210525,5725.988898526313,191.9684210526316,3.9947368421052696,2000.0,0.9999999999999998
20260109,30,248.794,8122.226125263158,5909.436651578947,180.1052631578947,32.68421052631584,2000.0,1.0
20260109,31,249.84596,8322.500194105263,6092.884404631577,168.2421052631579,61.37368421052629,2000.0,0.9999999999999998
20260109,32,251.6878,8522.774262947369,6276.332157684206,156.3789473684211,90.06315789473685,2000.0,0.9999999999999996
20260109,33,252.93632,8723.048331789472,6459.77991073684,144.5157894736842,118.7526315789474,2000.0,1.0
20260109,34,252.93632,8753.041066736841,6434.967382526315,137.74736842105258,180.32631578947368,2000.0,1.0
20260109,35,251.82248,8775.293741052632,6400.688477894738,131.2105263157895,243.3947368421051,2000.0,1.0
20260109,36,251.82248,8797.546415368422,6366.40957326316,124.67368421052629,306.463157894737,2000.0,1.0000000000000002
20260109,37,251.82248,8819.799089684211,6332.130668631579,118.13684210526321,369.5315789473685,2000.0,1.0
20260109,38,250.70864,8823.66912,6251.469119999997,158.5999999999999,413.59999999999985,2000.0,0.9999999999999993
20260109,39,250.2500000000001,8823.66912,6161.042804210522,208.95789473684218,453.66842105263174,2000.0,0.9999999999999993
20260109,40,249.5948,8823.66912,6070.616488421052,259.3157894736842,493.7368421052631,2000.0,0.9999999999999998
20260109,41,248.794,8823.66912,5980.190172631576,309.6736842105262,533.8052631578946,2000.0,0.9999999999999998
20260109,42,248.794,8808.188998736841,5886.57847242105,341.0000000000001,580.6105263157895,2000.0,0.9999999999999998
20260109,43,248.48096,8785.936324421053,5791.573166526314,364.0,630.3631578947368,2000.0,0.9999999999999998
20260109,44,248.00412,8763.683650105264,5696.567860631579,387.0,680.115789473684,2000.0,1.0
20260109,45,247.6801600000001,8741.430975789472,5601.56255473684,409.99999999999994,729.8684210526317,2000.0,1.0
20260109,46,247.6801600000001,8731.755899999998,5542.192742105261,441.48421052631585,748.078947368421,2000.0,0.9999999999999998
20260109,47,247.36712,8731.755899999998,5510.234847368421,479.4947368421052,742.0263157894736,2000.0,1.0000000000000002
20260109,48,247.36712,8731.755899999998,5478.276952631578,517.5052631578949,735.9736842105264,2000.0,1.0000000000000002
20260109,49,246.56632,8731.755899999998,5446.319057894735,555.5157894736843,729.921052631579,2000.0,1.0
20260109,50,246.56632,8731.755899999998,5440.098005263157,584.4736842105262,707.1842105263161,2000.0,1.0000000000000002
20260109,51,247.36712,8731.755899999998,5467.334847368421,601.663157894737,662.7578947368419,2000.0,1.0000000000000002
20260109,52,247.36712,8731.755899999998,5494.571689473683,618.8526315789474,618.3315789473684,2000.0,1.0000000000000002
20260109,53,247.36712,8731.755899999998,5521.808531578948,636.0421052631577,573.9052631578949,2000.0,1.0000000000000002
20260109,54,247.6801600000001,8718.210793894734,5535.868688631579,645.0526315789473,537.2894736842104,2000.0,1.0000000000000004
20260109,55,247.36712,8673.705445263158,5519.810708421052,635.3684210526316,518.5263157894738,2000.0,1.0
20260109,56,247.36712,8629.200096631579,5503.752728210526,625.6842105263157,499.7631578947368,2000.0,1.0
20260109,57,247.36712,8584.694747999998,5487.694747999999,615.9999999999999,480.9999999999999,2000.0,1.0
20260109,58,247.36712,8551.79949031579,5483.183700842104,608.6736842105262,459.94210526315806,2000.0,0.9999999999999998
20260109,59,247.6801600000001,8574.05216463158,5533.520585684208,612.5473684210526,427.98421052631585,2000.0,0.9999999999999996
20260109,60,247.6801600000001,8596.304838947366,5583.8574705263145,616.4210526315791,396.0263157894737,2000.0,1.0
20260109,61,247.6801600000001,8618.557513263157,5634.194355368418,620.2947368421053,364.0684210526315,2000.0,0.9999999999999998
20260109,62,248.00412,8644.680217894736,5690.027586315788,622.863157894737,331.7894736842105,2000.0,1.0
20260109,63,248.794,8755.943589473683,5866.780431578947,596.7157894736843,292.4473684210525,2000.0,1.0000000000000002
20260109,64,249.5948,8867.206961052632,6043.533276842103,570.5684210526316,253.1052631578947,2000.0,0.9999999999999998
20260109,65,250.70864,8978.47033263158,6220.286122105261,544.4210526315791,213.7631578947369,2000.0,0.9999999999999996
20260109,66,251.82248,9089.733704210525,6397.038967368421,518.2736842105261,174.42105263157882,2000.0,1.0000000000000002
20260109,67,252.93632,9119.726439157892,6420.789597052627,564.6315789473682,134.30526315789498,2000.0,0.9999999999999998
20260109,68,252.93632,9141.979113473684,6429.968587157893,617.8947368421053,94.11578947368427,2000.0,0.9999999999999998
20260109,69,252.93632,9164.231787789473,6439.147577263159,671.1578947368423,53.926315789473534,2000.0,1.0000000000000002
20260109,70,252.93632,9186.484462105262,6448.326567368419,724.4210526315786,13.736842105263412,2000.0,1.0
20260109,71,252.93632,9191.322,6466.427263157892,720.842105263158,4.05263157894737,2000.0,0.9999999999999998
20260109,72,253.52964,9191.322,6487.006210526316,701.4736842105262,2.84210526315789,2000.0,1.0
20260109,73,253.52964,9191.322,6507.585157894737,682.1052631578949,1.631578947368429,2000.0,1.0
20260109,74,253.52964,9191.322,6528.1641052631585,662.7368421052631,0.4210526315789487,2000.0,1.0
20260109,75,253.52964,9133.271545263158,6500.008387368421,633.2631578947367,0.0,2000.0,0.9999999999999998
20260109,76,252.93632,9044.260847999998,6445.860848000001,598.4000000000002,0.0,2000.0,1.0000000000000004
20260109,77,251.82248,8955.250150736842,6391.713308631577,563.5368421052632,0.0,2000.0,0.9999999999999998
20260109,78,251.82248,8866.239453473685,6337.565769263155,528.6736842105262,0.0,2000.0,0.9999999999999996
20260109,79,251.6878,8765.618665263157,6269.787086315787,495.8315789473686,0.0,2000.0,0.9999999999999998
20260109,80,250.70864,8654.35529368421,6189.51318842105,464.8421052631579,0.0,2000.0,0.9999999999999998
20260109,81,250.70864,8543.091922105263,6109.239290526313,433.8526315789472,0.0,2000.0,0.9999999999999998
20260109,82,250.2500000000001,8431.828550526316,6028.96539263158,402.863157894737,0.0,2000.0,1.0
20260109,83,249.5948,8294.44247431579,5916.505632210524,377.9368421052632,0.0,2000.0,0.9999999999999996
20260109,84,248.794,8116.421079789476,5753.978974526316,362.4421052631578,0.0,2000.0,0.9999999999999998
20260109,85,248.00412,7938.39968526316,5591.452316842107,346.9473684210526,0.0,2000.0,1.0
20260109,86,247.6801600000001,7760.378290736844,5428.925659157892,331.4526315789474,0.0,2000.0,0.9999999999999994
20260109,87,246.56632,7570.746805263157,5250.746805263158,320.0,0.0,2000.0,1.0000000000000002
20260109,88,246.16228,7348.220062105265,5028.220062105261,320.0,0.0,2000.0,0.9999999999999993
20260109,89,245.13944,7125.693318947368,4805.693318947367,320.0,0.0,2000.0,0.9999999999999998
20260109,90,245.45248,6903.166575789472,4583.166575789472,320.0,0.0,2000.0,1.0
20260109,91,244.33864,6680.639832631578,4356.597727368421,324.0421052631578,0.0,2000.0,1.0000000000000002
20260109,92,242.88264,6458.113089473683,4103.081510526314,355.0315789473685,0.0,2000.0,0.9999999999999999
20260109,93,240.99712,6235.586346315788,3849.5652936842093,386.0210526315792,0.0,2000.0,1.0
20260109,94,239.88328,6013.059603157897,3596.049076842108,417.0105263157893,0.0,2000.0,1.0
20260109,95,232.9891200000001,5790.532859999999,3342.532860000002,448.00000000000006,0.0,2000.0,1.0000000000000004
20260110,0,232.414,6032.5084799999995,3492.5084800000022,540.0,0.0,2000.0,1.0000000000000004
20260110,1,232.414,5945.314327578947,3468.261696000001,477.0526315789474,0.0,2000.0,1.0000000000000002
20260110,2,231.30016,5858.120175157894,3444.014912000003,414.10526315789485,0.0,2000.0,1.0000000000000007
20260110,3,231.30016,5770.926022736841,3419.768128000002,351.15789473684214,0.0,2000.0,1.0000000000000004
20260110,4,230.18632,5683.73187031579,3395.521344000004,288.21052631578954,0.0,2000.0,1.0000000000000007
20260110,5,230.18632,5615.492968421052,3387.7034947368443,227.7894736842105,0.0,2000.0,1.0000000000000004
20260110,6,230.18632,5550.097354105264,3382.349985684213,167.7473684210526,0.0,2000.0,1.0000000000000004
20260110,7,230.18632,5484.701739789474,3376.99647663158,107.7052631578947,0.0,2000.0,1.0000000000000002
20260110,8,230.18632,5419.306125473684,3371.6429675789514,47.66315789473684,0.0,2000.0,1.0000000000000007
20260110,9,230.18632,5386.134437052631,3359.860752842106,26.273684210526323,0.0,2000.0,1.0000000000000004
20260110,10,230.18632,5364.335898947368,3345.809583157898,18.526315789473692,0.0,2000.0,1.0000000000000007
20260110,11,230.18632,5342.537360842105,3331.7584134736867,10.77894736842106,0.0,2000.0,1.0000000000000004
20260110,12,229.07248,5320.738822736842,3317.707243789476,3.031578947368418,0.0,2000.0,1.0000000000000004
20260110,13,229.07248,5312.20896,3276.84053894737,35.36842105263159,0.0,2000.0,1.0000000000000004
20260110,14,227.95864,5312.20896,3218.735275789475,93.47368421052629,0.0,2000.0,1.0000000000000004
20260110,15,226.8448,5312.20896,3160.630012631581,151.5789473684211,0.0,2000.0,1.0000000000000004
20260110,16,225.73096,5312.20896,3102.524749473687,209.68421052631592,0.0,2000.0,1.0000000000000004
20260110,17,853.98584,5364.709141274235,3088.2354570637103,276.4736842105263,0.0,2000.0,1.0000000000000004
20260110,18,853.98584,5444.986149584481,3092.2493074792224,352.7368421052633,0.0,2000.0,1.0000000000000009
20260110,19,853.98584,5525.263157894733,3096.2631578947357,428.99999999999983,0.0,2000.0,1.0000000000000004
20260110,20,853.98584,5605.5401662049835,3100.277008310249,505.2631578947368,0.0,2000.0,1.0000000000000004
20260110,21,853.98584,5661.706371191132,3103.085318559556,558.621052631579,0.0,2000.0,1.0000000000000004
20260110,22,220.48936,5813.575336421054,3244.5437574736857,569.0315789473684,0.0,2000.0,1.0
20260110,23,238.76944,6118.7548698947385,3539.312764631582,579.4421052631579,0.0,2000.0,1.0000000000000002
20260110,24,239.1989600000001,6423.934403368422,3834.0817717894774,589.8526315789474,0.0,2000.0,1.0000000000000004
20260110,25,240.99712,6719.636311578948,4111.8731536842115,607.6315789473684,0.1315789473684204,2000.0,1.0
20260110,26,242.11096,6981.2187688421045,4328.545084631578,651.936842105263,0.736842105263158,2000.0,1.0
20260110,27,244.32044,7242.8012261052645,4545.217015578946,696.2421052631579,1.342105263157896,2000.0,0.9999999999999997
20260110,28,244.72448,7504.383683368421,4761.888946526314,740.5473684210525,1.947368421052631,2000.0,0.9999999999999998
20260110,29,245.45248,7760.279565473684,4967.611144421053,787.6105263157893,5.057894736842114,2000.0,1.0000000000000002
20260110,30,246.16228,7956.4664084210535,5058.361145263156,863.6315789473684,34.473684210526365,2000.0,0.9999999999999997
20260110,31,246.56632,8152.6532513684215,5149.1111461052615,939.6526315789474,63.88947368421049,2000.0,0.9999999999999998
20260110,32,246.56632,8348.84009431579,5239.861146947365,1015.6736842105261,93.30526315789474,2000.0,0.9999999999999996
20260110,33,247.36712,8545.026937263157,5330.611147789476,1091.6947368421052,122.721052631579,2000.0,1.0000000000000002
20260110,34,247.36712,8574.407575578949,5346.144417684211,1042.894736842105,185.3684210526315,2000.0,0.9999999999999998
20260110,35,247.36712,8596.20611368421,5358.258745263156,988.4210526315791,249.52631578947341,2000.0,1.0
20260110,36,247.36712,8618.004651789475,5370.373072842105,933.9473684210525,313.6842105263159,2000.0,0.9999999999999998
20260110,37,247.36712,8639.803189894737,5382.487400421051,879.4736842105262,377.8421052631578,2000.0,0.9999999999999996
20260110,38,246.56632,8643.594239999999,5303.394239999999,901.6,438.59999999999985,2000.0,1.0
20260110,39,246.56632,8643.594239999999,5205.099503157894,939.8526315789474,498.6421052631581,2000.0,1.0000000000000002
20260110,40,246.25328,8643.594239999999,5106.804766315788,978.1052631578948,558.6842105263157,2000.0,1.0
20260110,41,246.16228,8643.594239999999,5008.510029473682,1016.3578947368419,618.7263157894736,2000.0,1.0
20260110,42,245.45248,8628.430039578945,4948.356355368418,1007.284210526316,672.7894736842105,2000.0,1.0
20260110,43,245.45248,8606.631501473685,4904.889396210523,977.5052631578947,724.2368421052631,2000.0,0.9999999999999996
20260110,44,245.45248,8584.832963368422,4861.422437052629,947.7263157894738,775.6842105263156,2000.0,0.9999999999999996
20260110,45,245.13944,8563.034425263157,4817.955477894737,917.9473684210525,827.1315789473684,2000.0,1.0000000000000002
20260110,46,245.13944,8553.556800000002,4788.3146947368405,914.442105263158,850.8,2000.0,0.9999999999999996
20260110,47,244.72448,8553.556800000002,4769.309431578946,931.1473684210525,853.1,2000.0,0.9999999999999996
20260110,48,244.72448,8553.556800000002,4750.30416842105,947.8526315789475,855.3999999999999,2000.0,0.9999999999999996
20260110,49,244.33864,8553.556800000002,4731.298905263156,964.5578947368421,857.7,2000.0,0.9999999999999996
20260110,50,244.33864,8553.556800000002,4718.083115789471,998.6315789473682,836.842105263158,2000.0,0.9999999999999996
20260110,51,244.33864,8553.556800000002,4712.3936421052595,1055.284210526316,785.8789473684209,2000.0,0.9999999999999993
20260110,52,244.33864,8553.556800000002,4706.704168421051,1111.9368421052632,734.9157894736842,2000.0,0.9999999999999996
20260110,53,244.33864,8553.556800000002,4701.014694736841,1168.58947368421,683.9526315789473,2000.0,0.9999999999999996
20260110,54,244.33864,8540.28812463158,4681.540756210525,1216.326315789474,642.4210526315787,2000.0,0.9999999999999998
20260110,55,244.33864,8496.691048421053,4630.559469473683,1243.684210526316,622.4473684210526,2000.0,0.9999999999999998
20260110,56,244.32044,8453.093972210527,4579.578182736839,1271.042105263158,602.4736842105264,2000.0,0.9999999999999998
20260110,57,244.32044,8409.496896,4528.596895999999,1298.4,582.4999999999999,2000.0,0.9999999999999998
20260110,58,243.2248,8377.272970105263,4500.71507536842,1316.452631578947,560.1052631578948,2000.0,1.0
20260110,59,244.32044,8399.071508210523,4582.55571873684,1290.305263157895,526.2105263157896,2000.0,1.0000000000000002
20260110,60,244.33864,8420.87004631579,4664.396362105262,1264.1578947368419,492.315789473684,2000.0,0.9999999999999998
20260110,61,244.72448,8442.668584421053,4746.237005473682,1238.010526315789,458.42105263157896,2000.0,0.9999999999999998
20260110,62,245.13944,8468.25817263158,4833.095014736838,1211.736842105263,423.42631578947396,2000.0,0.9999999999999991
20260110,63,246.16228,8577.250863157897,5030.335073684208,1182.6842105263158,364.2315789473683,2000.0,0.9999999999999996
20260110,64,246.56632,8686.243553684208,5227.575132631577,1153.6315789473679,305.03684210526313,2000.0,1.0000000000000002
20260110,65,247.6801600000001,8795.236244210526,5424.815191578944,1124.578947368421,245.842105263158,2000.0,0.9999999999999996
20260110,66,248.40816,8904.22893473684,5622.0552505263195,1095.526315789474,186.64736842105242,2000.0,1.0000000000000007
20260110,67,248.48096,8933.60957305263,5698.125362526316,1093.0,142.484210526316,2000.0,1.0000000000000002
20260110,68,248.794,8955.408111157894,5762.655479578946,1093.0,99.75263157894744,2000.0,0.9999999999999998
20260110,69,248.794,8977.206649263158,5827.18559663158,1093.0,57.0210526315788,2000.0,1.0
20260110,70,249.5948,8999.00518736842,5891.7157136842125,1093.0,14.28947368421079,2000.0,1.0000000000000004
20260110,71,249.5948,9003.744,5922.607157894736,1077.084210526316,4.05263157894737,2000.0,0.9999999999999998
20260110,72,249.84596,9003.744,5944.154526315791,1056.747368421053,2.84210526315789,2000.0,1.0000000000000002
20260110,73,249.84596,9003.744,5965.701894736841,1036.4105263157899,1.631578947368429,2000.0,0.9999999999999998
20260110,74,249.84596,9003.744,5987.2492631578925,1016.073684210526,0.4210526315789487,2000.0,0.9999999999999998
20260110,75,249.5948,8946.878248421051,5929.825616842103,1017.0526315789481,0.0,2000.0,1.0
20260110,76,248.794,8859.684095999999,5830.284096000001,1029.4,0.0,2000.0,1.0000000000000002
20260110,77,248.794,8772.489943578947,5730.742575157896,1041.747368421052,0.0,2000.0,1.0000000000000002
20260110,78,248.40816,8685.295791157892,5631.2010543157885,1054.094736842105,0.0,2000.0,1.0
20260110,79,247.6801600000001,8586.728488421053,5516.496909473684,1070.231578947368,0.0,2000.0,1.0
20260110,80,247.36712,8477.735797894737,5387.893692631576,1089.842105263158,0.0,2000.0,0.9999999999999998
20260110,81,246.56632,8368.74310736842,5259.290475789473,1109.452631578947,0.0,2000.0,1.0
20260110,82,246.25328,8259.750416842107,5130.687258947368,1129.0631578947368,0.0,2000.0,0.9999999999999996
20260110,83,245.45248,8125.168138105262,4989.757611789472,1135.410526315789,0.0,2000.0,0.9999999999999999
20260110,84,245.45248,7950.779833263156,4829.653517473682,1121.126315789473,0.0,2000.0,0.9999999999999998
20260110,85,245.45248,7776.391528421054,4669.549423157892,1106.842105263158,0.0,2000.0,0.9999999999999996
20260110,86,244.72448,7602.003223578948,4509.445328842105,1092.557894736842,0.0,2000.0,0.9999999999999999
20260110,87,245.45248,7416.241768421052,4338.725978947368,1077.515789473684,0.0,2000.0,1.0
20260110,88,244.33864,7198.256387368421,4137.930071578946,1060.326315789474,0.0,2000.0,0.9999999999999998
20260110,89,243.2248,6980.271006315787,3937.134164210526,1043.136842105263,0.0,2000.0,1.0000000000000002
20260110,90,242.11096,6762.285625263155,3736.338256842104,1025.947368421052,0.0,2000.0,1.0
20260110,91,240.99712,6544.300244210527,3531.0581389473696,1013.242105263158,0.0,2000.0,1.0000000000000002
20260110,92,238.76944,6326.314863157894,3295.883284210529,1030.431578947368,0.0,2000.0,1.0000000000000004
20260110,93,235.51528,6108.329482105261,3060.708429473684,1047.621052631579,0.0,2000.0,1.0000000000000002
20260110,94,233.67344,5890.344101052633,2825.533574736846,1064.810526315789,0.0,2000.0,1.0000000000000002
20260110,95,853.5218357894737,5707.368421052629,2625.36842105263,1082.0,0.0,2000.0,1.0000000000000002
20260111,0,239.1989600000001,5906.831219999999,2758.831220000002,1148.0,0.0,2000.0,1.0000000000000004
20260111,1,235.51528,5821.453612421054,2675.874665052634,1145.578947368421,0.0,2000.0,1.0000000000000002
20260111,2,232.414,5736.076004842104,2592.918110105265,1143.157894736842,0.0,2000.0,1.0000000000000004
20260111,3,231.30016,5650.698397263157,2509.961555157896,1140.736842105263,0.0,2000.0,1.0000000000000002
20260111,4,230.18632,5565.32078968421,2427.005000210529,1138.315789473684,0.0,2000.0,1.0000000000000007
20260111,5,229.07248,5498.503531578948,2351.661426315791,1146.842105263158,0.0,2000.0,1.0
20260111,6,227.95864,5434.470325894737,2277.45979957895,1157.01052631579,0.0,2000.0,1.0000000000000007
20260111,7,226.8448,5370.437120210527,2203.2581728421087,1167.178947368421,0.0,2000.0,1.0000000000000004
20260111,8,853.98584,5334.049861495842,2156.702493074792,1177.347368421053,0.0,2000.0,1.0000000000000004
20260111,9,853.98584,5322.3379501385,2156.116897506924,1166.221052631579,0.0,2000.0,1.0000000000000004
20260111,10,853.98584,5302.71468144044,2155.135734072021,1147.578947368421,0.0,2000.0,1.0000000000000004
20260111,11,853.98584,5283.091412742381,2154.154570637119,1128.9368421052632,0.0,2000.0,1.0000000000000002
20260111,12,853.98584,5263.46814404432,2153.173407202216,1110.294736842105,0.0,2000.0,1.0000000000000002
20260111,13,853.98584,5257.185595567865,2152.859279778394,1104.326315789474,0.0,2000.0,1.0000000000000004
20260111,14,853.98584,5259.479224376729,2152.973961218837,1106.5052631578951,0.0,2000.0,1.0000000000000004
20260111,15,853.98584,5261.772853185594,2153.08864265928,1108.684210526316,0.0,2000.0,1.0000000000000004
20260111,16,853.98584,5264.066481994459,2153.203324099724,1110.863157894737,0.0,2000.0,1.0000000000000004
20260111,17,853.98584,5273.551246537392,2153.677562326869,1119.873684210526,0.0,2000.0,1.0000000000000004
20260111,18,853.98584,5290.880886426589,2154.5440443213292,1136.336842105263,0.0,2000.0,1.0000000000000004
20260111,19,853.98584,5308.210526315787,2155.410526315789,1152.8,0.0,2000.0,1.0000000000000004
20260111,20,853.98584,5325.540166204983,2156.2770083102487,1169.263157894737,0.0,2000.0,1.0000000000000007
20260111,21,205.6891199999999,5393.637557052633,2230.14282021053,1163.494736842105,0.0,2000.0,1.0000000000000004
20260111,22,245.13944,5692.459183578947,2576.41707831579,1116.042105263158,0.0,2000.0,1.0000000000000002
20260111,23,238.61656,5991.280810105264,2922.691336421054,1068.58947368421,0.0,2000.0,1.0
20260111,24,232.414,6290.102436631578,3268.9655945263185,1021.136842105263,0.0,2000.0,1.0000000000000007
20260111,25,232.414,6579.643888421053,3600.0386252631592,979.4210526315787,0.1842105263157885,2000.0,1.0000000000000002
20260111,26,239.88328,6835.776711157894,3876.3872374736875,958.3578947368419,1.0315789473684212,2000.0,1.0000000000000007
20260111,27,240.99712,7091.909533894737,4152.7358496842135,937.294736842105,1.878947368421054,2000.0,1.0000000000000002
20260111,28,243.2248,7348.042356631579,4429.084461894736,916.2315789473685,2.726315789473684,2000.0,0.9999999999999999
20260111,29,244.33864,7598.607074526319,4696.64391663158,896.1789473684212,5.784210526315797,2000.0,0.9999999999999999
20260111,30,245.45248,7790.7066915789455,4871.917217894736,886.7368421052631,32.05263157894741,2000.0,1.0000000000000002
20260111,31,246.16228,7982.80630863158,5047.190519157894,877.2947368421052,58.321052631578915,2000.0,0.9999999999999999
20260111,32,246.56632,8174.905925684208,5222.4638204210505,867.8526315789472,84.58947368421055,2000.0,0.9999999999999999
20260111,33,247.6801600000001,8367.005542736842,5397.737121684208,858.4105263157896,110.8578947368422,2000.0,0.9999999999999998
20260111,34,247.6801600000001,8395.774084421051,5372.626715999999,857.7684210526317,165.378947368421,2000.0,1.0
20260111,35,247.6801600000001,8417.11848631579,5338.4079600000005,857.5263157894739,221.1842105263155,2000.0,1.0
20260111,36,247.36712,8438.462888210523,5304.1892039999975,857.2842105263156,276.98947368421057,2000.0,1.0000000000000002
20260111,37,246.56632,8459.807290105266,5269.970448000002,857.0421052631579,332.7947368421052,2000.0,1.0
20260111,38,246.56632,8463.51936,5202.819360000001,860.1999999999998,400.49999999999966,2000.0,1.0000000000000002
20260111,39,246.56632,8463.51936,5128.735149473685,864.0736842105263,470.7105263157895,2000.0,1.0
20260111,40,246.25328,8463.51936,5054.650938947371,867.9473684210525,540.921052631579,2000.0,1.0000000000000002
20260111,41,245.45248,8463.51936,4980.566728421054,871.8210526315788,611.1315789473683,2000.0,1.0000000000000002
20260111,42,245.45248,8448.671080421054,4937.023712,857.5052631578947,654.142105263158,2000.0,0.9999999999999998
20260111,43,245.45248,8427.326678526315,4906.842467999999,835.2315789473683,685.2526315789473,2000.0,1.0
20260111,44,245.45248,8405.982276631577,4876.661224,812.957894736842,716.3631578947367,2000.0,1.0000000000000002
20260111,45,245.45248,8384.63787473684,4846.479979999999,790.6842105263156,747.4736842105266,2000.0,1.0000000000000002
20260111,46,245.13944,8375.357699999999,4841.910331578945,781.5473684210525,751.9,2000.0,0.9999999999999998
20260111,47,245.45248,8375.357699999999,4857.041910526313,782.5157894736841,735.8000000000002,2000.0,0.9999999999999998
20260111,48,245.45248,8375.357699999999,4872.173489473683,783.4842105263158,719.6999999999999,2000.0,1.0
20260111,49,245.45248,8375.357699999999,4887.305068421049,784.4526315789473,703.5999999999999,2000.0,0.9999999999999998
20260111,50,245.45248,8375.357699999999,4899.541910526312,790.3684210526316,685.4473684210527,2000.0,0.9999999999999998
20260111,51,245.45248,8375.357699999999,4908.015594736839,802.7157894736841,664.6263157894737,2000.0,0.9999999999999998
20260111,52,245.45248,8375.357699999999,4916.489278947366,815.0631578947368,643.8052631578946,2000.0,0.9999999999999998
20260111,53,245.45248,8375.357699999999,4924.962963157893,827.4105263157894,622.9842105263158,2000.0,1.0
20260111,54,245.45248,8362.365455368421,4927.186507999998,833.4947368421053,601.6842105263157,2000.0,0.9999999999999998
20260111,55,245.45248,8319.67665157895,4915.124019999998,825.2631578947368,579.2894736842106,2000.0,0.9999999999999996
20260111,56,245.45248,8276.987847789473,4903.061532000001,817.0315789473683,556.8947368421053,2000.0,1.0000000000000002
20260111,57,245.45248,8234.299044000003,4890.999043999997,808.7999999999997,534.5000000000001,2000.0,0.9999999999999993
20260111,58,245.45248,8202.746449894737,4887.65171305263,806.0,509.0947368421052,2000.0,0.9999999999999996
20260111,59,245.45248,8224.090851789471,4925.701378105259,829.0000000000001,469.3894736842106,2000.0,0.9999999999999998
20260111,60,245.45248,8245.43525368421,4963.751043157892,852.0000000000001,429.6842105263157,2000.0,0.9999999999999998
20260111,61,246.16228,8266.779655578945,5001.800708210524,875.0,389.97894736842096,2000.0,1.0000000000000002
20260111,62,246.16228,8291.836127368419,5047.841390526314,893.8947368421054,350.09999999999997,2000.0,1.0000000000000002
20260111,63,246.56632,8398.558136842104,5269.684452631579,822.4736842105264,306.3999999999999,2000.0,1.0
20260111,64,248.00412,8505.280146315788,5491.527514736841,751.0526315789473,262.7,2000.0,1.0
20260111,65,248.794,8612.002155789472,5713.370576842106,679.6315789473686,219.0,2000.0,1.0000000000000002
20260111,66,250.2500000000001,8718.724165263156,5935.213638947367,608.2105263157893,175.2999999999999,2000.0,1.0
20260111,67,251.51126,8747.492706947369,6010.134812210525,602.6631578947369,134.6947368421055,2000.0,0.9999999999999998
20260111,68,251.6878,8768.837108842104,6071.063424631578,603.3894736842104,94.38421052631585,2000.0,1.0
20260111,69,252.93632,8790.181510736842,6131.992037052628,604.1157894736843,54.07368421052618,2000.0,0.9999999999999996
20260111,70,253.33308,8811.525912631578,6192.92064947368,604.8421052631579,13.763157894737098,2000.0,0.9999999999999996
20260111,71,253.33308,8816.166,6184.376526315787,627.7368421052631,4.05263157894737,2000.0,0.9999999999999998
20260111,72,252.93632,8816.166,6156.53442105263,656.7894736842106,2.84210526315789,2000.0,0.9999999999999998
20260111,73,251.82248,8816.166,6128.6923157894735,685.8421052631577,1.631578947368429,2000.0,1.0
20260111,74,251.82248,8816.166,6100.850210526315,714.8947368421052,0.4210526315789487,2000.0,1.0
20260111,75,251.6878,8760.484951578946,6047.484951578948,712.9999999999999,0.0,2000.0,1.0000000000000002
20260111,76,250.70864,8675.107344,5980.507343999999,694.6000000000003,0.0,2000.0,1.0
20260111,77,249.84596,8589.729736421052,5913.529736421052,676.1999999999999,0.0,2000.0,1.0
20260111,78,249.68944,8504.352128842102,5846.552128842104,657.8000000000001,0.0,2000.0,1.0000000000000002
20260111,79,248.794,8407.83831157895,5741.40673263158,666.4315789473682,0.0,2000.0,0.9999999999999998
20260111,80,248.48096,8301.116302105262,5601.274196842107,699.8421052631579,0.0,2000.0,1.0000000000000004
20260111,81,247.86762,8194.39429263158,5461.141661052631,733.2526315789476,0.0,2000.0,1.0
20260111,82,247.6801600000001,8087.672283157896,5321.009125263161,766.6631578947365,0.0,2000.0,1.0000000000000002
20260111,83,247.6801600000001,7955.893801894737,5154.114854526318,801.7789473684211,0.0,2000.0,1.0000000000000002
20260111,84,246.56632,7785.138586736841,4945.591218315785,839.5473684210529,0.0,2000.0,0.9999999999999997
20260111,85,246.16228,7614.383371578949,4737.067582105265,877.3157894736837,0.0,2000.0,0.9999999999999999
20260111,86,244.72448,7443.628156421052,4528.543945894736,915.084210526316,0.0,2000.0,1.0
20260111,87,244.32044,7261.736731578947,4322.589363157893,939.1473684210528,0.0,2000.0,0.9999999999999998
20260111,88,242.88264,7048.292712631577,4123.913765263156,924.3789473684211,0.0,2000.0,1.0
20260111,89,241.0408,6834.848693684211,3925.238167368424,909.6105263157897,0.0,2000.0,1.0000000000000004
20260111,90,242.11096,6621.404674736841,3726.562569473684,894.8421052631579,0.0,2000.0,1.0000000000000002
20260111,91,240.99712,6407.960655789473,3525.802761052633,882.1578947368421,0.0,2000.0,1.0000000000000002
20260111,92,238.76944,6194.516636842105,3311.148215789477,883.3684210526317,0.0,2000.0,1.0000000000000007
20260111,93,235.51528,5981.072617894736,3096.493670526317,884.5789473684212,0.0,2000.0,1.0000000000000004
20260111,94,233.67344,5767.628598947368,2881.839125263161,885.7894736842105,0.0,2000.0,1.0000000000000004
20260111,95,220.2564,5554.18458,2667.184580000003,887.0000000000001,0.0,2000.0,1.0000000000000004
20260112,0,239.88328,5632.96734,2822.967340000001,810.0,0.0,2000.0,1.0000000000000002
20260112,1,238.76944,5528.061875368422,2745.903980631582,782.1578947368422,0.0,2000.0,1.0000000000000002
20260112,2,235.51528,5423.156410736843,2668.8406212631603,754.3157894736842,0.0,2000.0,1.0000000000000004
20260112,3,232.414,5318.250946105264,2591.7772618947383,726.4736842105264,0.0,2000.0,1.0000000000000002
20260112,4,231.30016,5213.345481473683,2514.713902526317,698.6315789473684,0.0,2000.0,1.0000000000000004
20260112,5,230.18632,5138.847397894737,2450.373713684213,688.4736842105262,0.0,2000.0,1.0000000000000004
20260112,6,229.07248,5068.910421473685,2387.942000421055,680.9684210526316,0.0,2000.0,1.0000000000000004
20260112,7,229.07248,4998.973445052631,2325.510287157896,673.4631578947368,0.0,2000.0,1.0000000000000004
20260112,8,227.95864,4929.036468631577,2263.078573894737,665.9578947368423,0.0,2000.0,1.0000000000000004
20260112,9,226.8448,4884.945766105263,2227.0299766315807,657.9157894736842,0.0,2000.0,1.0000000000000004
20260112,10,226.8448,4849.977277894736,2200.2930673684227,649.6842105263158,0.0,2000.0,1.0000000000000007
20260112,11,225.73096,4815.008789684211,2173.5561581052652,641.4526315789475,0.0,2000.0,1.0000000000000004
20260112,12,225.73096,4780.040301473684,2146.8192488421073,633.221052631579,0.0,2000.0,1.0000000000000004
20260112,13,225.73096,4745.071813263158,2140.86128694737,604.2105263157896,0.0,2000.0,1.0000000000000002
20260112,14,225.73096,4710.1033250526325,2148.261219789475,561.8421052631579,0.0,2000.0,1.0
20260112,15,225.73096,4675.134836842105,2155.661152631581,519.4736842105262,0.0,2000.0,1.0000000000000007
20260112,16,225.73096,4640.166348631579,2163.061085473684,477.10526315789474,0.0,2000.0,1.0
20260112,17,226.8448,4630.283949789475,2187.789212947371,442.4947368421052,0.0,2000.0,1.0000000000000004
20260112,18,226.8448,4647.768193894737,2231.4208254736864,416.34736842105264,0.0,2000.0,1.0000000000000004
20260112,19,227.95864,4665.252438,2275.052438000002,390.2,0.0,2000.0,1.0000000000000002
20260112,20,227.95864,4682.736682105263,2318.684050526318,364.05263157894734,0.0,2000.0,1.0000000000000007
20260112,21,229.07248,4700.220926210527,2354.652505157897,345.5684210526316,0.0,2000.0,1.0000000000000002
20260112,22,229.07248,4717.7051703157895,2376.2525387368432,341.45263157894743,0.0,2000.0,1.0000000000000002
20260112,23,230.18632,4735.189414421052,2397.852572315792,337.3368421052632,0.0,2000.0,1.0000000000000007
20260112,24,230.18632,4752.673658526317,2419.4526058947376,333.22105263157897,0.0,2000.0,1.0
20260112,25,230.18632,4781.560670526315,2449.9290915789506,331.4736842105263,0.1578947368421044,2000.0,1.0000000000000007
20260112,26,231.30016,4851.497646947368,2512.360804842107,338.2526315789474,0.8842105263157894,2000.0,1.0000000000000004
20260112,27,232.414,4921.43462336842,2574.792518105264,345.0315789473684,1.610526315789474,2000.0,1.0000000000000004
20260112,28,233.67344,4991.371599789472,2637.224231368423,351.8105263157895,2.336842105263157,2000.0,1.0000000000000007
20260112,29,237.35712,5070.430790526315,2706.53605368421,358.5894736842105,5.3052631578947445,2000.0,1.0000000000000002
20260112,30,239.88328,5245.273231578948,2848.0890210526313,365.3684210526316,31.815789473684248,2000.0,0.9999999999999998
20260112,31,242.88264,5420.1156726315785,2989.641988421053,372.1473684210526,58.32631578947366,2000.0,1.0000000000000002
20260112,32,244.33864,5594.958113684212,3131.194955789474,378.9263157894737,84.83684210526319,2000.0,1.0
20260112,33,246.16228,5769.800554736842,3272.7479231578945,385.7052631578947,111.3473684210527,2000.0,0.9999999999999999
20260112,34,246.56632,5911.194876631578,3349.1264555789476,389.7052631578947,172.3631578947368,2000.0,1.0000000000000002
20260112,35,247.86762,6051.068829473684,3422.5425136842127,393.578947368421,234.9473684210524,2000.0,1.0000000000000004
20260112,36,248.00412,6190.942782315789,3495.9585717894747,397.45263157894743,297.5315789473686,2000.0,1.0000000000000002
20260112,37,248.794,6330.816735157895,3569.374629894739,401.32631578947365,360.11578947368406,2000.0,1.0000000000000002
20260112,38,248.00412,6384.029652000002,3509.629652000002,450.1999999999999,424.19999999999993,2000.0,1.0
20260112,39,247.86762,6418.998140210526,3421.8507717894754,508.5473684210528,488.6000000000002,2000.0,1.0000000000000004
20260112,40,246.56632,6453.966628421054,3334.071891578949,566.8947368421052,552.9999999999999,2000.0,1.0
20260112,41,246.16228,6488.935116631579,3246.2930113684224,625.2421052631577,617.3999999999999,2000.0,1.0000000000000002
20260112,42,244.72448,6511.740652421052,3189.298547157895,668.6000000000001,653.8421052631579,2000.0,1.0000000000000002
20260112,43,244.33864,6529.224896526315,3145.772264947371,705.4000000000001,678.0526315789475,2000.0,1.0000000000000007
20260112,44,244.32044,6546.709140631578,3102.2459827368402,742.2,702.2631578947369,2000.0,0.9999999999999999
20260112,45,244.32044,6564.193384736842,3058.719700526316,779.0000000000001,726.4736842105265,2000.0,1.0000000000000002
20260112,46,243.2248,6561.912831157895,3035.933883789475,793.4947368421053,732.4842105263158,2000.0,1.0000000000000002
20260112,47,243.2248,6544.428587052632,3029.1022712631593,790.8315789473685,724.4947368421052,2000.0,1.0000000000000002
20260112,48,243.2248,6526.944342947369,3022.270658736842,788.1684210526317,716.5052631578948,2000.0,1.0
20260112,49,242.88264,6509.460098842105,3015.4390462105252,785.5052631578947,708.5157894736842,2000.0,0.9999999999999999
20260112,50,242.88264,6484.374009473686,3017.584535789474,770.3157894736844,696.4736842105265,2000.0,0.9999999999999999
20260112,51,243.2248,6449.405521263159,3031.400258105264,738.8421052631577,679.163157894737,2000.0,1.0
20260112,52,243.2248,6414.437033052632,3045.2159804210532,707.3684210526316,661.8526315789475,2000.0,1.0000000000000002
20260112,53,244.32044,6379.468544842106,3059.0317027368437,675.8947368421053,644.542105263158,2000.0,1.0000000000000002
20260112,54,244.32044,6349.82134831579,3079.016085157896,647.0,623.8052631578945,2000.0,1.0000000000000002
20260112,55,244.32044,6332.3371042105255,3113.100262105263,624.0,595.2368421052632,2000.0,1.0000000000000002
20260112,56,244.33864,6314.852860105262,3147.184439052631,601.0000000000001,566.6684210526316,2000.0,1.0000000000000002
20260112,57,244.72448,6297.368615999999,3181.2686160000007,577.9999999999999,538.0999999999999,2000.0,1.0000000000000002
20260112,58,245.45248,6282.925109999999,3200.4777415789486,573.1894736842106,509.2578947368422,2000.0,1.0000000000000002
20260112,59,244.33864,6282.925109999999,3149.030373157895,654.778947368421,479.1157894736843,2000.0,1.0000000000000002
20260112,60,244.32044,6282.925109999999,3097.5830047368418,736.3684210526319,448.9736842105262,2000.0,1.0
20260112,61,243.2248,6282.925109999999,3046.135636315789,817.9578947368423,418.8315789473685,2000.0,1.0
20260112,62,242.88264,6285.965848105264,3000.255321789473,898.063157894737,387.6473684210528,2000.0,0.9999999999999999
20260112,63,244.32044,6355.902824526315,3076.8501929473678,945.5157894736844,333.5368421052631,2000.0,1.0
20260112,64,244.33864,6425.839800947368,3153.445064105264,992.9684210526318,279.42631578947356,2000.0,1.0000000000000002
20260112,65,245.45248,6495.776777368421,3230.0399352631584,1040.421052631579,225.3157894736843,2000.0,1.0000000000000002
20260112,66,246.56632,6565.713753789474,3306.634806421056,1087.873684210527,171.2052631578946,2000.0,1.0000000000000004
20260112,67,247.86762,6715.4701054736815,3442.712210736844,1139.747368421052,133.0105263157897,2000.0,1.0000000000000004
20260112,68,248.794,6872.828302421054,3584.454618210529,1192.042105263158,96.33157894736847,2000.0,1.0000000000000002
20260112,69,250.2500000000001,7030.18649936842,3726.1970256842083,1244.336842105263,59.65263157894722,2000.0,0.9999999999999998
20260112,70,253.33308,7187.544696315788,3867.9394331578897,1296.6315789473679,22.973684210526528,2000.0,0.9999999999999994
20260112,71,253.52964,7208.069678526315,3896.248625894734,1299.663157894737,12.15789473684211,2000.0,0.9999999999999998
20260112,72,253.52964,7190.585434421053,3893.0485923157867,1289.01052631579,8.52631578947367,2000.0,0.9999999999999997
20260112,73,253.52964,7173.1011903157905,3889.84855873684,1278.3578947368421,4.894736842105286,2000.0,0.9999999999999994
20260112,74,253.52964,7155.616946210526,3886.6485251578906,1267.7052631578952,1.263157894736846,2000.0,0.9999999999999994
20260112,75,253.33308,7126.729934210524,3867.78256578947,1258.947368421053,0.0,2000.0,0.9999999999999999
20260112,76,253.33308,7091.761445999999,3840.561446,1251.2,0.0,2000.0,1.0000000000000002
20260112,77,251.6878,7056.792957789476,3813.340326210525,1243.452631578947,0.0,2000.0,0.9999999999999994
20260112,78,251.6878,7021.824469578948,3786.1192064210513,1235.705263157895,0.0,2000.0,0.9999999999999998
20260112,79,251.51126,6977.733767052629,3751.2916617894753,1226.442105263158,0.0,2000.0,1.0000000000000004
20260112,80,250.2500000000001,6925.281034736842,3709.491561052631,1215.7894736842109,0.0,2000.0,0.9999999999999999
20260112,81,249.84596,6872.828302421054,3667.6914603157898,1205.136842105263,0.0,2000.0,0.9999999999999998
20260112,82,249.68944,6820.375570105264,3625.8913595789486,1194.484210526316,0.0,2000.0,1.0000000000000002
20260112,83,249.68944,6774.764498526315,3601.6381827368427,1173.126315789474,0.0,2000.0,1.0000000000000002
20260112,84,249.68944,6739.79601031579,3604.6802208421063,1135.115789473684,0.0,2000.0,1.0
20260112,85,249.68944,6704.827522105264,3607.72225894737,1097.105263157895,0.0,2000.0,1.0000000000000002
20260112,86,249.68944,6669.859033894735,3610.764297052631,1059.094736842105,0.0,2000.0,1.0000000000000002
20260112,87,248.794,6621.207224210525,3587.112487368424,1034.094736842105,0.0,2000.0,1.0000000000000004
20260112,88,248.00412,6533.786003684211,3487.828108947369,1045.957894736842,0.0,2000.0,1.0
20260112,89,247.6801600000001,6446.3647831578955,3388.543730526316,1057.821052631579,0.0,2000.0,0.9999999999999999
20260112,90,246.16228,6358.943562631578,3289.259352105263,1069.684210526316,0.0,2000.0,1.0000000000000002
20260112,91,244.72448,6269.241788526316,3188.041788526316,1081.2,0.0,2000.0,1.0
20260112,92,244.32044,6164.336323894736,3073.936323894736,1090.4,0.0,2000.0,1.0
20260112,93,242.11096,6059.430859263158,2959.830859263156,1099.6000000000001,0.0,2000.0,0.9999999999999997
20260112,94,239.88328,5954.525394631581,2845.725394631581,1108.8,0.0,2000.0,1.0
20260112,95,237.35712,5849.619929999999,2731.619930000003,1118.0,0.0,2000.0,1.0000000000000007
20260113,0,854.7893221052632,5509.473684210527,2195.473684210526,1314.0,0.0,2000.0,0.9999999999999999
20260113,1,244.76816,5384.475852631579,2026.896905263158,1357.578947368421,0.0,2000.0,1.0
20260113,2,246.56632,5282.295205263159,1881.137310526317,1401.157894736842,0.0,2000.0,1.0
20260113,3,244.32044,5180.114557894736,1735.377715789474,1444.736842105263,0.0,2000.0,1.0000000000000002
20260113,4,854.88856,5187.700831024928,1699.385041551247,1488.315789473684,0.0,2000.0,1.0000000000000004
20260113,5,854.88856,5212.742382271467,1700.6371191135731,1512.105263157895,0.0,2000.0,1.0000000000000002
20260113,6,854.88856,5234.659279778392,1701.7329639889201,1532.926315789474,0.0,2000.0,1.0000000000000004
20260113,7,854.88856,5256.5761772853175,1702.8288088642662,1553.7473684210531,0.0,2000.0,1.0000000000000004
20260113,8,854.88856,5278.4930747922435,1703.924653739612,1574.568421052632,0.0,2000.0,1.0000000000000002
20260113,9,854.88856,5241.074792243766,1702.053739612188,1539.021052631579,0.0,2000.0,1.0000000000000004
20260113,10,854.88856,5182.7146814404405,1699.135734072021,1483.578947368421,0.0,2000.0,1.0000000000000004
20260113,11,854.88856,5124.354570637119,1696.217728531856,1428.136842105263,0.0,2000.0,1.0
20260113,12,854.88856,5065.994459833793,1693.29972299169,1372.694736842105,0.0,2000.0,1.0000000000000004
20260113,13,854.88856,5010.271468144042,1690.513573407203,1319.757894736842,0.0,2000.0,1.0000000000000004
20260113,14,854.88856,4956.243767313019,1687.8121883656518,1268.431578947368,0.0,2000.0,1.0000000000000002
20260113,15,854.88856,4902.216066481992,1685.110803324099,1217.105263157895,0.0,2000.0,1.0000000000000004
20260113,16,854.88856,4848.188365650969,1682.409418282548,1165.7789473684209,0.0,2000.0,1.0
20260113,17,854.88856,4794.526315789471,1679.726315789474,1114.8,0.0,2000.0,1.0000000000000007
20260113,18,854.88856,4741.263157894735,1677.063157894736,1064.2,0.0,2000.0,1.0000000000000002
20260113,19,854.88856,4687.999999999996,1674.4,1013.5999999999999,0.0,2000.0,1.0000000000000007
20260113,20,854.88856,4634.736842105262,1671.736842105263,963.0000000000001,0.0,2000.0,1.0000000000000002
20260113,21,854.88856,4595.922437673129,1669.7961218836572,926.1263157894737,0.0,2000.0,1.0000000000000004
20260113,22,242.88264,4595.16737368421,1680.1779,914.9894736842103,0.0,2000.0,1.0
20260113,23,244.32044,4612.197481578948,1708.344850000002,903.8526315789474,0.0,2000.0,1.0000000000000002
20260113,24,244.32044,4629.227589473685,1736.511800000002,892.7157894736843,0.0,2000.0,1.0000000000000004
20260113,25,244.72448,4657.364289473683,1770.1537631578951,887.0526315789473,0.1578947368421044,2000.0,1.0000000000000002
20260113,26,246.16228,4725.484721052632,1823.5057736842102,901.0947368421054,0.8842105263157894,2000.0,0.9999999999999998
20260113,27,854.88856,4838.681440443211,1921.9340720221599,915.1368421052632,1.610526315789474,2000.0,1.0000000000000004
20260113,28,239.1989600000002,4861.725584210526,1930.209794736844,929.178947368421,2.336842105263157,2000.0,1.0000000000000004
20260113,29,244.32044,4938.731289473683,1993.710236842109,939.5157894736842,5.505263157894745,2000.0,1.0000000000000009
20260113,30,854.0373747368421,5121.329639889196,2176.06648199446,910.9473684210527,34.31578947368426,2000.0,1.0000000000000002
20260113,31,233.66252,5279.333447368422,2333.828184210529,882.3789473684211,63.126315789473665,2000.0,1.0000000000000004
20260113,32,233.67344,5449.634526315789,2503.887157894739,853.8105263157894,91.93684210526317,2000.0,1.0000000000000004
20260113,33,237.35712,5619.935605263159,2673.9461315789504,825.2421052631579,120.7473684210527,2000.0,1.0000000000000002
20260113,34,242.3002400000001,5757.65734736842,2810.2678736842117,761.4736842105265,185.91578947368419,2000.0,1.0000000000000002
20260113,35,232.414,5893.898210526318,2945.0561052631588,696.1052631578951,252.7368421052629,2000.0,0.9999999999999999
20260113,36,239.1989600000001,6030.139073684212,3079.844336842105,630.7368421052631,319.5578947368423,2000.0,0.9999999999999997
20260113,37,242.11096,6166.379936842105,3214.6325684210515,565.3684210526318,386.3789473684209,2000.0,0.9999999999999999
20260113,38,242.11096,6218.210699999999,3236.2107000000024,524.2,457.79999999999967,2000.0,1.0000000000000004
20260113,39,242.11096,6252.270915789475,3233.95512631579,488.1263157894736,530.1894736842107,2000.0,0.9999999999999999
20260113,40,242.11096,6286.331131578949,3231.699552631581,452.0526315789473,602.578947368421,2000.0,1.0
20260113,41,242.11096,6320.391347368421,3229.443978947369,415.9789473684212,674.9684210526315,2000.0,1.0000000000000002
20260113,42,242.88264,6342.604531578947,3262.7519000000007,361.5473684210524,718.3052631578948,2000.0,1.0000000000000002
20260113,43,243.2248,6359.634639473683,3311.618850000002,299.0842105263158,748.9315789473683,2000.0,1.0000000000000007
20260113,44,244.32044,6376.664747368421,3360.485800000001,236.62105263157912,779.5578947368421,2000.0,1.0000000000000002
20260113,45,244.33864,6393.6948552631575,3409.352749999999,174.15789473684188,810.184210526316,2000.0,1.0
20260113,46,244.33864,6391.473536842104,3413.78932631579,167.38947368421051,810.2947368421054,2000.0,1.0000000000000002
20260113,47,244.32044,6374.443428947368,3384.048692105264,203.4631578947367,786.9315789473686,2000.0,1.0000000000000002
20260113,48,244.32044,6357.4133210526315,3354.308057894737,239.5368421052632,763.5684210526317,2000.0,1.0
20260113,49,244.32044,6340.383213157895,3324.5674236842115,275.61052631578946,740.2052631578948,2000.0,1.0000000000000002
20260113,50,242.88264,6315.948710526316,3260.6855526315812,330.736842105263,724.5263157894738,2000.0,1.0000000000000002
20260113,51,240.99712,6281.8884947368415,3152.42007368421,410.63157894736867,718.836842105263,2000.0,1.0
20260113,52,240.99712,6247.828278947369,3044.154594736845,490.5263157894736,713.1473684210528,2000.0,1.0000000000000004
20260113,53,221.6032,6213.768063157894,2935.889115789476,570.4210526315787,707.457894736842,2000.0,1.0000000000000004
20260113,54,229.07248,6184.89092368421,2859.038292105267,625.5578947368421,700.2947368421052,2000.0,1.0000000000000007
20260113,55,229.07248,6167.860815789474,2853.992394736846,624.1052631578947,689.7631578947368,2000.0,1.0000000000000007
20260113,56,229.07248,6150.830707894736,2848.946497368424,622.6526315789473,679.2315789473683,2000.0,1.0000000000000007
20260113,57,229.07248,6133.8006000000005,2843.900600000004,621.1999999999999,668.6999999999999,2000.0,1.0000000000000007
20260113,58,229.07248,6119.732250000001,2859.563828947372,605.3473684210527,654.8210526315788,2000.0,1.0000000000000002
20260113,59,230.18632,6119.732250000001,2973.59540789474,521.0947368421056,625.042105263158,2000.0,1.0000000000000004
20260113,60,232.414,6119.732250000001,3087.62698684211,436.8421052631577,595.2631578947368,2000.0,1.0000000000000007
20260113,61,235.51528,6119.732250000001,3201.658565789478,352.58947368421053,565.4842105263158,2000.0,1.0000000000000007
20260113,62,238.76944,6122.694007894737,3317.341376315792,270.8842105263159,534.4684210526318,2000.0,1.0000000000000004
20260113,63,240.99712,6190.8144394736855,3469.351281578949,245.22105263157877,476.2421052631577,2000.0,1.0
20260113,64,242.11096,6258.93487105263,3621.361186842105,219.5578947368421,418.01578947368415,2000.0,1.0000000000000002
20260113,65,244.32044,6327.055302631578,3773.3710921052625,193.8947368421053,359.78947368421063,2000.0,1.0
20260113,66,244.72448,6395.175734210527,3925.380997368423,168.23157894736832,301.5631578947366,2000.0,1.0000000000000002
20260113,67,246.56632,6541.0423105263135,4163.094942105262,135.9368421052634,242.0105263157899,2000.0,1.0000000000000002
20260113,68,248.40816,6694.313281578945,4408.971176315791,103.0105263157895,182.33157894736848,2000.0,1.0000000000000004
20260113,69,250.2500000000001,6847.58425263158,4654.847410526317,70.08421052631569,122.6526315789472,2000.0,0.9999999999999999
20260113,70,253.52964,7000.855223684212,4900.72364473684,37.1578947368423,62.97368421052669,2000.0,0.9999999999999994
20260113,71,255.1549,7020.847089473684,4951.647089473681,28.673684210526318,40.5263157894737,2000.0,0.9999999999999996
20260113,72,255.1549,7003.816981578947,4948.416981578945,26.978947368421053,28.421052631578902,2000.0,0.9999999999999998
20260113,73,255.1549,6986.786873684213,4945.186873684207,25.284210526315796,16.31578947368429,2000.0,0.9999999999999992
20260113,74,255.1549,6969.756765789473,4941.956765789473,23.589473684210528,4.210526315789487,2000.0,0.9999999999999999
20260113,75,253.52964,6941.620065789473,4919.409539473681,22.21052631578947,0.0,2000.0,0.9999999999999996
20260113,76,253.52964,6907.5598500000015,4886.559849999999,21.00000000000001,0.0,2000.0,0.9999999999999996
20260113,77,253.33308,6873.499634210526,4853.710160526315,19.789473684210527,0.0,2000.0,1.0
20260113,78,253.33308,6839.439418421054,4820.860471052633,18.57894736842105,0.0,2000.0,1.0
20260113,79,251.6878,6796.493928947369,4777.862350000003,18.63157894736841,0.0,2000.0,1.0000000000000004
20260113,80,251.51126,6745.403605263159,4725.561500000002,19.84210526315789,0.0,2000.0,1.0
20260113,81,250.2500000000001,6694.313281578945,4673.26065,21.05263157894737,0.0,2000.0,1.0000000000000004
20260113,82,249.84596,6643.222957894737,4620.9598000000005,22.26315789473683,0.0,2000.0,1.0
20260113,83,249.84596,6598.7965894736835,4572.95448421053,25.8421052631579,0.0,2000.0,1.0000000000000004
20260113,84,249.68944,6564.73637368421,4531.631110526317,33.10526315789477,0.0,2000.0,1.0000000000000002
20260113,85,248.794,6530.676157894736,4490.307736842108,40.36842105263155,0.0,2000.0,1.0000000000000007
20260113,86,248.794,6496.6159421052635,4448.984363157896,47.6315789473684,0.0,2000.0,1.0000000000000002
20260113,87,248.40816,6449.227815789474,4387.638342105263,61.58947368421066,0.0,2000.0,1.0
20260113,88,247.86762,6364.07727631579,4269.561486842107,94.51578947368404,0.0,2000.0,1.0000000000000002
20260113,89,246.56632,6278.926736842103,4151.48463157895,127.44210526315788,0.0,2000.0,1.0000000000000007
20260113,90,247.6801600000001,6193.776197368422,4033.4077763157907,160.3684210526317,0.0,2000.0,1.0000000000000002
20260113,91,247.6801600000001,6106.404339473685,3917.025392105264,189.378947368421,0.0,2000.0,1.0000000000000002
20260113,92,246.56632,6004.223692105263,3811.939481578948,192.2842105263158,0.0,2000.0,1.0000000000000002
20260113,93,246.56632,5902.043044736841,3706.8535710526326,195.1894736842105,0.0,2000.0,1.0000000000000004
20260113,94,245.45248,5799.86239736842,3601.767660526314,198.0947368421052,0.0,2000.0,0.9999999999999999
20260113,95,244.33864,5697.681750000001,3496.6817499999997,200.99999999999997,0.0,2000.0,0.9999999999999999
20260114,0,242.11096,5701.1394377999995,3534.139437799998,167.0,0.0,2000.0,0.9999999999999999
20260114,1,241.0408,5618.73490861263,3465.050698086318,153.6842105263158,0.0,2000.0,1.0000000000000009
20260114,2,240.99712,5536.330379425262,3395.9619583726308,140.36842105263162,0.0,2000.0,1.0
20260114,3,239.88328,5453.925850237894,3326.873218658947,127.0526315789474,0.0,2000.0,1.0
20260114,4,239.88328,5371.521321050526,3257.784478945263,113.73684210526321,0.0,2000.0,1.0
20260114,5,238.76944,5307.0308199473675,3137.9781883684223,169.0526315789474,0.0,2000.0,1.0000000000000004
20260114,6,235.51528,5245.227423056841,3010.564265162106,234.6631578947369,0.0,2000.0,1.0000000000000004
20260114,7,232.414,5183.424026166316,2883.150341955791,300.2736842105263,0.0,2000.0,1.0000000000000004
20260114,8,230.18632,5121.620629275791,2755.736418749477,365.8842105263158,0.0,2000.0,1.0000000000000004
20260114,9,229.07248,5090.27108012842,2676.1342380231576,414.13684210526327,0.0,2000.0,1.0000000000000002
20260114,10,227.95864,5069.6699478315795,2613.406789936844,456.2631578947369,0.0,2000.0,1.0000000000000002
20260114,11,226.8448,5049.068815534736,2550.679341850527,498.38947368421043,0.0,2000.0,1.0000000000000004
20260114,12,225.73096,5028.467683237895,2487.951893764211,540.5157894736843,0.0,2000.0,1.0000000000000002
20260114,13,853.98584,5045.307479224373,2482.2653739612188,563.042105263158,0.0,2000.0,1.0000000000000007
20260114,14,853.98584,5055.7562326869775,2482.787811634349,572.9684210526316,0.0,2000.0,1.0000000000000007
20260114,15,853.98584,5066.204986149582,2483.310249307479,582.8947368421053,0.0,2000.0,1.0000000000000004
20260114,16,853.98584,5076.653739612185,2483.8326869806087,592.8210526315788,0.0,2000.0,1.0000000000000004
20260114,17,853.98584,5095.512465373957,2484.775623268698,610.7368421052631,0.0,2000.0,1.0000000000000009
20260114,18,853.98584,5123.5457063711865,2486.177285318557,637.3684210526317,0.0,2000.0,1.0000000000000004
20260114,19,853.98584,5151.578947368417,2487.57894736842,664.0,0.0,2000.0,1.0000000000000004
20260114,20,853.98584,5179.612188365648,2488.980609418282,690.6315789473684,0.0,2000.0,1.0000000000000004
20260114,21,853.5218357894737,5221.385041551244,2491.069252077562,730.3157894736844,0.0,2000.0,1.0000000000000004
20260114,22,233.67344,5494.232413427369,2699.7587292168428,794.4736842105262,0.0,2000.0,1.0000000000000002
20260114,23,235.51528,5782.648265583159,2924.016686635791,858.6315789473686,0.0,2000.0,1.0000000000000002
20260114,24,238.76944,6071.064117738947,3148.274644054739,922.7894736842106,0.0,2000.0,1.0000000000000004
20260114,25,238.76944,6350.522955852631,3377.8387453263176,972.578947368421,0.1052631578947363,2000.0,1.0000000000000004
20260114,26,239.88328,6597.736543414736,3626.504964467368,970.6421052631578,0.5894736842105265,2000.0,1.0
20260114,27,242.11096,6844.950130976844,3875.171183608422,968.7052631578947,1.073684210526316,2000.0,0.9999999999999999
20260114,28,243.2248,7092.163718538945,4123.837402749475,966.7684210526315,1.557894736842105,2000.0,1.0000000000000004
20260114,29,244.33864,7334.003097675789,4366.413623991582,964.663157894737,2.926315789473687,2000.0,1.0000000000000007
20260114,30,244.33864,7519.4132883473685,4545.044867294736,960.7894736842105,13.57894736842107,2000.0,0.9999999999999999
20260114,31,245.45248,7704.823479018947,4723.676110597893,956.9157894736842,24.23157894736841,2000.0,0.9999999999999999
20260114,32,246.16228,7890.233669690527,4902.307353901049,953.042105263158,34.88421052631579,2000.0,0.9999999999999996
20260114,33,246.56632,8075.643860362104,5080.938597204211,949.1684210526316,45.53684210526318,2000.0,1.0000000000000004
20260114,34,246.56632,8103.410603892631,5076.80007757684,952.0105263157894,74.6,2000.0,0.9999999999999998
20260114,35,246.56632,8124.0117361894745,5064.353841452631,955.1578947368421,104.4999999999999,2000.0,0.9999999999999999
20260114,36,246.56632,8144.612868486315,5051.907605328421,958.3052631578946,134.4000000000001,2000.0,1.0000000000000002
20260114,37,246.56632,8165.2140007831595,5039.461369204209,961.4526315789474,164.3,2000.0,0.9999999999999997
20260114,38,246.56632,8168.796806400001,5035.996806399997,936.4000000000002,196.39999999999992,2000.0,0.9999999999999996
20260114,39,246.56632,8168.796806400001,5034.423122189471,905.4105263157895,228.96315789473692,2000.0,0.9999999999999997
20260114,40,246.56632,8168.796806400001,5032.8494379789445,874.4210526315788,261.5263157894737,2000.0,0.9999999999999996
20260114,41,246.56632,8168.796806400001,5031.275753768417,843.4315789473686,294.08947368421036,2000.0,0.9999999999999994
20260114,42,246.56632,8154.465583932632,5049.2234786694735,796.6105263157895,308.63157894736844,2000.0,0.9999999999999999
20260114,43,246.56632,8133.864451635789,5075.71182005684,742.8631578947368,315.2894736842106,2000.0,0.9999999999999999
20260114,44,246.56632,8113.263319338948,5102.20016144421,689.1157894736846,321.9473684210526,2000.0,0.9999999999999998
20260114,45,246.56632,8092.662187042104,5128.688502831578,635.3684210526314,328.6052631578948,2000.0,1.0000000000000002
20260114,46,247.36712,8083.705173000001,5138.494646684208,593.936842105263,351.2736842105263,2000.0,0.9999999999999996
20260114,47,246.56632,8083.705173000001,5135.468330894733,561.9789473684211,386.257894736842,2000.0,0.9999999999999994
20260114,48,246.56632,8083.705173000001,5132.442015105262,530.0210526315789,421.2421052631579,2000.0,0.9999999999999997
20260114,49,246.56632,8083.705173000001,5129.415699315788,498.0631578947369,456.2263157894737,2000.0,0.9999999999999997
20260114,50,247.36712,8083.705173000001,5140.07359405263,456.42105263157913,487.2105263157894,2000.0,0.9999999999999997
20260114,51,247.36712,8083.705173000001,5168.520962473683,402.1894736842103,512.9947368421052,2000.0,0.9999999999999997
20260114,52,247.6801600000001,8083.705173000001,5196.968330894735,347.9578947368421,538.7789473684211,2000.0,0.9999999999999997
20260114,53,247.6801600000001,8083.705173000001,5225.415699315789,293.7263157894738,564.5631578947368,2000.0,0.9999999999999999
20260114,54,247.6801600000001,8071.1653533410545,5236.496932288418,271.3263157894738,563.3421052631578,2000.0,0.9999999999999993
20260114,55,247.6801600000001,8029.963088747369,5207.884141378946,321.6842105263158,500.3947368421052,2000.0,0.9999999999999998
20260114,56,247.6801600000001,7988.7608241536855,5179.271350469472,372.0421052631578,437.44736842105283,2000.0,0.9999999999999997
20260114,57,247.36712,7947.5585595600005,5150.658559559999,422.4000000000002,374.4999999999998,2000.0,0.9999999999999999
20260114,58,246.56632,7917.10471181684,5135.362606553683,460.67368421052646,321.0684210526316,2000.0,1.0000000000000002
20260114,59,247.6801600000001,7937.705844113684,5183.321633587366,441.5473684210525,312.8368421052632,2000.0,0.9999999999999997
20260114,60,247.6801600000001,7958.306976410525,5231.280660621051,422.4210526315788,304.6052631578947,2000.0,1.0
20260114,61,247.6801600000001,7978.9081087073655,5279.239687654738,403.2947368421052,296.3736842105264,2000.0,1.0000000000000007
20260114,62,248.00412,8003.092046621055,5328.949941357894,387.3052631578946,286.8368421052633,2000.0,0.9999999999999998
20260114,63,248.40816,8106.097708105262,5417.187181789472,440.3263157894738,248.58421052631573,2000.0,0.9999999999999998
20260114,64,248.794,8209.103369589473,5505.424422221052,493.34736842105275,210.3315789473684,2000.0,1.0
20260114,65,248.794,8312.109031073684,5593.661662652632,546.3684210526314,172.0789473684211,2000.0,1.0
20260114,66,249.84596,8415.114692557898,5681.898903084212,599.3894736842108,133.8263157894735,2000.0,1.0
20260114,67,250.2500000000001,8442.88143608842,5761.102488719996,579.021052631579,102.75789473684229,2000.0,0.9999999999999996
20260114,68,251.6878,8463.482568385263,5839.445726280001,551.6631578947367,72.37368421052636,2000.0,1.0
20260114,69,252.93632,8484.083700682104,5917.78896384,524.3052631578944,41.989473684210424,2000.0,1.0000000000000002
20260114,70,253.52964,8504.684832978948,5996.132201399998,496.94736842105283,11.60526315789492,2000.0,0.9999999999999998
20260114,71,253.52964,8509.16334,5982.658076842106,522.4526315789473,4.05263157894737,2000.0,1.0000000000000002
20260114,72,252.93632,8509.16334,5943.679129473685,562.6421052631581,2.84210526315789,2000.0,1.0
20260114,73,251.82248,8509.16334,5904.700182105264,602.8315789473681,1.631578947368429,2000.0,1.0
20260114,74,251.6878,8509.16334,5865.72123473684,643.0210526315792,0.4210526315789487,2000.0,1.0
20260114,75,250.70864,8455.421255747371,5796.210729431577,659.2105263157896,0.0,2000.0,0.9999999999999996
20260114,76,249.84596,8373.016726560001,5710.416726559999,662.5999999999999,0.0,2000.0,0.9999999999999998
20260114,77,249.5948,8290.612197372631,5624.622723688421,665.9894736842105,0.0,2000.0,1.0
20260114,78,249.84596,8208.207668185261,5538.82872081684,669.3789473684211,0.0,2000.0,1.0
20260114,79,248.794,8115.054722147369,5450.6231432,664.4315789473684,0.0,2000.0,1.0
20260114,80,248.794,8012.049060663159,5360.2069554,651.8421052631577,0.0,2000.0,0.9999999999999998
20260114,81,248.40816,7909.043399178947,5269.7907675999995,639.2526315789474,0.0,2000.0,1.0
20260114,82,247.6801600000001,7806.037737694737,5179.374579800001,626.6631578947367,0.0,2000.0,1.0000000000000002
20260114,83,247.36712,7678.848138296844,5041.469190928422,637.378947368421,0.0,2000.0,0.9999999999999999
20260114,84,246.56632,7514.039079922104,4829.691711501051,684.3473684210528,0.0,2000.0,1.0
20260114,85,245.45248,7349.230021547368,4617.914232073683,731.3157894736838,0.0,2000.0,0.9999999999999999
20260114,86,244.33864,7184.420963172632,4406.136752646317,778.2842105263157,0.0,2000.0,1.0000000000000002
20260114,87,243.2248,7008.863487947366,4198.579277421053,810.2842105263157,0.0,2000.0,1.0000000000000004
20260114,88,242.11096,6802.852164978948,4002.978480768425,799.8736842105263,0.0,2000.0,1.0000000000000004
20260114,89,240.99712,6596.840842010526,3807.3776841157887,789.4631578947369,0.0,2000.0,1.0
20260114,90,239.1989600000001,6390.829519042106,3611.776887463159,779.0526315789475,0.0,2000.0,1.0000000000000002
20260114,91,237.35712,6184.818196073686,3413.9024066000034,770.9157894736842,0.0,2000.0,1.0000000000000002
20260114,92,238.76944,5978.806873105264,3200.870031000002,777.9368421052633,0.0,2000.0,1.0000000000000002
20260114,93,232.26112,5772.7955501368415,2987.8376553999983,784.9578947368423,0.0,2000.0,0.9999999999999999
20260114,94,228.11152,5566.784227168423,2774.805279800005,791.9789473684211,0.0,2000.0,1.0000000000000004
20260114,95,853.98584,5409.473684210527,2610.4736842105262,798.9999999999999,0.0,2000.0,1.0
20260115,0,238.61656,6130.257460000001,3257.2574600000016,873.0,0.0,2000.0,1.0000000000000002
20260115,1,232.414,6041.650439368422,3166.471492000001,875.1789473684208,0.0,2000.0,1.0
20260115,2,231.30016,5953.043418736841,3075.6855240000027,877.3578947368421,0.0,2000.0,1.0000000000000007
20260115,3,230.18632,5864.436398105263,2984.899556000003,879.5368421052631,0.0,2000.0,1.0000000000000007
20260115,4,229.07248,5775.829377473683,2894.113588,881.7157894736841,0.0,2000.0,1.0000000000000002
20260115,5,227.95864,5706.484752631578,2846.5900157894753,859.8947368421053,0.0,2000.0,1.0000000000000004
20260115,6,227.95864,5640.029487157894,2805.555802947369,834.4736842105262,0.0,2000.0,1.0000000000000002
20260115,7,226.8448,5573.57422168421,2764.5215901052643,809.0526315789475,0.0,2000.0,1.0000000000000002
20260115,8,226.8448,5507.118956210526,2723.487377263161,783.6315789473683,0.0,2000.0,1.0000000000000004
20260115,9,225.73096,5473.4097635789485,2715.199237263162,758.2105263157894,0.0,2000.0,1.0000000000000004
20260115,10,226.8448,5451.258008421054,2718.4685347368463,732.7894736842104,0.0,2000.0,1.0000000000000004
20260115,11,226.8448,5429.106253263158,2721.737832210528,707.3684210526316,0.0,2000.0,1.0000000000000004
20260115,12,226.8448,5406.954498105263,2725.007129684213,681.9473684210527,0.0,2000.0,1.0000000000000004
20260115,13,853.98584,5422.182825484759,2701.109141274236,721.0736842105265,0.0,2000.0,1.0000000000000007
20260115,14,853.98584,5507.047091412737,2705.3523545706353,801.694736842105,0.0,2000.0,1.0000000000000004
20260115,15,853.98584,5591.911357340716,2709.595567867034,882.3157894736842,0.0,2000.0,1.0000000000000002
20260115,16,853.98584,5676.775623268694,2713.838781163433,962.9368421052632,0.0,2000.0,1.0000000000000002
20260115,17,853.98584,5692.653739612188,2714.632686980608,978.021052631579,0.0,2000.0,1.0
20260115,18,853.98584,5633.274238227143,2711.6637119113557,921.6105263157895,0.0,2000.0,1.0000000000000004
20260115,19,853.98584,5573.894736842102,2708.694736842104,865.2,0.0,2000.0,1.0000000000000002
20260115,20,853.98584,5514.515235457063,2705.7257617728533,808.7894736842106,0.0,2000.0,1.0000000000000002
20260115,21,220.48936,5597.652216421053,2828.2627427368448,769.3894736842105,0.0,2000.0,1.0000000000000004
20260115,22,238.76944,5907.776788631579,3145.892578105264,761.8842105263158,0.0,2000.0,1.0000000000000002
20260115,23,239.1989600000001,6217.9013608421055,3463.522413473686,754.3789473684209,0.0,2000.0,1.0000000000000002
20260115,24,241.0408,6528.025933052632,3781.1522488421047,746.8736842105262,0.0,2000.0,0.9999999999999997
20260115,25,243.2248,6828.519307368421,4090.045623157893,738.3684210526316,0.1052631578947363,2000.0,0.9999999999999998
20260115,26,244.72448,7094.340369263157,4367.48773768421,726.2631578947369,0.5894736842105265,2000.0,0.9999999999999999
20260115,27,245.45248,7360.161431157894,4644.9298522105255,714.1578947368421,1.073684210526316,2000.0,0.9999999999999999
20260115,28,245.45248,7625.982493052632,4922.37196673684,702.0526315789474,1.557894736842105,2000.0,0.9999999999999997
20260115,29,246.25328,7886.024836210527,5190.814309894737,691.9473684210525,3.2631578947368465,2000.0,0.9999999999999999
20260115,30,246.56632,8085.390632631578,5364.759053684209,702.842105263158,17.78947368421055,2000.0,1.0
20260115,31,246.56632,8284.756429052632,5538.703797473683,713.7368421052631,32.3157894736842,2000.0,1.0
20260115,32,247.6801600000001,8484.122225473684,5712.648541263158,724.6315789473686,46.84210526315791,2000.0,1.0
20260115,33,248.00412,8683.488021894738,5886.593285052635,735.5263157894738,61.368421052631604,2000.0,1.0000000000000002
20260115,34,248.00412,8713.344735368422,5902.607893263158,707.7473684210527,102.9894736842105,2000.0,0.9999999999999998
20260115,35,247.86762,8735.496490526315,5911.4438589473675,678.2105263157897,145.8421052631578,2000.0,1.0
20260115,36,247.86762,8757.648245684211,5920.279824631578,648.6736842105264,188.6947368421054,2000.0,0.9999999999999998
20260115,37,247.86762,8779.800000842104,5929.11579031579,619.1368421052632,231.5473684210526,2000.0,1.0000000000000002
20260115,38,247.86762,8783.652479999999,5924.552479999998,601.8,257.3,2000.0,0.9999999999999998
20260115,39,247.86762,8783.652479999999,5917.168269473682,587.0315789473683,279.4526315789474,2000.0,0.9999999999999998
20260115,40,247.86762,8783.652479999999,5909.784058947368,572.2631578947368,301.6052631578948,2000.0,1.0000000000000002
20260115,41,247.86762,8783.652479999999,5902.399848421052,557.4947368421052,323.757894736842,2000.0,1.0000000000000002
20260115,42,247.6801600000001,8768.24256336842,5854.679405473681,549.1263157894737,364.4368421052633,2000.0,0.9999999999999998
20260115,43,247.6801600000001,8746.090808210527,5789.311860842106,543.5578947368421,413.22105263157897,2000.0,1.0
20260115,44,247.36712,8723.93905305263,5723.944316210527,537.9894736842106,462.0052631578946,2000.0,1.0000000000000002
20260115,45,246.56632,8701.787297894736,5658.576771578943,532.421052631579,510.78947368421075,2000.0,0.9999999999999998
20260115,46,246.56632,8692.1561,5642.608731578946,523.8421052631579,525.7052631578948,2000.0,1.0
20260115,47,246.56632,8692.1561,5664.640310526314,512.9473684210526,514.5684210526316,2000.0,0.9999999999999998
20260115,48,247.36712,8692.1561,5686.671889473684,502.0526315789472,503.43157894736834,2000.0,1.0
20260115,49,247.36712,8692.1561,5708.703468421052,491.1578947368421,492.29473684210535,2000.0,1.0
20260115,50,247.36712,8692.1561,5726.629784210527,483.63157894736844,481.8947368421053,2000.0,1.0
20260115,51,247.36712,8692.1561,5739.219257894737,480.48421052631574,472.4526315789474,2000.0,1.0
20260115,52,247.36712,8692.1561,5751.808731578947,477.33684210526303,463.0105263157895,2000.0,1.0
20260115,53,247.6801600000001,8692.1561,5764.398205263157,474.1894736842106,453.5684210526317,2000.0,1.0
20260115,54,247.6801600000001,8678.672422947366,5768.919791368419,475.021052631579,434.7315789473683,2000.0,1.0
20260115,55,247.6801600000001,8634.368912631578,5755.000491578945,484.94736842105254,394.4210526315789,2000.0,0.9999999999999998
20260115,56,247.36712,8590.06540231579,5741.081191789474,494.8736842105262,354.11052631578957,2000.0,1.0000000000000002
20260115,57,247.36712,8545.761891999999,5727.161891999999,504.8,313.7999999999999,2000.0,1.0
20260115,58,247.36712,8513.015819157894,5727.873713894738,505.08421052631576,280.057894736842,2000.0,1.0000000000000002
20260115,59,247.6801600000001,8535.16757431579,5798.083363789473,459.56842105263166,277.5157894736842,2000.0,0.9999999999999998
20260115,60,247.6801600000001,8557.319329473685,5868.293013684208,414.0526315789472,274.9736842105262,2000.0,0.9999999999999996
20260115,61,247.86762,8579.471084631581,5938.502663578947,368.5368421052631,272.4315789473684,2000.0,0.9999999999999998
20260115,62,248.40816,8605.47531894737,6010.149003157897,326.578947368421,268.7473684210527,2000.0,1.0
20260115,63,248.48096,8716.234094736843,6113.402515789477,362.8947368421054,239.936842105263,2000.0,1.0000000000000002
20260115,64,248.794,8826.992870526317,6216.656028421054,399.2105263157895,211.1263157894737,2000.0,0.9999999999999998
20260115,65,249.5948,8937.751646315788,6319.909541052629,435.5263157894737,182.31578947368422,2000.0,0.9999999999999998
20260115,66,249.84596,9048.510422105264,6423.163053684213,471.84210526315803,153.5052631578946,2000.0,1.0000000000000002
20260115,67,250.2500000000001,9078.367135578948,6484.19871452631,475.4421052631579,118.7263157894739,2000.0,0.9999999999999992
20260115,68,250.70864,9100.518890736843,6541.213627578946,475.92631578947373,83.3789473684211,2000.0,0.9999999999999998
20260115,69,251.51126,9122.670645894736,6598.228540631579,476.4105263157895,48.031578947368295,2000.0,1.0000000000000002
20260115,70,251.6878,9144.822401052632,6655.24345368421,476.89473684210526,12.684210526316,2000.0,1.0
20260115,71,251.82248,9149.637999999999,6696.05905263158,449.52631578947387,4.05263157894737,2000.0,1.0000000000000004
20260115,72,251.82248,9149.637999999999,6732.374842105264,414.42105263157873,2.84210526315789,2000.0,1.0
20260115,73,252.93632,9149.637999999999,6768.690631578948,379.3157894736845,1.631578947368429,2000.0,1.0000000000000002
20260115,74,252.93632,9149.637999999999,6805.0064210526325,344.2105263157895,0.4210526315789487,2000.0,1.0000000000000002
20260115,75,252.93632,9091.850812631577,6768.850812631578,323.0,0.0,2000.0,1.0000000000000002
20260115,76,251.82248,9003.243792,6694.043792000002,309.2000000000001,0.0,2000.0,1.0000000000000002
20260115,77,251.6878,8914.63677136842,6619.236771368421,295.40000000000003,0.0,2000.0,1.0
20260115,78,250.70864,8826.029750736843,6544.42975073684,281.5999999999999,0.0,2000.0,0.9999999999999996
20260115,79,250.2500000000001,8725.865292631577,6450.738976842101,275.1263157894737,0.0,2000.0,0.9999999999999996
20260115,80,249.68944,8615.106516842105,6339.738095789471,275.3684210526316,0.0,2000.0,0.9999999999999998
20260115,81,248.794,8504.34774105263,6228.737214736843,275.61052631578946,0.0,2000.0,1.0000000000000002
20260115,82,248.794,8393.58896526316,6117.736333684211,275.8526315789473,0.0,2000.0,1.0
20260115,83,248.48096,8256.825955157894,5973.531218315792,283.2947368421053,0.0,2000.0,1.0000000000000004
20260115,84,247.6801600000001,8079.611913894736,5777.675071789472,301.9368421052633,0.0,2000.0,0.9999999999999999
20260115,85,246.56632,7902.39787263158,5581.818925263158,320.57894736842087,0.0,2000.0,0.9999999999999999
20260115,86,246.25328,7725.183831368422,5385.96277873684,339.221052631579,0.0,2000.0,0.9999999999999997
20260115,87,245.45248,7536.412352631578,5180.69656315789,355.7157894736843,0.0,2000.0,0.9999999999999996
20260115,88,244.33864,7314.894801052631,4948.768485263156,366.1263157894736,0.0,2000.0,0.9999999999999999
20260115,89,243.2248,7093.377249473684,4716.8404073684205,376.5368421052631,0.0,2000.0,1.0
20260115,90,242.11096,6871.859697894734,4484.912329473683,386.9473684210527,0.0,2000.0,1.0000000000000002
20260115,91,241.0408,6650.34214631579,4253.3947778947395,396.9473684210526,0.0,2000.0,1.0000000000000002
20260115,92,239.88328,6428.824594736841,4024.6140684210536,404.2105263157895,0.0,2000.0,1.0000000000000002
20260115,93,238.76944,6207.307043157894,3795.833358947372,411.47368421052624,0.0,2000.0,1.0000000000000007
20260115,94,235.51528,5985.789491578948,3567.052649473686,418.7368421052631,0.0,2000.0,1.0000000000000002
20260115,95,223.74352,5764.271939999999,3338.271940000002,426.0,0.0,2000.0,1.0000000000000007
20260116,0,235.51528,6007.6523108,3593.652310800002,413.99999999999994,0.0,2000.0,1.0000000000000002
20260116,1,232.414,5920.817430581053,3514.0805884757915,406.7368421052631,0.0,2000.0,1.0000000000000002
20260116,2,231.30016,5833.982550362106,3434.50886615158,399.4736842105263,0.0,2000.0,1.0000000000000002
20260116,3,230.18632,5747.1476701431575,3354.93714382737,392.21052631578954,0.0,2000.0,1.0000000000000004
20260116,4,229.07248,5660.312789924211,3275.365421503161,384.9473684210527,0.0,2000.0,1.0000000000000004
20260116,5,227.95864,5592.355057578948,3210.0392681052663,382.3157894736842,0.0,2000.0,1.0000000000000004
20260116,6,226.8448,5527.228897414737,3146.849950046316,380.378947368421,0.0,2000.0,1.0
20260116,7,853.98584,5472.044321329637,3093.602216066481,378.44210526315794,0.0,2000.0,1.0000000000000002
20260116,8,853.98584,5470.005540166201,3093.5002770083092,376.5052631578947,0.0,2000.0,1.0000000000000004
20260116,9,853.98584,5461.185595567864,3093.059279778393,368.1263157894736,0.0,2000.0,1.0000000000000004
20260116,10,853.98584,5449.972299168974,3092.498614958447,357.4736842105263,0.0,2000.0,0.9999999999999998
20260116,11,853.98584,5438.75900277008,3091.937950138504,346.82105263157894,0.0,2000.0,1.0000000000000004
20260116,12,853.98584,5427.545706371185,3091.3772853185583,336.1684210526316,0.0,2000.0,1.0000000000000009
20260116,13,853.98584,5419.279778393347,3090.963988919666,328.3157894736842,0.0,2000.0,1.0000000000000004
20260116,14,853.98584,5412.908587257612,3090.6454293628803,322.2631578947369,0.0,2000.0,1.0000000000000009
20260116,15,853.98584,5406.537396121879,3090.326869806093,316.2105263157895,0.0,2000.0,1.0000000000000007
20260116,16,853.98584,5400.166204986145,3090.008310249306,310.1578947368421,0.0,2000.0,1.0000000000000004
20260116,17,853.98584,5392.088642659275,3089.6044321329628,302.48421052631585,0.0,2000.0,1.0000000000000007
20260116,18,853.98584,5382.149584487531,3089.107479224376,293.0421052631579,0.0,2000.0,1.0000000000000004
20260116,19,853.98584,5372.210526315788,3088.6105263157892,283.59999999999997,0.0,2000.0,1.0000000000000002
20260116,20,225.73096,5365.829283094737,3091.6713883578973,274.15789473684214,0.0,2000.0,1.0000000000000004
20260116,21,220.48936,5485.699172092632,3221.40443525053,264.2947368421053,0.0,2000.0,1.0000000000000007
20260116,22,238.76944,5789.621252858946,3535.97914759579,253.6421052631579,0.0,2000.0,1.0000000000000002
20260116,23,239.1989600000001,6093.543333625262,3850.553859941053,242.9894736842106,0.0,2000.0,1.0000000000000002
20260116,24,241.0408,6397.4654143915795,4165.128572286317,232.3368421052631,0.0,2000.0,1.0
20260116,25,243.2248,6691.948921221054,4469.501552800001,222.3684210526315,0.0789473684210522,2000.0,1.0
20260116,26,244.72448,6952.4535618778955,4737.148298719999,214.8631578947368,0.4421052631578948,2000.0,0.9999999999999998
20260116,27,246.16228,7212.958202534736,5004.795044639999,207.3578947368421,0.8052631578947376,2000.0,1.0
20260116,28,246.56632,7473.462843191581,5272.441790559997,199.85263157894738,1.168421052631578,2000.0,0.9999999999999994
20260116,29,247.6801600000001,7728.304339486317,5532.341181591579,191.9684210526316,3.9947368421052696,2000.0,0.9999999999999999
20260116,30,248.48096,7923.682819978947,5710.893346294739,180.1052631578947,32.68421052631584,2000.0,1.0000000000000004
20260116,31,249.5948,8119.061300471577,5889.445510997894,168.2421052631579,61.37368421052629,2000.0,1.0000000000000002
20260116,32,250.70864,8314.43978096421,6067.997675701049,156.3789473684211,90.06315789473685,2000.0,0.9999999999999996
20260116,33,251.82248,8509.818261456841,6246.549840404209,144.5157894736842,118.7526315789474,2000.0,0.9999999999999998
20260116,34,251.82248,8539.077840661053,6221.004156450526,137.74736842105258,180.32631578947368,2000.0,0.9999999999999998
20260116,35,251.82248,8560.786560715791,6186.181297557894,131.2105263157895,243.3947368421051,2000.0,0.9999999999999996
20260116,36,251.6878,8582.495280770527,6151.358438665264,124.67368421052629,306.463157894737,2000.0,1.0
20260116,37,251.6878,8604.204000825262,6116.535579772628,118.13684210526321,369.5315789473685,2000.0,0.9999999999999996
20260116,38,250.2500000000001,8607.979430399999,6035.779430399995,158.5999999999999,413.59999999999985,2000.0,0.9999999999999996
20260116,39,249.84596,8607.979430399999,5945.353114610522,208.95789473684218,453.66842105263174,2000.0,0.9999999999999996
20260116,40,248.794,8607.979430399999,5854.926798821049,259.3157894736842,493.7368421052631,2000.0,0.9999999999999996
20260116,41,248.794,8607.979430399999,5764.500483031577,309.6736842105262,533.8052631578946,2000.0,1.0
20260116,42,248.48096,8592.877712101052,5671.267185785264,341.0000000000001,580.6105263157895,2000.0,1.0000000000000002
20260116,43,248.00412,8571.168992046314,5576.805834151578,364.0,630.3631578947368,2000.0,1.0
20260116,44,247.6801600000001,8549.460271991578,5482.344482517895,387.0,680.115789473684,2000.0,1.0
20260116,45,247.36712,8527.75155193684,5387.883130884208,409.99999999999994,729.8684210526317,2000.0,0.9999999999999998
20260116,46,247.36712,8518.312978,5328.74982010526,441.48421052631585,748.078947368421,2000.0,0.9999999999999998
20260116,47,246.56632,8518.312978,5296.791925368418,479.4947368421052,742.0263157894736,2000.0,0.9999999999999996
20260116,48,246.56632,8518.312978,5264.834030631575,517.5052631578949,735.9736842105264,2000.0,0.9999999999999996
20260116,49,246.56632,8518.312978,5232.876135894735,555.5157894736843,729.921052631579,2000.0,0.9999999999999998
20260116,50,246.56632,8518.312978,5226.655083263156,584.4736842105262,707.1842105263161,2000.0,0.9999999999999998
20260116,51,246.56632,8518.312978,5253.891925368417,601.663157894737,662.7578947368419,2000.0,0.9999999999999996
20260116,52,246.56632,8518.312978,5281.128767473681,618.8526315789474,618.3315789473684,2000.0,0.9999999999999998
20260116,53,246.56632,8518.312978,5308.365609578942,636.0421052631577,573.9052631578949,2000.0,0.9999999999999993
20260116,54,247.36712,8505.09897448842,5322.756869225262,645.0526315789473,537.2894736842104,2000.0,1.0
20260116,55,246.56632,8461.681534378946,5307.786797536842,635.3684210526316,518.5263157894738,2000.0,1.0000000000000002
20260116,56,246.56632,8418.264094269472,5292.81672584842,625.6842105263157,499.7631578947368,2000.0,1.0
20260116,57,246.56632,8374.846654159997,5277.846654159996,615.9999999999999,480.9999999999999,2000.0,0.9999999999999998
20260116,58,246.56632,8342.755502774735,5274.1397133010505,608.6736842105262,459.94210526315806,2000.0,1.0
20260116,59,247.36712,8364.46422282947,5323.932643882101,612.5473684210526,427.98421052631585,2000.0,0.9999999999999998
20260116,60,247.36712,8386.172942884212,5373.725574463156,616.4210526315791,396.0263157894737,2000.0,0.9999999999999996
20260116,61,247.6801600000001,8407.881662938946,5423.518505044208,620.2947368421053,364.0684210526315,2000.0,0.9999999999999998
20260116,62,247.6801600000001,8433.365812568421,5478.713180989472,622.863157894737,331.7894736842105,2000.0,0.9999999999999998
20260116,63,248.48096,8541.909412842106,5652.7462549473685,596.7157894736843,292.4473684210525,2000.0,1.0
20260116,64,248.794,8650.45301311579,5826.779328905265,570.5684210526316,253.1052631578947,2000.0,1.0000000000000002
20260116,65,250.2500000000001,8758.996613389476,6000.812402863155,544.4210526315791,213.7631578947369,2000.0,0.9999999999999993
20260116,66,251.6878,8867.540213663158,6174.845476821054,518.2736842105261,174.42105263157882,2000.0,1.0000000000000002
20260116,67,251.82248,8896.79979286737,6197.862950762105,564.6315789473682,134.30526315789498,2000.0,0.9999999999999998
20260116,68,251.82248,8918.508512922106,6206.497986606313,617.8947368421053,94.11578947368427,2000.0,0.9999999999999996
20260116,69,251.82248,8940.217232976842,6215.1330224505255,671.1578947368423,53.926315789473534,2000.0,1.0
20260116,70,251.82248,8961.92595303158,6223.768058294734,724.4210526315786,13.736842105263412,2000.0,0.9999999999999996
20260116,71,251.82248,8966.64524,6241.750503157895,720.842105263158,4.05263157894737,2000.0,1.0000000000000002
20260116,72,252.93632,8966.64524,6262.329450526317,701.4736842105262,2.84210526315789,2000.0,1.0000000000000002
20260116,73,252.93632,8966.64524,6282.908397894736,682.1052631578949,1.631578947368429,2000.0,0.9999999999999998
20260116,74,252.93632,8966.64524,6303.487345263157,662.7368421052631,0.4210526315789487,2000.0,1.0
20260116,75,252.93632,8910.013796378948,6276.750638484208,633.2631578947367,0.0,2000.0,0.9999999999999998
20260116,76,251.82248,8823.178916160003,6224.7789161599985,598.4000000000002,0.0,2000.0,0.9999999999999996
20260116,77,251.6878,8736.34403594105,6172.807193835789,563.5368421052632,0.0,2000.0,1.0000000000000002
20260116,78,251.6878,8649.509155722104,6120.8354715115765,528.6736842105262,0.0,2000.0,0.9999999999999998
20260116,79,250.70864,8551.347986778947,6055.516407831574,495.8315789473686,0.0,2000.0,0.9999999999999996
20260116,80,249.84596,8442.804386505264,5977.962281242107,464.8421052631579,0.0,2000.0,1.0
20260116,81,249.5948,8334.260786231578,5900.408154652632,433.8526315789472,0.0,2000.0,1.0
20260116,82,248.794,8225.717185957896,5822.854028063158,402.863157894737,0.0,2000.0,1.0
20260116,83,248.48096,8091.689436054738,5713.752593949474,377.9368421052632,0.0,2000.0,1.0
20260116,84,248.00412,7918.019675616842,5555.577570353682,362.4421052631578,0.0,2000.0,0.9999999999999998
20260116,85,247.6801600000001,7744.3499151789465,5397.402546757894,346.9473684210526,0.0,2000.0,1.0
20260116,86,246.56632,7570.680154741052,5239.227523162102,331.4526315789474,0.0,2000.0,0.9999999999999997
20260116,87,246.25328,7385.684105578945,5065.684105578945,320.0,0.0,2000.0,1.0
20260116,88,245.45248,7168.596905031579,4848.596905031579,320.0,0.0,2000.0,1.0
20260116,89,245.45248,6951.50970448421,4631.509704484209,320.0,0.0,2000.0,0.9999999999999999
20260116,90,244.33864,6734.422503936841,4414.422503936844,320.0,0.0,2000.0,1.0000000000000004
20260116,91,243.2248,6517.335303389475,4193.2931981263155,324.0421052631578,0.0,2000.0,0.9999999999999999
20260116,92,241.0408,6300.248102842105,3945.2165238947387,355.0315789473685,0.0,2000.0,1.0000000000000002
20260116,93,239.88328,6083.160902294735,3697.139849663156,386.0210526315792,0.0,2000.0,1.0
20260116,94,238.76944,5866.07370174737,3449.0631754315823,417.0105263157893,0.0,2000.0,1.0000000000000002
20260116,95,231.30016,5648.9865012,3200.9865012000027,448.00000000000006,0.0,2000.0,1.0000000000000004
20260117,0,232.414,5885.0471616,3345.0471616000023,540.0,0.0,2000.0,1.0000000000000002
20260117,1,232.414,5799.984421793684,3322.9317902147395,477.0526315789474,0.0,2000.0,1.0000000000000004
20260117,2,231.30016,5714.921681987369,3300.816418829476,414.10526315789485,0.0,2000.0,1.0000000000000002
20260117,3,231.30016,5629.858942181053,3278.7010474442113,351.15789473684214,0.0,2000.0,1.0000000000000002
20260117,4,231.30016,5544.796202374735,3256.585676058949,288.21052631578954,0.0,2000.0,1.0000000000000007
20260117,5,231.30016,5478.225362526317,3250.4358888421075,227.7894736842105,0.0,2000.0,1.0000000000000002
20260117,6,231.30016,5414.428307671578,3246.6809392505284,167.7473684210526,0.0,2000.0,1.0000000000000004
20260117,7,230.18632,5350.631252816843,3242.925989658949,107.7052631578947,0.0,2000.0,1.0000000000000002
20260117,8,230.18632,5286.8341979621055,3239.1710400673687,47.66315789473684,0.0,2000.0,1.0
20260117,9,230.18632,5254.473373035789,3228.1996888252643,26.273684210526323,0.0,2000.0,1.0000000000000004
20260117,10,230.18632,5233.2076880842105,3214.681372294739,18.526315789473692,0.0,2000.0,1.0000000000000004
20260117,11,230.18632,5211.942003132631,3201.1630557642143,10.77894736842106,0.0,2000.0,1.0000000000000009
20260117,12,230.18632,5190.676318181052,3187.644739233686,3.031578947368418,0.0,2000.0,1.0000000000000004
20260117,13,229.07248,5182.3549632,3146.9865421473687,35.36842105263159,0.0,2000.0,1.0
20260117,14,227.95864,5182.3549632,3088.881278989475,93.47368421052629,0.0,2000.0,1.0000000000000002
20260117,15,227.95864,5182.3549632,3030.77601583158,151.5789473684211,0.0,2000.0,1.0000000000000002
20260117,16,226.8448,5182.3549632,2972.670752673685,209.68421052631592,0.0,2000.0,1.0000000000000002
20260117,17,853.98584,5206.81440443213,2930.340720221605,276.4736842105263,0.0,2000.0,1.0000000000000002
20260117,18,853.98584,5287.091412742378,2934.354570637117,352.7368421052633,0.0,2000.0,1.0000000000000004
20260117,19,853.98584,5367.368421052629,2938.3684210526303,428.99999999999983,0.0,2000.0,1.0000000000000002
20260117,20,853.98584,5447.645429362878,2942.3822714681437,505.2631578947368,0.0,2000.0,1.0000000000000004
20260117,21,853.98584,5503.811634349027,2945.1905817174497,558.621052631579,0.0,2000.0,1.0000000000000002
20260117,22,221.6032,5671.465717086315,3102.434138138949,569.0315789473684,0.0,2000.0,1.0000000000000004
20260117,23,238.76944,5969.18530640842,3389.743201145265,579.4421052631579,0.0,2000.0,1.0000000000000004
20260117,24,239.88328,6266.904895730526,3677.0522641515795,589.8526315789474,0.0,2000.0,1.0000000000000002
20260117,25,242.11096,6555.378535073684,3947.6153771789477,607.6315789473684,0.1315789473684204,2000.0,1.0
20260117,26,243.2248,6810.566754492629,4157.893070282104,651.936842105263,0.736842105263158,2000.0,1.0000000000000002
20260117,27,244.72448,7065.754973911579,4368.170763385264,696.2421052631579,1.342105263157896,2000.0,1.0
20260117,28,245.45248,7320.943193330525,4578.448456488421,740.5473684210525,1.947368421052631,2000.0,1.0000000000000002
20260117,29,246.56632,7570.583842762103,4777.915421709473,787.6105263157893,5.057894736842114,2000.0,1.0000000000000002
20260117,30,246.56632,7761.975007326317,4863.869744168423,863.6315789473684,34.473684210526365,2000.0,1.0000000000000002
20260117,31,247.36712,7953.366171890525,4949.824066627366,939.6526315789474,63.88947368421049,2000.0,0.9999999999999999
20260117,32,247.6801600000001,8144.757336454735,5035.778389086316,1015.6736842105261,93.30526315789474,2000.0,1.0000000000000002
20260117,33,248.00412,8336.148501018946,5121.7327115452645,1091.6947368421052,122.721052631579,2000.0,1.0000000000000004
20260117,34,248.00412,8364.810945953686,5136.547788058949,1042.894736842105,185.3684210526315,2000.0,1.0
20260117,35,248.40816,8386.076630905261,5148.12926248421,988.4210526315791,249.52631578947341,2000.0,1.0000000000000002
20260117,36,248.40816,8407.342315856844,5159.710736909475,933.9473684210525,313.6842105263159,2000.0,1.0
20260117,37,248.40816,8428.608000808421,5171.292211334736,879.4736842105262,377.8421052631578,2000.0,1.0
20260117,38,248.00412,8432.306380799999,5092.1063808,901.6,438.59999999999985,2000.0,1.0000000000000002
20260117,39,247.6801600000001,8432.306380799999,4993.811643957894,939.8526315789474,498.6421052631581,2000.0,1.0000000000000002
20260117,40,247.36712,8432.306380799999,4895.51690711579,978.1052631578948,558.6842105263157,2000.0,1.0000000000000002
20260117,41,246.56632,8432.306380799999,4797.222170273685,1016.3578947368419,618.7263157894736,2000.0,1.0000000000000002
20260117,42,246.56632,8417.512860833682,4737.439176623155,1007.284210526316,672.7894736842105,2000.0,1.0
20260117,43,246.25328,8396.247175882105,4694.505070618946,977.5052631578947,724.2368421052631,2000.0,1.0
20260117,44,246.16228,8374.981490930524,4651.570964614736,947.7263157894738,775.6842105263156,2000.0,1.0000000000000002
20260117,45,246.16228,8353.715805978947,4608.636858610525,917.9473684210525,827.1315789473684,2000.0,1.0
20260117,46,245.45248,8344.469856,4579.227750736841,914.442105263158,850.8,2000.0,1.0
20260117,47,245.45248,8344.469856,4560.222487578946,931.1473684210525,853.1,2000.0,1.0
20260117,48,245.45248,8344.469856,4541.2172244210515,947.8526315789475,855.3999999999999,2000.0,1.0
20260117,49,245.45248,8344.469856,4522.211961263156,964.5578947368421,857.7,2000.0,0.9999999999999998
20260117,50,245.45248,8344.469856,4508.996171789472,998.6315789473682,836.842105263158,2000.0,1.0
20260117,51,245.45248,8344.469856,4503.306698105262,1055.284210526316,785.8789473684209,2000.0,1.0
20260117,52,245.45248,8344.469856,4497.617224421052,1111.9368421052632,734.9157894736842,2000.0,1.0
20260117,53,245.45248,8344.469856,4491.9277507368415,1168.58947368421,683.9526315789473,2000.0,1.0
20260117,54,245.13944,8331.525526029473,4472.778157608418,1216.326315789474,642.4210526315787,2000.0,0.9999999999999998
20260117,55,245.13944,8288.994156126315,4422.862577178946,1243.684210526316,622.4473684210526,2000.0,1.0
20260117,56,244.72448,8246.462786223157,4372.946996749472,1271.042105263158,602.4736842105264,2000.0,1.0
20260117,57,244.33864,8203.93141632,4323.031416319999,1298.4,582.4999999999999,2000.0,1.0
20260117,58,244.33864,8172.495186391577,4295.937291654735,1316.452631578947,560.1052631578948,2000.0,1.0000000000000002
20260117,59,244.72448,8193.760871343156,4377.245081869474,1290.305263157895,526.2105263157896,2000.0,1.0000000000000002
20260117,60,245.13944,8215.026556294739,4458.552872084211,1264.1578947368419,492.315789473684,2000.0,0.9999999999999998
20260117,61,245.45248,8236.292241246316,4539.860662298945,1238.010526315789,458.42105263157896,2000.0,0.9999999999999996
20260117,62,246.16228,8261.256306189473,4626.093148294733,1211.736842105263,423.42631578947396,2000.0,0.9999999999999996
20260117,63,246.56632,8367.58473094737,4820.668941473685,1182.6842105263158,364.2315789473683,2000.0,0.9999999999999998
20260117,64,247.6801600000001,8473.913155705264,5015.244734652629,1153.6315789473679,305.03684210526313,2000.0,0.9999999999999996
20260117,65,248.48096,8580.241580463158,5209.820527831579,1124.578947368421,245.842105263158,2000.0,1.0
20260117,66,249.5948,8686.570005221052,5404.3963210105285,1095.526315789474,186.64736842105242,2000.0,1.0000000000000004
20260117,67,249.84596,8715.232450155789,5479.74823962947,1093.0,142.484210526316,2000.0,0.9999999999999996
20260117,68,250.2500000000001,8736.498135107367,5543.745503528418,1093.0,99.75263157894744,2000.0,0.9999999999999998
20260117,69,250.70864,8757.763820058946,5607.7427674273695,1093.0,57.0210526315788,2000.0,1.0000000000000002
20260117,70,251.6878,8779.029505010525,5671.740031326314,1093.0,14.28947368421079,2000.0,1.0
20260117,71,251.6878,8783.652479999999,5702.515637894736,1077.084210526316,4.05263157894737,2000.0,1.0000000000000002
20260117,72,251.82248,8783.652479999999,5724.063006315789,1056.747368421053,2.84210526315789,2000.0,1.0
20260117,73,251.82248,8783.652479999999,5745.610374736841,1036.4105263157899,1.631578947368429,2000.0,1.0
20260117,74,251.82248,8783.652479999999,5767.1577431578935,1016.073684210526,0.4210526315789487,2000.0,1.0
20260117,75,251.82248,8728.176780126314,5711.1241485473665,1017.0526315789481,0.0,2000.0,1.0000000000000002
20260117,76,250.70864,8643.114040319999,5613.714040319999,1029.4,0.0,2000.0,1.0
20260117,77,250.2500000000001,8558.051300513687,5516.303932092629,1041.747368421052,0.0,2000.0,0.9999999999999993
20260117,78,249.5948,8472.98856070737,5418.893823865265,1054.094736842105,0.0,2000.0,1.0
20260117,79,248.794,8376.830680926316,5306.599101978948,1070.231578947368,0.0,2000.0,1.0
20260117,80,248.40816,8270.50225616842,5180.660150905264,1089.842105263158,0.0,2000.0,1.0000000000000002
20260117,81,247.6801600000001,8164.173831410524,5054.721199831577,1109.452631578947,0.0,2000.0,1.0
20260117,82,247.36712,8057.845406652634,4928.782248757895,1129.0631578947368,0.0,2000.0,0.9999999999999998
20260117,83,246.56632,7926.5529169515785,4791.14239063579,1135.410526315789,0.0,2000.0,1.0000000000000002
20260117,84,246.16228,7756.427437338945,4635.301121549471,1121.126315789473,0.0,2000.0,0.9999999999999998
20260117,85,245.45248,7586.301957726318,4479.45985246316,1106.842105263158,0.0,2000.0,1.0000000000000002
20260117,86,246.16228,7416.176478113683,4323.618583376841,1092.557894736842,0.0,2000.0,1.0000000000000002
20260117,87,244.72448,7234.955858526314,4157.440069052629,1077.515789473684,0.0,2000.0,0.9999999999999999
20260117,88,245.45248,7022.299009010527,3961.972693221051,1060.326315789474,0.0,2000.0,0.9999999999999998
20260117,89,244.32044,6809.642159494736,3766.505317389472,1043.136842105263,0.0,2000.0,0.9999999999999999
20260117,90,242.88264,6596.985309978944,3571.0379415578927,1025.947368421052,0.0,2000.0,1.0000000000000002
20260117,91,240.99712,6384.32846046316,3371.0863552000014,1013.242105263158,0.0,2000.0,0.9999999999999999
20260117,92,238.76944,6171.671610947368,3141.240032000002,1030.431578947368,0.0,2000.0,1.0000000000000002
20260117,93,235.51528,5959.014761431579,2911.393708800001,1047.621052631579,0.0,2000.0,1.0000000000000002
20260117,94,233.67344,5746.357911915791,2681.547385600004,1064.810526315789,0.0,2000.0,1.0000000000000002
20260117,95,853.5218357894737,5549.473684210522,2467.473684210525,1082.0,0.0,2000.0,1.0000000000000004
20260118,0,239.1989600000001,5762.4420124,2614.442012400002,1148.0,0.0,2000.0,1.0000000000000004
20260118,1,235.51528,5679.151413006316,2533.572465637897,1145.578947368421,0.0,2000.0,1.0000000000000002
20260118,2,232.414,5595.860813612632,2452.70291887579,1143.157894736842,0.0,2000.0,1.0
20260118,3,231.30016,5512.570214218947,2371.833372113686,1140.736842105263,0.0,2000.0,1.0000000000000004
20260118,4,230.18632,5429.279614825262,2290.96382535158,1138.315789473684,0.0,2000.0,1.0000000000000004
20260118,5,229.07248,5364.095667473684,2217.253562210528,1146.842105263158,0.0,2000.0,1.0000000000000004
20260118,6,227.95864,5301.627717928421,2144.617191612634,1157.01052631579,0.0,2000.0,1.0000000000000007
20260118,7,226.8448,5239.159768383156,2071.980821014737,1167.178947368421,0.0,2000.0,1.0000000000000004
20260118,8,225.73096,5176.691818837894,1999.344450416844,1177.347368421053,0.0,2000.0,1.0000000000000004
20260118,9,853.98584,5164.443213296397,1998.2221606648188,1166.221052631579,0.0,2000.0,1.0000000000000002
20260118,10,853.98584,5144.819944598336,1997.2409972299172,1147.578947368421,0.0,2000.0,1.0000000000000004
20260118,11,853.98584,5125.196675900276,1996.259833795014,1128.9368421052632,0.0,2000.0,1.0000000000000002
20260118,12,853.98584,5105.573407202213,1995.2786703601098,1110.294736842105,0.0,2000.0,1.0000000000000004
20260118,13,853.98584,5099.290858725761,1994.964542936287,1104.326315789474,0.0,2000.0,1.0
20260118,14,853.98584,5101.584487534623,1995.07922437673,1106.5052631578951,0.0,2000.0,1.0000000000000004
20260118,15,853.98584,5103.878116343488,1995.1939058171738,1108.684210526316,0.0,2000.0,1.0000000000000004
20260118,16,853.98584,5106.171745152352,1995.308587257617,1110.863157894737,0.0,2000.0,1.0000000000000004
20260118,17,853.98584,5115.656509695289,1995.782825484764,1119.873684210526,0.0,2000.0,1.0000000000000002
20260118,18,853.98584,5132.986149584483,1996.649307479224,1136.336842105263,0.0,2000.0,1.0000000000000007
20260118,19,853.98584,5150.315789473682,1997.515789473684,1152.8,0.0,2000.0,1.0000000000000004
20260118,20,853.98584,5167.6454293628785,1998.3822714681442,1169.263157894737,0.0,2000.0,1.0000000000000004
20260118,21,195.4152199999999,5261.79308343579,2098.2983465936863,1163.494736842105,0.0,2000.0,1.0000000000000002
20260118,22,246.16228,5553.310181313683,2437.2680760505277,1116.042105263158,0.0,2000.0,1.0000000000000004
20260118,23,247.86762,5844.827279191578,2776.23780550737,1068.58947368421,0.0,2000.0,1.0000000000000002
20260118,24,239.1989600000001,6136.344377069474,3115.2075349642123,1021.136842105263,0.0,2000.0,1.0000000000000002
20260118,25,239.88328,6418.808148926316,3439.202885768421,979.4210526315787,0.1842105263157885,2000.0,1.0
20260118,26,242.11096,6668.679947107368,3709.290473423158,958.3578947368419,1.0315789473684212,2000.0,1.0000000000000002
20260118,27,242.11096,6918.551745288422,3979.3780610778967,937.294736842105,1.878947368421054,2000.0,1.0
20260118,28,243.2248,7168.423543469473,4249.465648732631,916.2315789473685,2.726315789473684,2000.0,1.0000000000000002
20260118,29,244.33864,7412.863346037895,4510.900188143157,896.1789473684212,5.784210526315797,2000.0,0.9999999999999999
20260118,30,245.45248,7600.2671946736855,4681.4777209894755,886.7368421052631,32.05263157894741,2000.0,1.0000000000000002
20260118,31,246.16228,7787.671043309473,4852.05525383579,877.2947368421052,58.321052631578915,2000.0,1.0000000000000002
20260118,32,246.56632,7975.0748919452635,5022.632786682106,867.8526315789472,84.58947368421055,2000.0,0.9999999999999999
20260118,33,247.6801600000001,8162.478740581052,5193.210319528422,858.4105263157896,110.8578947368422,2000.0,1.0000000000000002
20260118,34,247.6801600000001,8190.544051246316,5167.396682825267,857.7684210526317,165.378947368421,2000.0,1.0000000000000004
20260118,35,247.6801600000001,8211.36670109474,5132.656174778948,857.5263157894739,221.1842105263155,2000.0,1.0
20260118,36,247.6801600000001,8232.189350943157,5097.915666732632,857.2842105263156,276.98947368421057,2000.0,1.0
20260118,37,247.6801600000001,8253.012000791578,5063.175158686316,857.0421052631579,332.7947368421052,2000.0,1.0000000000000002
20260118,38,246.56632,8256.6333312,4995.9333312,860.1999999999998,400.49999999999966,2000.0,0.9999999999999998
20260118,39,246.56632,8256.6333312,4921.849120673684,864.0736842105263,470.7105263157895,2000.0,0.9999999999999998
20260118,40,246.16228,8256.6333312,4847.764910147368,867.9473684210525,540.921052631579,2000.0,0.9999999999999998
20260118,41,245.45248,8256.6333312,4773.680699621052,871.8210526315788,611.1315789473683,2000.0,0.9999999999999998
20260118,42,245.45248,8242.148009566314,4730.500641145264,857.5052631578947,654.142105263158,2000.0,1.0000000000000004
20260118,43,245.45248,8221.325359717895,4700.841149191579,835.2315789473683,685.2526315789473,2000.0,1.0
20260118,44,245.45248,8200.502709869472,4671.181657237895,812.957894736842,716.3631578947367,2000.0,1.0000000000000002
20260118,45,244.72448,8179.680060021054,4641.522165284209,790.6842105263156,747.4736842105266,2000.0,0.9999999999999998
20260118,46,244.72448,8170.6267339999995,4637.179365578945,781.5473684210525,751.9,2000.0,0.9999999999999998
20260118,47,244.72448,8170.6267339999995,4652.3109445263135,782.5157894736841,735.8000000000002,2000.0,0.9999999999999998
20260118,48,245.45248,8170.6267339999995,4667.442523473683,783.4842105263158,719.6999999999999,2000.0,0.9999999999999999
20260118,49,245.45248,8170.6267339999995,4682.574102421052,784.4526315789473,703.5999999999999,2000.0,1.0
20260118,50,245.45248,8170.6267339999995,4694.810944526314,790.3684210526316,685.4473684210527,2000.0,0.9999999999999999
20260118,51,245.45248,8170.6267339999995,4703.28462873684,802.7157894736841,664.6263157894737,2000.0,0.9999999999999998
20260118,52,245.45248,8170.6267339999995,4711.758312947367,815.0631578947368,643.8052631578946,2000.0,0.9999999999999999
20260118,53,245.45248,8170.6267339999995,4720.231997157893,827.4105263157894,622.9842105263158,2000.0,0.9999999999999998
20260118,54,245.45248,8157.952077570528,4722.773130202107,833.4947368421053,601.6842105263157,2000.0,1.0
20260118,55,245.45248,8116.306777873683,4711.754146294736,825.2631578947368,579.2894736842106,2000.0,1.0
20260118,56,245.45248,8074.66147817684,4700.735162387369,817.0315789473683,556.8947368421053,2000.0,1.0000000000000002
20260118,57,245.45248,8033.016178479997,4689.716178479997,808.7999999999997,534.5000000000001,2000.0,1.0
20260118,58,245.45248,8002.234870008421,4687.140133166317,806.0,509.0947368421052,2000.0,1.0000000000000002
20260118,59,245.45248,8023.05751985684,4724.668046172631,829.0000000000001,469.3894736842106,2000.0,1.0000000000000002
20260118,60,245.45248,8043.880169705264,4762.195959178946,852.0000000000001,429.6842105263157,2000.0,0.9999999999999998
20260118,61,245.45248,8064.702819553685,4799.72387218526,875.0,389.97894736842096,2000.0,0.9999999999999996
20260118,62,246.16228,8089.146799810527,4845.152062968419,893.8947368421054,350.09999999999997,2000.0,0.9999999999999998
20260118,63,247.6801600000001,8193.260049052631,5064.386364842106,822.4736842105264,306.3999999999999,2000.0,1.0
20260118,64,248.00412,8297.373298294739,5283.62066671579,751.0526315789473,262.7,2000.0,0.9999999999999998
20260118,65,249.68944,8401.486547536842,5502.854968589475,679.6315789473686,219.0,2000.0,1.0
20260118,66,251.6878,8505.599796778944,5722.089270463159,608.2105263157893,175.2999999999999,2000.0,1.0000000000000004
20260118,67,253.33308,8533.665107444209,5796.307212707363,602.6631578947369,134.6947368421055,2000.0,0.9999999999999996
20260118,68,253.52964,8554.487757292633,5856.714073082105,603.3894736842104,94.38421052631585,2000.0,0.9999999999999998
20260118,69,255.37148,8575.310407141054,5917.120933456842,604.1157894736843,54.07368421052618,2000.0,0.9999999999999998
20260118,70,255.1549,8596.133056989474,5977.527793831577,604.8421052631579,13.763157894737098,2000.0,0.9999999999999996
20260118,71,253.52964,8600.65972,5968.870246315788,627.7368421052631,4.05263157894737,2000.0,1.0
20260118,72,253.52964,8600.65972,5941.02814105263,656.7894736842106,2.84210526315789,2000.0,1.0
20260118,73,253.33308,8600.65972,5913.186035789473,685.8421052631577,1.631578947368429,2000.0,1.0
20260118,74,253.33308,8600.65972,5885.343930526317,714.8947368421052,0.4210526315789487,2000.0,1.0000000000000002
20260118,75,251.6878,8546.339763873684,5833.3397638736815,712.9999999999999,0.0,2000.0,0.9999999999999998
20260118,76,251.51126,8463.049164480002,5768.44916448,694.6000000000003,0.0,2000.0,0.9999999999999998
20260118,77,249.84596,8379.758565086315,5703.558565086317,676.1999999999999,0.0,2000.0,1.0000000000000002
20260118,78,249.68944,8296.46796569263,5638.667965692632,657.8000000000001,0.0,2000.0,1.0000000000000002
20260118,79,248.794,8202.313375073683,5535.881796126317,666.4315789473682,0.0,2000.0,1.0000000000000002
20260118,80,248.00412,8098.2001258315795,5398.358020568423,699.8421052631579,0.0,2000.0,1.0000000000000002
20260118,81,247.6801600000001,7994.086876589472,5260.834245010524,733.2526315789476,0.0,2000.0,0.9999999999999999
20260118,82,247.86762,7889.973627347371,5123.310469452634,766.6631578947365,0.0,2000.0,0.9999999999999999
20260118,83,247.6801600000001,7761.41639784842,4959.637450479998,801.7789473684211,0.0,2000.0,0.9999999999999999
20260118,84,246.56632,7594.835199061052,4755.287830639999,839.5473684210529,0.0,2000.0,1.0
20260118,85,245.45248,7428.254000273687,4550.938210799999,877.3157894736837,0.0,2000.0,0.9999999999999993
20260118,86,244.33864,7261.672801486317,4346.588590959999,915.084210526316,0.0,2000.0,0.9999999999999998
20260118,87,243.2248,7084.227611473685,4145.080243052631,939.1473684210528,0.0,2000.0,0.9999999999999998
20260118,88,242.11096,6876.001112989475,3951.622165621053,924.3789473684211,0.0,2000.0,1.0
20260118,89,240.99712,6667.774614505262,3758.164088189474,909.6105263157897,0.0,2000.0,1.0000000000000002
20260118,90,239.88328,6459.548116021053,3564.7060107578936,894.8421052631579,0.0,2000.0,0.9999999999999997
20260118,91,239.88328,6251.3216175368425,3369.1637228,882.1578947368421,0.0,2000.0,0.9999999999999999
20260118,92,239.88328,6043.095119052632,3159.7266980000013,883.3684210526317,0.0,2000.0,1.0000000000000002
20260118,93,239.88328,5834.868620568421,2950.2896731999977,884.5789473684212,0.0,2000.0,0.9999999999999997
20260118,94,239.88328,5626.642122084213,2740.852648400001,885.7894736842105,0.0,2000.0,0.9999999999999997
20260118,95,240.99712,5418.415623599999,2531.4156236,887.0000000000001,0.0,2000.0,1.0000000000000002
20260119,0,235.51528,5495.272582799999,2685.272582800002,810.0,0.0,2000.0,1.0000000000000004
20260119,1,233.67344,5392.931473970526,2610.773579233686,782.1578947368422,0.0,2000.0,1.0000000000000004
20260119,2,231.30016,5290.590365141054,2536.274575667371,754.3157894736842,0.0,2000.0,1.0000000000000004
20260119,3,230.18632,5188.249256311579,2461.775572101054,726.4736842105264,0.0,2000.0,1.0000000000000002
20260119,4,229.07248,5085.908147482105,2387.276568534738,698.6315789473684,0.0,2000.0,1.0000000000000004
20260119,5,229.07248,5013.231128168421,2324.7574439578957,688.4736842105262,0.0,2000.0,1.0000000000000002
20260119,6,227.95864,4945.003722282106,2264.035301229476,680.9684210526316,0.0,2000.0,1.0000000000000004
20260119,7,226.8448,4876.776316395789,2203.313158501055,673.4631578947368,0.0,2000.0,1.0000000000000007
20260119,8,225.73096,4808.548910509472,2142.591015772632,665.9578947368423,0.0,2000.0,1.0000000000000007
20260119,9,853.98584,4787.279778393349,2129.363988919667,657.9157894736842,0.0,2000.0,1.0000000000000004
20260119,10,853.98584,4778.614958448749,2128.930747922436,649.6842105263158,0.0,2000.0,1.0000000000000007
20260119,11,853.98584,4769.950138504152,2128.497506925207,641.4526315789475,0.0,2000.0,1.0000000000000007
20260119,12,853.98584,4761.285318559552,2128.064265927977,633.221052631579,0.0,2000.0,1.0000000000000007
20260119,13,853.98584,4730.74792243767,2126.537396121883,604.2105263157896,0.0,2000.0,1.0000000000000007
20260119,14,853.98584,4686.149584487533,2124.3074792243783,561.8421052631579,0.0,2000.0,1.0000000000000007
20260119,15,853.98584,4641.551246537394,2122.077562326869,519.4736842105262,0.0,2000.0,1.0000000000000004
20260119,16,853.98584,4596.9529085872555,2119.847645429362,477.10526315789474,0.0,2000.0,1.0000000000000002
20260119,17,853.98584,4560.520775623266,2118.0260387811627,442.4947368421052,0.0,2000.0,1.0000000000000007
20260119,18,225.73096,4534.156082488421,2117.808714067372,416.34736842105264,0.0,2000.0,1.0000000000000009
20260119,19,225.73096,4551.212933959999,2161.012933960001,390.2,0.0,2000.0,1.0000000000000007
20260119,20,226.8448,4568.2697854315775,2204.217153852634,364.05263157894734,0.0,2000.0,1.0000000000000009
20260119,21,226.8448,4585.326636903159,2239.758215850528,345.5684210526316,0.0,2000.0,1.0
20260119,22,227.95864,4602.383488374737,2260.930856795791,341.45263157894743,0.0,2000.0,1.0000000000000004
20260119,23,227.95864,4619.440339846317,2282.103497741055,337.3368421052632,0.0,2000.0,1.0000000000000002
20260119,24,227.95864,4636.497191317895,2303.276138686317,333.22105263157897,0.0,2000.0,1.0000000000000002
20260119,25,229.07248,4664.678076357895,2333.046497410527,331.4736842105263,0.1578947368421044,2000.0,1.0
20260119,26,229.07248,4732.90548224421,2393.7686401389483,338.2526315789474,0.8842105263157894,2000.0,1.0000000000000002
20260119,27,230.18632,4801.132888130525,2454.490782867369,345.0315789473684,1.610526315789474,2000.0,1.0000000000000004
20260119,28,231.30016,4869.360294016843,2515.212925595791,351.8105263157895,2.336842105263157,2000.0,1.0000000000000002
20260119,29,232.414,4946.486926757893,2582.592189915788,358.5894736842105,5.3052631578947445,2000.0,1.0
20260119,30,238.61656,5117.055441473685,2719.871230947371,365.3684210526316,31.815789473684248,2000.0,1.0000000000000004
20260119,31,239.88328,5287.623956189472,2857.150271978946,372.1473684210526,58.32631578947366,2000.0,1.0000000000000002
20260119,32,242.88264,5458.192470905265,2994.429313010528,378.9263157894737,84.83684210526319,2000.0,1.0000000000000002
20260119,33,244.33864,5628.760985621052,3131.708354042107,385.7052631578947,111.3473684210527,2000.0,1.0000000000000004
20260119,34,245.45248,5766.699001869474,3204.630580816845,389.7052631578947,172.3631578947368,2000.0,1.0000000000000004
20260119,35,246.16228,5903.153813642104,3274.627497852632,393.578947368421,234.9473684210524,2000.0,1.0000000000000002
20260119,36,246.56632,6039.608625414738,3344.624414888424,397.45263157894743,297.5315789473686,2000.0,1.0000000000000002
20260119,37,247.6801600000001,6176.063437187369,3414.6213319242106,401.32631578947365,360.11578947368406,2000.0,0.9999999999999999
20260119,38,246.56632,6227.975593840001,3353.575593840003,450.1999999999999,424.19999999999993,2000.0,1.0000000000000002
20260119,39,246.16228,6262.089296783159,3264.9419283621055,508.5473684210528,488.6000000000002,2000.0,1.0
20260119,40,244.72448,6296.202999726316,3176.308262884212,566.8947368421052,552.9999999999999,2000.0,1.0000000000000002
20260119,41,244.32044,6330.316702669474,3087.674597406315,625.2421052631577,617.3999999999999,2000.0,0.9999999999999999
20260119,42,243.2248,6352.564769806317,3030.12266454316,668.6000000000001,653.8421052631579,2000.0,1.0000000000000002
20260119,43,242.88264,6369.6216212778945,2986.168989698948,705.4000000000001,678.0526315789475,2000.0,1.0000000000000002
20260119,44,242.11096,6386.678472749474,2942.215314854735,742.2,702.2631578947369,2000.0,0.9999999999999996
20260119,45,241.0408,6403.735324221051,2898.261640010525,779.0000000000001,726.4736842105265,2000.0,1.0
20260119,46,240.99712,6401.510517507367,2875.5315701389472,793.4947368421053,732.4842105263158,2000.0,1.0000000000000002
20260119,47,240.99712,6384.45366603579,2869.127350246315,790.8315789473685,724.4947368421052,2000.0,0.9999999999999999
20260119,48,240.99712,6367.39681456421,2862.7231303536832,788.1684210526317,716.5052631578948,2000.0,1.0
20260119,49,239.88328,6350.339963092631,2856.318910461053,785.5052631578947,708.5157894736842,2000.0,1.0000000000000002
20260119,50,240.99712,6325.867089242105,2859.077615557896,770.3157894736844,696.4736842105265,2000.0,1.0000000000000002
20260119,51,240.99712,6291.753386298948,2873.748123141053,738.8421052631577,679.163157894737,2000.0,1.0
20260119,52,240.99712,6257.639683355788,2888.41863072421,707.3684210526316,661.8526315789475,2000.0,1.0000000000000002
20260119,53,241.0408,6223.525980412633,2903.08913830737,675.8947368421053,644.542105263158,2000.0,1.0000000000000002
20260119,54,241.0408,6194.603493134738,2923.798229976844,647.0,623.8052631578945,2000.0,1.0000000000000002
20260119,55,242.11096,6177.546641663157,2958.309799557895,624.0,595.2368421052632,2000.0,1.0000000000000002
20260119,56,242.88264,6160.489790191577,2992.821369138947,601.0000000000001,566.6684210526316,2000.0,1.0000000000000002
20260119,57,243.2248,6143.4329387200005,3027.33293872,577.9999999999999,538.0999999999999,2000.0,0.9999999999999999
20260119,58,243.2248,6129.342496200001,3046.895127778947,573.1894736842106,509.2578947368422,2000.0,0.9999999999999999
20260119,59,242.88264,6129.342496200001,2995.4477593578963,654.778947368421,479.1157894736843,2000.0,1.0000000000000002
20260119,60,242.11096,6129.342496200001,2944.000390936842,736.3684210526319,448.9736842105262,2000.0,0.9999999999999999
20260119,61,240.99712,6129.342496200001,2892.553022515789,817.9578947368423,418.8315789473685,2000.0,0.9999999999999999
20260119,62,239.88328,6132.308905151579,2846.59837883579,898.063157894737,387.6473684210528,2000.0,1.0000000000000002
20260119,63,241.0408,6200.536311037895,2921.4836794589482,945.5157894736844,333.5368421052631,2000.0,1.0000000000000002
20260119,64,242.88264,6268.76371692421,2996.368980082106,992.9684210526318,279.42631578947356,2000.0,1.0000000000000002
20260119,65,244.32044,6336.9911228105275,3071.2542807052628,1040.421052631579,225.3157894736843,2000.0,0.9999999999999997
20260119,66,244.33864,6405.218528696842,3146.1395813284207,1087.873684210527,171.2052631578946,2000.0,1.0
20260119,67,246.16228,6551.314169562103,3278.5562748252623,1139.747368421052,133.0105263157897,2000.0,1.0
20260119,68,247.6801600000001,6704.825832806316,3416.452148595791,1192.042105263158,96.33157894736847,2000.0,1.0000000000000002
20260119,69,248.40816,6858.337496050528,3554.348022366317,1244.336842105263,59.65263157894722,2000.0,0.9999999999999999
20260119,70,249.84596,7011.849159294738,3692.2438961368393,1296.6315789473679,22.973684210526528,2000.0,0.9999999999999994
20260119,71,250.2500000000001,7031.872419717895,3720.051367086313,1299.663157894737,12.15789473684211,2000.0,0.9999999999999997
20260119,72,250.2500000000001,7014.815568246317,3717.278726141052,1289.01052631579,8.52631578947367,2000.0,0.9999999999999999
20260119,73,250.2500000000001,6997.758716774737,3714.506085195789,1278.3578947368421,4.894736842105286,2000.0,0.9999999999999999
20260119,74,250.2500000000001,6980.701865303156,3711.733444250524,1267.7052631578952,1.263157894736846,2000.0,0.9999999999999999
20260119,75,249.84596,6952.520980263158,3693.5736118421046,1258.947368421053,0.0,2000.0,1.0
20260119,76,249.84596,6918.407277320001,3667.2072773200007,1251.2,0.0,2000.0,0.9999999999999999
20260119,77,249.84596,6884.293574376844,3640.840942797898,1243.452631578947,0.0,2000.0,1.0000000000000002
20260119,78,249.68944,6850.179871433683,3614.4746082757897,1235.705263157895,0.0,2000.0,1.0000000000000002
20260119,79,248.794,6807.166941635789,3580.724836372633,1226.442105263158,0.0,2000.0,1.0000000000000002
20260119,80,248.40816,6755.996387221052,3540.2069135368442,1215.7894736842109,0.0,2000.0,1.0000000000000004
20260119,81,248.00412,6704.825832806316,3499.688990701054,1205.136842105263,0.0,2000.0,1.0000000000000002
20260119,82,248.00412,6653.6552783915795,3459.1710678652616,1194.484210526316,0.0,2000.0,0.9999999999999998
20260119,83,247.86762,6609.159144117892,3436.032828328421,1173.126315789474,0.0,2000.0,1.0000000000000004
20260119,84,247.86762,6575.045441174737,3439.929651701054,1135.115789473684,0.0,2000.0,1.0000000000000002
20260119,85,247.86762,6540.931738231579,3443.826475073685,1097.105263157895,0.0,2000.0,1.0000000000000002
20260119,86,247.86762,6506.81803528842,3447.723298446317,1059.094736842105,0.0,2000.0,1.0000000000000002
20260119,87,247.86762,6459.355492063158,3425.260755221053,1034.094736842105,0.0,2000.0,1.0
20260119,88,246.56632,6374.071234705264,3328.1133399684236,1045.957894736842,0.0,2000.0,1.0000000000000002
20260119,89,245.45248,6288.7869773473685,3230.96592471579,1057.821052631579,0.0,2000.0,1.0000000000000002
20260119,90,244.33864,6203.502719989473,3133.818509463158,1069.684210526316,0.0,2000.0,1.0000000000000002
20260119,91,243.2248,6115.993655917896,3034.793655917896,1081.2,0.0,2000.0,1.0
20260119,92,241.0408,6013.652547088421,2923.252547088422,1090.4,0.0,2000.0,1.0000000000000002
20260119,93,239.1989600000001,5911.311438258948,2811.711438258947,1099.6000000000001,0.0,2000.0,0.9999999999999999
20260119,94,238.61656,5808.970329429476,2700.170329429475,1108.8,0.0,2000.0,0.9999999999999999
20260119,95,232.414,5706.629220599999,2588.629220600002,1118.0,0.0,2000.0,1.0000000000000004
20260120,0,244.72448,5352.538229999999,2038.5382299999999,1314.0,0.0,2000.0,1.0000000000000002
20260120,1,246.56632,5252.855331789475,1895.276384421054,1357.578947368421,0.0,2000.0,1.0
20260120,2,244.32044,5153.172433578948,1752.014538842106,1401.157894736842,0.0,2000.0,1.0
20260120,3,854.88856,5141.828254847643,1697.091412742382,1444.736842105263,0.0,2000.0,1.0000000000000004
20260120,4,854.88856,5187.700831024931,1699.385041551247,1488.315789473684,0.0,2000.0,1.0
20260120,5,854.88856,5212.742382271467,1700.6371191135731,1512.105263157895,0.0,2000.0,1.0000000000000002
20260120,6,854.88856,5234.6592797783915,1701.732963988919,1532.926315789474,0.0,2000.0,1.0000000000000004
20260120,7,854.88856,5256.576177285319,1702.8288088642662,1553.7473684210531,0.0,2000.0,1.0
20260120,8,854.88856,5278.4930747922435,1703.924653739612,1574.568421052632,0.0,2000.0,1.0000000000000002
20260120,9,854.88856,5241.074792243766,1702.053739612188,1539.021052631579,0.0,2000.0,1.0000000000000004
20260120,10,854.88856,5182.714681440443,1699.135734072021,1483.578947368421,0.0,2000.0,0.9999999999999998
20260120,11,854.88856,5124.354570637117,1696.217728531856,1428.136842105263,0.0,2000.0,1.0000000000000004
20260120,12,854.88856,5065.994459833793,1693.29972299169,1372.694736842105,0.0,2000.0,1.0000000000000004
20260120,13,854.88856,5010.271468144043,1690.513573407203,1319.757894736842,0.0,2000.0,1.0000000000000004
20260120,14,854.88856,4956.243767313019,1687.812188365651,1268.431578947368,0.0,2000.0,1.0
20260120,15,854.88856,4902.216066481995,1685.1108033241,1217.105263157895,0.0,2000.0,1.0
20260120,16,854.88856,4848.188365650969,1682.409418282549,1165.7789473684209,0.0,2000.0,1.0000000000000002
20260120,17,854.88856,4794.526315789472,1679.726315789473,1114.8,0.0,2000.0,1.0000000000000002
20260120,18,854.88856,4741.263157894737,1677.063157894737,1064.2,0.0,2000.0,1.0
20260120,19,854.88856,4687.999999999999,1674.4,1013.5999999999999,0.0,2000.0,1.0000000000000002
20260120,20,854.88856,4634.736842105262,1671.736842105264,963.0000000000001,0.0,2000.0,1.0000000000000004
20260120,21,854.88856,4595.922437673129,1669.796121883656,926.1263157894737,0.0,2000.0,1.0000000000000002
20260120,22,854.88856,4584.199445983378,1669.2099722991688,914.9894736842103,0.0,2000.0,1.0000000000000002
20260120,23,854.88856,4572.476454293627,1668.623822714682,903.8526315789474,0.0,2000.0,1.0000000000000007
20260120,24,854.88856,4560.753462603877,1668.037673130194,892.7157894736843,0.0,2000.0,1.0000000000000002
20260120,25,854.88856,4554.95844875346,1667.747922437673,887.0526315789473,0.1578947368421044,2000.0,1.0000000000000007
20260120,26,244.32044,4609.972872315789,1707.993924947369,901.0947368421054,0.8842105263157894,2000.0,1.0000000000000002
20260120,27,244.32044,4676.428137789474,1759.680769368421,915.1368421052632,1.610526315789474,2000.0,1.0
20260120,28,244.72448,4742.883403263158,1811.367613789475,929.178947368421,2.336842105263157,2000.0,1.0000000000000002
20260120,29,246.16228,4818.006746842105,1872.985694210525,939.5157894736842,5.505263157894745,2000.0,0.9999999999999998
20260120,30,246.16228,4984.1449105263155,2038.8817526315802,910.9473684210527,34.31578947368426,2000.0,1.0000000000000004
20260120,31,239.603,5150.283074210527,2204.777811052633,882.3789473684211,63.126315789473665,2000.0,1.0
20260120,32,241.0408,5316.421237894739,2370.673869473686,853.8105263157894,91.93684210526317,2000.0,1.0
20260120,33,239.1989600000001,5482.5594015789475,2536.569927894739,825.2421052631579,120.7473684210527,2000.0,1.0000000000000004
20260120,34,237.35712,5616.914612210527,2669.525138526319,761.4736842105265,185.91578947368419,2000.0,1.0000000000000007
20260120,35,242.3002400000001,5749.825143157896,2800.983037894738,696.1052631578951,252.7368421052629,2000.0,1.0
20260120,36,232.414,5882.7356741052645,2932.4409372631612,630.7368421052631,319.5578947368423,2000.0,1.0000000000000002
20260120,37,239.1989600000001,6015.646205052631,3063.898836631581,565.3684210526318,386.3789473684209,2000.0,1.0000000000000004
20260120,38,239.1989600000001,6066.209993999998,3084.209994000001,524.2,457.79999999999967,2000.0,1.0000000000000004
20260120,39,239.1989600000001,6099.4376267368425,3081.121837263159,488.1263157894736,530.1894736842107,2000.0,1.0000000000000002
20260120,40,239.1989600000001,6132.665259473684,3078.033680526317,452.0526315789473,602.578947368421,2000.0,1.0000000000000002
20260120,41,239.1989600000001,6165.892892210527,3074.945523789475,415.9789473684212,674.9684210526315,2000.0,1.0000000000000002
20260120,42,239.88328,6187.563087473684,3107.7104558947367,361.5473684210524,718.3052631578948,2000.0,0.9999999999999999
20260120,43,240.99712,6204.176903842106,3156.161114368422,299.0842105263158,748.9315789473683,2000.0,1.0
20260120,44,241.0408,6220.790720210524,3204.6117728421073,236.62105263157912,779.5578947368421,2000.0,1.0000000000000007
20260120,45,242.88264,6237.404536578947,3253.0624313157923,174.15789473684188,810.184210526316,2000.0,1.0000000000000007
20260120,46,242.88264,6235.237517052631,3257.553306526317,167.38947368421051,810.2947368421054,2000.0,1.0000000000000002
20260120,47,242.11096,6218.623700684212,3228.228963842106,203.4631578947367,786.9315789473686,2000.0,0.9999999999999999
20260120,48,241.0408,6202.00988431579,3198.9046211578957,239.5368421052632,763.5684210526317,2000.0,1.0
20260120,49,241.0408,6185.396067947368,3169.580278473686,275.61052631578946,740.2052631578948,2000.0,1.0000000000000004
20260120,50,239.88328,6161.558853157895,3106.295695263158,330.736842105263,724.5263157894738,2000.0,0.9999999999999999
20260120,51,238.61656,6128.331220421053,2998.862799368423,410.63157894736867,718.836842105263,2000.0,1.0000000000000002
20260120,52,232.414,6095.10358768421,2891.429903473686,490.5263157894736,713.1473684210528,2000.0,1.0000000000000004
20260120,53,231.30016,6061.875954947369,2783.9970075789493,570.4210526315787,707.457894736842,2000.0,1.0000000000000002
20260120,54,230.18632,6033.704701105264,2707.852069526319,625.5578947368421,700.2947368421052,2000.0,1.0000000000000004
20260120,55,230.18632,6017.090884736843,2703.2224636842143,624.1052631578947,689.7631578947368,2000.0,1.0000000000000004
20260120,56,230.18632,6000.477068368421,2698.592857842107,622.6526315789473,679.2315789473683,2000.0,1.0000000000000002
20260120,57,230.18632,5983.863252,2693.963252000004,621.1999999999999,668.6999999999999,2000.0,1.0000000000000007
20260120,58,230.18632,5970.138795,2709.97037394737,605.3473684210527,654.8210526315788,2000.0,1.0000000000000002
20260120,59,232.414,5970.138795,2824.001952894739,521.0947368421056,625.042105263158,2000.0,1.0000000000000004
20260120,60,235.51528,5970.138795,2938.033531842107,436.8421052631577,595.2631578947368,2000.0,1.0000000000000002
20260120,61,239.1989600000001,5970.138795,3052.065110789475,352.58947368421053,565.4842105263158,2000.0,1.0000000000000002
20260120,62,241.0408,5973.028154368422,3167.675522789476,270.8842105263159,534.4684210526318,2000.0,1.0000000000000002
20260120,63,243.2248,6039.483419842106,3318.020261947371,245.22105263157877,476.2421052631577,2000.0,1.0000000000000002
20260120,64,244.72448,6105.93868531579,3468.3650011052664,219.5578947368421,418.01578947368415,2000.0,1.0000000000000004
20260120,65,246.56632,6172.393950789474,3618.709740263158,193.8947368421053,359.78947368421063,2000.0,1.0
20260120,66,248.00412,6238.849216263159,3769.0544794210555,168.23157894736832,301.5631578947366,2000.0,1.0000000000000002
20260120,67,248.794,6381.150165157895,4003.202796736841,135.9368421052634,242.0105263157899,2000.0,1.0
20260120,68,251.51126,6530.6745124736835,4245.332407210524,103.0105263157895,182.33157894736848,2000.0,0.9999999999999997
20260120,69,253.981,6680.198859789473,4487.462017684209,70.08421052631569,122.6526315789472,2000.0,0.9999999999999998
20260120,70,257.21332,6829.723207105262,4729.591628157889,37.1578947368423,62.97368421052669,2000.0,0.9999999999999994
20260120,71,258.622,6849.226382842103,4780.026382842102,28.673684210526318,40.5263157894737,2000.0,0.9999999999999999
20260120,72,258.622,6832.612566473684,4777.212566473682,26.978947368421053,28.421052631578902,2000.0,0.9999999999999999
20260120,73,258.622,6815.998750105263,4774.398750105261,25.284210526315796,16.31578947368429,2000.0,0.9999999999999998
20260120,74,258.622,6799.384933736842,4771.584933736839,23.589473684210528,4.210526315789487,2000.0,0.9999999999999994
20260120,75,257.21332,6771.936019736841,4749.725493421051,22.21052631578947,0.0,2000.0,0.9999999999999999
20260120,76,257.21332,6738.708387,4717.708386999997,21.00000000000001,0.0,2000.0,0.9999999999999996
20260120,77,256.97672,6705.480754263156,4685.691280578946,19.789473684210527,0.0,2000.0,1.0000000000000002
20260120,78,256.97672,6672.253121526313,4653.674174157891,18.57894736842105,0.0,2000.0,0.9999999999999998
20260120,79,255.37148,6630.357410684212,4611.725831736841,18.63157894736841,0.0,2000.0,0.9999999999999998
20260120,80,255.1549,6580.515961578948,4560.673856315789,19.84210526315789,0.0,2000.0,0.9999999999999998
20260120,81,255.1549,6530.674512473685,4509.621880894732,21.05263157894737,0.0,2000.0,0.9999999999999991
20260120,82,253.52964,6480.833063368422,4458.569905473682,22.26315789473683,0.0,2000.0,0.9999999999999996
20260120,83,253.33308,6437.492672842106,4411.650567578947,25.8421052631579,0.0,2000.0,0.9999999999999997
20260120,84,253.33308,6404.265040105262,4371.159776947367,33.10526315789477,0.0,2000.0,1.0
20260120,85,251.6878,6371.037407368421,4330.66898631579,40.36842105263155,0.0,2000.0,1.0000000000000002
20260120,86,251.6878,6337.809774631579,4290.17819568421,47.6315789473684,0.0,2000.0,0.9999999999999999
20260120,87,251.51126,6291.5800247368425,4229.990551052632,61.58947368421066,0.0,2000.0,1.0000000000000002
20260120,88,249.84596,6208.510942894738,4113.995153421057,94.51578947368404,0.0,2000.0,1.0000000000000004
20260120,89,248.794,6125.441861052633,3997.9997557894776,127.44210526315788,0.0,2000.0,1.0000000000000004
20260120,90,248.00412,6042.3727792105265,3882.0043581578957,160.3684210526317,0.0,2000.0,1.0000000000000002
20260120,91,247.86762,5957.136677842107,3767.757730473687,189.378947368421,0.0,2000.0,1.0000000000000002
20260120,92,247.86762,5857.453779631579,3665.1695691052673,192.2842105263158,0.0,2000.0,1.0000000000000007
20260120,93,247.86762,5757.770881421052,3562.5814077368454,195.1894736842105,0.0,2000.0,1.0000000000000009
20260120,94,247.86762,5658.087983210529,3459.993246368423,198.0947368421052,0.0,2000.0,0.9999999999999999
20260120,95,246.56632,5558.405084999999,3357.405085,200.99999999999997,0.0,2000.0,1.0000000000000002
20260121,0,242.11096,5415.433133400002,3248.4331334,167.0,0.0,2000.0,0.9999999999999997
20260121,1,241.0408,5337.158216153684,3183.474005627371,153.6842105263158,0.0,2000.0,1.0000000000000004
20260121,2,240.99712,5258.883298907368,3118.5148778547377,140.36842105263162,0.0,2000.0,1.0000000000000002
20260121,3,239.88328,5180.608381661051,3053.555750082105,127.0526315789474,0.0,2000.0,1.0000000000000004
20260121,4,239.1989600000001,5102.333464414738,2988.5966223094742,113.73684210526321,0.0,2000.0,1.0
20260121,5,238.61656,5041.074833526316,2872.022201947371,169.0526315789474,0.0,2000.0,1.0000000000000004
20260121,6,232.414,4982.3686455915795,2747.705487696843,234.6631578947369,0.0,2000.0,1.0
20260121,7,231.30016,4923.662457656842,2623.3887734463187,300.2736842105263,0.0,2000.0,1.0000000000000004
20260121,8,229.07248,4864.956269722105,2499.072059195791,365.8842105263158,0.0,2000.0,1.0000000000000002
20260121,9,227.95864,4835.1777685957895,2421.040926490528,414.13684210526327,0.0,2000.0,1.0000000000000004
20260121,10,226.8448,4815.609039284211,2359.345881389476,456.2631578947369,0.0,2000.0,1.0000000000000004
20260121,11,225.73096,4796.040309972632,2297.650836288422,498.38947368421043,0.0,2000.0,1.0
20260121,12,853.98584,4821.595567867032,2281.079778393351,540.5157894736843,0.0,2000.0,1.0000000000000007
20260121,13,853.98584,4845.307479224375,2282.2653739612188,563.042105263158,0.0,2000.0,1.0000000000000004
20260121,14,853.98584,4855.756232686979,2282.787811634349,572.9684210526316,0.0,2000.0,1.0000000000000004
20260121,15,853.98584,4866.204986149583,2283.3102493074803,582.8947368421053,0.0,2000.0,1.0000000000000004
20260121,16,853.98584,4876.653739612187,2283.83268698061,592.8210526315788,0.0,2000.0,1.0000000000000007
20260121,17,853.98584,4895.512465373959,2284.775623268697,610.7368421052631,0.0,2000.0,1.0000000000000004
20260121,18,853.98584,4923.545706371187,2286.1772853185594,637.3684210526317,0.0,2000.0,1.0000000000000007
20260121,19,853.98584,4951.578947368418,2287.57894736842,664.0,0.0,2000.0,1.0000000000000004
20260121,20,853.98584,4979.612188365649,2288.980609418282,690.6315789473684,0.0,2000.0,1.0000000000000004
20260121,21,853.98584,5021.385041551243,2291.069252077561,730.3157894736844,0.0,2000.0,1.0000000000000004
20260121,22,224.47152,5218.895025966313,2424.4213417557908,794.4736842105262,0.0,2000.0,1.0000000000000007
20260121,23,233.67344,5492.857236328421,2634.225657381054,858.6315789473686,0.0,2000.0,1.0000000000000002
20260121,24,235.51528,5766.819446690526,2844.029973006317,922.7894736842106,0.0,2000.0,1.0000000000000002
20260121,25,235.51528,6032.273513873683,3059.5893033473712,972.578947368421,0.1052631578947363,2000.0,1.0000000000000004
20260121,26,234.8309600000001,6267.098265612632,3295.8666866652648,970.6421052631578,0.5894736842105265,2000.0,1.0000000000000002
20260121,27,239.88328,6501.92301735158,3532.1440699831596,968.7052631578947,1.073684210526316,2000.0,1.0000000000000002
20260121,28,240.99712,6736.747769090526,3768.421453301053,966.7684210526315,1.557894736842105,2000.0,1.0000000000000002
20260121,29,242.11096,6966.467634922105,3998.8781612378943,964.663157894737,2.926315789473687,2000.0,1.0
20260121,30,243.2248,7142.586198726319,4168.217777673685,960.7894736842105,13.57894736842107,2000.0,0.9999999999999998
20260121,31,244.33864,7318.704762530527,4337.557394109475,956.9157894736842,24.23157894736841,2000.0,1.0000000000000002
20260121,32,245.45248,7494.823326334737,4506.8970105452645,953.042105263158,34.88421052631579,2000.0,1.0000000000000002
20260121,33,246.16228,7670.941890138948,4676.236626981051,949.1684210526316,45.53684210526318,2000.0,0.9999999999999998
20260121,34,246.16228,7697.317133993685,4670.706607677895,952.0105263157894,74.6,2000.0,0.9999999999999999
20260121,35,246.16228,7716.885863305263,4657.227968568421,955.1578947368421,104.4999999999999,2000.0,0.9999999999999999
20260121,36,246.16228,7736.45459261684,4643.749329458944,958.3052631578946,134.4000000000001,2000.0,0.9999999999999999
20260121,37,246.16228,7756.023321928422,4630.270690349473,961.4526315789474,164.3,2000.0,0.9999999999999998
20260121,38,246.16228,7759.426579200001,4626.626579199998,936.4000000000002,196.39999999999992,2000.0,0.9999999999999997
20260121,39,246.16228,7759.426579200001,4625.052894989473,905.4105263157895,228.96315789473692,2000.0,1.0
20260121,40,246.16228,7759.426579200001,4623.479210778946,874.4210526315788,261.5263157894737,2000.0,0.9999999999999998
20260121,41,245.45248,7759.426579200001,4621.905526568418,843.4315789473686,294.08947368421036,2000.0,0.9999999999999996
20260121,42,246.16228,7745.813550113682,4640.571444850522,796.6105263157895,308.63157894736844,2000.0,0.9999999999999998
20260121,43,246.16228,7726.244820802104,4668.092189223156,742.8631578947368,315.2894736842106,2000.0,1.0
20260121,44,246.56632,7706.676091490527,4695.612933595789,689.1157894736846,321.9473684210526,2000.0,0.9999999999999999
20260121,45,246.56632,7687.107362178947,4723.133677968418,635.3684210526314,328.6052631578948,2000.0,0.9999999999999997
20260121,46,246.56632,7678.599219,4733.388692684208,593.936842105263,351.2736842105263,2000.0,0.9999999999999997
20260121,47,246.56632,7678.599219,4730.362376894735,561.9789473684211,386.257894736842,2000.0,0.9999999999999998
20260121,48,246.56632,7678.599219,4727.336061105261,530.0210526315789,421.2421052631579,2000.0,0.9999999999999998
20260121,49,246.56632,7678.599219,4724.309745315788,498.0631578947369,456.2263157894737,2000.0,0.9999999999999999
20260121,50,246.56632,7678.599219,4734.96764005263,456.42105263157913,487.2105263157894,2000.0,0.9999999999999998
20260121,51,246.56632,7678.599219,4763.415008473683,402.1894736842103,512.9947368421052,2000.0,0.9999999999999999
20260121,52,246.56632,7678.599219,4791.862376894736,347.9578947368421,538.7789473684211,2000.0,1.0
20260121,53,246.56632,7678.599219,4820.309745315788,293.7263157894738,564.5631578947368,2000.0,0.9999999999999999
20260121,54,246.56632,7666.687818549475,4832.019397496843,271.3263157894738,563.3421052631578,2000.0,0.9999999999999999
20260121,55,246.56632,7627.550359926316,4805.471412557895,321.6842105263158,500.3947368421052,2000.0,1.0
20260121,56,246.56632,7588.412901303158,4778.9234276189445,372.0421052631578,437.44736842105283,2000.0,0.9999999999999997
20260121,57,246.56632,7549.275442679999,4752.375442679998,422.4000000000002,374.4999999999998,2000.0,0.9999999999999999
20260121,58,246.56632,7520.34775587158,4738.605650608421,460.67368421052646,321.0684210526316,2000.0,0.9999999999999998
20260121,59,246.56632,7539.916485183158,4785.532274656844,441.5473684210525,312.8368421052632,2000.0,1.0000000000000002
20260121,60,246.56632,7559.485214494736,4832.458898705266,422.4210526315788,304.6052631578947,2000.0,1.0000000000000004
20260121,61,247.6801600000001,7579.053943806315,4879.385522753684,403.2947368421052,296.3736842105264,2000.0,1.0000000000000002
20260121,62,247.6801600000001,7602.0259303894745,4927.883825126315,387.3052631578946,286.8368421052633,2000.0,0.9999999999999999
20260121,63,247.6801600000001,7699.869576947367,5010.95905063158,440.3263157894738,248.58421052631573,2000.0,1.0000000000000002
20260121,64,248.00412,7797.713223505263,5094.034276136841,493.34736842105275,210.3315789473684,2000.0,0.9999999999999999
20260121,65,248.794,7895.556870063156,5177.109501642104,546.3684210526314,172.0789473684211,2000.0,1.0000000000000002
20260121,66,248.794,7993.400516621051,5260.1847271473725,599.3894736842108,133.8263157894735,2000.0,1.0000000000000007
20260121,67,249.84596,8019.77576047579,5337.9968131073665,579.021052631579,102.75789473684229,2000.0,0.9999999999999997
20260121,68,250.2500000000001,8039.344489787368,5415.307647682105,551.6631578947367,72.37368421052636,2000.0,1.0000000000000002
20260121,69,251.6878,8058.913219098948,5492.618482256842,524.3052631578944,41.989473684210424,2000.0,1.0
20260121,70,253.52964,8078.481948410526,5569.929316831578,496.94736842105283,11.60526315789492,2000.0,1.0
20260121,71,253.52964,8082.73602,5556.230756842099,522.4526315789473,4.05263157894737,2000.0,0.9999999999999992
20260121,72,253.33308,8082.73602,5517.251809473682,562.6421052631581,2.84210526315789,2000.0,0.9999999999999997
20260121,73,251.6878,8082.73602,5478.27286210526,602.8315789473681,1.631578947368429,2000.0,0.9999999999999996
20260121,74,251.51126,8082.73602,5439.293914736837,643.0210526315792,0.4210526315789487,2000.0,0.9999999999999994
20260121,75,249.84596,8031.687160926316,5372.476634610526,659.2105263157896,0.0,2000.0,1.0
20260121,76,248.794,7953.412243680001,5290.81224368,662.5999999999999,0.0,2000.0,1.0
20260121,77,248.794,7875.1373264336835,5209.147852749473,665.9894736842105,0.0,2000.0,1.0
20260121,78,248.40816,7796.862409187368,5127.483461818947,669.3789473684211,0.0,2000.0,1.0
20260121,79,248.00412,7708.377720126317,5043.946141178947,664.4315789473684,0.0,2000.0,0.9999999999999998
20260121,80,247.6801600000001,7610.534073568422,4958.691968305264,651.8421052631577,0.0,2000.0,0.9999999999999999
20260121,81,246.56632,7512.690427010524,4873.437795431576,639.2526315789474,0.0,2000.0,0.9999999999999999
20260121,82,246.56632,7414.846780452629,4788.183622557895,626.6631578947367,0.0,2000.0,1.0000000000000004
20260121,83,246.16228,7294.031147311578,4656.652199943156,637.378947368421,0.0,2000.0,0.9999999999999999
20260121,84,244.72448,7137.481312818949,4453.133944397892,684.3473684210528,0.0,2000.0,0.9999999999999994
20260121,85,244.32044,6980.931478326318,4249.615688852631,731.3157894736838,0.0,2000.0,0.9999999999999996
20260121,86,242.88264,6824.381643833685,4046.097433307369,778.2842105263157,0.0,2000.0,1.0
20260121,87,240.99712,6657.622037526315,3847.3378269999976,810.2842105263157,0.0,2000.0,0.9999999999999998
20260121,88,239.88328,6461.934744410529,3662.061060200003,799.8736842105263,0.0,2000.0,1.0000000000000002
20260121,89,238.76944,6266.247451294737,3476.7842934000028,789.4631578947369,0.0,2000.0,1.0000000000000002
20260121,90,235.51528,6070.560158178947,3291.5075266000003,779.0526315789475,0.0,2000.0,1.0000000000000002
20260121,91,237.35712,5874.872865063157,3103.957075589478,770.9157894736842,0.0,2000.0,1.0000000000000007
20260121,92,238.76944,5679.185571947369,2901.248729842107,777.9368421052633,0.0,2000.0,1.0000000000000002
20260121,93,233.67344,5483.498278831577,2698.540384094737,784.9578947368423,0.0,2000.0,1.0000000000000002
20260121,94,233.67344,5287.810985715791,2495.832038347371,791.9789473684211,0.0,2000.0,1.0000000000000004
20260121,95,853.618774736842,5093.684210526314,2294.684210526315,798.9999999999999,0.0,2000.0,1.0000000000000002
20260122,0,233.67344,5823.046380000002,2950.046380000003,873.0,0.0,2000.0,1.0000000000000002
20260122,1,232.414,5738.87980231579,2863.700854947372,875.1789473684208,0.0,2000.0,1.0000000000000004
20260122,2,231.30016,5654.713224631579,2777.355329894738,877.3578947368421,0.0,2000.0,1.0000000000000002
20260122,3,229.07248,5570.5466469473695,2691.009804842107,879.5368421052631,0.0,2000.0,1.0000000000000002
20260122,4,227.95864,5486.380069263158,2604.664279789475,881.7157894736841,0.0,2000.0,1.0000000000000002
20260122,5,227.95864,5420.51057368421,2560.615836842106,859.8947368421053,0.0,2000.0,1.0000000000000004
20260122,6,226.8448,5357.385640421052,2522.911956210527,834.4736842105262,0.0,2000.0,1.0000000000000002
20260122,7,226.8448,5294.260707157894,2485.208075578949,809.0526315789475,0.0,2000.0,1.0000000000000004
20260122,8,853.98584,5235.401662049858,2451.7700831024913,783.6315789473683,0.0,2000.0,1.0000000000000004
20260122,9,853.98584,5208.642659279777,2450.432132963988,758.2105263157894,0.0,2000.0,1.0
20260122,10,853.98584,5181.883656509693,2449.094182825484,732.7894736842104,0.0,2000.0,1.0000000000000004
20260122,11,225.73096,5157.03259136842,2449.664170315791,707.3684210526316,0.0,2000.0,1.0000000000000004
20260122,12,225.73096,5135.99094694737,2454.043578526318,681.9473684210527,0.0,2000.0,1.0000000000000002
20260122,13,853.98584,5169.551246537392,2448.477562326869,721.0736842105265,0.0,2000.0,1.0000000000000007
20260122,14,853.98584,5254.415512465369,2452.720775623267,801.694736842105,0.0,2000.0,1.0000000000000004
20260122,15,853.98584,5339.2797783933465,2456.963988919667,882.3157894736842,0.0,2000.0,1.0000000000000009
20260122,16,853.98584,5424.144044321326,2461.207202216065,962.9368421052632,0.0,2000.0,1.0000000000000004
20260122,17,853.98584,5440.0221606648165,2462.00110803324,978.021052631579,0.0,2000.0,1.0000000000000004
20260122,18,853.98584,5380.642659279775,2459.0321329639883,921.6105263157895,0.0,2000.0,1.0000000000000004
20260122,19,853.98584,5321.263157894734,2456.063157894736,865.2,0.0,2000.0,1.0000000000000004
20260122,20,853.98584,5261.883656509692,2453.0941828254827,808.7894736842106,0.0,2000.0,1.0000000000000004
20260122,21,218.26168,5317.132059789473,2547.7425861052643,769.3894736842105,0.0,2000.0,1.0000000000000004
20260122,22,238.76944,5611.715081684211,2849.830871157895,761.8842105263158,0.0,2000.0,1.0
20260122,23,232.414,5906.298103578948,3151.9191562105248,754.3789473684209,0.0,2000.0,0.9999999999999996
20260122,24,239.88328,6200.881125473687,3454.007441263162,746.8736842105262,0.0,2000.0,1.0000000000000002
20260122,25,240.99712,6486.31560631579,3747.841922105263,738.3684210526316,0.1052631578947363,2000.0,0.9999999999999999
20260122,26,243.2248,6738.815339368421,4011.9627077894725,726.2631578947369,0.5894736842105265,2000.0,0.9999999999999999
20260122,27,244.33864,6991.315072421053,4276.083493473687,714.1578947368421,1.073684210526316,2000.0,1.0000000000000002
20260122,28,246.16228,7243.814805473686,4540.204279157892,702.0526315789474,1.557894736842105,2000.0,0.9999999999999994
20260122,29,244.33864,7490.825413894736,4795.614887578946,691.9473684210525,3.2631578947368465,2000.0,0.9999999999999999
20260122,30,245.45248,7680.200213684209,4959.568634736839,702.842105263158,17.78947368421055,2000.0,0.9999999999999999
20260122,31,246.16228,7869.575013473681,5123.522381894732,713.7368421052631,32.3157894736842,2000.0,0.9999999999999998
20260122,32,246.56632,8058.949813263161,5287.476129052632,724.6315789473686,46.84210526315791,2000.0,0.9999999999999997
20260122,33,247.36712,8248.324613052633,5451.429876210526,735.5263157894738,61.368421052631604,2000.0,0.9999999999999998
20260122,34,247.36712,8276.68509031579,5465.948248210525,707.7473684210527,102.9894736842105,2000.0,0.9999999999999998
20260122,35,247.36712,8297.726734736843,5473.674103157894,678.2105263157897,145.8421052631578,2000.0,0.9999999999999998
20260122,36,247.36712,8318.768379157893,5481.399958105261,648.6736842105264,188.6947368421054,2000.0,1.0
20260122,37,247.6801600000001,8339.810023578948,5489.125813052632,619.1368421052632,231.5473684210526,2000.0,1.0
20260122,38,247.6801600000001,8343.46944,5484.3694399999995,601.8,257.3,2000.0,1.0
20260122,39,247.36712,8343.46944,5476.985229473685,587.0315789473683,279.4526315789474,2000.0,1.0
20260122,40,247.36712,8343.46944,5469.60101894737,572.2631578947368,301.6052631578948,2000.0,1.0
20260122,41,247.36712,8343.46944,5462.2168084210525,557.4947368421052,323.757894736842,2000.0,1.0
20260122,42,247.36712,8328.83177431579,5415.268616421052,549.1263157894737,364.4368421052633,2000.0,1.0
20260122,43,246.56632,8307.790129894738,5351.011182526316,543.5578947368421,413.22105263157897,2000.0,0.9999999999999998
20260122,44,246.56632,8286.748485473683,5286.753748631576,537.9894736842106,462.0052631578946,2000.0,0.9999999999999998
20260122,45,246.56632,8265.706841052632,5222.49631473684,532.421052631579,510.78947368421075,2000.0,0.9999999999999998
20260122,46,246.25328,8256.5583,5207.010931578944,523.8421052631579,525.7052631578948,2000.0,0.9999999999999996
20260122,47,246.56632,8256.5583,5229.042510526312,512.9473684210526,514.5684210526316,2000.0,0.9999999999999996
20260122,48,246.56632,8256.5583,5251.074089473681,502.0526315789472,503.43157894736834,2000.0,0.9999999999999996
20260122,49,246.56632,8256.5583,5273.105668421049,491.1578947368421,492.29473684210535,2000.0,0.9999999999999996
20260122,50,246.56632,8256.5583,5291.031984210524,483.63157894736844,481.8947368421053,2000.0,0.9999999999999996
20260122,51,246.56632,8256.5583,5303.621457894732,480.48421052631574,472.4526315789474,2000.0,0.9999999999999993
20260122,52,246.56632,8256.5583,5316.210931578944,477.33684210526303,463.0105263157895,2000.0,0.9999999999999996
20260122,53,246.56632,8256.5583,5328.800405263154,474.1894736842106,453.5684210526317,2000.0,0.9999999999999996
20260122,54,246.56632,8243.750342526317,5333.997710947365,475.021052631579,434.7315789473683,2000.0,0.9999999999999996
20260122,55,246.56632,8201.66705368421,5322.298632631576,484.94736842105254,394.4210526315789,2000.0,0.9999999999999996
20260122,56,246.56632,8159.583764842106,5310.599554315791,494.8736842105262,354.11052631578957,2000.0,1.0000000000000002
20260122,57,246.56632,8117.500475999999,5298.900475999997,504.8,313.7999999999999,2000.0,0.9999999999999998
20260122,58,246.56632,8086.395436421053,5301.253331157893,505.08421052631576,280.057894736842,2000.0,0.9999999999999997
20260122,59,246.56632,8107.437080842104,5370.352870315789,459.56842105263166,277.5157894736842,2000.0,1.0000000000000002
20260122,60,247.36712,8128.478725263159,5439.452409473681,414.0526315789472,274.9736842105262,2000.0,0.9999999999999994
20260122,61,247.6801600000001,8149.520369684208,5508.551948631577,368.5368421052631,272.4315789473684,2000.0,1.0
20260122,62,247.6801600000001,8174.221430526315,5578.895114736839,326.578947368421,268.7473684210527,2000.0,0.9999999999999997
20260122,63,248.00412,8279.429652631581,5676.598073684211,362.8947368421054,239.936842105263,2000.0,0.9999999999999998
20260122,64,248.48096,8384.63787473684,5774.301032631579,399.2105263157895,211.1263157894737,2000.0,1.0000000000000002
20260122,65,248.794,8489.846096842104,5872.003991578946,435.5263157894737,182.31578947368422,2000.0,0.9999999999999998
20260122,66,249.5948,8595.054318947368,5969.706950526315,471.84210526315803,153.5052631578946,2000.0,1.0
20260122,67,249.5948,8623.414796210527,6029.2463751578925,475.4421052631579,118.7263157894739,2000.0,0.9999999999999996
20260122,68,249.84596,8644.456440631579,6085.151177473682,475.92631578947373,83.3789473684211,2000.0,0.9999999999999998
20260122,69,250.2500000000001,8665.498085052632,6141.055979789472,476.4105263157895,48.031578947368295,2000.0,0.9999999999999998
20260122,70,250.70864,8686.539729473683,6196.960782105261,476.89473684210526,12.684210526316,2000.0,1.0
20260122,71,251.51126,8691.114,6237.535052631578,449.52631578947387,4.05263157894737,2000.0,1.0
20260122,72,251.6878,8691.114,6273.850842105261,414.42105263157873,2.84210526315789,2000.0,0.9999999999999998
20260122,73,251.82248,8691.114,6310.166631578946,379.3157894736845,1.631578947368429,2000.0,0.9999999999999998
20260122,74,251.82248,8691.114,6346.482421052631,344.2105263157895,0.4210526315789487,2000.0,1.0
20260122,75,251.82248,8636.222753684213,6313.222753684211,323.0,0.0,2000.0,0.9999999999999998
20260122,76,251.6878,8552.056176,6242.856175999998,309.2000000000001,0.0,2000.0,0.9999999999999998
20260122,77,250.70864,8467.889598315789,6172.489598315786,295.40000000000003,0.0,2000.0,0.9999999999999996
20260122,78,249.84596,8383.723020631578,6102.123020631576,281.5999999999999,0.0,2000.0,0.9999999999999998
20260122,79,249.5948,8288.578193684212,6013.45187789474,275.1263157894737,0.0,2000.0,1.0000000000000002
20260122,80,248.794,8183.369971578946,5908.001550526313,275.3684210526316,0.0,2000.0,0.9999999999999998
20260122,81,248.794,8078.161749473684,5802.551223157893,275.61052631578946,0.0,2000.0,0.9999999999999999
20260122,82,248.48096,7972.953527368422,5697.100895789476,275.8526315789473,0.0,2000.0,1.0000000000000002
20260122,83,248.00412,7843.044244421051,5559.749507578946,283.2947368421053,0.0,2000.0,1.0
20260122,84,247.36712,7674.711089052632,5372.774246947368,301.9368421052633,0.0,2000.0,0.9999999999999999
20260122,85,246.56632,7506.377933684212,5185.798986315788,320.57894736842087,0.0,2000.0,0.9999999999999997
20260122,86,246.16228,7338.044778315788,4998.823725684207,339.221052631579,0.0,2000.0,0.9999999999999998
20260122,87,245.13944,7158.733373684208,4803.017584210524,355.7157894736843,0.0,2000.0,1.0
20260122,88,244.32044,6948.316929473685,4582.190613684209,366.1263157894736,0.0,2000.0,0.9999999999999996
20260122,89,242.88264,6737.900485263157,4361.363643157892,376.5368421052631,0.0,2000.0,0.9999999999999998
20260122,90,242.11096,6527.484041052631,4140.536672631576,386.9473684210527,0.0,2000.0,0.9999999999999996
20260122,91,240.99712,6317.067596842106,3920.120228421054,396.9473684210526,0.0,2000.0,1.0000000000000002
20260122,92,239.88328,6106.651152631579,3702.4406263157894,404.2105263157895,0.0,2000.0,1.0
20260122,93,237.35712,5896.234708421052,3484.761024210529,411.47368421052624,0.0,2000.0,1.0000000000000004
20260122,94,233.67344,5685.818264210528,3267.081422105265,418.7368421052631,0.0,2000.0,1.0000000000000002
20260122,95,225.58536,5475.40182,3049.401820000001,426.0,0.0,2000.0,1.0000000000000002
20260123,0,235.51528,5706.585452399999,3292.5854524000024,413.99999999999994,0.0,2000.0,1.0000000000000007
20260123,1,233.67344,5624.102206269473,3217.365364164213,406.7368421052631,0.0,2000.0,1.0000000000000007
20260123,2,232.414,5541.618960138947,3142.145275928424,399.4736842105263,0.0,2000.0,1.0000000000000007
20260123,3,231.30016,5459.135714008421,3066.925187692632,392.21052631578954,0.0,2000.0,1.0000000000000002
20260123,4,229.07248,5376.652467877894,2991.705099456844,384.9473684210527,0.0,2000.0,1.0000000000000004
20260123,5,229.07248,5312.100362210526,2929.784572736844,382.3157894736842,0.0,2000.0,1.0000000000000004
20260123,6,227.95864,5250.237927612633,2869.858980244214,380.378947368421,0.0,2000.0,1.0000000000000004
20260123,7,226.8448,5188.375493014737,2809.933387751581,378.44210526315794,0.0,2000.0,1.0000000000000004
20260123,8,225.73096,5126.513058416842,2750.00779525895,376.5052631578947,0.0,2000.0,1.0000000000000004
20260123,9,853.98584,5113.817174515233,2745.6908587257617,368.1263157894736,0.0,2000.0,1.0000000000000004
20260123,10,853.98584,5102.603878116338,2745.1301939058153,357.4736842105263,0.0,2000.0,1.0000000000000007
20260123,11,853.98584,5091.390581717448,2744.569529085872,346.82105263157894,0.0,2000.0,1.0000000000000004
20260123,12,853.98584,5080.177285318555,2744.0088642659257,336.1684210526316,0.0,2000.0,1.0000000000000004
20260123,13,853.98584,5071.911357340716,2743.595567867034,328.3157894736842,0.0,2000.0,1.0000000000000004
20260123,14,853.98584,5065.540166204982,2743.277008310247,322.2631578947369,0.0,2000.0,1.0000000000000004
20260123,15,853.98584,5059.168975069247,2742.9584487534603,316.2105263157895,0.0,2000.0,1.0000000000000004
20260123,16,853.98584,5052.797783933514,2742.639889196674,310.1578947368421,0.0,2000.0,1.0000000000000004
20260123,17,853.98584,5044.7202216066435,2742.236011080331,302.48421052631585,0.0,2000.0,1.0000000000000007
20260123,18,225.73096,5055.685053587369,2762.642948324214,293.0421052631579,0.0,2000.0,1.0000000000000004
20260123,19,226.8448,5076.30586512,2792.7058651200023,283.59999999999997,0.0,2000.0,1.0000000000000004
20260123,20,226.8448,5096.926676652632,2822.7687819157927,274.15789473684214,0.0,2000.0,1.0000000000000004
20260123,21,221.6032,5210.789418593683,2946.4946817515797,264.2947368421053,0.0,2000.0,1.0000000000000004
20260123,22,238.76944,5499.480780050526,3245.8386747873687,253.6421052631579,0.0,2000.0,1.0000000000000002
20260123,23,239.88328,5788.172141507369,3545.182667823157,242.9894736842106,0.0,2000.0,0.9999999999999999
20260123,24,241.0408,6076.863502964211,3844.5266608589477,232.3368421052631,0.0,2000.0,1.0
20260123,25,243.2248,6356.589294189475,4134.141925768421,222.3684210526315,0.0789473684210522,2000.0,0.9999999999999997
20260123,26,244.33864,6604.039032581053,4388.733769423158,214.8631578947368,0.4421052631578948,2000.0,1.0
20260123,27,244.72448,6851.488770972633,4643.3256130778955,207.3578947368421,0.8052631578947376,2000.0,1.0
20260123,28,246.16228,7098.938509364211,4897.91745673263,199.85263157894738,1.168421052631578,2000.0,0.9999999999999998
20260123,29,246.56632,7341.008905616842,5145.0457477221025,191.9684210526316,3.9947368421052696,2000.0,0.9999999999999998
20260123,30,247.6801600000001,7526.596209410528,5313.806735726314,180.1052631578947,32.68421052631584,2000.0,0.9999999999999997
20260123,31,248.40816,7712.183513204211,5482.567723730524,168.2421052631579,61.37368421052629,2000.0,0.9999999999999998
20260123,32,248.794,7897.770816997894,5651.328711734736,156.3789473684211,90.06315789473685,2000.0,1.0
20260123,33,249.84596,8083.3581207915795,5820.0896997389455,144.5157894736842,118.7526315789474,2000.0,0.9999999999999997
20260123,34,249.5948,8111.151388509474,5793.077704298948,137.74736842105258,180.32631578947368,2000.0,1.0000000000000002
20260123,35,249.5948,8131.7722000421045,5757.166936884209,131.2105263157895,243.3947368421051,2000.0,0.9999999999999998
20260123,36,248.794,8152.393011574738,5721.256169469474,124.67368421052629,306.463157894737,2000.0,1.0
20260123,37,248.794,8173.013823107368,5685.345402054735,118.13684210526321,369.5315789473685,2000.0,0.9999999999999999
20260123,38,248.794,8176.600051199997,5604.400051200001,158.5999999999999,413.59999999999985,2000.0,1.0000000000000004
20260123,39,248.40816,8176.600051199997,5513.9737354105255,208.95789473684218,453.66842105263174,2000.0,1.0000000000000002
20260123,40,247.6801600000001,8176.600051199997,5423.547419621052,259.3157894736842,493.7368421052631,2000.0,1.0000000000000002
20260123,41,247.6801600000001,8176.600051199997,5333.121103831577,309.6736842105262,533.8052631578946,2000.0,1.0000000000000002
20260123,42,247.36712,8162.255138829474,5240.644612513682,341.0000000000001,580.6105263157895,2000.0,0.9999999999999997
20260123,43,246.56632,8141.634327296841,5147.271169402104,364.0,630.3631578947368,2000.0,1.0
20260123,44,246.56632,8121.01351576421,5053.897726290525,387.0,680.115789473684,2000.0,0.9999999999999999
20260123,45,246.25328,8100.392704231578,4960.5242831789465,409.99999999999994,729.8684210526317,2000.0,1.0
20260123,46,246.16228,8091.427134000001,4901.86397610526,441.48421052631585,748.078947368421,2000.0,0.9999999999999994
20260123,47,245.45248,8091.427134000001,4869.906081368419,479.4947368421052,742.0263157894736,2000.0,0.9999999999999996
20260123,48,245.45248,8091.427134000001,4837.9481866315755,517.5052631578949,735.9736842105264,2000.0,0.9999999999999994
20260123,49,245.45248,8091.427134000001,4805.990291894734,555.5157894736843,729.921052631579,2000.0,0.9999999999999994
20260123,50,245.45248,8091.427134000001,4799.769239263155,584.4736842105262,707.1842105263161,2000.0,0.9999999999999994
20260123,51,245.45248,8091.427134000001,4827.006081368419,601.663157894737,662.7578947368419,2000.0,0.9999999999999996
20260123,52,245.45248,8091.427134000001,4854.242923473682,618.8526315789474,618.3315789473684,2000.0,0.9999999999999996
20260123,53,245.45248,8091.427134000001,4881.479765578944,636.0421052631577,573.9052631578949,2000.0,0.9999999999999994
20260123,54,246.16228,8078.87533567579,4896.53323041263,645.0526315789473,537.2894736842104,2000.0,0.9999999999999998
20260123,55,245.45248,8037.633712610527,4883.738975768422,635.3684210526316,518.5263157894738,2000.0,1.0000000000000002
20260123,56,245.45248,7996.392089545263,4870.944721124208,625.6842105263157,499.7631578947368,2000.0,0.9999999999999997
20260123,57,245.45248,7955.15046648,4858.1504664799995,615.9999999999999,480.9999999999999,2000.0,0.9999999999999999
20260123,58,245.45248,7924.667527692631,4856.051738218948,608.6736842105262,459.94210526315806,2000.0,1.0000000000000002
20260123,59,246.16228,7945.288339225264,4904.75676027789,612.5473684210526,427.98421052631585,2000.0,0.9999999999999993
20260123,60,246.25328,7965.909150757895,4953.461782336843,616.4210526315791,396.0263157894737,2000.0,1.0
20260123,61,246.25328,7986.529962290526,5002.166804395785,620.2947368421053,364.0684210526315,2000.0,0.9999999999999996
20260123,62,246.56632,8010.737001915788,5056.084370336841,622.863157894737,331.7894736842105,2000.0,1.0000000000000002
20260123,63,247.36712,8113.841059578946,5224.677901684209,596.7157894736843,292.4473684210525,2000.0,0.9999999999999999
20260123,64,247.6801600000001,8216.945117242107,5393.271433031579,570.5684210526316,253.1052631578947,2000.0,1.0
20260123,65,248.48096,8320.049174905263,5561.864964378949,544.4210526315791,213.7631578947369,2000.0,1.0
20260123,66,248.794,8423.153232568422,5730.458495726317,518.2736842105261,174.42105263157882,2000.0,1.0
20260123,67,249.5948,8450.946500286314,5752.009658181053,564.6315789473682,134.30526315789498,2000.0,1.0000000000000002
20260123,68,249.5948,8471.567311818948,5759.5567855031595,617.8947368421053,94.11578947368427,2000.0,1.0
20260123,69,249.5948,8492.18812335158,5767.103912825264,671.1578947368423,53.926315789473534,2000.0,1.0000000000000002
20260123,70,249.5948,8512.80893488421,5774.65104014737,724.4210526315786,13.736842105263412,2000.0,1.0000000000000002
20260123,71,249.5948,8517.29172,5792.396983157896,720.842105263158,4.05263157894737,2000.0,1.0000000000000002
20260123,72,249.84596,8517.29172,5812.975930526316,701.4736842105262,2.84210526315789,2000.0,1.0000000000000002
20260123,73,249.84596,8517.29172,5833.554877894736,682.1052631578949,1.631578947368429,2000.0,1.0
20260123,74,249.84596,8517.29172,5854.133825263157,662.7368421052631,0.4210526315789487,2000.0,1.0
20260123,75,249.84596,8463.498298610526,5830.235140715789,633.2631578947367,0.0,2000.0,1.0
20260123,76,249.5948,8381.015052480001,5782.615052480002,598.4000000000002,0.0,2000.0,1.0000000000000002
20260123,77,248.794,8298.531806349474,5734.99496424421,563.5368421052632,0.0,2000.0,1.0
20260123,78,248.794,8216.048560218947,5687.37487600842,528.6736842105262,0.0,2000.0,1.0
20260123,79,248.794,8122.806629810526,5626.975050863157,495.8315789473686,0.0,2000.0,1.0
20260123,80,248.48096,8019.7025721473665,5554.860466884211,464.8421052631579,0.0,2000.0,1.0000000000000004
20260123,81,248.40816,7916.598514484208,5482.745882905265,433.8526315789472,0.0,2000.0,1.0000000000000004
20260123,82,247.6801600000001,7813.494456821053,5410.631298926315,402.863157894737,0.0,2000.0,0.9999999999999999
20260123,83,247.6801600000001,7686.183359532631,5308.246517427365,377.9368421052632,0.0,2000.0,0.9999999999999997
20260123,84,246.56632,7521.216867271578,5158.774762008418,362.4421052631578,0.0,2000.0,0.9999999999999998
20260123,85,246.25328,7356.250375010526,5009.303006589473,346.9473684210526,0.0,2000.0,0.9999999999999999
20260123,86,245.45248,7191.283882749474,4859.831251170525,331.4526315789474,0.0,2000.0,0.9999999999999998
20260123,87,245.13944,7015.558706210527,4695.558706210524,320.0,0.0,2000.0,0.9999999999999996
20260123,88,245.45248,6809.3505908842135,4489.350590884213,320.0,0.0,2000.0,0.9999999999999999
20260123,89,244.33864,6603.1424755578955,4283.142475557894,320.0,0.0,2000.0,0.9999999999999998
20260123,90,243.2248,6396.9343602315785,4076.9343602315807,320.0,0.0,2000.0,1.0000000000000002
20260123,91,242.11096,6190.726244905265,3866.684139642107,324.0421052631578,0.0,2000.0,1.0
20260123,92,239.88328,5984.518129578949,3629.4865506315787,355.0315789473685,0.0,2000.0,0.9999999999999997
20260123,93,238.76944,5778.310014252632,3392.2889616210546,386.0210526315792,0.0,2000.0,1.0000000000000002
20260123,94,235.51528,5572.101898926316,3155.091372610529,417.0105263157893,0.0,2000.0,1.0000000000000004
20260123,95,223.74352,5365.8937836,2917.8937836000023,448.00000000000006,0.0,2000.0,1.0000000000000004
20260124,0,230.18632,5590.1245248000005,3050.1245248000027,540.0,0.0,2000.0,1.0000000000000004
20260124,1,230.18632,5509.324610223159,3032.2719786442112,477.0526315789474,0.0,2000.0,1.0
20260124,2,229.07248,5428.524695646315,3014.419432488422,414.10526315789485,0.0,2000.0,1.0000000000000004
20260124,3,229.07248,5347.724781069476,2996.566886332635,351.15789473684214,0.0,2000.0,1.0000000000000002
20260124,4,229.07248,5266.924866492632,2978.714340176845,288.21052631578954,0.0,2000.0,1.0000000000000004
20260124,5,229.07248,5203.690150736843,2975.900677052634,227.7894736842105,0.0,2000.0,1.0000000000000002
20260124,6,229.07248,5143.0902148042105,2975.342846383161,167.7473684210526,0.0,2000.0,1.0000000000000004
20260124,7,229.07248,5082.49027887158,2974.7850157136872,107.7052631578947,0.0,2000.0,1.0000000000000004
20260124,8,229.07248,5021.8903429389475,2974.227185044212,47.66315789473684,0.0,2000.0,1.0000000000000002
20260124,9,229.07248,4991.151245002105,2964.877560791581,26.273684210526323,0.0,2000.0,1.0000000000000004
20260124,10,229.07248,4970.951266357895,2952.424950568422,18.526315789473692,0.0,2000.0,1.0
20260124,11,227.95864,4950.751287713685,2939.9723403452663,10.77894736842106,0.0,2000.0,1.0000000000000004
20260124,12,227.95864,4930.551309069473,2927.519730122106,3.031578947368418,0.0,2000.0,1.0000000000000004
20260124,13,227.95864,4922.6469696,2887.278548547371,35.36842105263159,0.0,2000.0,1.0000000000000004
20260124,14,226.8448,4922.6469696,2829.173285389475,93.47368421052629,0.0,2000.0,1.0000000000000002
20260124,15,225.73096,4922.6469696,2771.068022231582,151.5789473684211,0.0,2000.0,1.0000000000000004
20260124,16,853.98584,4978.614958448748,2768.9307479224362,209.68421052631592,0.0,2000.0,1.0000000000000007
20260124,17,853.98584,5048.919667590023,2772.4459833795,276.4736842105263,0.0,2000.0,1.0000000000000004
20260124,18,853.98584,5129.196675900274,2776.459833795013,352.7368421052633,0.0,2000.0,1.0000000000000004
20260124,19,853.98584,5209.473684210523,2780.4736842105262,428.99999999999983,0.0,2000.0,1.0000000000000007
20260124,20,853.98584,5289.750692520771,2784.487534626037,505.2631578947368,0.0,2000.0,1.0000000000000004
20260124,21,853.98584,5345.91689750692,2787.295844875345,558.621052631579,0.0,2000.0,1.0000000000000009
20260124,22,210.7924,5387.246478416841,2818.214899469476,569.0315789473684,0.0,2000.0,1.0000000000000007
20260124,23,238.76944,5670.046179435792,3090.604074172633,579.4421052631579,0.0,2000.0,0.9999999999999999
20260124,24,238.76944,5952.845880454738,3362.9932488757936,589.8526315789474,0.0,2000.0,1.0000000000000004
20260124,25,239.88328,6226.862982063159,3619.099824168422,607.6315789473684,0.1315789473684204,2000.0,1.0
20260124,26,240.99712,6469.262725793685,3816.58904158316,651.936842105263,0.736842105263158,2000.0,1.0000000000000002
20260124,27,242.11096,6711.662469524211,4014.078258997894,696.2421052631579,1.342105263157896,2000.0,0.9999999999999998
20260124,28,243.2248,6954.062213254736,4211.567476412633,740.5473684210525,1.947368421052631,2000.0,1.0000000000000004
20260124,29,244.33864,7191.192397338948,4398.5239762863175,787.6105263157893,5.057894736842114,2000.0,1.0000000000000002
20260124,30,244.72448,7372.992205136843,4474.886941978946,863.6315789473684,34.473684210526365,2000.0,0.9999999999999998
20260124,31,245.45248,7554.7920129347385,4551.249907671577,939.6526315789474,63.88947368421049,2000.0,0.9999999999999996
20260124,32,246.16228,7736.59182073263,4627.612873364211,1015.6736842105261,93.30526315789474,2000.0,1.0000000000000002
20260124,33,246.56632,7918.391628530524,4703.975839056842,1091.6947368421052,122.721052631579,2000.0,1.0000000000000004
20260124,34,246.56632,7945.617686703159,4717.35452880842,1042.894736842105,185.3684210526315,2000.0,0.9999999999999997
20260124,35,246.56632,7965.817665347366,4727.870296926315,988.4210526315791,249.52631578947341,2000.0,1.0000000000000002
20260124,36,246.56632,7986.017643991578,4738.38606504421,933.9473684210525,313.6842105263159,2000.0,1.0000000000000002
20260124,37,246.56632,8006.217622635791,4748.901833162105,879.4736842105262,377.8421052631578,2000.0,0.9999999999999998
20260124,38,246.16228,8009.730662400001,4669.530662399999,901.6,438.59999999999985,2000.0,0.9999999999999997
20260124,39,245.45248,8009.730662400001,4571.235925557894,939.8526315789474,498.6421052631581,2000.0,0.9999999999999998
20260124,40,244.72448,8009.730662400001,4472.941188715788,978.1052631578948,558.6842105263157,2000.0,0.9999999999999997
20260124,41,244.33864,8009.730662400001,4374.646451873683,1016.3578947368419,618.7263157894736,2000.0,0.9999999999999998
20260124,42,244.33864,7995.678503343159,4315.604819132632,1007.284210526316,672.7894736842105,2000.0,1.0
20260124,43,244.32044,7975.478524698947,4273.736419435788,977.5052631578947,724.2368421052631,2000.0,0.9999999999999999
20260124,44,244.32044,7955.278546054736,4231.868019738945,947.7263157894738,775.6842105263156,2000.0,0.9999999999999999
20260124,45,243.2248,7935.0785674105255,4189.999620042103,917.9473684210525,827.1315789473684,2000.0,0.9999999999999998
20260124,46,243.2248,7926.295967999998,4161.053862736842,914.442105263158,850.8,2000.0,1.0000000000000004
20260124,47,243.2248,7926.295967999998,4142.048599578946,931.1473684210525,853.1,2000.0,1.0000000000000002
20260124,48,243.2248,7926.295967999998,4123.043336421051,947.8526315789475,855.3999999999999,2000.0,1.0000000000000002
20260124,49,243.2248,7926.295967999998,4104.038073263158,964.5578947368421,857.7,2000.0,1.0000000000000004
20260124,50,243.2248,7926.295967999998,4090.822283789473,998.6315789473682,836.842105263158,2000.0,1.0000000000000002
20260124,51,243.2248,7926.295967999998,4085.1328101052636,1055.284210526316,785.8789473684209,2000.0,1.0000000000000004
20260124,52,242.88264,7926.295967999998,4079.4433364210536,1111.9368421052632,734.9157894736842,2000.0,1.0000000000000004
20260124,53,242.88264,7926.295967999998,4073.753862736843,1168.58947368421,683.9526315789473,2000.0,1.0000000000000004
20260124,54,242.88264,7914.000328825261,4055.2529604042093,1216.326315789474,642.4210526315787,2000.0,1.0
20260124,55,242.11096,7873.6003715368415,4007.468792589471,1243.684210526316,622.4473684210526,2000.0,0.9999999999999998
20260124,56,242.11096,7833.200414248422,3959.684624774737,1271.042105263158,602.4736842105264,2000.0,1.0
20260124,57,242.11096,7792.800456960001,3911.9004569600024,1298.4,582.4999999999999,2000.0,1.0000000000000002
20260124,58,241.0408,7762.939618964211,3886.38172422737,1316.452631578947,560.1052631578948,2000.0,1.0000000000000002
20260124,59,242.11096,7783.139597608421,3966.6238081347374,1290.305263157895,526.2105263157896,2000.0,1.0000000000000002
20260124,60,242.88264,7803.339576252631,4046.865892042105,1264.1578947368419,492.315789473684,2000.0,1.0
20260124,61,243.2248,7823.539554896841,4127.107975949473,1238.010526315789,458.42105263157896,2000.0,1.0000000000000002
20260124,62,243.2248,7847.252573305262,4212.089415410526,1211.736842105263,423.42631578947396,2000.0,1.0000000000000002
20260124,63,244.33864,7948.252466526315,4401.336677052629,1182.6842105263158,364.2315789473683,2000.0,0.9999999999999998
20260124,64,245.45248,8049.252359747369,4590.583938694737,1153.6315789473679,305.03684210526313,2000.0,1.0
20260124,65,246.56632,8150.252252968423,4779.831200336839,1124.578947368421,245.842105263158,2000.0,0.9999999999999994
20260124,66,247.6801600000001,8251.252146189476,4969.078461978945,1095.526315789474,186.64736842105242,2000.0,0.9999999999999996
20260124,67,248.00412,8278.478204362103,5042.993993835788,1093.0,142.484210526316,2000.0,1.0000000000000002
20260124,68,248.00412,8298.678183006317,5105.925551427369,1093.0,99.75263157894744,2000.0,0.9999999999999998
20260124,69,248.794,8318.878161650528,5168.857109018948,1093.0,57.0210526315788,2000.0,0.9999999999999998
20260124,70,248.794,8339.078140294736,5231.788666610528,1093.0,14.28947368421079,2000.0,1.0000000000000004
20260124,71,248.794,8343.46944,5262.33259789474,1077.084210526316,4.05263157894737,2000.0,1.0000000000000004
20260124,72,248.794,8343.46944,5283.879966315791,1056.747368421053,2.84210526315789,2000.0,1.0
20260124,73,249.68944,8343.46944,5305.4273347368435,1036.4105263157899,1.631578947368429,2000.0,1.0
20260124,74,249.84596,8343.46944,5326.974703157895,1016.073684210526,0.4210526315789487,2000.0,1.0
20260124,75,248.794,8290.773843536843,5273.721211957894,1017.0526315789481,0.0,2000.0,1.0
20260124,76,248.794,8209.97392896,5180.5739289600015,1029.4,0.0,2000.0,1.0000000000000002
20260124,77,248.00412,8129.174014383158,5087.426645962103,1041.747368421052,0.0,2000.0,0.9999999999999997
20260124,78,247.6801600000001,8048.374099806314,4994.279362964211,1054.094736842105,0.0,2000.0,1.0000000000000002
20260124,79,247.6801600000001,7957.035065936843,4886.8034869894755,1070.231578947368,0.0,2000.0,1.0
20260124,80,246.56632,7856.0351727157895,4766.193067452632,1089.842105263158,0.0,2000.0,1.0000000000000002
20260124,81,246.16228,7755.035279494734,4645.582647915785,1109.452631578947,0.0,2000.0,0.9999999999999998
20260124,82,245.45248,7654.035386273685,4524.972228378946,1129.0631578947368,0.0,2000.0,0.9999999999999998
20260124,83,244.33864,7529.322474644211,4393.911948328422,1135.410526315789,0.0,2000.0,1.0
20260124,84,244.32044,7367.722645490525,4246.596329701049,1121.126315789473,0.0,2000.0,0.9999999999999997
20260124,85,243.2248,7206.122816336841,4099.280711073687,1106.842105263158,0.0,2000.0,1.0000000000000004
20260124,86,242.11096,7044.522987183159,3951.965092446316,1092.557894736842,0.0,2000.0,0.9999999999999999
20260124,87,240.99712,6872.384038736841,3794.8682492631583,1077.515789473684,0.0,2000.0,1.0000000000000002
20260124,88,239.88328,6670.384252294738,3610.057936505263,1060.326315789474,0.0,2000.0,0.9999999999999999
20260124,89,238.76944,6468.384465852631,3425.247623747372,1043.136842105263,0.0,2000.0,1.0000000000000007
20260124,90,232.414,6266.384679410525,3240.4373109894727,1025.947368421052,0.0,2000.0,1.0
20260124,91,235.51528,6064.384892968421,3051.142787705266,1013.242105263158,0.0,2000.0,1.0000000000000007
20260124,92,235.51528,5862.385106526315,2831.9535275789503,1030.431578947368,0.0,2000.0,1.0000000000000007
20260124,93,233.67344,5660.385320084211,2612.7642674526337,1047.621052631579,0.0,2000.0,1.0000000000000002
20260124,94,220.2564,5458.385533642106,2393.575007326319,1064.810526315789,0.0,2000.0,1.0000000000000004
20260124,95,853.98584,5391.578947368419,2309.578947368421,1082.0,0.0,2000.0,1.0000000000000004
20260125,0,238.76944,5473.663597199999,2325.663597200003,1148.0,0.0,2000.0,1.0000000000000009
20260125,1,235.51528,5394.547014176842,2248.968066808424,1145.578947368421,0.0,2000.0,1.0000000000000004
20260125,2,230.3938000000001,5315.430431153684,2172.2725364168427,1143.157894736842,0.0,2000.0,1.0000000000000002
20260125,3,244.32044,5236.313848130527,2095.577006025265,1140.736842105263,0.0,2000.0,1.0000000000000002
20260125,4,235.51528,5157.197265107366,2018.881475633686,1138.315789473684,0.0,2000.0,1.0000000000000009
20260125,5,232.414,5095.279939263159,1948.437834000002,1146.842105263158,0.0,2000.0,1.0000000000000004
20260125,6,231.30016,5035.94250199579,1878.931975680003,1157.01052631579,0.0,2000.0,1.0000000000000004
20260125,7,854.1617094736841,5007.556786703599,1840.377839335181,1167.178947368421,0.0,2000.0,1.0000000000000007
20260125,8,854.1617094736841,5018.2603878116315,1840.9130193905821,1177.347368421053,0.0,2000.0,1.0000000000000007
20260125,9,854.1617094736841,5006.5484764542925,1840.327423822716,1166.221052631579,0.0,2000.0,1.0000000000000004
20260125,10,854.1617094736841,4986.925207756232,1839.346260387812,1147.578947368421,0.0,2000.0,1.0000000000000002
20260125,11,854.1617094736841,4967.301939058169,1838.365096952909,1128.9368421052632,0.0,2000.0,1.0000000000000004
20260125,12,854.1617094736841,4947.67867036011,1837.3839335180062,1110.294736842105,0.0,2000.0,1.0000000000000002
20260125,13,854.1617094736841,4941.396121883655,1837.069806094183,1104.326315789474,0.0,2000.0,1.0000000000000004
20260125,14,854.1617094736841,4943.68975069252,1837.184487534626,1106.5052631578951,0.0,2000.0,1.0000000000000004
20260125,15,854.1617094736841,4945.983379501383,1837.299168975069,1108.684210526316,0.0,2000.0,1.0000000000000004
20260125,16,854.1617094736841,4948.277008310247,1837.413850415512,1110.863157894737,0.0,2000.0,1.0000000000000004
20260125,17,854.1617094736841,4957.761772853182,1837.8880886426589,1119.873684210526,0.0,2000.0,1.0000000000000004
20260125,18,854.1617094736841,4975.091412742379,1838.7545706371181,1136.336842105263,0.0,2000.0,1.0000000000000004
20260125,19,854.1617094736841,4992.421052631575,1839.621052631578,1152.8,0.0,2000.0,1.0000000000000007
20260125,20,854.1617094736841,5009.750692520774,1840.487534626039,1169.263157894737,0.0,2000.0,1.0000000000000004
20260125,21,854.1617094736841,5003.6786703601065,1840.183933518005,1163.494736842105,0.0,2000.0,1.0000000000000007
20260125,22,232.414,5275.012176783157,2158.9700715200033,1116.042105263158,0.0,2000.0,1.0000000000000009
20260125,23,232.414,5551.92021736421,2483.3307436800033,1068.58947368421,0.0,2000.0,1.0000000000000007
20260125,24,244.32044,5828.828257945264,2807.691415840002,1021.136842105263,0.0,2000.0,1.0
20260125,25,240.99712,6097.136669936842,3117.5314067789477,979.4210526315787,0.1842105263157885,2000.0,1.0
20260125,26,242.11096,6334.486419006316,3375.096945322107,958.3578947368419,1.0315789473684212,2000.0,1.0000000000000002
20260125,27,243.2248,6571.83616807579,3632.662483865263,937.294736842105,1.878947368421054,2000.0,0.9999999999999999
20260125,28,245.45248,6809.185917145264,3890.2280224084225,916.2315789473685,2.726315789473684,2000.0,1.0000000000000002
20260125,29,245.45248,7041.3758890610525,4139.412731166319,896.1789473684212,5.784210526315797,2000.0,1.0000000000000004
20260125,30,246.56632,7219.388200863156,4300.598727178949,886.7368421052631,32.05263157894741,2000.0,1.0000000000000004
20260125,31,247.6801600000001,7397.400512665263,4461.78472319158,877.2947368421052,58.321052631578915,2000.0,1.0000000000000002
20260125,32,248.00412,7575.412824467368,4622.970719204212,867.8526315789472,84.58947368421055,2000.0,1.0000000000000002
20260125,33,249.5948,7753.425136269475,4784.156715216844,858.4105263157896,110.8578947368422,2000.0,1.0000000000000002
20260125,34,248.794,7780.083984896843,4756.936616475792,857.7684210526317,165.378947368421,2000.0,1.0000000000000002
20260125,35,248.794,7799.863130652632,4721.152604336845,857.5263157894739,221.1842105263155,2000.0,1.0000000000000004
20260125,36,248.48096,7819.64227640842,4685.368592197896,857.2842105263156,276.98947368421057,2000.0,1.0000000000000002
20260125,37,248.40816,7839.421422164211,4649.58458005895,857.0421052631579,332.7947368421052,2000.0,1.0000000000000004
20260125,38,248.00412,7842.861273600002,4582.161273600002,860.1999999999998,400.49999999999966,2000.0,0.9999999999999999
20260125,39,247.6801600000001,7842.861273600002,4508.077063073684,864.0736842105263,470.7105263157895,2000.0,0.9999999999999997
20260125,40,247.36712,7842.861273600002,4433.992852547368,867.9473684210525,540.921052631579,2000.0,0.9999999999999997
20260125,41,246.56632,7842.861273600002,4359.9086420210515,871.8210526315788,611.1315789473683,2000.0,0.9999999999999996
20260125,42,246.56632,7829.101867856841,4317.454499435788,857.5052631578947,654.142105263158,2000.0,1.0
20260125,43,246.56632,7809.322722101054,4288.838511574737,835.2315789473683,685.2526315789473,2000.0,0.9999999999999999
20260125,44,246.25328,7789.543576345262,4260.222523713687,812.957894736842,716.3631578947367,2000.0,1.0000000000000004
20260125,45,246.16228,7769.7644305894755,4231.606535852632,790.6842105263156,747.4736842105266,2000.0,0.9999999999999999
20260125,46,246.16228,7761.164802000002,4227.717433578947,781.5473684210525,751.9,2000.0,0.9999999999999997
20260125,47,246.16228,7761.164802000002,4242.849012526315,782.5157894736841,735.8000000000002,2000.0,0.9999999999999997
20260125,48,246.25328,7761.164802000002,4257.9805914736835,783.4842105263158,719.6999999999999,2000.0,0.9999999999999997
20260125,49,246.25328,7761.164802000002,4273.112170421053,784.4526315789473,703.5999999999999,2000.0,0.9999999999999997
20260125,50,246.25328,7761.164802000002,4285.349012526315,790.3684210526316,685.4473684210527,2000.0,0.9999999999999997
20260125,51,246.56632,7761.164802000002,4293.822696736842,802.7157894736841,664.6263157894737,2000.0,0.9999999999999997
20260125,52,246.56632,7761.164802000002,4302.296380947369,815.0631578947368,643.8052631578946,2000.0,0.9999999999999998
20260125,53,246.56632,7761.164802000002,4310.770065157893,827.4105263157894,622.9842105263158,2000.0,0.9999999999999997
20260125,54,246.56632,7749.125321974736,4313.9463746063175,833.4947368421053,601.6842105263157,2000.0,1.0000000000000004
20260125,55,246.56632,7709.567030463159,4305.014398884214,825.2631578947368,579.2894736842106,2000.0,1.0000000000000002
20260125,56,246.56632,7670.00873895158,4296.0824231621045,817.0315789473683,556.8947368421053,2000.0,0.9999999999999997
20260125,57,246.56632,7630.450447439999,4287.150447440001,808.7999999999997,534.5000000000001,2000.0,1.0000000000000002
20260125,58,246.56632,7601.211710235789,4286.116973393687,806.0,509.0947368421052,2000.0,1.0000000000000004
20260125,59,246.56632,7620.990855991578,4322.601382307369,829.0000000000001,469.3894736842106,2000.0,1.0000000000000002
20260125,60,246.56632,7640.770001747369,4359.085791221051,852.0000000000001,429.6842105263157,2000.0,0.9999999999999998
20260125,61,246.56632,7660.549147503159,4395.570200134736,875.0,389.97894736842096,2000.0,0.9999999999999999
20260125,62,247.6801600000001,7683.768144694739,4439.773407852631,893.8947368421054,350.09999999999997,2000.0,0.9999999999999998
20260125,63,248.40816,7782.663873473683,4653.79018926316,822.4736842105264,306.3999999999999,2000.0,1.0000000000000004
20260125,64,249.68944,7881.559602252632,4867.806970673685,751.0526315789473,262.7,2000.0,1.0
20260125,65,251.6878,7980.45533103158,5081.82375208421,679.6315789473686,219.0,2000.0,0.9999999999999999
20260125,66,253.52964,8079.351059810529,5295.840533494734,608.2105263157893,175.2999999999999,2000.0,0.9999999999999993
20260125,67,254.05016,8106.0099084378935,5368.652013701049,602.6631578947369,134.6947368421055,2000.0,0.9999999999999998
20260125,68,255.164,8125.789054193685,5428.0153699831535,603.3894736842104,94.38421052631585,2000.0,0.9999999999999993
20260125,69,255.37148,8145.568199949475,5487.378726265261,604.1157894736843,54.07368421052618,2000.0,0.9999999999999997
20260125,70,256.97672,8165.347345705262,5546.742082547364,604.8421052631579,13.763157894737098,2000.0,0.9999999999999996
20260125,71,256.97672,8169.647160000001,5537.857686315789,627.7368421052631,4.05263157894737,2000.0,0.9999999999999998
20260125,72,255.37148,8169.647160000001,5510.01558105263,656.7894736842106,2.84210526315789,2000.0,0.9999999999999997
20260125,73,255.37148,8169.647160000001,5482.173475789473,685.8421052631577,1.631578947368429,2000.0,0.9999999999999997
20260125,74,255.164,8169.647160000001,5454.331370526315,714.8947368421052,0.4210526315789487,2000.0,0.9999999999999998
20260125,75,255.1549,8118.049388463156,5405.049388463155,712.9999999999999,0.0,2000.0,0.9999999999999999
20260125,76,254.05016,8038.932805439998,5344.332805439997,694.6000000000003,0.0,2000.0,0.9999999999999999
20260125,77,253.52964,7959.816222416841,5283.616222416838,676.1999999999999,0.0,2000.0,0.9999999999999997
20260125,78,253.33308,7880.699639393682,5222.899639393685,657.8000000000001,0.0,2000.0,1.0000000000000004
20260125,79,251.6878,7791.26350206316,5124.831923115791,666.4315789473682,0.0,2000.0,1.0
20260125,80,250.70864,7692.367773284211,4992.525668021052,699.8421052631579,0.0,2000.0,0.9999999999999999
20260125,81,249.68944,7593.4720445052635,4860.219412926314,733.2526315789476,0.0,2000.0,0.9999999999999998
20260125,82,248.794,7494.576315726317,4727.913157831583,766.6631578947365,0.0,2000.0,1.0000000000000002
20260125,83,248.00412,7372.461589755788,4570.682642387371,801.7789473684211,0.0,2000.0,1.0000000000000007
20260125,84,248.00412,7214.228423709473,4374.68105528842,839.5473684210529,0.0,2000.0,1.0
20260125,85,247.6801600000001,7055.995257663159,4178.679468189478,877.3157894736837,0.0,2000.0,1.0000000000000004
20260125,86,246.25328,6897.7620916168435,3982.677881090528,915.084210526316,0.0,2000.0,1.0000000000000002
20260125,87,244.72448,6729.209371263159,3790.062002842106,939.1473684210528,0.0,2000.0,1.0
20260125,88,243.2248,6531.417913705263,3607.0389663368433,924.3789473684211,0.0,2000.0,1.0000000000000002
20260125,89,241.0408,6333.626456147369,3424.0159298315816,909.6105263157897,0.0,2000.0,1.0000000000000002
20260125,90,240.99712,6135.834998589473,3240.992893326316,894.8421052631579,0.0,2000.0,1.0000000000000002
20260125,91,239.1989600000001,5938.0435410315795,3055.8856462947388,882.1578947368421,0.0,2000.0,1.0000000000000002
20260125,92,238.61656,5740.252083473685,2856.8836624210553,883.3684210526317,0.0,2000.0,1.0000000000000002
20260125,93,232.414,5542.460625915788,2657.881678547368,884.5789473684212,0.0,2000.0,1.0000000000000002
20260125,94,235.51528,5344.669168357895,2458.879694673687,885.7894736842105,0.0,2000.0,1.0000000000000004
20260125,95,854.0571073684212,5186.3157894736805,2299.315789473684,887.0000000000001,0.0,2000.0,1.0000000000000007
20260126,0,246.56632,5219.8830684,2409.883068400001,810.0,0.0,2000.0,1.0
20260126,1,246.16228,5122.6706711747365,2340.512776437896,782.1578947368422,0.0,2000.0,1.0000000000000002
20260126,2,244.32044,5025.458273949474,2271.142484475789,754.3157894736842,0.0,2000.0,0.9999999999999998
20260126,3,242.88264,4928.245876724209,2201.772192513684,726.4736842105264,0.0,2000.0,1.0000000000000002
20260126,4,241.0408,4831.033479498948,2132.40190055158,698.6315789473684,0.0,2000.0,1.0000000000000002
20260126,5,237.35712,4761.99858871579,2073.524904505266,688.4736842105262,0.0,2000.0,1.0000000000000007
20260126,6,235.51528,4697.190323898948,2016.221902846318,680.9684210526316,0.0,2000.0,1.0000000000000004
20260126,7,233.67344,4632.382059082104,1958.918901187371,673.4631578947368,0.0,2000.0,1.0000000000000009
20260126,8,231.30016,4567.573794265264,1901.615899528424,665.9578947368423,0.0,2000.0,1.0000000000000007
20260126,9,230.18632,4526.716409924209,1868.8006204505289,657.9157894736842,0.0,2000.0,1.0000000000000009
20260126,10,230.18632,4494.31227751579,1844.628066989476,649.6842105263158,0.0,2000.0,1.0000000000000004
20260126,11,229.07248,4461.908145107369,1820.455513528422,641.4526315789475,0.0,2000.0,1.0
20260126,12,854.1617094736841,4445.495844875344,1812.274792243768,633.221052631579,0.0,2000.0,1.0000000000000007
20260126,13,854.1617094736841,4414.958448753461,1810.7479224376739,604.2105263157896,0.0,2000.0,1.0000000000000004
20260126,14,854.1617094736841,4370.360110803321,1808.518005540166,561.8421052631579,0.0,2000.0,1.0000000000000007
20260126,15,229.07248,4332.291615473684,1812.8179312631592,519.4736842105262,0.0,2000.0,1.0000000000000002
20260126,16,229.07248,4299.887483065262,1822.782219907371,477.10526315789474,0.0,2000.0,1.0000000000000009
20260126,17,230.18632,4290.729793471579,1848.2350566294758,442.4947368421052,0.0,2000.0,1.0000000000000004
20260126,18,231.30016,4306.9318596757885,1890.584491254738,416.34736842105264,0.0,2000.0,1.0000000000000007
20260126,19,232.414,4323.133925880002,1932.9339258800019,390.2,0.0,2000.0,1.0
20260126,20,233.67344,4339.335992084212,1975.283360505266,364.05263157894734,0.0,2000.0,1.0000000000000004
20260126,21,235.51528,4355.53805828842,2009.9696372357912,345.5684210526316,0.0,2000.0,1.0000000000000007
20260126,22,235.51528,4371.7401244926305,2030.287492913687,341.45263157894743,0.0,2000.0,1.000000000000001
20260126,23,237.35712,4387.942190696842,2050.6053485915822,337.3368421052632,0.0,2000.0,1.0000000000000009
20260126,24,244.32044,4404.144256901051,2070.9232042694753,333.22105263157897,0.0,2000.0,1.0000000000000007
20260126,25,218.27988,4430.912888021054,2099.281309073687,331.4736842105263,0.1578947368421044,2000.0,1.0000000000000004
20260126,26,229.07248,4495.721152837894,2156.584310732633,338.2526315789474,0.8842105263157894,2000.0,1.0000000000000004
20260126,27,227.95864,4560.529417654737,2213.887312391581,345.0315789473684,1.610526315789474,2000.0,1.0000000000000007
20260126,28,229.07248,4625.337682471579,2271.1903140505283,351.8105263157895,2.336842105263157,2000.0,1.0000000000000007
20260126,29,230.18632,4698.599199221052,2334.70446237895,358.5894736842105,5.3052631578947445,2000.0,1.0000000000000007
20260126,30,231.30016,4860.61986126316,2463.4356507368457,365.3684210526316,31.815789473684248,2000.0,1.0000000000000004
20260126,31,232.414,5022.640523305263,2592.1668390947398,372.1473684210526,58.32631578947366,2000.0,1.0000000000000007
20260126,32,240.8624400000001,5184.661185347368,2720.898027452634,378.9263157894737,84.83684210526319,2000.0,1.0000000000000007
20260126,33,244.32044,5346.681847389475,2849.6292158105257,385.7052631578947,111.3473684210527,2000.0,0.9999999999999997
20260126,34,244.72448,5477.707252345263,2915.638831292631,389.7052631578947,172.3631578947368,2000.0,0.9999999999999999
20260126,35,246.16228,5607.3237819789465,2978.797466189475,393.578947368421,234.9473684210524,2000.0,1.0000000000000002
20260126,36,247.86762,5736.9403116126305,3041.956101086318,397.45263157894743,297.5315789473686,2000.0,1.0000000000000007
20260126,37,248.00412,5866.556841246315,3105.114735983158,401.32631578947365,360.11578947368406,2000.0,1.0
20260126,38,247.86762,5915.86747752,3041.467477520002,450.1999999999999,424.19999999999993,2000.0,1.0000000000000002
20260126,39,246.16228,5948.27160992842,2951.124241507368,508.5473684210528,488.6000000000002,2000.0,1.0000000000000002
20260126,40,244.32044,5980.675742336842,2860.7810054947377,566.8947368421052,552.9999999999999,2000.0,1.0000000000000002
20260126,41,242.88264,6013.079874745263,2770.437769482107,625.2421052631577,617.3999999999999,2000.0,1.0000000000000002
20260126,42,239.1989600000001,6034.213004576842,2711.7708993136853,668.6000000000001,653.8421052631579,2000.0,1.0000000000000002
20260126,43,237.35712,6050.415070781051,2666.962439202107,705.4000000000001,678.0526315789475,2000.0,1.0000000000000007
20260126,44,235.51528,6066.617136985262,2622.153979090529,742.2,702.2631578947369,2000.0,1.0000000000000007
20260126,45,233.67344,6082.819203189474,2577.3455189789493,779.0000000000001,726.4736842105265,2000.0,1.0000000000000002
20260126,46,233.67344,6080.7058902063145,2554.726942837895,793.4947368421053,732.4842105263158,2000.0,1.0000000000000002
20260126,47,232.414,6064.503824002104,2549.1775082126337,790.8315789473685,724.4947368421052,2000.0,1.0000000000000007
20260126,48,232.414,6048.301757797894,2543.628073587372,788.1684210526317,716.5052631578948,2000.0,1.0000000000000007
20260126,49,232.414,6032.099691593685,2538.078638962108,785.5052631578947,708.5157894736842,2000.0,1.0000000000000002
20260126,50,232.414,6008.853248778946,2542.063775094738,770.3157894736844,696.4736842105265,2000.0,1.0000000000000004
20260126,51,233.67344,5976.449116370526,2558.443853212636,738.8421052631577,679.163157894737,2000.0,1.0000000000000007
20260126,52,233.67344,5944.044983962106,2574.823931330529,707.3684210526316,661.8526315789475,2000.0,1.0000000000000002
20260126,53,233.67344,5911.640851553684,2591.204009448424,675.8947368421053,644.542105263158,2000.0,1.0000000000000007
20260126,54,235.51528,5884.167782772633,2613.36251961474,647.0,623.8052631578945,2000.0,1.0000000000000002
20260126,55,237.35712,5867.965716568421,2648.728874463162,624.0,595.2368421052632,2000.0,1.0000000000000007
20260126,56,239.1989600000001,5851.76365036421,2684.09522931158,601.0000000000001,566.6684210526316,2000.0,1.0000000000000002
20260126,57,239.1989600000001,5835.561584159999,2719.4615841600003,577.9999999999999,538.0999999999999,2000.0,1.0000000000000002
20260126,58,241.0408,5822.177268599999,2739.7299001789493,573.1894736842106,509.2578947368422,2000.0,1.0000000000000007
20260126,59,239.1989600000001,5822.177268599999,2688.282531757898,654.778947368421,479.1157894736843,2000.0,1.0000000000000009
20260126,60,235.51528,5822.177268599999,2636.8351633368443,736.3684210526319,448.9736842105262,2000.0,1.0000000000000007
20260126,61,233.67344,5822.177268599999,2585.387794915792,817.9578947368423,418.8315789473685,2000.0,1.0000000000000007
20260126,62,232.414,5824.995019244211,2539.2844929284242,898.063157894737,387.6473684210528,2000.0,1.0000000000000004
20260126,63,235.51528,5889.803284061053,2610.750652482108,945.5157894736844,333.5368421052631,2000.0,1.0000000000000004
20260126,64,239.1989600000001,5954.611548877894,2682.216812035792,992.9684210526318,279.42631578947356,2000.0,1.0000000000000007
20260126,65,241.0408,6019.419813694737,2753.682971589475,1040.421052631579,225.3157894736843,2000.0,1.0000000000000002
20260126,66,244.32044,6084.228078511578,2825.149131143158,1087.873684210527,171.2052631578946,2000.0,1.0000000000000002
20260126,67,246.16228,6223.002297738946,2950.244403002106,1139.747368421052,133.0105263157897,2000.0,1.0000000000000002
20260126,68,247.86762,6368.820893576841,3080.447209366314,1192.042105263158,96.33157894736847,2000.0,0.9999999999999999
20260126,69,249.68944,6514.639489414738,3210.6500157305313,1244.336842105263,59.65263157894722,2000.0,1.0000000000000007
20260126,70,250.2500000000001,6660.4580852526315,3340.852822094737,1296.6315789473679,22.973684210526528,2000.0,1.0
20260126,71,251.51126,6679.477902101053,3367.656849469473,1299.663157894737,12.15789473684211,2000.0,1.0
20260126,72,251.51126,6663.275835896843,3365.73899379158,1289.01052631579,8.52631578947367,2000.0,1.0
20260126,73,250.2500000000001,6647.073769692631,3363.821138113686,1278.3578947368421,4.894736842105286,2000.0,1.0000000000000004
20260126,74,250.2500000000001,6630.871703488422,3361.903282435791,1267.7052631578952,1.263157894736846,2000.0,1.0000000000000002
20260126,75,250.2500000000001,6604.10307236842,3345.155703947367,1258.947368421053,0.0,2000.0,1.0
20260126,76,250.2500000000001,6571.69893996,3320.4989399600004,1251.2,0.0,2000.0,1.0000000000000002
20260126,77,249.84596,6539.294807551579,3295.842175972633,1243.452631578947,0.0,2000.0,1.0000000000000002
20260126,78,249.84596,6506.890675143157,3271.185411985265,1235.705263157895,0.0,2000.0,1.0000000000000007
20260126,79,249.68944,6466.033290802105,3239.591185538949,1226.442105263158,0.0,2000.0,1.0000000000000004
20260126,80,249.68944,6417.427092189475,3201.637618505266,1215.7894736842109,0.0,2000.0,1.0000000000000002
20260126,81,248.40816,6368.820893576841,3163.684051471579,1205.136842105263,0.0,2000.0,1.0000000000000002
20260126,82,248.00412,6320.21469496421,3125.730484437895,1194.484210526316,0.0,2000.0,1.0000000000000002
20260126,83,248.00412,6277.948435301052,3104.822119511581,1173.126315789474,0.0,2000.0,1.0000000000000004
20260126,84,248.00412,6245.544302892632,3110.428513418948,1135.115789473684,0.0,2000.0,1.0
20260126,85,248.00412,6213.140170484212,3116.034907326319,1097.105263157895,0.0,2000.0,1.0000000000000002
20260126,86,248.00412,6180.73603807579,3121.641301233685,1059.094736842105,0.0,2000.0,1.0
20260126,87,248.00412,6135.652027768419,3101.557290926317,1034.094736842105,0.0,2000.0,1.0000000000000004
20260126,88,246.56632,6054.641696747368,3008.683802010529,1045.957894736842,0.0,2000.0,1.0000000000000004
20260126,89,244.72448,5973.631365726315,2915.810313094739,1057.821052631579,0.0,2000.0,1.0000000000000004
20260126,90,244.32044,5892.621034705264,2822.936824178947,1069.684210526316,0.0,2000.0,0.9999999999999999
20260126,91,244.32044,5809.497390701053,2728.297390701055,1081.2,0.0,2000.0,1.0000000000000004
20260126,92,232.414,5712.284993475788,2621.884993475792,1090.4,0.0,2000.0,1.0000000000000009
20260126,93,232.414,5615.072596250527,2515.472596250529,1099.6000000000001,0.0,2000.0,1.0000000000000004
20260126,94,231.30016,5517.860199025263,2409.0601990252662,1108.8,0.0,2000.0,1.0000000000000007
20260126,95,229.07248,5420.6478018,2302.647801800003,1118.0,0.0,2000.0,1.0000000000000007
20260127,0,244.72448,5084.301689999998,1770.301690000001,1314.0,0.0,2000.0,1.0000000000000004
20260127,1,854.88856,5050.083102493073,1692.504155124654,1357.578947368421,0.0,2000.0,1.0000000000000004
20260127,2,854.88856,5095.955678670358,1694.797783933518,1401.157894736842,0.0,2000.0,1.0000000000000004
20260127,3,854.88856,5141.828254847643,1697.091412742382,1444.736842105263,0.0,2000.0,1.0000000000000004
20260127,4,854.88856,5187.700831024931,1699.3850415512459,1488.315789473684,0.0,2000.0,0.9999999999999997
20260127,5,854.88856,5212.742382271467,1700.6371191135731,1512.105263157895,0.0,2000.0,1.0000000000000002
20260127,6,854.88856,5234.659279778392,1701.732963988919,1532.926315789474,0.0,2000.0,1.0000000000000002
20260127,7,854.88856,5256.5761772853175,1702.8288088642662,1553.7473684210531,0.0,2000.0,1.0000000000000004
20260127,8,854.88856,5278.493074792242,1703.924653739612,1574.568421052632,0.0,2000.0,1.0000000000000004
20260127,9,854.88856,5241.074792243766,1702.053739612188,1539.021052631579,0.0,2000.0,1.0000000000000004
20260127,10,854.88856,5182.7146814404405,1699.1357340720222,1483.578947368421,0.0,2000.0,1.0000000000000004
20260127,11,854.88856,5124.354570637117,1696.217728531856,1428.136842105263,0.0,2000.0,1.0000000000000004
20260127,12,854.88856,5065.9944598337925,1693.29972299169,1372.694736842105,0.0,2000.0,1.0000000000000004
20260127,13,854.88856,5010.271468144043,1690.513573407203,1319.757894736842,0.0,2000.0,1.0000000000000004
20260127,14,854.88856,4956.243767313018,1687.812188365651,1268.431578947368,0.0,2000.0,1.0000000000000002
20260127,15,854.88856,4902.216066481994,1685.1108033241,1217.105263157895,0.0,2000.0,1.0000000000000002
20260127,16,854.88856,4848.188365650967,1682.409418282548,1165.7789473684209,0.0,2000.0,1.0000000000000004
20260127,17,854.88856,4794.526315789471,1679.726315789474,1114.8,0.0,2000.0,1.0000000000000007
20260127,18,854.88856,4741.263157894737,1677.063157894737,1064.2,0.0,2000.0,1.0
20260127,19,854.88856,4687.999999999999,1674.4,1013.5999999999999,0.0,2000.0,1.0000000000000002
20260127,20,854.88856,4634.736842105262,1671.736842105263,963.0000000000001,0.0,2000.0,1.0000000000000002
20260127,21,854.88856,4595.922437673131,1669.7961218836572,926.1263157894737,0.0,2000.0,1.0
20260127,22,854.88856,4584.199445983378,1669.2099722991688,914.9894736842103,0.0,2000.0,1.0000000000000002
20260127,23,854.88856,4572.476454293627,1668.623822714682,903.8526315789474,0.0,2000.0,1.0000000000000007
20260127,24,854.88856,4560.753462603876,1668.037673130193,892.7157894736843,0.0,2000.0,1.0000000000000004
20260127,25,854.88856,4554.958448753461,1667.7479224376739,887.0526315789473,0.1578947368421044,2000.0,1.0000000000000004
20260127,26,854.88856,4570.504155124651,1668.525207756233,901.0947368421054,0.8842105263157894,2000.0,1.0000000000000007
20260127,27,854.88856,4586.049861495843,1669.302493074792,915.1368421052632,1.610526315789474,2000.0,1.0000000000000004
20260127,28,854.88856,4601.595567867035,1670.079778393352,929.178947368421,2.336842105263157,2000.0,1.0000000000000002
20260127,29,854.88856,4615.81163434903,1670.790581717451,939.5157894736842,5.505263157894745,2000.0,1.0
20260127,30,244.72448,4734.36999473684,1789.106836842105,910.9473684210527,34.31578947368426,2000.0,1.0000000000000004
20260127,31,244.32044,4892.182327894736,1946.677064736843,882.3789473684211,63.126315789473665,2000.0,1.0000000000000004
20260127,32,854.9642336842105,5121.839335180054,2176.091966759002,853.8105263157894,91.93684210526317,2000.0,1.0000000000000002
20260127,33,228.956,5207.806994210525,2261.8175205263183,825.2421052631579,120.7473684210527,2000.0,1.0000000000000007
20260127,34,233.67344,5335.429141894735,2388.039668210529,761.4736842105265,185.91578947368419,2000.0,1.0000000000000009
20260127,35,231.30016,5461.679008421051,2512.836903157896,696.1052631578951,252.7368421052629,2000.0,1.0000000000000004
20260127,36,232.414,5587.928874947369,2637.634138105264,630.7368421052631,319.5578947368423,2000.0,1.0
20260127,37,238.61656,5714.178741473684,2762.431373052635,565.3684210526318,386.3789473684209,2000.0,1.0000000000000009
20260127,38,239.1989600000001,5762.208582,2780.2085820000043,524.2,457.79999999999967,2000.0,1.0000000000000009
20260127,39,239.1989600000001,5793.771048631578,2775.455259157897,488.1263157894736,530.1894736842107,2000.0,1.0000000000000007
20260127,40,237.35712,5825.333515263158,2770.701936315793,452.0526315789473,602.578947368421,2000.0,1.0000000000000004
20260127,41,237.35712,5856.895981894736,2765.948613473686,415.9789473684212,674.9684210526315,2000.0,1.0000000000000004
20260127,42,239.1989600000001,5877.480199263157,2797.627567684211,361.5473684210524,718.3052631578948,2000.0,1.0000000000000002
20260127,43,241.0408,5893.261432578947,2845.245643105265,299.0842105263158,748.9315789473683,2000.0,1.0000000000000002
20260127,44,242.88264,5909.042665894737,2892.863718526316,236.62105263157912,779.5578947368421,2000.0,1.0
20260127,45,244.32044,5924.823899210525,2940.481793947371,174.15789473684188,810.184210526316,2000.0,1.0000000000000007
20260127,46,244.32044,5922.765477473683,2945.081266947367,167.38947368421051,810.2947368421054,2000.0,1.0
20260127,47,244.32044,5906.984244157894,2916.58950731579,203.4631578947367,786.9315789473686,2000.0,1.0000000000000002
20260127,48,242.88264,5891.203010842105,2888.09774768421,239.5368421052632,763.5684210526317,2000.0,1.0
20260127,49,241.0408,5875.421777526316,2859.605988052634,275.61052631578946,740.2052631578948,2000.0,1.0000000000000004
20260127,50,242.3002400000001,5852.779138421053,2797.515980526317,330.736842105263,724.5263157894738,2000.0,1.0000000000000002
20260127,51,232.414,5821.216671789472,2691.748250736843,410.63157894736867,718.836842105263,2000.0,1.0000000000000007
20260127,52,232.414,5789.6542051578945,2585.980520947371,490.5263157894736,713.1473684210528,2000.0,1.0000000000000007
20260127,53,230.18632,5758.091738526317,2480.2127911578987,570.4210526315787,707.457894736842,2000.0,1.0000000000000002
20260127,54,229.07248,5731.332255947369,2405.479624368423,625.5578947368421,700.2947368421052,2000.0,1.0000000000000002
20260127,55,229.07248,5715.55102263158,2401.68260157895,624.1052631578947,689.7631578947368,2000.0,1.0000000000000002
20260127,56,229.07248,5699.769789315791,2397.8855787894768,622.6526315789473,679.2315789473683,2000.0,1.0000000000000002
20260127,57,229.07248,5683.988556000001,2394.088556000003,621.1999999999999,668.6999999999999,2000.0,1.0000000000000002
20260127,58,229.07248,5670.951884999999,2410.78346394737,605.3473684210527,654.8210526315788,2000.0,1.0000000000000004
20260127,59,231.30016,5670.951884999999,2524.815042894738,521.0947368421056,625.042105263158,2000.0,1.0000000000000004
20260127,60,232.414,5670.951884999999,2638.8466218421067,436.8421052631577,595.2631578947368,2000.0,1.0000000000000004
20260127,61,238.61656,5670.951884999999,2752.8782007894742,352.58947368421053,565.4842105263158,2000.0,1.0000000000000002
20260127,62,232.414,5673.69644731579,2868.343815736845,270.8842105263159,534.4684210526318,2000.0,1.0000000000000007
20260127,63,240.8624400000001,5736.821380578949,3015.3582226842127,245.22105263157877,476.2421052631577,2000.0,1.0
20260127,64,244.32044,5799.946313842104,3162.372629631581,219.5578947368421,418.01578947368415,2000.0,1.0000000000000004
20260127,65,246.16228,5863.071247105262,3309.387036578946,193.8947368421053,359.78947368421063,2000.0,1.0
20260127,66,247.36712,5926.196180368423,3456.401443526319,168.23157894736832,301.5631578947366,2000.0,1.0000000000000002
20260127,67,248.48096,6061.365874421052,3683.418506000002,135.9368421052634,242.0105263157899,2000.0,1.0000000000000007
20260127,68,250.70864,6203.396974263158,3918.054869,103.0105263157895,182.33157894736848,2000.0,1.0
20260127,69,253.33308,6345.428074105262,4152.691231999998,70.08421052631569,122.6526315789472,2000.0,0.9999999999999999
20260127,70,255.164,6487.459173947367,4387.327594999995,37.1578947368423,62.97368421052669,2000.0,0.9999999999999996
20260127,71,255.37148,6505.984969578947,4436.784969578943,28.673684210526318,40.5263157894737,2000.0,0.9999999999999993
20260127,72,255.37148,6490.203736263157,4434.803736263154,26.978947368421053,28.421052631578902,2000.0,0.9999999999999996
20260127,73,255.37148,6474.422502947368,4432.822502947367,25.284210526315796,16.31578947368429,2000.0,0.9999999999999999
20260127,74,255.37148,6458.641269631579,4430.841269631577,23.589473684210528,4.210526315789487,2000.0,0.9999999999999996
20260127,75,255.37148,6432.56792763158,4410.357401315787,22.21052631578947,0.0,2000.0,0.9999999999999994
20260127,76,255.164,6401.005461,4380.005460999998,21.00000000000001,0.0,2000.0,0.9999999999999997
20260127,77,255.1549,6369.442994368422,4349.653520684208,19.789473684210527,0.0,2000.0,0.9999999999999996
20260127,78,255.1549,6337.880527736841,4319.301580368419,18.57894736842105,0.0,2000.0,0.9999999999999999
20260127,79,254.05016,6298.084374157894,4279.452795210523,18.63157894736841,0.0,2000.0,0.9999999999999996
20260127,80,253.52964,6250.740674210527,4230.898568947365,19.84210526315789,0.0,2000.0,0.9999999999999992
20260127,81,253.33308,6203.396974263158,4182.344342684209,21.05263157894737,0.0,2000.0,0.9999999999999997
20260127,82,252.93632,6156.053274315791,4133.790116421054,22.26315789473683,0.0,2000.0,1.0
20260127,83,251.82248,6114.884839578947,4089.0427343157903,25.8421052631579,0.0,2000.0,1.0000000000000002
20260127,84,251.6878,6083.322372947368,4050.217109789473,33.10526315789477,0.0,2000.0,0.9999999999999999
20260127,85,251.6878,6051.75990631579,4011.391485263158,40.36842105263155,0.0,2000.0,0.9999999999999999
20260127,86,251.51126,6020.19743968421,3972.56586073684,47.6315789473684,0.0,2000.0,0.9999999999999999
20260127,87,250.70864,5976.284442631577,3914.694968947368,61.58947368421066,0.0,2000.0,1.0000000000000002
20260127,88,249.84596,5897.378276052634,3802.86248657895,94.51578947368404,0.0,2000.0,1.0
20260127,89,249.5948,5818.472109473683,3691.030004210527,127.44210526315788,0.0,2000.0,1.0000000000000002
20260127,90,248.00412,5739.565942894738,3579.197521842108,160.3684210526317,0.0,2000.0,1.0000000000000002
20260127,91,248.00412,5658.601354578947,3469.222407210529,189.378947368421,0.0,2000.0,1.0000000000000004
20260127,92,248.00412,5563.913954684211,3371.6297441578954,192.2842105263158,0.0,2000.0,1.0
20260127,93,248.00412,5469.226554789473,3274.037081105265,195.1894736842105,0.0,2000.0,1.0000000000000002
20260127,94,247.36712,5374.539154894736,3176.444418052632,198.0947368421052,0.0,2000.0,1.0000000000000002
20260127,95,246.16228,5279.851755,3078.851755000001,200.99999999999997,0.0,2000.0,1.0000000000000004
20260128,0,242.11096,5714.126088,3714.1260879999995,0.0,0.0,2000.0,0.9999999999999999
20260128,1,240.99712,5631.533849178948,3556.9654281263147,74.56842105263159,0.0,2000.0,0.9999999999999997
20260128,2,239.88328,5548.941610357894,3399.804768252631,149.13684210526318,0.0,2000.0,1.0
20260128,3,238.76944,5466.349371536842,3242.64410837895,223.7052631578947,0.0,2000.0,1.0000000000000004
20260128,4,232.414,5383.757132715789,3085.483448505264,298.2736842105263,0.0,2000.0,1.0000000000000002
20260128,5,231.30016,5319.119728421053,2987.751307368424,331.36842105263156,0.0,2000.0,1.0000000000000004
20260128,6,230.18632,5257.175549305262,2898.933444042108,358.2421052631579,0.0,2000.0,1.0000000000000007
20260128,7,229.07248,5195.231370189474,2810.115580715792,385.11578947368423,0.0,2000.0,1.0000000000000004
20260128,8,227.95864,5133.287191073684,2721.297717389476,411.98947368421057,0.0,2000.0,1.0000000000000004
20260128,9,227.95864,5101.866230652631,2742.276756968423,359.5894736842105,0.0,2000.0,1.0000000000000004
20260128,10,229.07248,5081.218170947368,2802.0076446315807,279.2105263157895,0.0,2000.0,1.0000000000000004
20260128,11,230.18632,5060.570111242105,2861.73853229474,198.8315789473684,0.0,2000.0,1.0000000000000007
20260128,12,231.30016,5039.9220515368415,2921.469419957898,118.4526315789473,0.0,2000.0,1.0000000000000007
20260128,13,230.18632,5031.842375999999,2891.937112842108,139.9052631578948,0.0,2000.0,1.0000000000000007
20260128,14,229.07248,5031.842375999999,2805.021323368424,226.8210526315789,0.0,2000.0,1.0000000000000007
20260128,15,227.95864,5031.842375999999,2718.10553389474,313.7368421052633,0.0,2000.0,1.0000000000000009
20260128,16,226.8448,5031.842375999999,2631.1897444210567,400.65263157894736,0.0,2000.0,1.000000000000001
20260128,17,853.98584,5081.772853185591,2594.088642659278,487.68421052631584,0.0,2000.0,1.0000000000000004
20260128,18,853.98584,5173.518005540162,2598.675900277006,574.842105263158,0.0,2000.0,1.0000000000000002
20260128,19,853.98584,5265.263157894731,2603.263157894735,661.9999999999999,0.0,2000.0,1.0000000000000007
20260128,20,853.98584,5357.008310249303,2607.850415512463,749.1578947368421,0.0,2000.0,1.0000000000000004
20260128,21,853.98584,5431.468144044316,2611.5734072022137,819.8947368421052,0.0,2000.0,1.0000000000000004
20260128,22,214.04656,5506.747749221053,2646.905643957896,859.8421052631577,0.0,2000.0,1.0000000000000002
20260128,23,235.51528,5795.820585094736,2896.031111410527,899.7894736842104,0.0,2000.0,1.0000000000000002
20260128,24,238.76944,6084.893420968421,3145.15657886316,939.7368421052631,0.0,2000.0,1.0000000000000002
20260128,25,239.88328,6364.988839578947,3380.7256816842114,983.6315789473682,0.6315789473684177,2000.0,1.0000000000000002
20260128,26,240.99712,6612.765556042106,3567.491871831579,1041.7368421052631,3.536842105263159,2000.0,0.9999999999999999
20260128,27,242.11096,6860.542272505263,3754.2580619789483,1099.842105263158,6.442105263157899,2000.0,1.0000000000000002
20260128,28,243.2248,7108.318988968419,3941.0242521263144,1157.947368421052,9.347368421052629,2000.0,1.0000000000000002
20260128,29,244.33864,7350.709255073684,4124.15136033684,1211.21052631579,15.34736842105264,2000.0,0.9999999999999999
20260128,30,244.72448,7536.541792421056,4269.068108210524,1213.631578947368,53.84210526315796,2000.0,0.9999999999999992
20260128,31,245.45248,7722.3743297684205,4413.984856084208,1216.052631578947,92.33684210526313,2000.0,0.9999999999999998
20260128,32,246.56632,7908.206867115789,4558.901603957892,1218.473684210526,130.83157894736848,2000.0,0.9999999999999997
20260128,33,247.6801600000001,8094.039404463158,4703.818351831578,1220.894736842105,169.3263157894737,2000.0,0.9999999999999999
20260128,34,246.56632,8121.869397978948,4657.500976926314,1222.389473684211,241.978947368421,2000.0,0.9999999999999999
20260128,35,246.56632,8142.517457684211,4602.491141894735,1223.842105263158,316.1842105263156,2000.0,0.9999999999999997
20260128,36,246.56632,8163.165517389476,4547.481306863155,1225.294736842105,390.3894736842107,2000.0,0.9999999999999993
20260128,37,246.16228,8183.813577094737,4492.471471831577,1226.7473684210531,464.59473684210525,2000.0,0.9999999999999998
20260128,38,246.16228,8187.404544,4469.204543999998,1192.3999999999999,525.7999999999998,2000.0,0.9999999999999998
20260128,39,246.16228,8187.404544,4452.620333473683,1150.515789473684,584.2684210526317,2000.0,0.9999999999999998
20260128,40,245.45248,8187.404544,4436.0361229473665,1108.631578947369,642.7368421052631,2000.0,0.9999999999999999
20260128,41,245.45248,8187.404544,4419.451912421051,1066.747368421053,701.2052631578945,2000.0,0.9999999999999998
20260128,42,245.45248,8173.040676378948,4388.672255326314,1026.378947368421,757.9894736842106,2000.0,0.9999999999999998
20260128,43,245.45248,8152.392616673686,4351.682090357894,986.6736842105263,814.0368421052632,2000.0,0.9999999999999998
20260128,44,245.45248,8131.744556968421,4314.691925389472,946.9684210526317,870.0842105263156,2000.0,0.9999999999999998
20260128,45,244.72448,8111.096497263159,4277.701760421051,907.2631578947368,926.1315789473688,2000.0,0.9999999999999998
20260128,46,244.72448,8102.119080000001,4271.950658947367,887.8105263157895,942.3578947368419,2000.0,0.9999999999999997
20260128,47,244.72448,8102.119080000001,4290.229606315787,883.9368421052632,927.9526315789475,2000.0,0.9999999999999996
20260128,48,245.45248,8102.119080000001,4308.508553684209,880.063157894737,913.5473684210526,2000.0,0.9999999999999997
20260128,49,245.45248,8102.119080000001,4326.78750105263,876.1894736842105,899.142105263158,2000.0,0.9999999999999997
20260128,50,245.45248,8102.119080000001,4347.750658947367,866.6315789473686,887.7368421052631,2000.0,0.9999999999999997
20260128,51,245.45248,8102.119080000001,4372.203290526315,849.6842105263157,880.2315789473685,2000.0,0.9999999999999998
20260128,52,245.45248,8102.119080000001,4396.655922105262,832.7368421052631,872.7263157894736,2000.0,0.9999999999999997
20260128,53,245.45248,8102.119080000001,4421.108553684207,815.7894736842106,865.2210526315789,2000.0,0.9999999999999994
20260128,54,246.16228,8089.550695831579,4448.761222147368,784.915789473684,855.8736842105261,2000.0,0.9999999999999999
20260128,55,246.16228,8048.2545764210545,4483.728260631578,722.2105263157895,842.3157894736843,2000.0,0.9999999999999997
20260128,56,244.72448,8006.958457010525,4518.695299115786,659.5052631578949,828.7578947368422,2000.0,0.9999999999999997
20260128,57,245.13944,7965.662337600002,4553.662337599999,596.7999999999998,815.1999999999999,2000.0,0.9999999999999997
20260128,58,245.45248,7935.139118905262,4594.665434694734,546.3473684210526,794.1263157894737,2000.0,0.9999999999999999
20260128,59,244.33864,7955.787178610527,4664.339810189472,554.0947368421052,737.3526315789475,2000.0,0.9999999999999997
20260128,60,244.72448,7976.435238315791,4734.01418568421,561.8421052631579,680.5789473684208,2000.0,0.9999999999999997
20260128,61,245.13944,7997.083298021053,4803.688561178948,569.5894736842106,623.8052631578947,2000.0,1.0
20260128,62,245.45248,8021.322324631581,4879.153903578944,575.4105263157896,566.7578947368422,2000.0,0.9999999999999993
20260128,63,246.25328,8124.562623157895,5082.020517894734,538.8526315789471,503.6894736842102,2000.0,0.9999999999999996
20260128,64,246.56632,8227.802921684211,5284.887132210525,502.2947368421053,440.621052631579,2000.0,0.9999999999999998
20260128,65,247.6801600000001,8331.043220210526,5487.753746526313,465.7368421052633,377.5526315789475,2000.0,0.9999999999999998
20260128,66,248.48096,8434.283518736844,5690.620360842107,429.1789473684209,314.4842105263156,2000.0,1.0
20260128,67,248.794,8462.113512252632,5804.702985936844,403.45263157894743,253.95789473684252,2000.0,1.0000000000000002
20260128,68,249.5948,8482.761571957895,5910.329993010528,378.7578947368421,193.6736842105264,2000.0,1.0000000000000002
20260128,69,250.2500000000001,8503.409631663159,6015.957000084209,354.0631578947369,133.38947368421032,2000.0,0.9999999999999996
20260128,70,251.6878,8524.057691368422,6121.584007157891,329.36842105263173,73.10526315789512,2000.0,0.9999999999999996
20260128,71,251.6878,8528.546400000001,6165.388505263156,314.5263157894737,48.63157894736844,2000.0,0.9999999999999996
20260128,72,251.82248,8528.546400000001,6192.020084210525,302.421052631579,34.105263157894676,2000.0,0.9999999999999998
20260128,73,251.82248,8528.546400000001,6218.651663157893,290.3157894736843,19.57894736842114,2000.0,0.9999999999999998
20260128,74,251.82248,8528.546400000001,6245.283242105261,278.2105263157895,5.052631578947384,2000.0,0.9999999999999996
20260128,75,251.82248,8474.681896421052,6197.366106947366,277.31578947368416,0.0,2000.0,0.9999999999999998
20260128,76,250.70864,8392.0896576,6109.689657599998,282.4,0.0,2000.0,0.9999999999999998
20260128,77,250.2500000000001,8309.497418778947,6022.013208252629,287.4842105263158,0.0,2000.0,0.9999999999999998
20260128,78,249.84596,8226.905179957894,5934.336758905263,292.5684210526316,0.0,2000.0,1.0000000000000002
20260128,79,249.5948,8133.540040421053,5863.297935157894,270.2421052631581,0.0,2000.0,0.9999999999999999
20260128,80,248.794,8030.299741894739,5807.510268210527,222.7894736842106,0.0,2000.0,0.9999999999999999
20260128,81,248.794,7927.059443368423,5751.722601263158,175.336842105263,0.0,2000.0,0.9999999999999998
20260128,82,248.48096,7823.819144842108,5695.934934315791,127.884210526316,0.0,2000.0,0.9999999999999999
20260128,83,248.00412,7696.339819705264,5601.224030231579,95.11578947368422,0.0,2000.0,0.9999999999999999
20260128,84,247.6801600000001,7531.155342063157,5445.965868378944,85.18947368421048,0.0,2000.0,0.9999999999999997
20260128,85,246.56632,7365.970864421055,5290.7077065263165,75.26315789473689,0.0,2000.0,0.9999999999999998
20260128,86,246.56632,7200.7863867789465,5135.449544673685,65.33684210526316,0.0,2000.0,1.0000000000000002
20260128,87,245.45248,7024.829008421052,4967.334271578945,57.494736842105254,0.0,2000.0,0.9999999999999998
20260128,88,244.72448,6818.348411368422,4762.790516631578,55.557894736842115,0.0,2000.0,0.9999999999999998
20260128,89,244.32044,6611.867814315788,4558.246761684208,53.62105263157895,0.0,2000.0,0.9999999999999999
20260128,90,242.88264,6405.387217263155,4353.703006736838,51.68421052631578,0.0,2000.0,0.9999999999999997
20260128,91,242.11096,6198.906620210527,4143.980304421054,54.92631578947349,0.0,2000.0,1.0000000000000002
20260128,92,239.88328,5992.426023157893,3899.7312863157886,92.69473684210526,0.0,2000.0,1.0000000000000002
20260128,93,238.76944,5785.9454261052615,3655.482268210527,130.46315789473698,0.0,2000.0,1.0000000000000002
20260128,94,235.51528,5579.464829052632,3411.233250105266,168.2315789473682,0.0,2000.0,1.0000000000000004
20260128,95,224.85736,5372.984232000001,3166.984232000003,206.0,0.0,2000.0,1.0000000000000004
20260129,0,239.88328,6144.2216,3584.2215999999994,560.0000000000001,0.0,2000.0,1.0
20260129,1,239.88328,6055.412741052632,3480.160109473684,575.2526315789473,0.0,2000.0,0.9999999999999999
20260129,2,238.76944,5966.603882105263,3376.098618947371,590.5052631578948,0.0,2000.0,1.0000000000000004
20260129,3,238.61656,5877.795023157894,3272.037128421055,605.7578947368421,0.0,2000.0,1.0000000000000004
20260129,4,232.414,5788.986164210527,3167.9756378947372,621.0105263157894,0.0,2000.0,0.9999999999999999
20260129,5,232.414,5719.483578947369,3124.48357894737,595.0,0.0,2000.0,1.0000000000000002
20260129,6,232.414,5652.876934736843,3090.076934736845,562.8,0.0,2000.0,1.0000000000000002
20260129,7,231.30016,5586.270290526316,3055.670290526317,530.5999999999999,0.0,2000.0,1.0000000000000002
20260129,8,231.30016,5519.663646315791,3021.263646315791,498.4000000000001,0.0,2000.0,1.0
20260129,9,230.18632,5485.87766736842,2988.361877894739,497.5157894736843,0.0,2000.0,1.0000000000000007
20260129,10,230.18632,5463.675452631579,2955.991242105266,507.68421052631584,0.0,2000.0,1.0000000000000004
20260129,11,229.07248,5441.473237894737,2923.620606315792,517.8526315789475,0.0,2000.0,1.0000000000000004
20260129,12,229.07248,5419.271023157895,2891.249970526318,528.0210526315789,0.0,2000.0,1.0000000000000004
20260129,13,227.95864,5410.5832,2855.151621052633,555.4315789473685,0.0,2000.0,1.0000000000000002
20260129,14,227.95864,5410.5832,2816.656884210528,593.9263157894736,0.0,2000.0,1.0000000000000004
20260129,15,226.8448,5410.5832,2778.162147368423,632.4210526315791,0.0,2000.0,1.0000000000000004
20260129,16,226.8448,5410.5832,2739.6674105263182,670.9157894736842,0.0,2000.0,1.0000000000000004
20260129,17,226.8448,5421.2016505263155,2722.3279663157923,698.8736842105263,0.0,2000.0,1.0000000000000004
20260129,18,226.8448,5443.403865263159,2728.067023157897,715.3368421052631,0.0,2000.0,1.0000000000000004
20260129,19,226.8448,5465.606080000001,2733.806080000003,731.8000000000002,0.0,2000.0,1.0000000000000002
20260129,20,226.8448,5487.808294736843,2739.54513684211,748.2631578947369,0.0,2000.0,1.0000000000000007
20260129,21,220.48936,5610.40313263158,2851.150501052635,759.2526315789473,0.0,2000.0,1.0000000000000002
20260129,22,238.76944,5921.234138947368,3161.255191578949,759.978947368421,0.0,2000.0,1.0000000000000002
20260129,23,239.88328,6232.065145263159,3471.359882105264,760.7052631578947,0.0,2000.0,1.0
20260129,24,241.0408,6542.896151578947,3781.4645726315803,761.4315789473684,0.0,2000.0,1.0000000000000002
20260129,25,243.2248,6844.074021052631,4084.0477052631577,759.3157894736842,0.7105263157894698,2000.0,1.0
20260129,26,244.72448,7110.500597894739,4359.553229473681,746.9684210526315,3.9789473684210526,2000.0,0.9999999999999992
20260129,27,246.56632,7376.927174736844,4635.058753684211,734.6210526315789,7.247368421052636,2000.0,0.9999999999999999
20260129,28,245.45248,7643.3537515789485,4910.564277894737,722.2736842105262,10.51578947368421,2000.0,0.9999999999999998
20260129,29,246.25328,7903.988446315789,5173.877919999998,712.9157894736843,17.19473684210527,2000.0,0.9999999999999999
20260129,30,246.56632,8103.80837894737,5309.176799999998,734.9473684210526,59.68421052631585,2000.0,0.9999999999999996
20260129,31,247.36712,8303.628311578947,5444.47568,756.978947368421,102.1736842105263,2000.0,1.0000000000000002
20260129,32,247.6801600000001,8503.448244210524,5579.774559999997,779.0105263157895,144.66315789473688,2000.0,1.0
20260129,33,248.40816,8703.268176842106,5715.073439999999,801.0421052631579,187.1526315789474,2000.0,0.9999999999999998
20260129,34,247.6801600000001,8733.192901052631,5714.519216842106,783.0105263157895,235.6631578947368,2000.0,1.0000000000000002
20260129,35,247.6801600000001,8755.395115789475,5707.789852631582,763.1578947368421,284.4473684210525,2000.0,1.0000000000000002
20260129,36,247.6801600000001,8777.597330526314,5701.060488421051,743.3052631578948,333.2315789473685,2000.0,1.0
20260129,37,247.6801600000001,8799.799545263155,5694.331124210526,723.4526315789473,382.0157894736842,2000.0,1.0000000000000002
20260129,38,247.6801600000001,8803.660799999998,5702.960799999998,697.6000000000001,403.0999999999999,2000.0,1.0
20260129,39,247.6801600000001,8803.660799999998,5714.823957894735,670.4842105263157,418.35263157894735,2000.0,1.0
20260129,40,247.86762,8803.660799999998,5726.687115789473,643.3684210526314,433.6052631578947,2000.0,1.0000000000000002
20260129,41,248.00412,8803.660799999998,5738.550273684209,616.2526315789473,448.85789473684207,2000.0,1.0
20260129,42,248.00412,8788.215781052631,5760.31578105263,536.5894736842105,491.3105263157895,2000.0,0.9999999999999998
20260129,43,248.00412,8766.013566315789,5786.413566315791,433.9368421052633,545.6631578947369,2000.0,1.0000000000000004
20260129,44,248.40816,8743.81135157895,5812.511351578947,331.2842105263161,600.0157894736839,2000.0,0.9999999999999998
20260129,45,248.40816,8721.609136842104,5838.609136842107,228.6315789473682,654.3684210526317,2000.0,1.0000000000000004
20260129,46,248.48096,8711.956,5864.940210526315,185.64210526315802,661.3736842105263,2000.0,0.9999999999999998
20260129,47,248.48096,8711.956,5891.450736842105,188.5473684210526,631.9578947368421,2000.0,0.9999999999999998
20260129,48,248.48096,8711.956,5917.961263157893,191.4526315789474,602.5421052631577,2000.0,0.9999999999999998
20260129,49,248.794,8711.956,5944.471789473684,194.3578947368421,573.1263157894737,2000.0,1.0
20260129,50,248.794,8711.956,5937.087578947368,206.52631578947359,568.3421052631578,2000.0,0.9999999999999998
20260129,51,248.48096,8711.956,5885.640210526314,230.7368421052633,595.5789473684212,2000.0,0.9999999999999998
20260129,52,248.40816,8711.956,5834.192842105261,254.9473684210526,622.8157894736843,2000.0,0.9999999999999998
20260129,53,248.00412,8711.956,5782.745473684209,279.157894736842,650.0526315789473,2000.0,0.9999999999999998
20260129,54,247.86762,8698.441608421053,5720.767924210524,310.7368421052633,666.9368421052632,2000.0,0.9999999999999996
20260129,55,247.6801600000001,8654.03717894737,5634.721389473683,359.1578947368422,660.1578947368422,2000.0,0.9999999999999998
20260129,56,247.36712,8609.632749473683,5548.67485473684,407.57894736842104,653.3789473684211,2000.0,0.9999999999999998
20260129,57,246.56632,8565.22832,5462.628319999997,456.0000000000001,646.6,2000.0,0.9999999999999998
20260129,58,246.56632,8532.407654736842,5398.081338947366,494.6526315789473,639.6736842105263,2000.0,0.9999999999999996
20260129,59,246.56632,8554.609869473685,5435.657237894737,486.90526315789464,632.0473684210526,2000.0,0.9999999999999998
20260129,60,246.56632,8576.812084210527,5473.233136842105,479.15789473684214,624.4210526315788,2000.0,1.0
20260129,61,247.36712,8599.014298947366,5510.809035789471,471.41052631578947,616.7947368421053,2000.0,1.0
20260129,62,247.36712,8625.077768421052,5552.972505263158,465.5157894736841,606.5894736842107,2000.0,1.0000000000000002
20260129,63,247.6801600000001,8736.088842105264,5696.062526315788,500.3789473684212,539.6473684210524,2000.0,0.9999999999999998
20260129,64,248.40816,8847.099915789475,5839.152547368424,535.2421052631578,472.7052631578946,2000.0,1.0000000000000002
20260129,65,248.794,8958.110989473682,5982.242568421053,570.1052631578948,405.763157894737,2000.0,1.0000000000000002
20260129,66,249.5948,9069.122063157894,6125.3325894736845,604.9684210526318,338.8210526315787,2000.0,1.0
20260129,67,249.84596,9099.046787368423,6188.99415578947,631.8736842105263,278.1789473684213,2000.0,0.9999999999999994
20260129,68,250.2500000000001,9121.249002105265,6245.0911073684165,658.021052631579,218.13684210526318,2000.0,0.9999999999999992
20260129,69,250.70864,9143.451216842102,6301.188058947368,684.1684210526316,158.094736842105,2000.0,1.0000000000000002
20260129,70,251.51126,9165.653431578949,6357.285010526313,710.3157894736839,98.05263157894774,2000.0,0.9999999999999996
20260129,71,251.6878,9170.480000000001,6421.206315789474,680.3789473684211,68.8947368421053,2000.0,0.9999999999999998
20260129,72,251.82248,9170.480000000001,6487.301052631577,634.8631578947368,48.31578947368413,2000.0,0.9999999999999996
20260129,73,252.93632,9170.480000000001,6553.39578947368,589.3473684210529,27.736842105263282,2000.0,0.9999999999999994
20260129,74,253.52964,9170.480000000001,6619.490526315788,543.8315789473686,7.157894736842127,2000.0,0.9999999999999998
20260129,75,253.52964,9112.561178947368,6618.034863157896,494.5263157894734,0.0,2000.0,1.0000000000000002
20260129,76,253.33308,9023.75232,6580.552319999998,443.2000000000002,0.0,2000.0,0.9999999999999998
20260129,77,252.93632,8934.943461052633,6543.069776842107,391.8736842105265,0.0,2000.0,1.0
20260129,78,252.93632,8846.134602105263,6505.587233684208,340.5473684210525,0.0,2000.0,0.9999999999999996
20260129,79,251.82248,8745.74197894737,6446.415663157892,299.3263157894738,0.0,2000.0,0.9999999999999993
20260129,80,251.6878,8634.730905263159,6367.362484210527,267.3684210526317,0.0,2000.0,1.0
20260129,81,250.70864,8523.719831578946,6288.3093052631575,235.4105263157893,0.0,2000.0,1.0
20260129,82,249.84596,8412.708757894738,6209.256126315789,203.4526315789476,0.0,2000.0,0.9999999999999998
20260129,83,249.5948,8275.634214736841,6082.539477894735,193.0947368421053,0.0,2000.0,1.0
20260129,84,248.794,8098.016496842105,5881.679654736843,216.33684210526337,0.0,2000.0,1.0000000000000002
20260129,85,248.00412,7920.398778947369,5680.819831578945,239.57894736842098,0.0,2000.0,0.9999999999999997
20260129,86,247.36712,7742.781061052632,5479.9600084210515,262.8210526315788,0.0,2000.0,0.9999999999999998
20260129,87,246.56632,7553.579578947368,5265.747999999997,287.8315789473685,0.0,2000.0,0.9999999999999997
20260129,88,245.45248,7331.557431578949,5013.704799999998,317.8526315789473,0.0,2000.0,0.9999999999999996
20260129,89,244.33864,7109.535284210526,4761.6616,347.8736842105263,0.0,2000.0,1.0000000000000002
20260129,90,243.2248,6887.513136842105,4509.618399999998,377.89473684210526,0.0,2000.0,0.9999999999999996
20260129,91,242.88264,6665.490989473685,4254.133094736839,411.3578947368419,0.0,2000.0,0.9999999999999994
20260129,92,240.99712,6443.468842105262,3975.700421052629,467.7684210526315,0.0,2000.0,0.9999999999999997
20260129,93,238.76944,6221.446694736841,3697.267747368422,524.1789473684213,0.0,2000.0,1.0000000000000004
20260129,94,238.76944,5999.424547368421,3418.835073684214,580.5894736842102,0.0,2000.0,1.0000000000000004
20260129,95,220.48936,5777.402400000001,3140.402400000001,636.9999999999999,0.0,2000.0,1.0
20260130,0,243.2248,6021.337167999999,3343.337168000001,678.0,0.0,2000.0,1.0000000000000002
20260130,1,242.11096,5934.304486231578,3245.6518546526295,688.6526315789473,0.0,2000.0,0.9999999999999997
20260130,2,240.99712,5847.271804463157,3147.966541305263,699.3052631578947,0.0,2000.0,1.0000000000000002
20260130,3,239.88328,5760.239122694737,3050.281227957895,709.9578947368421,0.0,2000.0,1.0000000000000002
20260130,4,238.76944,5673.206440926316,2952.595914610529,720.6105263157895,0.0,2000.0,1.0000000000000004
20260130,5,235.51528,5605.093907368421,2831.725486315793,773.3684210526316,0.0,2000.0,1.0000000000000007
20260130,6,232.414,5539.819396042105,2707.377290778948,832.442105263158,0.0,2000.0,1.0000000000000002
20260130,7,230.18632,5474.54488471579,2583.029095242107,891.5157894736842,0.0,2000.0,1.0000000000000002
20260130,8,227.95864,5409.270373389474,2458.680899705265,950.5894736842105,0.0,2000.0,1.0000000000000004
20260130,9,226.8448,5376.160114021053,2376.3390613894762,999.8210526315789,0.0,2000.0,1.0000000000000004
20260130,10,225.73096,5354.401943578949,2308.822996210528,1045.578947368421,0.0,2000.0,1.0
20260130,11,853.98584,5401.407202216064,2310.070360110803,1091.336842105263,0.0,2000.0,1.0000000000000004
20260130,12,853.98584,5449.5734072022115,2312.47867036011,1137.094736842105,0.0,2000.0,1.0000000000000007
20260130,13,853.98584,5474.005540166201,2313.70027700831,1160.305263157895,0.0,2000.0,1.0000000000000007
20260130,14,853.98584,5483.180055401659,2314.159002770083,1169.0210526315789,0.0,2000.0,1.0000000000000004
20260130,15,853.98584,5492.354570637116,2314.617728531855,1177.7368421052631,0.0,2000.0,1.0000000000000002
20260130,16,853.98584,5501.529085872573,2315.076454293628,1186.4526315789471,0.0,2000.0,1.0000000000000002
20260130,17,853.98584,5504.731301939056,2315.2365650969523,1189.494736842105,0.0,2000.0,1.0000000000000002
20260130,18,853.98584,5501.418282548475,2315.070914127424,1186.347368421053,0.0,2000.0,1.0000000000000002
20260130,19,853.98584,5498.105263157893,2314.905263157895,1183.2,0.0,2000.0,1.0000000000000002
20260130,20,853.98584,5494.7922437673105,2314.7396121883658,1180.052631578948,0.0,2000.0,1.0000000000000004
20260130,21,216.034,5498.195069978948,2324.40559629474,1173.789473684211,0.0,2000.0,1.0000000000000007
20260130,22,238.76944,5802.809456168419,2641.125245642105,1161.684210526316,0.0,2000.0,1.0000000000000002
20260130,23,231.30016,6107.423842357894,2957.8448949894737,1149.578947368421,0.0,2000.0,1.0000000000000002
20260130,24,239.88328,6412.038228547368,3274.564544336844,1137.473684210526,0.0,2000.0,1.0000000000000002
20260130,25,239.88328,6707.192540631579,3573.218856421052,1133.2631578947369,0.7105263157894698,2000.0,0.9999999999999999
20260130,26,240.99712,6968.29058593684,3806.837954357894,1157.473684210526,3.9789473684210526,2000.0,1.0000000000000002
20260130,27,242.88264,7229.3886312421055,4040.457052294738,1181.6842105263158,7.247368421052636,2000.0,1.0000000000000002
20260130,28,244.32044,7490.486676547367,4274.076150231578,1205.894736842105,10.51578947368421,2000.0,1.0
20260130,29,245.45248,7745.908677389474,4499.02973002105,1229.684210526316,17.19473684210527,2000.0,0.9999999999999997
20260130,30,246.16228,7941.732211368418,4632.995369263156,1249.052631578948,59.68421052631585,2000.0,1.0000000000000002
20260130,31,245.45248,8137.555745347372,4766.961008505262,1268.421052631579,102.1736842105263,2000.0,0.9999999999999994
20260130,32,246.16228,8333.379279326316,4900.926647747366,1287.789473684211,144.66315789473688,2000.0,0.9999999999999996
20260130,33,246.56632,8529.202813305263,5034.892286989474,1307.157894736842,187.1526315789474,2000.0,1.0
20260130,34,246.56632,8558.529043031576,5026.444832505261,1308.0,224.0842105263158,2000.0,1.0
20260130,35,246.56632,8580.287213473684,5011.524055578946,1308.0,260.7631578947367,2000.0,0.9999999999999998
20260130,36,246.25328,8602.045383915789,4996.603278652633,1308.0,297.442105263158,2000.0,1.0000000000000002
20260130,37,246.25328,8623.803554357895,4981.682501726313,1308.0,334.1210526315789,2000.0,0.9999999999999996
20260130,38,246.25328,8627.587583999999,4969.687583999998,1280.8,377.0999999999999,2000.0,1.0
20260130,39,246.16228,8627.587583999999,4958.3086366315765,1247.8736842105259,421.4052631578948,2000.0,0.9999999999999998
20260130,40,246.16228,8627.587583999999,4946.929689263155,1214.947368421053,465.7105263157895,2000.0,0.9999999999999998
20260130,41,246.16228,8627.587583999999,4935.550741894734,1182.021052631579,510.01578947368415,2000.0,0.9999999999999998
20260130,42,246.16228,8612.451465431579,4916.361991747364,1155.1578947368419,540.9315789473685,2000.0,0.9999999999999996
20260130,43,245.45248,8590.693294989474,4893.75645288421,1130.947368421053,565.9894736842106,2000.0,1.0
20260130,44,245.45248,8568.935124547368,4871.150914021052,1106.736842105263,591.0473684210526,2000.0,0.9999999999999998
20260130,45,245.45248,8547.176954105262,4848.54537515789,1082.526315789474,616.1052631578948,2000.0,0.9999999999999998
20260130,46,245.45248,8537.71688,4835.569511578945,1067.621052631579,634.5263157894738,2000.0,0.9999999999999998
20260130,47,245.45248,8537.71688,4830.001090526314,1059.873684210526,647.8421052631577,2000.0,0.9999999999999998
20260130,48,245.45248,8537.71688,4824.43266947368,1052.1263157894741,661.1578947368421,2000.0,0.9999999999999996
20260130,49,245.45248,8537.71688,4818.864248421049,1044.378947368421,674.4736842105261,2000.0,0.9999999999999996
20260130,50,245.45248,8537.71688,4810.1379326315755,1040.421052631579,687.1578947368421,2000.0,0.9999999999999996
20260130,51,245.45248,8537.71688,4797.306353684206,1041.389473684211,699.021052631579,2000.0,0.9999999999999996
20260130,52,245.45248,8537.71688,4784.474774736838,1042.357894736842,710.8842105263159,2000.0,0.9999999999999996
20260130,53,245.45248,8537.71688,4771.643195789471,1043.326315789474,722.7473684210527,2000.0,0.9999999999999998
20260130,54,245.13944,8524.47277625263,4753.967513094736,1039.578947368421,730.9263157894737,2000.0,1.0
20260130,55,245.13944,8480.956435368422,4725.219593263155,1025.052631578948,730.6842105263158,2000.0,0.9999999999999996
20260130,56,244.72448,8437.440094484211,4696.471673431578,1010.526315789474,730.4421052631578,2000.0,0.9999999999999998
20260130,57,244.33864,8393.923753599998,4667.7237535999975,996.0000000000001,730.1999999999999,2000.0,0.9999999999999998
20260130,58,244.33864,8361.759501642106,4670.159501642101,974.442105263158,717.1578947368419,2000.0,0.9999999999999993
20260130,59,245.45248,8383.51767208421,4820.717672084209,919.4842105263161,643.3157894736843,2000.0,1.0
20260130,60,246.25328,8405.275842526318,4971.275842526316,864.5263157894738,569.473684210526,2000.0,0.9999999999999998
20260130,61,246.56632,8427.034012968423,5121.834012968421,809.5684210526315,495.6315789473684,2000.0,0.9999999999999998
20260130,62,247.6801600000001,8452.576213052631,5271.59726568421,757.9894736842105,422.9894736842106,2000.0,1.0
20260130,63,248.00412,8561.367065263159,5403.872328421054,780.7473684210527,376.7473684210525,2000.0,1.0
20260130,64,248.794,8670.157917473683,5536.147391157893,803.5052631578948,330.50526315789483,2000.0,1.0
20260130,65,248.794,8778.948769684208,5668.422453894738,826.2631578947368,284.263157894737,2000.0,1.0000000000000004
20260130,66,249.84596,8887.739621894736,5800.697516631575,849.021052631579,238.0210526315788,2000.0,0.9999999999999996
20260130,67,250.2500000000001,8917.065851621051,5826.981641094734,890.1263157894734,199.9578947368424,2000.0,0.9999999999999998
20260130,68,250.2500000000001,8938.824022063158,5843.171390484208,932.9789473684208,162.6736842105263,2000.0,0.9999999999999998
20260130,69,250.70864,8960.58219250526,5859.361139873684,975.8315789473684,125.3894736842104,2000.0,1.0000000000000002
20260130,70,250.70864,8982.34036294737,5875.550889263155,1018.6842105263149,88.10526315789498,2000.0,0.9999999999999994
20260130,71,251.6878,8987.070399999999,5922.270399999999,999.957894736842,64.84210526315792,2000.0,1.0
20260130,72,251.82248,8987.070399999999,5977.470400000001,964.1263157894734,45.47368421052624,2000.0,1.0000000000000002
20260130,73,252.93632,8987.070399999999,6032.670399999999,928.2947368421054,26.105263157894846,2000.0,1.0000000000000002
20260130,74,253.52964,8987.070399999999,6087.870399999998,892.4631578947369,6.736842105263176,2000.0,1.0
20260130,75,253.33308,8930.309955368422,6056.941534315785,873.3684210526314,0.0,2000.0,0.9999999999999993
20260130,76,251.82248,8843.2772736,5980.077273599998,863.1999999999999,0.0,2000.0,0.9999999999999996
20260130,77,251.51126,8756.244591831579,5903.213012884207,853.0315789473684,0.0,2000.0,0.9999999999999996
20260130,78,250.2500000000001,8669.211910063159,5826.34875216842,842.8631578947366,0.0,2000.0,0.9999999999999998
20260130,79,249.84596,8570.82713936842,5749.627139368423,821.2000000000003,0.0,2000.0,1.0000000000000002
20260130,80,249.84596,8462.036287157895,5673.036287157892,789.0,0.0,2000.0,0.9999999999999996
20260130,81,249.5948,8353.245434947366,5596.445434947369,756.7999999999998,0.0,2000.0,1.0000000000000004
20260130,82,248.794,8244.45458273684,5519.8545827368425,724.6000000000003,0.0,2000.0,1.0000000000000002
20260130,83,248.794,8110.121530442105,5413.553109389474,696.5684210526316,0.0,2000.0,1.0000000000000002
20260130,84,248.40816,7936.056166905266,5261.035114273684,675.0210526315789,0.0,2000.0,0.9999999999999996
20260130,85,247.6801600000001,7761.990803368421,5108.517119157894,653.4736842105265,0.0,2000.0,0.9999999999999999
20260130,86,246.56632,7587.925439831577,4955.999124042102,631.9263157894736,0.0,2000.0,0.9999999999999999
20260130,87,246.25328,7402.507987368418,4785.244829473681,617.2631578947368,0.0,2000.0,1.0
20260130,88,245.13944,7184.926282947369,4562.8210197894705,622.1052631578948,0.0,2000.0,0.9999999999999994
20260130,89,244.32044,6967.344578526316,4340.3972101052605,626.9473684210526,0.0,2000.0,0.9999999999999996
20260130,90,242.88264,6749.762874105262,4117.973400421052,631.7894736842104,0.0,2000.0,1.0000000000000002
20260130,91,240.99712,6532.181169684211,3893.4969591578974,638.6842105263157,0.0,2000.0,1.0000000000000002
20260130,92,239.88328,6314.599465263158,3655.3363073684204,659.2631578947369,0.0,2000.0,0.9999999999999999
20260130,93,237.35712,6097.017760842104,3417.175655578948,679.842105263158,0.0,2000.0,1.0000000000000004
20260130,94,235.51528,5879.436056421055,3179.0150037894778,700.4210526315788,0.0,2000.0,1.0000000000000002
20260130,95,222.62968,5661.854352000001,2940.854352000003,721.0,0.0,2000.0,1.0000000000000002
20260131,0,238.76944,5898.452736,3105.452736000003,793.0,0.0,2000.0,1.0000000000000004
20260131,1,235.51528,5813.196231410526,3018.501494568423,794.6947368421054,0.0,2000.0,1.0000000000000004
20260131,2,232.414,5727.939726821052,2931.550253136842,796.3894736842105,0.0,2000.0,1.0
20260131,3,231.30016,5642.683222231581,2844.5990117052647,798.0842105263159,0.0,2000.0,1.0
20260131,4,230.18632,5557.426717642105,2757.647770273687,799.778947368421,0.0,2000.0,1.0000000000000004
20260131,5,229.07248,5490.704235789475,2683.9673936842123,806.7368421052631,0.0,2000.0,1.0
20260131,6,227.95864,5426.761857347368,2612.277646821055,814.4842105263159,0.0,2000.0,1.0000000000000004
20260131,7,226.8448,5362.819478905264,2540.587899957899,822.2315789473685,0.0,2000.0,1.0000000000000007
20260131,8,853.98584,5326.293628808862,2496.314681440442,829.978947368421,0.0,2000.0,1.0000000000000002
20260131,9,853.98584,5301.296398891964,2495.0648199445977,806.2315789473685,0.0,2000.0,1.0000000000000004
20260131,10,853.98584,5264.598337950138,2493.229916897507,771.3684210526317,0.0,2000.0,1.0000000000000002
20260131,11,853.98584,5227.900277008308,2491.3950138504147,736.5052631578947,0.0,2000.0,1.0000000000000004
20260131,12,225.73096,5202.500182231579,2500.858076968423,701.642105263158,0.0,2000.0,1.0000000000000004
20260131,13,225.73096,5194.159872,2507.928293052633,686.2315789473686,0.0,2000.0,1.0000000000000004
20260131,14,225.73096,5194.159872,2510.833556210528,683.3263157894737,0.0,2000.0,1.0000000000000004
20260131,15,225.73096,5194.159872,2513.7388193684233,680.4210526315791,0.0,2000.0,1.0000000000000004
20260131,16,225.73096,5194.159872,2516.644082526318,677.5157894736843,0.0,2000.0,1.0000000000000004
20260131,17,853.98584,5206.62603878116,2490.331301939058,716.2947368421051,0.0,2000.0,1.0000000000000007
20260131,18,853.98584,5295.313019390578,2494.765650969527,800.5473684210526,0.0,2000.0,1.0000000000000004
20260131,19,853.98584,5383.999999999996,2499.2000000000003,884.8,0.0,2000.0,1.0000000000000007
20260131,20,853.98584,5472.686980609417,2503.6343490304707,969.0526315789473,0.0,2000.0,1.0000000000000002
20260131,21,853.98584,5525.650969529085,2506.282548476454,1019.3684210526319,0.0,2000.0,1.0000000000000002
20260131,22,221.6032,5684.3847733894745,2678.332141810528,1006.0526315789471,0.0,2000.0,1.0
20260131,23,238.76944,5982.782539452633,2990.045697347368,992.736842105263,0.0,2000.0,0.9999999999999997
20260131,24,237.35712,6281.180305515791,3301.759252884213,979.4210526315788,0.0,2000.0,1.0000000000000002
20260131,25,239.88328,6570.311060210527,3611.3900075789475,958.2105263157896,0.7105263157894698,2000.0,0.9999999999999999
20260131,26,242.11096,6826.0805739789475,3913.522679242107,908.578947368421,3.9789473684210526,2000.0,1.0000000000000002
20260131,27,244.32044,7081.850087747367,4215.655350905265,858.9473684210526,7.247368421052636,2000.0,1.0000000000000004
20260131,28,245.45248,7337.619601515788,4517.788022568419,809.315789473684,10.51578947368421,2000.0,0.9999999999999999
20260131,29,245.45248,7587.828908463159,4806.634171621053,763.1578947368421,18.03684210526317,2000.0,1.0
20260131,30,245.45248,7779.656043789474,4955.971833263156,753.4736842105265,70.21052631578955,2000.0,0.9999999999999998
20260131,31,245.45248,7971.483179115789,5105.30949490526,743.7894736842105,122.3842105263157,2000.0,0.9999999999999997
20260131,32,246.25328,8163.310314442104,5254.647156547367,734.1052631578947,174.5578947368422,2000.0,1.0
20260131,33,246.56632,8355.137449768423,5403.984818189474,724.4210526315788,226.7315789473686,2000.0,1.0
20260131,34,246.56632,8383.865185010527,5379.9178165894755,716.5894736842106,287.35789473684207,2000.0,1.0000000000000002
20260131,35,246.56632,8405.179311157895,5347.968784842103,708.8421052631579,348.36842105263133,2000.0,0.9999999999999996
20260131,36,246.56632,8426.493437305262,5316.019753094734,701.0947368421052,409.3789473684211,2000.0,0.9999999999999998
20260131,37,246.56632,8447.80756345263,5284.070721347366,693.3473684210526,470.3894736842105,2000.0,0.9999999999999998
20260131,38,246.25328,8451.514368,5193.714367999999,720.8,536.9999999999999,2000.0,1.0
20260131,39,245.45248,8451.514368,5091.061736421052,755.6631578947369,604.7894736842106,2000.0,1.0
20260131,40,245.45248,8451.514368,4988.409104842102,790.5263157894738,672.578947368421,2000.0,0.9999999999999996
20260131,41,244.72448,8451.514368,4885.756473263157,825.3894736842107,740.3684210526314,2000.0,1.0
20260131,42,244.33864,8436.687149810525,4809.960834021049,848.8000000000002,777.9263157894738,2000.0,0.9999999999999998
20260131,43,244.33864,8415.373023663158,4745.915128926314,867.2,802.2578947368421,2000.0,0.9999999999999998
20260131,44,244.32044,8394.058897515788,4681.8694238315775,885.6,826.5894736842105,2000.0,1.0
20260131,45,243.2248,8372.74477136842,4617.823718736841,903.9999999999999,850.9210526315788,2000.0,1.0
20260131,46,243.2248,8363.477760000002,4584.230391578949,909.8105263157894,869.4368421052632,2000.0,1.0
20260131,47,243.2248,8363.477760000002,4574.061970526317,905.9368421052632,883.4789473684209,2000.0,1.0
20260131,48,243.2248,8363.477760000002,4563.893549473686,902.0631578947366,897.521052631579,2000.0,1.0
20260131,49,243.2248,8363.477760000002,4553.725128421054,898.1894736842106,911.5631578947368,2000.0,1.0
20260131,50,243.2248,8363.477760000002,4562.135654736843,886.3157894736842,915.0263157894734,2000.0,1.0
20260131,51,243.2248,8363.477760000002,4594.698812631579,864.0421052631579,904.7368421052631,2000.0,1.0
20260131,52,243.2248,8363.477760000002,4627.261970526316,841.7684210526315,894.4473684210527,2000.0,0.9999999999999998
20260131,53,244.32044,8363.477760000002,4659.825128421053,819.4947368421052,884.1578947368422,2000.0,1.0
20260131,54,244.32044,8350.503944084212,4683.835523031577,796.042105263158,870.6263157894736,2000.0,0.9999999999999996
20260131,55,244.32044,8307.875691789473,4688.296744421051,769.8947368421051,849.684210526316,2000.0,0.9999999999999998
20260131,56,244.32044,8265.247439494739,4692.757965810524,743.7473684210527,828.7421052631579,2000.0,0.9999999999999996
20260131,57,244.32044,8222.619187200002,4697.2191872,717.5999999999998,807.7999999999997,2000.0,0.9999999999999998
20260131,58,244.32044,8191.111348547369,4719.748190652629,693.3052631578947,778.0578947368422,2000.0,0.9999999999999997
20260131,59,244.33864,8212.425474694737,4828.099158905262,677.8105263157896,706.5157894736844,2000.0,0.9999999999999998
20260131,60,245.13944,8233.739600842106,4936.450127157894,662.3157894736842,634.9736842105261,2000.0,0.9999999999999998
20260131,61,245.45248,8255.053726989472,5044.801095410524,646.8210526315789,563.4315789473683,2000.0,0.9999999999999998
20260131,62,246.16228,8280.074657684214,5156.348341894733,631.4947368421052,492.2315789473686,2000.0,0.9999999999999991
20260131,63,246.56632,8386.645288421054,5338.2137094736845,619.8736842105264,428.55789473684194,2000.0,0.9999999999999998
20260131,64,247.36712,8493.215919157896,5520.079077052632,608.2526315789473,364.8842105263157,2000.0,0.9999999999999998
20260131,65,248.00412,8599.786549894734,5701.944444631579,596.6315789473683,301.2105263157896,2000.0,1.0000000000000004
20260131,66,248.794,8706.357180631578,5883.8098122105275,585.0105263157894,237.536842105263,2000.0,1.0000000000000002
20260131,67,248.794,8735.084915873684,5960.642810610526,579.3578947368422,195.0842105263161,2000.0,1.0000000000000002
20260131,68,249.5948,8756.399042021054,6027.472726231579,574.2736842105263,154.6526315789475,2000.0,1.0
20260131,69,249.84596,8777.71316816842,6094.302641852632,569.1894736842105,114.2210526315788,2000.0,1.0000000000000002
20260131,70,250.2500000000001,8799.027294315789,6161.132557473681,564.1052631578948,73.78947368421079,2000.0,0.9999999999999998
20260131,71,250.70864,8803.660799999998,6215.829221052629,535.1473684210526,52.68421052631581,2000.0,1.0
20260131,72,251.6878,8803.660799999998,6267.155536842103,499.557894736842,36.947368421052566,2000.0,1.0
20260131,73,251.82248,8803.660799999998,6318.481852631578,463.9684210526319,21.210526315789572,2000.0,1.0
20260131,74,251.82248,8803.660799999998,6369.80816842105,428.37894736842105,5.473684210526332,2000.0,1.0
20260131,75,253.52964,8748.058731789473,6350.3745212631575,397.68421052631567,0.0,2000.0,1.0
20260131,76,252.93632,8662.8022272,6293.202227199999,369.6000000000002,0.0,2000.0,0.9999999999999998
20260131,77,251.82248,8577.545722610526,6236.029933136841,341.5157894736843,0.0,2000.0,0.9999999999999998
20260131,78,251.6878,8492.289218021051,6178.857639073681,313.4315789473683,0.0,2000.0,0.9999999999999998
20260131,79,250.70864,8395.912299789474,6093.007036631575,302.9052631578947,0.0,2000.0,0.9999999999999996
20260131,80,249.84596,8289.34166905263,5980.867984842104,308.4736842105263,0.0,2000.0,1.0000000000000002
20260131,81,249.5948,8182.771038315791,5868.72893305263,314.0421052631579,0.0,2000.0,0.9999999999999997
20260131,82,248.794,8076.200407578947,5756.5898812631585,319.61052631578946,0.0,2000.0,1.0000000000000002
20260131,83,248.40816,7944.608846147368,5618.8614777263165,325.74736842105267,0.0,2000.0,1.0000000000000002
20260131,84,247.6801600000001,7774.0958369684195,5441.327415915789,332.7684210526316,0.0,2000.0,1.0000000000000002
20260131,85,246.56632,7603.582827789475,5263.7933541052635,339.7894736842104,0.0,2000.0,0.9999999999999999
20260131,86,246.25328,7433.0698186105255,5086.259292294734,346.8105263157894,0.0,2000.0,0.9999999999999998
20260131,87,245.45248,7251.436395789475,4897.41534315789,354.02105263157904,0.0,2000.0,0.9999999999999991
20260131,88,244.33864,7038.295134315791,4676.526713263158,361.7684210526316,0.0,2000.0,0.9999999999999998
20260131,89,243.2248,6825.153872842106,4455.638083368421,369.5157894736842,0.0,2000.0,0.9999999999999999
20260131,90,242.11096,6612.012611368419,4234.749453473685,377.2631578947369,0.0,2000.0,1.0000000000000004
20260131,91,240.99712,6398.871349894737,4011.713455157897,387.157894736842,0.0,2000.0,1.0000000000000002
20260131,92,239.88328,6185.730088421053,3774.3616673684223,411.36842105263156,0.0,2000.0,1.0000000000000002
20260131,93,237.35712,5972.588826947368,3537.0098795789504,435.57894736842127,0.0,2000.0,1.0000000000000007
20260131,94,235.51528,5759.447565473684,3299.658091789476,459.78947368421046,0.0,2000.0,1.0000000000000004
20260131,95,216.57272,5546.306304,3062.306304000003,484.00000000000006,0.0,2000.0,1.0000000000000007
20260201,0,238.76944,5775.568304,3210.568304000003,565.0,0.0,2000.0,1.0000000000000004
20260201,1,235.51528,5692.087976589473,3131.687976589476,560.4000000000001,0.0,2000.0,1.0000000000000004
20260201,2,232.414,5608.607649178948,3052.8076491789498,555.8,0.0,2000.0,1.0000000000000002
20260201,3,231.30016,5525.127321768421,2973.927321768424,551.1999999999999,0.0,2000.0,1.0000000000000004
20260201,4,230.18632,5441.646994357895,2895.046994357897,546.5999999999999,0.0,2000.0,1.0000000000000004
20260201,5,229.07248,5376.314564210527,2821.893511578951,554.4210526315788,0.0,2000.0,1.0000000000000004
20260201,6,227.95864,5313.704318652632,2749.5990554947402,564.1052631578948,0.0,2000.0,1.0000000000000007
20260201,7,226.8448,5251.094073094739,2677.30459941053,573.7894736842104,0.0,2000.0,1.0000000000000004
20260201,8,225.73096,5188.483827536842,2605.010143326318,583.4736842105262,0.0,2000.0,1.0000000000000004
20260201,9,853.98584,5163.412742382268,2598.170637119112,565.2421052631579,0.0,2000.0,1.0000000000000004
20260201,10,225.73096,5135.854925473685,2598.697030736844,537.1578947368421,0.0,2000.0,1.0000000000000002
20260201,11,225.73096,5114.984843621053,2605.911159410528,509.07368421052627,0.0,2000.0,1.0000000000000002
20260201,12,225.73096,5094.114761768421,2613.125288084213,480.98947368421045,0.0,2000.0,1.0000000000000004
20260201,13,225.73096,5085.948207999999,2621.990313263161,463.95789473684215,0.0,2000.0,1.0000000000000009
20260201,14,226.8448,5085.948207999999,2631.916629052635,454.0315789473684,0.0,2000.0,1.0000000000000009
20260201,15,226.8448,5085.948207999999,2641.842944842109,444.10526315789457,0.0,2000.0,1.0000000000000009
20260201,16,226.8448,5085.948207999999,2651.769260631581,434.17894736842106,0.0,2000.0,1.0000000000000004
20260201,17,226.8448,5095.929551494735,2656.508498863162,439.42105263157896,0.0,2000.0,1.000000000000001
20260201,18,226.8448,5116.799633347368,2655.589107031582,461.2105263157894,0.0,2000.0,1.0000000000000004
20260201,19,226.8448,5137.669715199999,2654.669715200001,483.0,0.0,2000.0,1.0000000000000004
20260201,20,226.8448,5158.539797052632,2653.750323368423,504.7894736842106,0.0,2000.0,1.0000000000000004
20260201,21,220.48936,5273.778944673685,2751.2421025684253,522.5368421052632,0.0,2000.0,1.0000000000000004
20260201,22,238.76944,5565.960090610524,3033.254827452631,532.7052631578947,0.0,2000.0,1.0000000000000002
20260201,23,238.76944,5858.141236547369,3315.267552336844,542.8736842105262,0.0,2000.0,1.0000000000000002
20260201,24,240.99712,6150.322382484211,3597.280277221055,553.042105263158,0.0,2000.0,1.0000000000000002
20260201,25,242.88264,6433.429579789474,3876.3769482105254,556.2631578947369,0.789473684210522,2000.0,0.9999999999999999
20260201,26,244.33864,6683.870562021053,4144.975825178946,534.4736842105262,4.421052631578948,2000.0,0.9999999999999999
20260201,27,245.45248,6934.311544252634,4413.574702147371,512.6842105263157,8.052631578947373,2000.0,1.0
20260201,28,246.16228,7184.752526484209,4682.173579115788,490.89473684210515,11.68421052631579,2000.0,1.0
20260201,29,245.45248,7429.7491395368415,4941.30703427368,469.00000000000006,19.44210526315791,2000.0,0.9999999999999996
20260201,30,246.25328,7617.579876210528,5101.053560421052,445.99999999999983,70.52631578947376,2000.0,0.9999999999999998
20260201,31,246.56632,7805.41061288421,5260.800086568419,423.00000000000006,121.61052631578939,2000.0,0.9999999999999998
20260201,32,247.6801600000001,7993.241349557894,5420.5466127157915,400.0,172.6947368421053,2000.0,1.0000000000000004
20260201,33,248.00412,8181.072086231579,5580.293138863158,377.0,223.77894736842111,2000.0,1.0
20260201,34,247.6801600000001,8209.201326989474,5523.832905936841,388.7368421052632,296.6315789473684,2000.0,0.9999999999999998
20260201,35,247.6801600000001,8230.071408842106,5457.5450930526285,402.0526315789473,370.47368421052613,2000.0,0.9999999999999993
20260201,36,247.36712,8250.941490694737,5391.257280168418,415.36842105263156,444.3157894736844,2000.0,0.9999999999999998
20260201,37,247.36712,8271.81157254737,5324.96946728421,428.6842105263157,518.1578947368421,2000.0,0.9999999999999996
20260201,38,246.56632,8275.441152000001,5270.741151999998,426.6,578.0999999999998,2000.0,0.9999999999999996
20260201,39,246.56632,8275.441152000001,5219.051678315788,421.27368421052614,635.1157894736842,2000.0,0.9999999999999998
20260201,40,246.56632,8275.441152000001,5167.362204631577,415.94736842105266,692.1315789473683,2000.0,0.9999999999999996
20260201,41,246.25328,8275.441152000001,5115.672730947367,410.621052631579,749.1473684210525,2000.0,0.9999999999999998
20260201,42,246.16228,8260.922834189472,5047.780728926314,423.82105263157894,789.3210526315789,2000.0,0.9999999999999998
20260201,43,245.45248,8240.05275233684,4972.800120757891,445.12631578947367,822.1263157894738,2000.0,0.9999999999999998
20260201,44,245.45248,8219.182670484211,4897.819512589473,466.4315789473683,854.9315789473685,2000.0,0.9999999999999998
20260201,45,245.13944,8198.31258863158,4822.838904421053,487.73684210526335,887.7368421052631,2000.0,1.0
20260201,46,245.13944,8189.238639999998,4796.601797894733,484.0,908.6368421052631,2000.0,0.9999999999999998
20260201,47,245.13944,8189.238639999998,4807.859692631575,460.99999999999994,920.3789473684209,2000.0,0.9999999999999998
20260201,48,245.13944,8189.238639999998,4819.117587368417,438.00000000000006,932.121052631579,2000.0,0.9999999999999998
20260201,49,245.13944,8189.238639999998,4830.375482105259,415.00000000000006,943.8631578947368,2000.0,0.9999999999999998
20260201,50,245.13944,8189.238639999998,4841.633376842101,385.7894736842106,961.8157894736839,2000.0,0.9999999999999998
20260201,51,245.45248,8189.238639999998,4852.891271578943,348.5052631578947,987.8421052631578,2000.0,0.9999999999999997
20260201,52,245.45248,8189.238639999998,4864.149166315784,311.221052631579,1013.8684210526319,2000.0,0.9999999999999997
20260201,53,245.45248,8189.238639999998,4875.407061052627,273.9368421052633,1039.894736842105,2000.0,0.9999999999999997
20260201,54,245.45248,8176.535111915787,4885.52984875789,246.5263157894737,1044.478947368421,2000.0,0.9999999999999997
20260201,55,245.45248,8134.794948210528,4893.058106105262,241.6842105263158,1000.052631578947,2000.0,0.9999999999999996
20260201,56,245.45248,8093.054784505264,4900.5863634526295,236.84210526315792,955.6263157894737,2000.0,0.9999999999999996
20260201,57,245.45248,8051.314620800001,4908.114620799999,231.99999999999997,911.1999999999998,2000.0,0.9999999999999998
20260201,58,245.45248,8020.463195452628,4927.50003755789,227.49473684210528,865.4684210526316,2000.0,0.9999999999999999
20260201,59,246.16228,8041.333277305264,5003.206961515785,224.5894736842105,813.5368421052633,2000.0,0.9999999999999993
20260201,60,246.25328,8062.203359157894,5078.913885473683,221.68421052631578,761.6052631578946,2000.0,0.9999999999999999
20260201,61,246.56632,8083.07344101053,5154.620809431577,218.7789473684211,709.6736842105262,2000.0,0.9999999999999993
20260201,62,246.56632,8107.573102315791,5234.804681263157,216.52631578947367,656.242105263158,2000.0,0.9999999999999997
20260201,63,247.6801600000001,8211.923511578949,5413.481406315789,228.63157894736852,569.8105263157892,2000.0,0.9999999999999998
20260201,64,248.00412,8316.273920842103,5592.158131368421,240.73684210526318,483.37894736842105,2000.0,1.0000000000000002
20260201,65,248.794,8420.624330105264,5770.834856421052,252.8421052631579,396.94736842105283,2000.0,0.9999999999999998
20260201,66,249.84596,8524.974739368421,5949.511581473682,264.9473684210527,310.5157894736839,2000.0,0.9999999999999998
20260201,67,250.2500000000001,8553.103980126316,6023.230295915786,275.06315789473683,254.81052631578982,2000.0,0.9999999999999996
20260201,68,250.70864,8573.974061978946,6086.953009347367,284.9894736842105,202.03157894736853,2000.0,1.0
20260201,69,251.6878,8594.844143831579,6150.675722778945,294.9157894736842,149.2526315789472,2000.0,0.9999999999999998
20260201,70,251.82248,8615.71422568421,6214.3984362105275,304.8421052631578,96.47368421052663,2000.0,1.0000000000000002
20260201,71,251.82248,8620.251199999999,6250.988042105262,300.3684210526315,68.8947368421053,2000.0,1.0
20260201,72,252.93632,8620.251199999999,6280.040673684208,291.8947368421053,48.31578947368413,2000.0,0.9999999999999998
20260201,73,252.93632,8620.251199999999,6309.093305263156,283.421052631579,27.736842105263282,2000.0,1.0
20260201,74,253.52964,8620.251199999999,6338.145936842104,274.9473684210527,7.157894736842127,2000.0,1.0
20260201,75,252.93632,8565.807508210526,6298.86013978947,266.9473684210526,0.0,2000.0,0.9999999999999996
20260201,76,251.82248,8482.3271808,6223.127180800002,259.2000000000001,0.0,2000.0,1.0000000000000002
20260201,77,251.6878,8398.846853389474,6147.394221810526,251.4526315789474,0.0,2000.0,1.0
20260201,78,250.70864,8315.366525978949,6071.661262821048,243.7052631578947,0.0,2000.0,0.9999999999999991
20260201,79,249.84596,8220.997460210529,5981.376407578944,239.621052631579,0.0,2000.0,0.9999999999999993
20260201,80,249.5948,8116.647050947367,5877.752314105263,238.89473684210532,0.0,2000.0,1.0000000000000002
20260201,81,248.794,8012.296641684209,5774.128220631579,238.1684210526315,0.0,2000.0,1.0000000000000002
20260201,82,248.48096,7907.946232421051,5670.504127157897,237.44210526315788,0.0,2000.0,1.0000000000000004
20260201,83,248.00412,7779.096161852631,5543.3277408,235.7684210526316,0.0,2000.0,1.0000000000000002
20260201,84,247.36712,7612.135507031578,5379.514454399998,232.6210526315789,0.0,2000.0,0.9999999999999999
20260201,85,246.56632,7445.174852210528,5215.701167999998,229.47368421052633,0.0,2000.0,0.9999999999999996
20260201,86,246.16228,7278.214197389472,5051.887881599999,226.3263157894737,0.0,2000.0,1.0
20260201,87,245.45248,7100.364804210524,4877.7542778947345,222.6105263157895,0.0,2000.0,1.0
20260201,88,244.33864,6891.663985684211,4674.379775157891,217.2842105263158,0.0,2000.0,0.9999999999999994
20260201,89,243.2248,6682.963167157894,4471.005272421052,211.9578947368421,0.0,2000.0,1.0
20260201,90,243.2248,6474.262348631578,4267.630769684208,206.6315789473684,0.0,2000.0,0.9999999999999997
20260201,91,242.11096,6265.561530105265,4063.151003789474,202.4105263157895,0.0,2000.0,0.9999999999999999
20260201,92,240.99712,6056.860711578947,3851.302816842106,205.55789473684212,0.0,2000.0,1.0000000000000002
20260201,93,239.1989600000001,5848.159893052631,3639.454629894739,208.70526315789482,0.0,2000.0,1.0000000000000007
20260201,94,235.51528,5639.459074526316,3427.606442947372,211.85263157894738,0.0,2000.0,1.0000000000000007
20260201,95,230.18632,5430.758255999999,3215.7582560000023,215.0,0.0,2000.0,1.0000000000000007
20260202,0,246.16228,5507.790287999999,3178.790288,329.0,0.0,2000.0,1.0000000000000002
20260202,1,245.45248,5405.21605591579,3021.2581611789487,383.9578947368421,0.0,2000.0,1.0000000000000002
20260202,2,246.16228,5302.641823831577,2863.726034357894,438.9157894736842,0.0,2000.0,1.0000000000000002
20260202,3,244.72448,5200.067591747367,2706.1939075368427,493.8736842105262,0.0,2000.0,1.0000000000000004
20260202,4,244.32044,5097.493359663157,2548.661780715788,548.8315789473685,0.0,2000.0,0.9999999999999998
20260202,5,242.88264,5024.650789052632,2422.124473263159,602.5263157894736,0.0,2000.0,1.0000000000000002
20260202,6,244.72448,4956.267967663157,2300.2363887157903,656.0315789473684,0.0,2000.0,1.0000000000000004
20260202,7,244.32044,4887.885146273683,2178.348304168422,709.536842105263,0.0,2000.0,1.0000000000000007
20260202,8,234.07748,4819.502324884211,2056.4602196210562,763.042105263158,0.0,2000.0,1.0000000000000007
20260202,9,235.51528,4776.391415747369,2012.99141574737,763.4000000000001,0.0,2000.0,1.0000000000000002
20260202,10,235.51528,4742.200005052632,1997.2000050526328,745.0,0.0,2000.0,1.0000000000000002
20260202,11,233.67344,4708.008594357894,1981.4085943578948,726.6,0.0,2000.0,1.0
20260202,12,233.67344,4673.817183663159,1965.61718366316,708.2,0.0,2000.0,1.0000000000000002
20260202,13,232.414,4639.625772968421,1930.2257729684238,709.4,0.0,2000.0,1.0000000000000007
20260202,14,231.30016,4605.434362273682,1882.2343622736848,723.2,0.0,2000.0,1.0000000000000007
20260202,15,229.07248,4571.242951578946,1834.2429515789502,736.9999999999999,0.0,2000.0,1.0000000000000009
20260202,16,854.1617094736841,4569.263157894735,1818.4631578947372,750.8000000000001,0.0,2000.0,1.0000000000000004
20260202,17,854.1617094736841,4577.9390581717425,1818.896952908587,759.0421052631579,0.0,2000.0,1.0000000000000007
20260202,18,854.1617094736841,4580.232686980608,1819.011634349031,761.2210526315788,0.0,2000.0,1.0000000000000002
20260202,19,854.1617094736841,4582.526315789471,1819.1263157894732,763.4000000000001,0.0,2000.0,1.0000000000000007
20260202,20,854.1617094736841,4584.819944598337,1819.240997229917,765.5789473684209,0.0,2000.0,1.0
20260202,21,229.07248,4595.771572294737,1838.371572294739,757.4,0.0,2000.0,1.0000000000000007
20260202,22,231.30016,4612.867277642104,1883.0672776421072,729.8000000000002,0.0,2000.0,1.0000000000000007
20260202,23,232.414,4629.962982989475,1927.762982989477,702.2,0.0,2000.0,1.0000000000000004
20260202,24,233.67344,4647.058688336842,1972.4586883368438,674.6,0.0,2000.0,1.0000000000000002
20260202,25,233.4950800000001,4675.303766736841,2030.514293052632,644.0526315789474,0.7368421052631539,2000.0,1.0000000000000004
20260202,26,244.32044,4743.686588126316,2136.665535494738,602.8947368421052,4.126315789473685,2000.0,1.0000000000000002
20260202,27,232.414,4812.069409515789,2242.8167779368428,561.7368421052631,7.515789473684214,2000.0,1.0000000000000004
20260202,28,235.51528,4880.452230905263,2348.968020378949,520.5789473684212,10.90526315789473,2000.0,1.0000000000000004
20260202,29,237.35712,4957.754550736841,2460.333498105268,478.8736842105264,18.54736842105264,2000.0,1.000000000000001
20260202,30,243.4140800000001,5128.711604210526,2626.4484463157887,431.42105263157885,70.84210526315796,2000.0,0.9999999999999998
20260202,31,231.30016,5299.66865768421,2792.563394526318,383.9684210526316,123.1368421052631,2000.0,1.0000000000000004
20260202,32,239.1989600000001,5470.625711157895,2958.678342736846,336.5157894736842,175.4315789473684,2000.0,1.0000000000000007
20260202,33,242.11096,5641.58276463158,3124.79329094737,289.06315789473683,227.7263157894737,2000.0,1.0000000000000002
20260202,34,243.2248,5779.834990484212,3220.6876220631593,257.12631578947367,302.02105263157887,2000.0,1.0
20260202,35,244.33864,5916.600633263159,3313.3901069473686,225.8947368421054,377.315789473684,2000.0,1.0
20260202,36,245.45248,6053.366276042104,3406.0925918315816,194.6631578947368,452.61052631578957,2000.0,1.0000000000000007
20260202,37,246.56632,6190.131918821053,3498.79507671579,163.4315789473684,527.9052631578948,2000.0,1.0
20260202,38,246.56632,6242.1623264,3485.8623264000025,160.8,595.4999999999999,2000.0,1.0000000000000004
20260202,39,246.16228,6276.353737094737,3450.690579200001,164.1894736842105,661.4736842105265,2000.0,1.0000000000000002
20260202,40,245.45248,6310.545147789474,3415.518832000003,167.578947368421,727.4473684210527,2000.0,1.0000000000000004
20260202,41,245.45248,6344.736558484211,3380.3470848000015,170.96842105263158,793.421052631579,2000.0,1.0000000000000002
20260202,42,244.72448,6367.035304589474,3359.4721466947376,170.1473684210526,837.4157894736843,2000.0,1.0
20260202,43,244.72448,6384.131009936842,3344.852062568422,167.4842105263158,871.7947368421053,2000.0,1.0000000000000002
20260202,44,244.33864,6401.226715284212,3330.231978442108,164.82105263157888,906.1736842105264,2000.0,1.0000000000000002
20260202,45,244.33864,6418.322420631578,3315.6118943157894,162.1578947368421,940.5526315789473,2000.0,1.0000000000000002
20260202,46,244.33864,6416.092546021052,3301.918861810528,158.6736842105263,955.5,2000.0,1.0000000000000004
20260202,47,244.32044,6398.996840673684,3288.9389459368454,154.5578947368421,955.5,2000.0,1.0000000000000007
20260202,48,244.32044,6381.901135326316,3275.959030063157,150.4421052631579,955.5,2000.0,0.9999999999999999
20260202,49,244.32044,6364.805429978948,3262.9791141894743,146.3263157894737,955.5000000000001,2000.0,1.0
20260202,50,244.32044,6340.276809263159,3239.513651368422,140.3157894736843,960.4473684210525,2000.0,1.0
20260202,51,246.16228,6306.085398568423,3202.41697751579,131.8421052631578,971.8263157894736,2000.0,0.9999999999999997
20260202,52,233.60428,6271.893987873685,3165.320303663159,123.3684210526315,983.2052631578947,2000.0,1.0000000000000002
20260202,53,237.35712,6237.7025771789495,3128.22362981053,114.89473684210529,994.5842105263159,2000.0,1.0000000000000002
20260202,54,235.51528,6208.714207242106,3107.898417768424,109.00000000000001,991.815789473684,2000.0,1.0000000000000004
20260202,55,237.35712,6191.618501894736,3125.907975578953,109.00000000000001,956.7105263157894,2000.0,1.000000000000001
20260202,56,237.35712,6174.522796547369,3143.917533389477,109.00000000000001,921.6052631578949,2000.0,1.0000000000000004
20260202,57,237.35712,6157.427091200001,3161.927091200004,109.00000000000001,886.5,2000.0,1.0000000000000004
20260202,58,238.76944,6143.3045520000005,3188.509815157898,108.91578947368421,845.8789473684211,2000.0,1.0000000000000004
20260202,59,239.1989600000001,6143.3045520000005,3255.8150783157926,108.4315789473684,779.0578947368423,2000.0,1.0000000000000004
20260202,60,239.88328,6143.3045520000005,3323.1203414736847,107.94736842105259,712.2368421052629,2000.0,0.9999999999999999
20260202,61,240.99712,6143.3045520000005,3390.42560463158,107.4631578947368,645.4157894736842,2000.0,1.0000000000000002
20260202,62,241.0408,6146.277718147369,3459.8356128842115,108.17894736842099,578.2631578947369,2000.0,1.0
20260202,63,242.88264,6214.660539536844,3575.5500132210555,135.2947368421054,503.8157894736841,2000.0,1.0000000000000002
20260202,64,244.32044,6283.0433609263155,3691.264413557897,162.4105263157895,429.36842105263156,2000.0,1.0000000000000004
20260202,65,244.72448,6351.42618231579,3806.978813894739,189.5263157894736,354.921052631579,2000.0,1.0000000000000002
20260202,66,246.16228,6419.809003705263,3922.693214231581,216.64210526315802,280.47368421052613,2000.0,1.0000000000000002
20260202,67,247.6801600000001,6566.237436463158,4118.995331199999,216.12631578947372,231.1157894736846,2000.0,0.9999999999999999
20260202,68,248.40816,6720.098784589473,4322.9724688000015,212.9789473684211,184.1473684210527,2000.0,1.0000000000000002
20260202,69,250.2500000000001,6873.96013271579,4526.949606399999,209.83157894736843,137.1789473684209,2000.0,0.9999999999999998
20260202,70,253.33308,7027.821480842104,4730.926743999996,206.6842105263158,90.21052631578979,2000.0,0.9999999999999997
20260202,71,253.52964,7047.89035233684,4805.279826021048,177.7684210526316,64.84210526315792,2000.0,0.9999999999999997
20260202,72,255.1549,7030.794646989474,4843.626225936841,141.6947368421051,45.47368421052624,2000.0,0.9999999999999998
20260202,73,255.37148,7013.698941642106,4881.972625852629,105.6210526315791,26.105263157894846,2000.0,0.9999999999999996
20260202,74,255.37148,6996.603236294737,4920.319025768417,69.54736842105265,6.73684210526318,2000.0,0.9999999999999994
20260202,75,255.37148,6968.358157894737,4911.358157894733,56.99999999999999,0.0,2000.0,0.9999999999999994
20260202,76,255.37148,6934.1667472,4877.166747199996,56.99999999999999,0.0,2000.0,0.9999999999999994
20260202,77,255.1549,6899.975336505264,4842.975336505262,56.99999999999999,0.0,2000.0,0.9999999999999998
20260202,78,255.1549,6865.783925810526,4808.783925810522,56.99999999999999,0.0,2000.0,0.9999999999999994
20260202,79,253.52964,6822.673016673684,4766.051964042104,56.62105263157895,0.0,2000.0,0.9999999999999999
20260202,80,253.33308,6771.385900631579,4715.491163789473,55.89473684210526,0.0,2000.0,0.9999999999999999
20260202,81,251.6878,6720.098784589473,4664.930363536843,55.16842105263158,0.0,2000.0,1.0000000000000002
20260202,82,251.51126,6668.811668547369,4614.369563284209,54.442105263157906,0.0,2000.0,0.9999999999999998
20260202,83,251.51126,6624.214176336843,4570.403650021051,53.810526315789474,0.0,2000.0,0.9999999999999998
20260202,84,250.2500000000001,6590.022765642104,4536.6964498526295,53.32631578947369,0.0,2000.0,0.9999999999999999
20260202,85,249.84596,6555.831354947368,4502.989249684211,52.842105263157904,0.0,2000.0,1.0000000000000002
20260202,86,249.84596,6521.639944252633,4469.2820495157885,52.357894736842105,0.0,2000.0,0.9999999999999997
20260202,87,249.68944,6474.069285894736,4422.321917473687,51.74736842105263,0.0,2000.0,1.0000000000000007
20260202,88,248.794,6388.590759157895,4337.811811789478,50.77894736842106,0.0,2000.0,1.0000000000000007
20260202,89,248.00412,6303.112232421052,4253.301706105266,49.810526315789474,0.0,2000.0,1.0000000000000007
20260202,90,247.86762,6217.6337056842085,4168.791600421052,48.84210526315789,0.0,2000.0,1.0000000000000002
20260202,91,247.86762,6129.925304336842,4082.020041178949,47.90526315789474,0.0,2000.0,1.0000000000000002
20260202,92,248.40816,6027.351072252632,3980.1721248842127,47.17894736842105,0.0,2000.0,1.0000000000000002
20260202,93,247.6801600000001,5924.77684016842,3878.324208589474,46.45263157894736,0.0,2000.0,1.0000000000000002
20260202,94,246.56632,5822.2026080842115,3776.476292294736,45.726315789473695,0.0,2000.0,0.9999999999999997
20260202,95,246.16228,5719.628376,3674.6283759999997,45.0,0.0,2000.0,1.0
20260203,0,239.88328,5364.7308,3326.7307999999994,38.0,0.0,2000.0,0.9999999999999998
20260203,1,238.76944,5264.82083368421,3228.515570526318,36.30526315789473,0.0,2000.0,1.0000000000000004
20260203,2,238.61656,5164.910867368421,3130.300341052632,34.61052631578947,0.0,2000.0,1.0000000000000002
20260203,3,232.414,5065.00090105263,3032.085111578949,32.91578947368421,0.0,2000.0,1.0000000000000007
20260203,4,231.30016,4965.090934736843,2933.869882105267,31.22105263157895,0.0,2000.0,1.0000000000000004
20260203,5,235.51528,4894.140378947369,2864.824589473685,29.315789473684212,0.0,2000.0,1.0000000000000002
20260203,6,233.67344,4827.533734736841,2800.154787368423,27.378947368421052,0.0,2000.0,1.0000000000000007
20260203,7,232.414,4760.927090526316,2735.484985263159,25.442105263157888,0.0,2000.0,1.0000000000000002
20260203,8,231.30016,4694.320446315788,2670.815183157897,23.50526315789474,0.0,2000.0,1.0000000000000007
20260203,9,230.18632,4652.329301052631,2628.971406315791,23.357894736842113,0.0,2000.0,1.0000000000000002
20260203,10,230.18632,4619.025978947368,2595.1838736842133,23.8421052631579,0.0,2000.0,1.0000000000000009
20260203,11,229.07248,4585.722656842105,2561.396341052634,24.32631578947368,0.0,2000.0,1.0000000000000007
20260203,12,229.07248,4552.419334736842,2527.608808421055,24.81052631578947,0.0,2000.0,1.0000000000000007
20260203,13,227.95864,4519.11601263158,2490.284433684214,28.83157894736842,0.0,2000.0,1.0000000000000007
20260203,14,227.95864,4485.812690526316,2450.6863747368448,35.12631578947368,0.0,2000.0,1.0000000000000004
20260203,15,226.8448,4452.5093684210515,2411.088315789474,41.421052631578945,0.0,2000.0,1.0000000000000004
20260203,16,226.8448,4419.206046315788,2371.490256842106,47.71578947368421,0.0,2000.0,1.0000000000000007
20260203,17,226.8448,4409.794237894737,2351.036343157898,58.7578947368421,0.0,2000.0,1.0000000000000007
20260203,18,226.8448,4426.445898947368,2351.46695157895,74.97894736842106,0.0,2000.0,1.0000000000000009
20260203,19,226.8448,4443.097559999999,2351.8975600000012,91.19999999999997,0.0,2000.0,1.0000000000000004
20260203,20,226.8448,4459.749221052632,2352.3281684210533,107.42105263157899,0.0,2000.0,1.0000000000000002
20260203,21,226.8448,4476.400882105263,2348.800882105265,127.60000000000001,0.0,2000.0,1.0000000000000004
20260203,22,226.8448,4493.052543157894,2337.8525431578973,155.20000000000002,0.0,2000.0,1.0000000000000007
20260203,23,225.73096,4509.704204210526,2326.904204210527,182.8,0.0,2000.0,1.0000000000000004
20260203,24,225.73096,4526.355865263157,2315.955865263161,210.4,0.0,2000.0,1.0000000000000009
20260203,25,225.73096,4553.8673052631575,2316.6567789473697,235.42105263157887,1.7894736842105161,2000.0,1.0000000000000002
20260203,26,226.8448,4620.473949473685,2359.295002105265,251.1578947368421,10.02105263157895,2000.0,1.0000000000000002
20260203,27,227.95864,4687.080593684211,2401.93322526316,266.8947368421053,18.25263157894738,2000.0,1.0000000000000004
20260203,28,227.95864,4753.6872378947355,2444.571448421054,282.6315789473684,26.48421052631578,2000.0,1.0000000000000004
20260203,29,229.07248,4828.981705263158,2493.044863157896,297.4842105263158,38.45263157894738,2000.0,1.0000000000000002
20260203,30,230.18632,4995.498315789474,2602.787789473686,303.0526315789474,89.65789473684218,2000.0,1.0000000000000004
20260203,31,232.414,5162.014926315787,2712.530715789476,308.621052631579,140.8631578947368,2000.0,1.0000000000000009
20260203,32,235.51528,5328.531536842107,2822.273642105265,314.1894736842105,192.0684210526316,2000.0,1.0
20260203,33,238.76944,5495.048147368422,2932.016568421056,319.7578947368421,243.2736842105264,2000.0,1.0000000000000004
20260203,34,239.1989600000001,5629.70940631579,3005.735722105264,310.0421052631579,313.9315789473684,2000.0,1.0
20260203,35,239.88328,5762.92269473684,3077.817431578947,299.6315789473685,385.473684210526,2000.0,1.0000000000000002
20260203,36,240.99712,5896.135983157894,3149.899141052633,289.2210526315789,457.01578947368426,2000.0,1.0000000000000002
20260203,37,242.11096,6029.349271578948,3221.9808505263168,278.8105263157895,528.5578947368422,2000.0,1.0000000000000002
20260203,38,242.11096,6080.028240000001,3200.5282399999996,280.4,599.0999999999999,2000.0,0.9999999999999999
20260203,39,241.0408,6113.331562105263,3159.384193684211,284.5157894736842,669.4315789473686,2000.0,1.0
20260203,40,240.99712,6146.634884210526,3118.2401473684217,288.6315789473684,739.763157894737,2000.0,1.0000000000000002
20260203,41,239.88328,6179.93820631579,3077.096101052632,292.7473684210526,810.0947368421051,2000.0,1.0
20260203,42,240.99712,6201.657764210526,3109.084080000001,287.7684210526315,804.8052631578946,2000.0,1.0000000000000002
20260203,43,241.0408,6218.309425263158,3173.067320000002,278.8105263157895,766.4315789473684,2000.0,1.0000000000000002
20260203,44,242.11096,6234.961086315788,3237.0505599999988,269.8526315789474,728.0578947368422,2000.0,1.0000000000000002
20260203,45,242.88264,6251.612747368421,3301.033800000001,260.8947368421052,689.6842105263157,2000.0,1.0000000000000002
20260203,46,242.88264,6249.440791578948,3291.456581052633,264.11578947368423,693.8684210526316,2000.0,1.0000000000000002
20260203,47,242.11096,6232.789130526316,3225.294393684213,276.7052631578947,730.7894736842104,2000.0,1.0000000000000004
20260203,48,241.0408,6216.137469473684,3159.1322063157927,289.2947368421053,767.7105263157896,2000.0,1.0000000000000007
20260203,49,240.99712,6199.485808421052,3092.9700189473688,301.8842105263158,804.6315789473683,2000.0,1.0000000000000002
20260203,50,239.88328,6175.594294736842,3035.462715789476,312.68421052631584,827.4473684210527,2000.0,1.0000000000000004
20260203,51,239.1989600000001,6142.290972631578,2989.206762105263,321.1578947368421,831.9263157894736,2000.0,1.0
20260203,52,238.76944,6108.987650526316,2942.950808421055,329.6315789473684,836.4052631578949,2000.0,1.0000000000000002
20260203,53,238.76944,6075.684328421051,2896.694854736845,338.1052631578947,840.8842105263158,2000.0,1.0000000000000007
20260203,54,237.35712,6047.448903157895,2864.938376842109,347.6105263157895,834.9,2000.0,1.0000000000000007
20260203,55,237.35712,6030.797242105262,2866.3235578947388,359.4736842105263,804.9999999999999,2000.0,1.0000000000000007
20260203,56,237.35712,6014.145581052631,2867.708738947373,371.3368421052631,775.1,2000.0,1.0000000000000009
20260203,57,237.35712,5997.49392,2869.093920000003,383.2,745.1999999999999,2000.0,1.0000000000000004
20260203,58,237.35712,5983.738200000002,2885.185568421056,393.2947368421052,705.2578947368421,2000.0,1.0000000000000002
20260203,59,239.1989600000001,5983.738200000002,2971.132936842108,394.9894736842105,617.6157894736846,2000.0,1.0000000000000002
20260203,60,239.88328,5983.738200000002,3057.080305263159,396.6842105263158,529.973684210526,2000.0,0.9999999999999999
20260203,61,240.99712,5983.738200000002,3143.027673684211,398.378947368421,442.33157894736837,2000.0,0.9999999999999999
20260203,62,242.11096,5986.634141052633,3229.297298947371,400.0,357.3368421052632,2000.0,1.0000000000000002
20260203,63,243.2248,6053.2407852631595,3322.656574736844,400.0,330.5842105263157,2000.0,1.0
20260203,64,244.32044,6119.847429473684,3416.015850526316,400.0,303.8315789473685,2000.0,1.0
20260203,65,244.33864,6186.454073684211,3509.3751263157897,400.0,277.0789473684211,2000.0,1.0
20260203,66,245.45248,6253.060717894737,3602.7344021052627,400.0,250.3263157894736,2000.0,1.0
20260203,67,246.56632,6395.685814736841,3769.348972631581,400.0,226.33684210526332,2000.0,1.0000000000000007
20260203,68,248.00412,6545.550764210528,3942.940237894739,400.0,202.61052631578949,2000.0,1.0000000000000002
20260203,69,249.68944,6695.41571368421,4116.531503157897,400.0,178.88421052631568,2000.0,1.0000000000000004
20260203,70,251.6878,6845.280663157895,4290.12276842105,400.0,155.1578947368423,2000.0,0.9999999999999996
20260203,71,253.52964,6864.828265263157,4341.923002105261,401.32631578947365,121.5789473684211,2000.0,0.9999999999999998
20260203,72,253.52964,6848.176604210526,4359.8923936842075,403.02105263157887,85.26315789473671,2000.0,0.9999999999999994
20260203,73,253.52964,6831.524943157896,4377.861785263154,404.71578947368425,48.94736842105285,2000.0,0.9999999999999993
20260203,74,253.52964,6814.873282105262,4395.831176842103,406.4105263157895,12.63157894736846,2000.0,0.9999999999999999
20260203,75,253.52964,6787.361842105264,4377.677631578945,409.6842105263158,0.0,2000.0,0.9999999999999994
20260203,76,253.52964,6754.05852,4340.2585199999985,413.8,0.0,2000.0,0.9999999999999999
20260203,77,251.6878,6720.755197894737,4302.839408421053,417.9157894736842,0.0,2000.0,1.0000000000000002
20260203,78,251.6878,6687.451875789473,4265.420296842106,422.0315789473684,0.0,2000.0,1.0000000000000002
20260203,79,250.2500000000001,6645.4607305263135,4221.587046315786,423.87368421052633,0.0,2000.0,0.9999999999999999
20260203,80,249.84596,6595.505747368421,4171.874168421051,423.6315789473684,0.0,2000.0,0.9999999999999998
20260203,81,249.84596,6545.550764210526,4122.161290526317,423.3894736842105,0.0,2000.0,1.0000000000000002
20260203,82,248.794,6495.5957810526315,4072.44841263158,423.14736842105265,0.0,2000.0,1.0000000000000002
20260203,83,248.794,6452.156665263156,4029.440875789475,422.7157894736842,0.0,2000.0,1.0000000000000004
20260203,84,248.40816,6418.8533431578935,3996.8638694736856,421.98947368421057,0.0,2000.0,1.0000000000000004
20260203,85,248.00412,6385.55002105263,3964.2868631578926,421.2631578947368,0.0,2000.0,1.0
20260203,86,248.00412,6352.246698947368,3931.709856842105,420.5368421052632,0.0,2000.0,1.0000000000000002
20260203,87,247.6801600000001,6305.911642105263,3889.2590105263203,416.6526315789473,0.0,2000.0,1.0000000000000007
20260203,88,246.56632,6222.653336842104,3818.832284210528,403.82105263157905,0.0,2000.0,1.0000000000000004
20260203,89,246.56632,6139.395031578948,3748.4055578947377,390.9894736842105,0.0,2000.0,1.0
20260203,90,246.16228,6056.136726315789,3677.978831578946,378.15789473684214,0.0,2000.0,0.9999999999999999
20260203,91,245.45248,5970.706465263158,3605.3169915789467,365.3894736842106,0.0,2000.0,1.0
20260203,92,244.33864,5870.796498947368,3517.75439368421,353.0421052631579,0.0,2000.0,1.0
20260203,93,244.32044,5770.88653263158,3430.1917957894725,340.6947368421052,0.0,2000.0,0.9999999999999996
20260203,94,243.2248,5670.9765663157905,3342.629197894736,328.3473684210527,0.0,2000.0,0.9999999999999997
20260203,95,242.11096,5571.0666,3255.0666000000006,316.0,0.0,2000.0,1.0
20260204,0,242.11096,5460.886409099999,3460.8864091,0.0,0.0,2000.0,1.0000000000000002
20260204,1,240.99712,5381.954508135788,3307.386087083157,74.56842105263159,0.0,2000.0,1.0
20260204,2,239.1989600000001,5303.022607171579,3153.88576506632,149.13684210526318,0.0,2000.0,1.0000000000000007
20260204,3,238.61656,5224.090706207368,3000.3854430494757,223.7052631578947,0.0,2000.0,1.0000000000000004
20260204,4,232.414,5145.158805243157,2846.885121032633,298.2736842105263,0.0,2000.0,1.0000000000000004
20260204,5,230.18632,5083.386013184211,2752.01759213158,331.36842105263156,0.0,2000.0,1.0000000000000002
20260204,6,229.07248,5024.187087461052,2665.944982197896,358.2421052631579,0.0,2000.0,1.0000000000000004
20260204,7,227.95864,4964.988161737894,2579.872372264212,385.11578947368423,0.0,2000.0,1.0000000000000004
20260204,8,226.8448,4905.789236014736,2493.79976233053,411.98947368421057,0.0,2000.0,1.0000000000000009
20260204,9,226.8448,4875.760795430526,2516.171321746317,359.5894736842105,0.0,2000.0,1.0000000000000004
20260204,10,227.95864,4856.027820189474,2576.817293873686,279.2105263157895,0.0,2000.0,1.0000000000000004
20260204,11,229.07248,4836.294844948421,2637.463266001054,198.8315789473684,0.0,2000.0,1.0000000000000004
20260204,12,230.18632,4816.561869707368,2698.109238128423,118.4526315789473,0.0,2000.0,1.0000000000000004
20260204,13,229.07248,4808.8402707,2668.935007542107,139.9052631578948,0.0,2000.0,1.0000000000000007
20260204,14,227.95864,4808.8402707,2582.019218068423,226.8210526315789,0.0,2000.0,1.0000000000000007
20260204,15,226.8448,4808.8402707,2495.103428594739,313.7368421052633,0.0,2000.0,1.0000000000000007
20260204,16,853.98584,4832.265927977835,2431.613296398891,400.65263157894736,0.0,2000.0,1.0000000000000007
20260204,17,853.98584,4923.878116343486,2436.193905817173,487.68421052631584,0.0,2000.0,1.0000000000000004
20260204,18,853.98584,5015.6232686980575,2440.781163434902,574.842105263158,0.0,2000.0,1.0000000000000004
20260204,19,853.98584,5107.36842105263,2445.3684210526317,661.9999999999999,0.0,2000.0,1.0000000000000004
20260204,20,853.98584,5199.1135734072,2449.95567867036,749.1578947368421,0.0,2000.0,1.0000000000000004
20260204,21,853.98584,5273.573407202214,2453.6786703601097,819.8947368421052,0.0,2000.0,1.0000000000000002
20260204,22,853.5218357894737,5315.623268698058,2455.781163434902,859.8421052631577,0.0,2000.0,1.0000000000000002
20260204,23,233.67344,5538.960354618947,2639.170880934737,899.7894736842104,0.0,2000.0,1.0
20260204,24,235.51528,5815.222007993683,2875.485165888421,939.7368421052631,0.0,2000.0,1.0000000000000002
20260204,25,238.76944,6082.90410691579,3098.640949021054,983.6315789473682,0.6315789473684177,2000.0,1.0
20260204,26,237.35712,6319.6998098084205,3274.4261255978968,1041.7368421052631,3.536842105263159,2000.0,1.0000000000000004
20260204,27,239.1989600000001,6556.4955127010535,3450.211302174739,1099.842105263158,6.442105263157899,2000.0,1.0000000000000002
20260204,28,240.99712,6793.291215593683,3625.99647875158,1157.947368421052,9.347368421052629,2000.0,1.0000000000000002
20260204,29,241.0408,7024.939185814737,3798.3812910778975,1211.21052631579,15.34736842105264,2000.0,1.0000000000000004
20260204,30,242.11096,7202.535962984211,3935.062278773685,1213.631578947368,53.84210526315796,2000.0,1.0
20260204,31,243.2248,7380.132740153684,4071.743266469471,1216.052631578947,92.33684210526313,2000.0,0.9999999999999997
20260204,32,244.33864,7557.729517323156,4208.424254165263,1218.473684210526,130.83157894736848,2000.0,1.0000000000000002
20260204,33,244.72448,7735.326294492632,4345.10524186105,1220.894736842105,169.3263157894737,2000.0,0.9999999999999996
20260204,34,244.33864,7761.922913295792,4297.554492243154,1222.389473684211,241.978947368421,2000.0,0.9999999999999993
20260204,35,244.33864,7781.655888536842,4241.629572747368,1223.842105263158,316.1842105263156,2000.0,1.0
20260204,36,244.32044,7801.388863777896,4185.704653251581,1225.294736842105,390.3894736842107,2000.0,1.0
20260204,37,243.2248,7821.121839018946,4129.779733755788,1226.7473684210531,464.59473684210525,2000.0,1.0
20260204,38,243.2248,7824.553660799999,4106.3536608,1192.3999999999999,525.7999999999998,2000.0,1.0000000000000002
20260204,39,243.2248,7824.553660799999,4089.769450273683,1150.515789473684,584.2684210526317,2000.0,0.9999999999999999
20260204,40,243.2248,7824.553660799999,4073.1852397473685,1108.631578947369,642.7368421052631,2000.0,1.0000000000000002
20260204,41,243.2248,7824.553660799999,4056.601029221052,1066.747368421053,701.2052631578945,2000.0,1.0
20260204,42,243.2248,7810.826373675791,4026.4579526231555,1026.378947368421,757.9894736842106,2000.0,0.9999999999999996
20260204,43,243.2248,7791.093398434737,3990.382872118946,986.6736842105263,814.0368421052632,2000.0,0.9999999999999999
20260204,44,242.88264,7771.360423193684,3954.307791614734,946.9684210526317,870.0842105263156,2000.0,0.9999999999999997
20260204,45,242.11096,7751.627447952632,3918.2327111105237,907.2631578947368,926.1315789473688,2000.0,0.9999999999999997
20260204,46,242.11096,7743.047893499999,3912.879472447369,887.8105263157895,942.3578947368419,2000.0,1.0000000000000002
20260204,47,242.11096,7743.047893499999,3931.1584198157902,883.9368421052632,927.9526315789475,2000.0,1.0000000000000002
20260204,48,242.88264,7743.047893499999,3949.43736718421,880.063157894737,913.5473684210526,2000.0,1.0000000000000002
20260204,49,242.88264,7743.047893499999,3967.7163145526306,876.1894736842105,899.142105263158,2000.0,1.0
20260204,50,242.88264,7743.047893499999,3988.679472447369,866.6315789473686,887.7368421052631,2000.0,1.0000000000000002
20260204,51,243.2248,7743.047893499999,4013.132104026316,849.6842105263157,880.2315789473685,2000.0,1.0000000000000002
20260204,52,243.2248,7743.047893499999,4037.5847356052636,832.7368421052631,872.7263157894736,2000.0,1.0000000000000002
20260204,53,243.2248,7743.047893499999,4062.0373671842103,815.7894736842106,865.2210526315789,2000.0,1.0
20260204,54,243.2248,7731.036517266314,4090.247043582103,784.915789473684,855.8736842105261,2000.0,0.9999999999999999
20260204,55,243.2248,7691.570566784212,4127.044250994737,722.2105263157895,842.3157894736843,2000.0,0.9999999999999998
20260204,56,244.32044,7652.1046163021065,4163.841458407366,659.5052631578949,828.7578947368422,2000.0,0.9999999999999996
20260204,57,244.33864,7612.638665820002,4200.638665819997,596.7999999999998,815.1999999999999,2000.0,0.9999999999999994
20260204,58,244.33864,7583.468180681054,4242.994496470525,546.3473684210526,794.1263157894737,2000.0,0.9999999999999997
20260204,59,244.33864,7603.201155922106,4311.753787501051,554.0947368421052,737.3526315789475,2000.0,0.9999999999999998
20260204,60,244.72448,7622.934131163159,4380.513078531575,561.8421052631579,680.5789473684208,2000.0,0.9999999999999993
20260204,61,245.45248,7642.667106404211,4449.272369562103,569.5894736842106,623.8052631578947,2000.0,0.9999999999999997
20260204,62,245.45248,7665.831903426317,4523.663482373683,575.4105263157896,566.7578947368422,2000.0,0.9999999999999998
20260204,63,246.56632,7764.496779631579,4721.95467436842,538.8526315789471,503.6894736842102,2000.0,0.9999999999999998
20260204,64,247.6801600000001,7863.161655836842,4920.245866363157,502.2947368421053,440.621052631579,2000.0,0.9999999999999999
20260204,65,248.794,7961.826532042107,5118.537058357893,465.7368421052633,377.5526315789475,2000.0,0.9999999999999997
20260204,66,251.51126,8060.49140824737,5316.828250352631,429.1789473684209,314.4842105263156,2000.0,0.9999999999999998
20260204,67,248.794,8087.088027050525,5429.677500734736,403.45263157894743,253.95789473684252,2000.0,1.0000000000000002
20260204,68,249.68944,8106.821002291578,5534.38942334421,378.7578947368421,193.6736842105264,2000.0,1.0
20260204,69,249.84596,8126.5539775326315,5639.101345953686,354.0631578947369,133.38947368421032,2000.0,1.0000000000000002
20260204,70,250.70864,8146.286952773686,5743.813268563158,329.36842105263173,73.10526315789512,2000.0,0.9999999999999999
20260204,71,251.6878,8150.576730000001,5787.418835263156,314.5263157894737,48.63157894736844,2000.0,0.9999999999999997
20260204,72,251.6878,8150.576730000001,5814.050414210525,302.421052631579,34.105263157894676,2000.0,0.9999999999999998
20260204,73,251.6878,8150.576730000001,5840.681993157892,290.3157894736843,19.57894736842114,2000.0,0.9999999999999996
20260204,74,251.82248,8150.576730000001,5867.313572105261,278.2105263157895,5.052631578947384,2000.0,0.9999999999999997
20260204,75,251.6878,8099.099403284211,5821.783613810524,277.31578947368416,0.0,2000.0,0.9999999999999997
20260204,76,250.70864,8020.16750232,5737.76750232,282.4,0.0,2000.0,1.0
20260204,77,249.84596,7941.23560135579,5653.751390829473,287.4842105263158,0.0,2000.0,0.9999999999999999
20260204,78,248.794,7862.303700391578,5569.735279338947,292.5684210526316,0.0,2000.0,1.0000000000000002
20260204,79,248.794,7773.07633408421,5502.8342288210515,270.2421052631581,0.0,2000.0,0.9999999999999999
20260204,80,248.794,7674.411457878948,5451.621984194739,222.7894736842106,0.0,2000.0,1.0000000000000002
20260204,81,248.48096,7575.746581673686,5400.409739568422,175.336842105263,0.0,2000.0,0.9999999999999999
20260204,82,248.00412,7477.081705468421,5349.197494942107,127.884210526316,0.0,2000.0,1.0000000000000002
20260204,83,247.6801600000001,7355.252032241053,5260.136242767371,95.11578947368422,0.0,2000.0,1.0000000000000004
20260204,84,247.6801600000001,7197.388230312632,5112.198756628419,85.18947368421048,0.0,2000.0,0.9999999999999997
20260204,85,246.56632,7039.524428384212,4964.261270489472,75.26315789473689,0.0,2000.0,0.9999999999999994
20260204,86,246.25328,6881.660626455789,4816.323784350523,65.33684210526316,0.0,2000.0,0.9999999999999996
20260204,87,245.45248,6713.50135918421,4656.006622342104,57.494736842105254,0.0,2000.0,0.9999999999999999
20260204,88,244.33864,6516.171606773688,4460.613712036848,55.557894736842115,0.0,2000.0,1.0000000000000002
20260204,89,243.2248,6318.841854363159,4265.220801731578,53.62105263157895,0.0,2000.0,0.9999999999999997
20260204,90,243.2248,6121.5121019526305,4069.8278914263165,51.68421052631578,0.0,2000.0,1.0000000000000002
20260204,91,242.11096,5924.182349542108,3869.256033752634,54.92631578947349,0.0,2000.0,0.9999999999999999
20260204,92,239.88328,5726.85259713158,3634.157860289475,92.69473684210526,0.0,2000.0,1.0
20260204,93,238.76944,5529.522844721052,3399.0596868263183,130.46315789473698,0.0,2000.0,1.0000000000000007
20260204,94,235.51528,5332.193092310527,3163.96151336316,168.2315789473682,0.0,2000.0,1.0000000000000002
20260204,95,224.85736,5134.863339900001,2928.863339900002,206.0,0.0,2000.0,1.0000000000000002
20260205,0,238.76944,5871.920870000002,3311.920870000002,560.0000000000001,0.0,2000.0,1.0
20260205,1,238.76944,5787.047858210526,3211.795226631581,575.2526315789473,0.0,2000.0,1.0000000000000002
20260205,2,235.51528,5702.174846421051,3111.669583263159,590.5052631578948,0.0,2000.0,1.0000000000000004
20260205,3,232.414,5617.301834631579,3011.543939894739,605.7578947368421,0.0,2000.0,1.0000000000000002
20260205,4,230.18632,5532.4288228421065,2911.418296526318,621.0105263157894,0.0,2000.0,1.0000000000000002
20260205,5,230.18632,5466.006465789473,2871.006465789476,595.0,0.0,2000.0,1.0000000000000007
20260205,6,229.07248,5402.351706947367,2839.5517069473703,562.8,0.0,2000.0,1.0000000000000004
20260205,7,229.07248,5338.696948105263,2808.0969481052657,530.5999999999999,0.0,2000.0,1.0000000000000004
20260205,8,229.07248,5275.0421892631575,2776.642189263161,498.4000000000001,0.0,2000.0,1.0000000000000007
20260205,9,227.95864,5242.753543473686,2745.237754000003,497.5157894736843,0.0,2000.0,1.0000000000000004
20260205,10,227.95864,5221.535290526315,2713.851080000003,507.68421052631584,0.0,2000.0,1.0000000000000007
20260205,11,226.8448,5200.317037578949,2682.464406000002,517.8526315789475,0.0,2000.0,1.0000000000000002
20260205,12,226.8448,5179.09878463158,2651.077732000002,528.0210526315789,0.0,2000.0,1.0000000000000002
20260205,13,225.73096,5170.79599,2615.364411052635,555.4315789473685,0.0,2000.0,1.0000000000000009
20260205,14,853.98584,5193.606648199442,2599.680332409971,593.9263157894736,0.0,2000.0,1.0000000000000004
20260205,15,853.98584,5234.127423822711,2601.706371191135,632.4210526315791,0.0,2000.0,1.0000000000000007
20260205,16,853.98584,5274.648199445979,2603.7324099722982,670.9157894736842,0.0,2000.0,1.0000000000000007
20260205,17,853.98584,5304.077562326867,2605.203878116343,698.8736842105263,0.0,2000.0,1.0000000000000004
20260205,18,853.98584,5321.407202216065,2606.070360110802,715.3368421052631,0.0,2000.0,1.0
20260205,19,853.98584,5338.736842105259,2606.936842105262,731.8000000000002,0.0,2000.0,1.0000000000000004
20260205,20,853.98584,5356.066481994456,2607.803324099721,748.2631578947369,0.0,2000.0,1.0000000000000004
20260205,21,853.0823536842106,5367.634349030468,2608.381717451523,759.2526315789473,0.0,2000.0,1.0000000000000004
20260205,22,238.76944,5658.815807789473,2898.8368604210523,759.978947368421,0.0,2000.0,1.0
20260205,23,238.76944,5955.871349052631,3195.166085894739,760.7052631578947,0.0,2000.0,1.0000000000000004
20260205,24,239.88328,6252.92689031579,3491.4953113684214,761.4315789473684,0.0,2000.0,1.0
20260205,25,242.11096,6540.757104210526,3780.7307884210522,759.3157894736842,0.7105263157894698,2000.0,0.9999999999999999
20260205,26,244.32044,6795.376139578949,4044.4287711578936,746.9684210526315,3.9789473684210526,2000.0,0.9999999999999996
20260205,27,245.45248,7049.995174947369,4308.126753894738,734.6210526315789,7.247368421052636,2000.0,1.0
20260205,28,245.45248,7304.614210315791,4571.824736631579,722.2736842105262,10.51578947368421,2000.0,0.9999999999999998
20260205,29,245.45248,7553.698049263157,4823.587522947368,712.9157894736843,17.19473684210527,2000.0,1.0
20260205,30,245.45248,7744.662325789473,4950.030746842104,734.9473684210526,59.68421052631585,2000.0,1.0
20260205,31,246.25328,7935.626602315787,5076.473970736838,756.978947368421,102.1736842105263,2000.0,0.9999999999999999
20260205,32,246.56632,8126.5908788421075,5202.917194631579,779.0105263157895,144.66315789473688,2000.0,0.9999999999999998
20260205,33,247.36712,8317.555155368424,5329.360418526317,801.0421052631579,187.1526315789474,2000.0,0.9999999999999998
20260205,34,247.36712,8346.153670210528,5327.4799859999985,783.0105263157895,235.6631578947368,2000.0,0.9999999999999998
20260205,35,246.56632,8367.371923157894,5319.7666599999975,763.1578947368421,284.4473684210525,2000.0,0.9999999999999996
20260205,36,246.56632,8388.590176105263,5312.053334000001,743.3052631578948,333.2315789473685,2000.0,1.0000000000000002
20260205,37,246.56632,8409.808429052631,5304.340007999997,723.4526315789473,382.0157894736842,2000.0,0.9999999999999996
20260205,38,246.56632,8413.498559999998,5312.798559999996,697.6000000000001,403.0999999999999,2000.0,0.9999999999999998
20260205,39,247.36712,8413.498559999998,5324.661717894734,670.4842105263157,418.35263157894735,2000.0,0.9999999999999998
20260205,40,247.36712,8413.498559999998,5336.5248757894715,643.3684210526314,433.6052631578947,2000.0,1.0
20260205,41,247.36712,8413.498559999998,5348.388033684208,616.2526315789473,448.85789473684207,2000.0,0.9999999999999998
20260205,42,247.36712,8398.738036210525,5370.838036210524,536.5894736842105,491.3105263157895,2000.0,0.9999999999999998
20260205,43,247.6801600000001,8377.519783263158,5397.919783263157,433.9368421052633,545.6631578947369,2000.0,0.9999999999999998
20260205,44,247.6801600000001,8356.30153031579,5425.001530315791,331.2842105263161,600.0157894736839,2000.0,1.0000000000000002
20260205,45,247.6801600000001,8335.08327736842,5452.083277368419,228.6315789473682,654.3684210526317,2000.0,1.0
20260205,46,247.6801600000001,8325.857950000001,5478.842160526314,185.64210526315802,661.3736842105263,2000.0,0.9999999999999996
20260205,47,247.6801600000001,8325.857950000001,5505.352686842104,188.5473684210526,631.9578947368421,2000.0,0.9999999999999996
20260205,48,247.6801600000001,8325.857950000001,5531.863213157893,191.4526315789474,602.5421052631577,2000.0,0.9999999999999996
20260205,49,248.00412,8325.857950000001,5558.373739473683,194.3578947368421,573.1263157894737,2000.0,0.9999999999999996
20260205,50,248.00412,8325.857950000001,5550.989528947368,206.52631578947359,568.3421052631578,2000.0,0.9999999999999996
20260205,51,247.6801600000001,8325.857950000001,5499.542160526314,230.7368421052633,595.5789473684212,2000.0,0.9999999999999996
20260205,52,247.6801600000001,8325.857950000001,5448.094792105263,254.9473684210526,622.8157894736843,2000.0,0.9999999999999998
20260205,53,247.6801600000001,8325.857950000001,5396.647423684211,279.157894736842,650.0526315789473,2000.0,1.0
20260205,54,247.36712,8312.942491684209,5335.268807473683,310.7368421052633,666.9368421052632,2000.0,1.0000000000000002
20260205,55,246.56632,8270.505985789472,5251.19019631579,359.1578947368422,660.1578947368422,2000.0,1.0000000000000002
20260205,56,246.56632,8228.069479894735,5167.111585157894,407.57894736842104,653.3789473684211,2000.0,1.0000000000000002
20260205,57,246.25328,8185.632974000001,5083.032973999998,456.0000000000001,646.6,2000.0,0.9999999999999997
20260205,58,246.16228,8154.266860947368,5019.940545157893,494.6526315789473,639.6736842105263,2000.0,0.9999999999999999
20260205,59,246.16228,8175.485113894736,5056.532482315788,486.90526315789464,632.0473684210526,2000.0,0.9999999999999999
20260205,60,246.25328,8196.703366842105,5093.124419473683,479.15789473684214,624.4210526315788,2000.0,1.0
20260205,61,246.25328,8217.921619789473,5129.716356631577,471.41052631578947,616.7947368421053,2000.0,0.9999999999999998
20260205,62,246.56632,8242.830003684208,5170.7247405263115,465.5157894736841,606.5894736842107,2000.0,0.9999999999999998
20260205,63,246.56632,8348.921268421054,5308.894952631577,500.3789473684212,539.6473684210524,2000.0,0.9999999999999996
20260205,64,247.6801600000001,8455.012533157895,5447.065164736843,535.2421052631578,472.7052631578946,2000.0,1.0000000000000002
20260205,65,248.00412,8561.103797894737,5585.235376842107,570.1052631578948,405.763157894737,2000.0,1.0000000000000002
20260205,66,248.794,8667.195062631581,5723.405588947368,604.9684210526318,338.8210526315787,2000.0,0.9999999999999998
20260205,67,248.794,8695.793577473683,5785.740945894738,631.8736842105263,278.1789473684213,2000.0,1.0000000000000002
20260205,68,248.794,8717.011830421052,5840.853935684212,658.021052631579,218.13684210526318,2000.0,1.0000000000000002
20260205,69,249.5948,8738.230083368422,5895.966925473684,684.1684210526316,158.094736842105,2000.0,0.9999999999999998
20260205,70,249.84596,8759.448336315789,5951.079915263155,710.3157894736839,98.05263157894774,2000.0,0.9999999999999998
20260205,71,250.2500000000001,8764.060999999998,6014.787315789469,680.3789473684211,68.8947368421053,2000.0,0.9999999999999996
20260205,72,250.70864,8764.060999999998,6080.882052631577,634.8631578947368,48.31578947368413,2000.0,1.0
20260205,73,251.6878,8764.060999999998,6146.9767894736815,589.3473684210529,27.736842105263282,2000.0,1.0
20260205,74,251.82248,8764.060999999998,6213.071526315787,543.8315789473686,7.157894736842127,2000.0,1.0
20260205,75,251.82248,8708.709035789472,6214.182719999999,494.5263157894734,0.0,2000.0,1.0
20260205,76,251.6878,8623.836024,6180.6360239999985,443.2000000000002,0.0,2000.0,0.9999999999999998
20260205,77,251.6878,8538.963012210528,6147.089327999999,391.8736842105265,0.0,2000.0,0.9999999999999998
20260205,78,250.70864,8454.090000421053,6113.542631999996,340.5473684210525,0.0,2000.0,0.9999999999999996
20260205,79,250.70864,8358.146595789474,6058.820279999999,299.3263157894738,0.0,2000.0,0.9999999999999998
20260205,80,249.84596,8252.055331052632,5984.686909999997,267.3684210526317,0.0,2000.0,0.9999999999999996
20260205,81,249.5948,8145.964066315789,5910.553539999999,235.4105263157893,0.0,2000.0,0.9999999999999999
20260205,82,248.794,8039.8728015789475,5836.420170000001,203.4526315789476,0.0,2000.0,1.0000000000000002
20260205,83,248.48096,7908.873152947369,5715.778416105266,193.0947368421053,0.0,2000.0,1.0000000000000004
20260205,84,247.6801600000001,7739.127129368421,5522.790287263156,216.33684210526337,0.0,2000.0,0.9999999999999998
20260205,85,247.36712,7569.381105789476,5329.802158421053,239.57894736842098,0.0,2000.0,0.9999999999999997
20260205,86,246.56632,7399.635082210526,5136.814029578947,262.8210526315788,0.0,2000.0,1.0
20260205,87,245.45248,7218.818665789473,4930.987086842102,287.8315789473685,0.0,2000.0,0.9999999999999997
20260205,88,244.33864,7006.636136315789,4688.783504736841,317.8526315789473,0.0,2000.0,0.9999999999999999
20260205,89,243.2248,6794.453606842105,4446.5799226315785,347.8736842105263,0.0,2000.0,1.0
20260205,90,242.11096,6582.271077368419,4204.376340526315,377.89473684210526,0.0,2000.0,1.0000000000000002
20260205,91,239.88328,6370.0885478947375,3958.7306531578984,411.3578947368419,0.0,2000.0,1.0000000000000004
20260205,92,238.76944,6157.906018421053,3690.137597368424,467.7684210526315,0.0,2000.0,1.0000000000000004
20260205,93,231.30016,5945.723488947367,3421.544541578947,524.1789473684213,0.0,2000.0,1.0000000000000002
20260205,94,237.35712,5733.5409594736875,3152.951485789477,580.5894736842102,0.0,2000.0,0.9999999999999999
20260205,95,218.56016,5521.35843,2884.358430000002,636.9999999999999,0.0,2000.0,1.0000000000000002
20260206,0,248.40816,5754.4824526,3076.482452600002,678.0,0.0,2000.0,1.0000000000000002
20260206,1,247.86762,5671.306901046316,2982.6542694673717,688.6526315789473,0.0,2000.0,1.0000000000000004
20260206,2,246.16228,5588.131349492631,2888.826086334739,699.3052631578947,0.0,2000.0,1.0000000000000007
20260206,3,244.72448,5504.9557979389465,2794.997903202106,709.9578947368421,0.0,2000.0,1.0000000000000002
20260206,4,244.32044,5421.780246385263,2701.169720069474,720.6105263157895,0.0,2000.0,1.0
20260206,5,235.33692,5356.686336473684,2583.317915421053,773.3684210526316,0.0,2000.0,1.0000000000000002
20260206,6,232.414,5294.304672808421,2461.862567545264,832.442105263158,0.0,2000.0,1.0000000000000002
20260206,7,231.30016,5231.923009143159,2340.4072196694747,891.5157894736842,0.0,2000.0,1.0
20260206,8,229.07248,5169.541345477895,2218.9518717936858,950.5894736842105,0.0,2000.0,1.0000000000000002
20260206,9,227.95864,5137.898472604211,2138.077419972635,999.8210526315789,0.0,2000.0,1.0000000000000007
20260206,10,226.8448,5117.104584715789,2071.52563734737,1045.578947368421,0.0,2000.0,1.0000000000000004
20260206,11,225.73096,5096.310696827368,2004.9738547221073,1091.336842105263,0.0,2000.0,1.0000000000000004
20260206,12,853.98584,5133.783933518004,1996.6891966759001,1137.094736842105,0.0,2000.0,1.0000000000000002
20260206,13,853.98584,5158.216066481993,1997.9108033241,1160.305263157895,0.0,2000.0,1.0000000000000004
20260206,14,853.98584,5167.390581717449,1998.369529085873,1169.0210526315789,0.0,2000.0,1.0000000000000004
20260206,15,853.98584,5176.565096952907,1998.828254847646,1177.7368421052631,0.0,2000.0,1.0000000000000004
20260206,16,853.98584,5185.739612188365,1999.286980609419,1186.4526315789471,0.0,2000.0,1.0000000000000004
20260206,17,853.98584,5188.941828254846,1999.447091412743,1189.494736842105,0.0,2000.0,1.0000000000000004
20260206,18,853.98584,5185.628808864264,1999.281440443212,1186.347368421053,0.0,2000.0,1.0000000000000002
20260206,19,853.98584,5182.315789473683,1999.1157894736857,1183.2,0.0,2000.0,1.0000000000000004
20260206,20,853.98584,5179.002770083098,1998.950138504154,1180.052631578948,0.0,2000.0,1.0000000000000007
20260206,21,212.71068,5254.52506119579,2080.73558751158,1173.789473684211,0.0,2000.0,1.0000000000000002
20260206,22,244.32044,5545.639491633685,2383.95528110737,1161.684210526316,0.0,2000.0,1.0000000000000002
20260206,23,229.07248,5836.753922071582,2687.17497470316,1149.578947368421,0.0,2000.0,0.9999999999999999
20260206,24,230.18632,6127.868352509475,2990.394668298952,1137.473684210526,0.0,2000.0,1.0000000000000007
20260206,25,230.18632,6409.941962126317,3275.968277915792,1133.2631578947369,0.7105263157894698,2000.0,1.0000000000000002
20260206,26,235.51528,6659.468616787368,3498.0159852084225,1157.473684210526,3.9789473684210526,2000.0,1.0000000000000002
20260206,27,239.1989600000001,6908.995271448422,3720.063692501054,1181.6842105263158,7.247368421052636,2000.0,1.0000000000000002
20260206,28,240.99712,7158.521926109475,3942.111399793684,1205.894736842105,10.51578947368421,2000.0,0.9999999999999998
20260206,29,242.11096,7402.624088277894,4155.745140909474,1229.684210526316,17.19473684210527,2000.0,1.0000000000000002
20260206,30,243.2248,7589.769079273685,4281.032237168421,1249.052631578948,59.68421052631585,2000.0,0.9999999999999999
20260206,31,244.32044,7776.914070269476,4406.3193334273665,1268.421052631579,102.1736842105263,2000.0,0.9999999999999996
20260206,32,244.33864,7964.059061265264,4531.606429686314,1287.789473684211,144.66315789473688,2000.0,0.9999999999999998
20260206,33,244.72448,8151.204052261052,4656.893525945263,1307.157894736842,187.1526315789474,2000.0,0.9999999999999999
20260206,34,244.72448,8179.2305968063165,4647.146386279999,1308.0,224.0842105263158,2000.0,0.9999999999999998
20260206,35,244.72448,8200.024484694737,4631.2613268,1308.0,260.7631578947367,2000.0,0.9999999999999998
20260206,36,244.72448,8220.818372583159,4615.376267319997,1308.0,297.442105263158,2000.0,0.9999999999999996
20260206,37,244.33864,8241.612260471578,4599.491207839999,1308.0,334.1210526315789,2000.0,1.0
20260206,38,244.33864,8245.228588800002,4587.328588799997,1280.8,377.0999999999999,2000.0,0.9999999999999993
20260206,39,244.33864,8245.228588800002,4575.949641431578,1247.8736842105259,421.4052631578948,2000.0,0.9999999999999998
20260206,40,244.33864,8245.228588800002,4564.570694063156,1214.947368421053,465.7105263157895,2000.0,0.9999999999999993
20260206,41,244.33864,8245.228588800002,4553.191746694736,1182.021052631579,510.01578947368415,2000.0,0.9999999999999996
20260206,42,244.33864,8230.763275486313,4534.673801802104,1155.1578947368419,540.9315789473685,2000.0,1.0000000000000002
20260206,43,244.33864,8209.969387597894,4513.03254549263,1130.947368421053,565.9894736842106,2000.0,1.0
20260206,44,244.33864,8189.175499709472,4491.391289183156,1106.736842105263,591.0473684210526,2000.0,0.9999999999999999
20260206,45,244.32044,8168.381611821052,4469.750032873682,1082.526315789474,616.1052631578948,2000.0,1.0
20260206,46,244.32044,8159.340791,4457.193422578943,1067.621052631579,634.5263157894738,2000.0,0.9999999999999994
20260206,47,244.32044,8159.340791,4451.625001526312,1059.873684210526,647.8421052631577,2000.0,0.9999999999999996
20260206,48,244.32044,8159.340791,4446.056580473682,1052.1263157894741,661.1578947368421,2000.0,0.9999999999999997
20260206,49,244.32044,8159.340791,4440.488159421051,1044.378947368421,674.4736842105261,2000.0,0.9999999999999998
20260206,50,244.32044,8159.340791,4431.761843631574,1040.421052631579,687.1578947368421,2000.0,0.9999999999999994
20260206,51,244.32044,8159.340791,4418.930264684207,1041.389473684211,699.021052631579,2000.0,0.9999999999999997
20260206,52,244.32044,8159.340791,4406.098685736842,1042.357894736842,710.8842105263159,2000.0,0.9999999999999999
20260206,53,243.2248,8159.340791,4393.267106789471,1043.326315789474,722.7473684210527,2000.0,0.9999999999999997
20260206,54,243.2248,8146.683641850525,4376.17837869263,1039.578947368421,730.9263157894737,2000.0,0.9999999999999999
20260206,55,243.2248,8105.095866073685,4349.359023968421,1025.052631578948,730.6842105263158,2000.0,0.9999999999999999
20260206,56,243.2248,8063.508090296839,4322.539669244209,1010.526315789474,730.4421052631578,2000.0,1.0000000000000002
20260206,57,243.2248,8021.920314520001,4295.720314519998,996.0000000000001,730.1999999999999,2000.0,0.9999999999999997
20260206,58,243.2248,7991.18152372842,4299.581523728422,974.442105263158,717.1578947368419,2000.0,1.0000000000000002
20260206,59,244.32044,8011.975411616842,4449.175411616838,919.4842105263161,643.3157894736843,2000.0,0.9999999999999994
20260206,60,244.33864,8032.769299505261,4598.769299505261,864.5263157894738,569.473684210526,2000.0,1.0
20260206,61,245.45248,8053.563187393684,4748.363187393684,809.5684210526315,495.6315789473684,2000.0,1.0
20260206,62,246.56632,8077.9734036105265,4896.994456242104,757.9894736842105,422.9894736842106,2000.0,0.9999999999999999
20260206,63,246.56632,8181.942843052631,5024.448106210527,780.7473684210527,376.7473684210525,2000.0,1.0000000000000002
20260206,64,247.6801600000001,8285.912282494735,5151.901756178947,803.5052631578948,330.50526315789483,2000.0,1.0000000000000002
20260206,65,248.00412,8389.881721936843,5279.35540614737,826.2631578947368,284.263157894737,2000.0,1.0
20260206,66,248.794,8493.851161378947,5406.809056115792,849.021052631579,238.0210526315788,2000.0,1.0000000000000002
20260206,67,248.794,8521.87770592421,5431.793495397897,890.1263157894734,199.9578947368424,2000.0,1.0000000000000004
20260206,68,248.794,8542.671593812633,5447.018962233685,932.9789473684208,162.6736842105263,2000.0,1.0
20260206,69,248.794,8563.465481701052,5462.244429069472,975.8315789473684,125.3894736842104,2000.0,0.9999999999999998
20260206,70,248.794,8584.259369589472,5477.469895905264,1018.6842105263149,88.10526315789498,2000.0,1.0000000000000002
20260206,71,249.68944,8588.779779999999,5523.979779999999,999.957894736842,64.84210526315792,2000.0,1.0
20260206,72,249.84596,8588.779779999999,5579.179779999999,964.1263157894734,45.47368421052624,2000.0,0.9999999999999998
20260206,73,250.2500000000001,8588.779779999999,5634.379779999997,928.2947368421054,26.105263157894846,2000.0,0.9999999999999998
20260206,74,251.51126,8588.779779999999,5689.579779999995,892.4631578947369,6.736842105263176,2000.0,0.9999999999999996
20260206,75,251.51126,8534.534855073685,5661.166434021052,873.3684210526314,0.0,2000.0,0.9999999999999998
20260206,76,249.84596,8451.359303520003,5588.159303520001,863.1999999999999,0.0,2000.0,0.9999999999999998
20260206,77,249.68944,8368.183751966315,5515.152173018949,853.0315789473684,0.0,2000.0,1.0000000000000002
20260206,78,248.794,8285.008200412633,5442.1450425178955,842.8631578947366,0.0,2000.0,1.0
20260206,79,248.794,8190.983663873683,5369.783663873686,821.2000000000003,0.0,2000.0,1.0000000000000004
20260206,80,248.00412,8087.014224431578,5298.01422443158,789.0,0.0,2000.0,1.0000000000000002
20260206,81,247.86762,7983.044784989474,5226.244784989474,756.7999999999998,0.0,2000.0,1.0000000000000002
20260206,82,247.6801600000001,7879.07534554737,5154.475345547371,724.6000000000003,0.0,2000.0,1.0000000000000002
20260206,83,246.56632,7750.695689888421,5054.12726883579,696.5684210526316,0.0,2000.0,1.0000000000000002
20260206,84,246.56632,7584.344586781053,4909.323534149472,675.0210526315789,0.0,2000.0,0.9999999999999997
20260206,85,246.56632,7417.993483673687,4764.519799463159,653.4736842105265,0.0,2000.0,0.9999999999999999
20260206,86,246.56632,7251.642380566316,4619.716064776842,631.9263157894736,0.0,2000.0,1.0
20260206,87,246.16228,7074.4422924736855,4457.179134578945,617.2631578947368,0.0,2000.0,0.9999999999999994
20260206,88,244.33864,6866.503413589476,4244.39815043158,622.1052631578948,0.0,2000.0,0.9999999999999999
20260206,89,243.2248,6658.564534705262,4031.617166284209,626.9473684210526,0.0,2000.0,0.9999999999999999
20260206,90,242.11096,6450.625655821051,3818.836182136839,631.7894736842104,0.0,2000.0,0.9999999999999999
20260206,91,240.99712,6242.686776936843,3604.002566410528,638.6842105263157,0.0,2000.0,1.0000000000000002
20260206,92,239.1989600000001,6034.747898052629,3375.484740157895,659.2631578947369,0.0,2000.0,1.0000000000000004
20260206,93,237.35712,5826.809019168419,3146.966913905263,679.842105263158,0.0,2000.0,1.0000000000000002
20260206,94,235.51528,5618.870140284212,2918.449087652635,700.4210526315788,0.0,2000.0,1.0000000000000004
20260206,95,216.57272,5410.931261399999,2689.931261400002,721.0,0.0,2000.0,1.0000000000000004
20260207,0,235.51528,5637.044035199999,2844.044035200002,793.0,0.0,2000.0,1.0000000000000007
20260207,1,233.67344,5555.565943882105,2760.871207040002,794.6947368421054,0.0,2000.0,1.0000000000000004
20260207,2,231.30016,5474.08785256421,2677.6983788800007,796.3894736842105,0.0,2000.0,1.0000000000000002
20260207,3,230.18632,5392.609761246315,2594.5255507200022,798.0842105263159,0.0,2000.0,1.0000000000000004
20260207,4,229.07248,5311.131669928421,2511.352722560001,799.778947368421,0.0,2000.0,1.0000000000000002
20260207,5,227.95864,5247.366207157895,2440.629365052633,806.7368421052631,0.0,2000.0,1.0000000000000004
20260207,6,226.8448,5186.257638669473,2371.7734281431613,814.4842105263159,0.0,2000.0,1.0000000000000009
20260207,7,225.73096,5125.149070181052,2302.917491233687,822.2315789473685,0.0,2000.0,1.0000000000000007
20260207,8,853.98584,5126.293628808862,2296.314681440442,829.978947368421,0.0,2000.0,1.0000000000000002
20260207,9,853.98584,5101.2963988919655,2295.0648199445977,806.2315789473685,0.0,2000.0,1.0000000000000002
20260207,10,853.98584,5064.598337950136,2293.229916897507,771.3684210526317,0.0,2000.0,1.0000000000000004
20260207,11,853.98584,5027.900277008307,2291.395013850414,736.5052631578947,0.0,2000.0,1.0000000000000004
20260207,12,853.98584,4991.202216066479,2289.560110803324,701.642105263158,0.0,2000.0,1.0000000000000004
20260207,13,853.98584,4974.98060941828,2288.749030470914,686.2315789473686,0.0,2000.0,1.0000000000000004
20260207,14,853.98584,4971.922437673128,2288.596121883656,683.3263157894737,0.0,2000.0,1.0000000000000004
20260207,15,853.98584,4968.864265927975,2288.443213296399,680.4210526315791,0.0,2000.0,1.0000000000000004
20260207,16,853.98584,4965.8060941828235,2288.290304709141,677.5157894736843,0.0,2000.0,1.0000000000000004
20260207,17,853.98584,5006.626038781161,2290.331301939057,716.2947368421051,0.0,2000.0,1.0000000000000002
20260207,18,853.98584,5095.313019390578,2294.765650969527,800.5473684210526,0.0,2000.0,1.0000000000000004
20260207,19,853.98584,5183.999999999996,2299.199999999999,884.8,0.0,2000.0,1.0000000000000004
20260207,20,853.98584,5272.686980609415,2303.63434903047,969.0526315789473,0.0,2000.0,1.0000000000000004
20260207,21,853.98584,5325.650969529083,2306.282548476454,1019.3684210526319,0.0,2000.0,1.0000000000000004
20260207,22,219.37552,5432.463175477895,2426.410543898949,1006.0526315789471,0.0,2000.0,1.0000000000000004
20260207,23,238.76944,5717.636495090526,2724.899652985265,992.736842105263,0.0,2000.0,1.0000000000000002
20260207,24,232.414,6002.80981470316,3023.388762071582,979.4210526315788,0.0,2000.0,1.0000000000000002
20260207,25,239.88328,6279.126820042104,3320.2057674105286,958.2105263157896,0.7105263157894698,2000.0,1.0000000000000007
20260207,26,239.88328,6523.56109399579,3611.0031992589493,908.578947368421,3.9789473684210526,2000.0,1.0000000000000002
20260207,27,242.11096,6767.995367949475,3901.800631107369,858.9473684210526,7.247368421052636,2000.0,1.0
20260207,28,243.2248,7012.429641903156,4192.598062955788,809.315789473684,10.51578947368421,2000.0,1.0
20260207,29,244.72448,7251.550127292633,4470.355390450528,763.1578947368421,18.03684210526317,2000.0,1.0
20260207,30,245.45248,7434.875832757895,4611.191622231577,753.4736842105265,70.21052631578955,2000.0,0.9999999999999997
20260207,31,246.56632,7618.201538223158,4752.027854012631,743.7894736842105,122.3842105263157,2000.0,0.9999999999999999
20260207,32,247.6801600000001,7801.527243688422,4892.864085793686,734.1052631578947,174.5578947368422,2000.0,1.0000000000000002
20260207,33,247.86762,7984.852949153684,5033.700317574738,724.4210526315788,226.7315789473686,2000.0,1.0000000000000002
20260207,34,247.6801600000001,8012.307523402106,5008.360154981054,716.5894736842106,287.35789473684207,2000.0,1.0000000000000002
20260207,35,247.6801600000001,8032.677046231579,4975.466519915792,708.8421052631579,348.36842105263133,2000.0,1.0000000000000004
20260207,36,247.6801600000001,8053.0465690610545,4942.572884850527,701.0947368421052,409.3789473684211,2000.0,0.9999999999999998
20260207,37,247.6801600000001,8073.416091890526,4909.679249785266,693.3473684210526,470.3894736842105,2000.0,1.0000000000000004
20260207,38,246.56632,8076.9586175999975,4819.158617600003,720.8,536.9999999999999,2000.0,1.0000000000000007
20260207,39,246.56632,8076.9586175999975,4716.505986021053,755.6631578947369,604.7894736842106,2000.0,1.0000000000000004
20260207,40,245.45248,8076.9586175999975,4613.853354442106,790.5263157894738,672.578947368421,2000.0,1.0000000000000004
20260207,41,245.45248,8076.9586175999975,4511.200722863159,825.3894736842107,740.3684210526314,2000.0,1.0000000000000004
20260207,42,244.72448,8062.788514762107,4436.062198972633,848.8000000000002,777.9263157894738,2000.0,1.0
20260207,43,244.33864,8042.418991932633,4372.96109719579,867.2,802.2578947368421,2000.0,0.9999999999999999
20260207,44,244.33864,8022.049469103159,4309.859995418946,885.6,826.5894736842105,2000.0,0.9999999999999997
20260207,45,244.32044,8001.679946273684,4246.758893642106,903.9999999999999,850.9210526315788,2000.0,1.0000000000000002
20260207,46,243.2248,7992.823632,4213.576263578947,909.8105263157894,869.4368421052632,2000.0,1.0
20260207,47,243.2248,7992.823632,4203.407842526316,905.9368421052632,883.4789473684209,2000.0,1.0
20260207,48,243.2248,7992.823632,4193.239421473685,902.0631578947366,897.521052631579,2000.0,1.0000000000000002
20260207,49,243.2248,7992.823632,4183.071000421053,898.1894736842106,911.5631578947368,2000.0,1.0000000000000002
20260207,50,243.2248,7992.823632,4191.481526736843,886.3157894736842,915.0263157894734,2000.0,1.0000000000000002
20260207,51,244.32044,7992.823632,4224.044684631579,864.0421052631579,904.7368421052631,2000.0,1.0000000000000002
20260207,52,244.32044,7992.823632,4256.607842526316,841.7684210526315,894.4473684210527,2000.0,1.0
20260207,53,244.32044,7992.823632,4289.171000421053,819.4947368421052,884.1578947368422,2000.0,1.0000000000000002
20260207,54,244.33864,7980.424792016841,4313.756370964208,796.042105263158,870.6263157894736,2000.0,0.9999999999999999
20260207,55,244.33864,7939.685746357894,4320.106798989472,769.8947368421051,849.684210526316,2000.0,0.9999999999999999
20260207,56,244.33864,7898.946700698947,4326.457227014735,743.7473684210527,828.7421052631579,2000.0,0.9999999999999998
20260207,57,244.33864,7858.207655039998,4332.807655039999,717.5999999999998,807.7999999999997,2000.0,1.0
20260207,58,244.33864,7828.096186509472,4356.733028614736,693.3052631578947,778.0578947368422,2000.0,1.0000000000000002
20260207,59,244.72448,7848.465709338946,4464.13939354947,677.8105263157896,706.5157894736844,2000.0,0.9999999999999997
20260207,60,245.45248,7868.835232168422,4571.545758484208,662.3157894736842,634.9736842105261,2000.0,0.9999999999999994
20260207,61,246.16228,7889.204754997894,4678.952123418946,646.8210526315789,563.4315789473683,2000.0,0.9999999999999999
20260207,62,246.56632,7913.116803536842,4789.390487747369,631.4947368421052,492.2315789473686,2000.0,1.0000000000000002
20260207,63,247.6801600000001,8014.964417684212,4966.53283873684,619.8736842105264,428.55789473684194,2000.0,0.9999999999999996
20260207,64,248.40816,8116.812031831579,5143.6751897263175,608.2526315789473,364.8842105263157,2000.0,1.0000000000000002
20260207,65,249.84596,8218.659645978945,5320.817540715788,596.6315789473683,301.2105263157896,2000.0,1.0
20260207,66,248.794,8320.507260126315,5497.959891705264,585.0105263157894,237.536842105263,2000.0,1.0000000000000002
20260207,67,248.794,8347.961834374737,5573.519729111581,579.3578947368422,195.0842105263161,2000.0,1.0000000000000002
20260207,68,248.794,8368.331357204208,5639.405041414736,574.2736842105263,154.6526315789475,2000.0,1.0000000000000002
20260207,69,249.5948,8388.700880033683,5705.2903537178945,569.1894736842105,114.2210526315788,2000.0,1.0000000000000002
20260207,70,249.84596,8409.070402863157,5771.175666021051,564.1052631578948,73.78947368421079,2000.0,1.0
20260207,71,250.2500000000001,8413.498559999998,5825.666981052629,535.1473684210526,52.68421052631581,2000.0,0.9999999999999998
20260207,72,250.70864,8413.498559999998,5876.9932968421035,499.557894736842,36.947368421052566,2000.0,1.0
20260207,73,251.6878,8413.498559999998,5928.319612631576,463.9684210526319,21.210526315789572,2000.0,0.9999999999999998
20260207,74,251.82248,8413.498559999998,5979.64592842105,428.37894736842105,5.473684210526332,2000.0,0.9999999999999998
20260207,75,251.6878,8360.360674357893,5962.676463831578,397.68421052631567,0.0,2000.0,1.0
20260207,76,251.6878,8278.882583040002,5909.282583039999,369.6000000000002,0.0,2000.0,0.9999999999999996
20260207,77,250.70864,8197.404491722107,5855.88870224842,341.5157894736843,0.0,2000.0,0.9999999999999996
20260207,78,249.84596,8115.926400404212,5802.494821456839,313.4315789473683,0.0,2000.0,0.9999999999999996
20260207,79,249.68944,8023.820731957895,5720.915468800002,302.9052631578947,0.0,2000.0,1.0000000000000002
20260207,80,248.794,7921.973117810527,5613.4994336,308.4736842105263,0.0,2000.0,1.0
20260207,81,248.48096,7820.125503663156,5506.083398400001,314.0421052631579,0.0,2000.0,1.0000000000000004
20260207,82,248.48096,7718.277889515788,5398.667363200001,319.61052631578946,0.0,2000.0,1.0000000000000004
20260207,83,248.40816,7592.518226829477,5266.770858408422,325.74736842105267,0.0,2000.0,0.9999999999999998
20260207,84,247.6801600000001,7429.5620441936835,5096.793623141052,332.7684210526316,0.0,2000.0,1.0
20260207,85,246.56632,7266.605861557896,4926.816387873684,339.7894736842104,0.0,2000.0,0.9999999999999999
20260207,86,246.16228,7103.649678922104,4756.8391526063115,346.8105263157894,0.0,2000.0,0.9999999999999997
20260207,87,245.45248,6930.065919157893,4576.044866526315,354.02105263157904,0.0,2000.0,1.0
20260207,88,244.33864,6726.370690863159,4364.602269810526,361.7684210526316,0.0,2000.0,0.9999999999999998
20260207,89,243.2248,6522.6754625684225,4153.159673094738,369.5157894736842,0.0,2000.0,0.9999999999999999
20260207,90,242.11096,6318.980234273681,3941.717076378946,377.2631578947369,0.0,2000.0,1.0000000000000002
20260207,91,240.99712,6115.285005978948,3728.127111242106,387.157894736842,0.0,2000.0,1.0
20260207,92,239.1989600000001,5911.589777684209,3500.221356631581,411.36842105263156,0.0,2000.0,1.0000000000000004
20260207,93,237.35712,5707.894549389473,3272.315602021054,435.57894736842127,0.0,2000.0,1.0000000000000004
20260207,94,235.51528,5504.199321094737,3044.409847410529,459.78947368421046,0.0,2000.0,1.0000000000000004
20260207,95,216.57272,5300.504092799999,2816.504092800002,484.00000000000006,0.0,2000.0,1.0000000000000004
20260208,0,235.51528,5519.605617799999,2954.6056178000013,565.0,0.0,2000.0,1.0000000000000004
20260208,1,232.414,5439.824986717893,2879.424986717897,560.4000000000001,0.0,2000.0,1.0000000000000007
20260208,2,231.30016,5360.044355635788,2804.244355635791,555.8,0.0,2000.0,1.0000000000000007
20260208,3,230.18632,5280.263724553684,2729.063724553686,551.1999999999999,0.0,2000.0,1.0000000000000004
20260208,4,229.07248,5200.483093471577,2653.88309347158,546.5999999999999,0.0,2000.0,1.0000000000000004
20260208,5,227.95864,5138.046077842106,2583.625025210528,554.4210526315788,0.0,2000.0,1.0000000000000002
20260208,6,226.8448,5078.210604530526,2514.105341372633,564.1052631578948,0.0,2000.0,1.0000000000000004
20260208,7,225.73096,5018.375131218947,2444.5856575347398,573.7894736842104,0.0,2000.0,1.0000000000000007
20260208,8,853.98584,5024.709141274234,2441.235457063711,583.4736842105262,0.0,2000.0,1.0000000000000007
20260208,9,853.98584,5005.518005540164,2440.275900277008,565.2421052631579,0.0,2000.0,1.0000000000000004
20260208,10,853.98584,4975.955678670356,2438.797783933517,537.1578947368421,0.0,2000.0,1.0000000000000007
20260208,11,853.98584,4946.3933518005515,2437.319667590027,509.07368421052627,0.0,2000.0,1.0000000000000004
20260208,12,853.98584,4916.831024930745,2435.841551246537,480.98947368421045,0.0,2000.0,1.0000000000000004
20260208,13,853.98584,4898.903047091411,2434.94515235457,463.95789473684215,0.0,2000.0,1.0000000000000002
20260208,14,853.98584,4888.454293628805,2434.42271468144,454.0315789473684,0.0,2000.0,1.0000000000000007
20260208,15,853.98584,4878.005540166203,2433.90027700831,444.10526315789457,0.0,2000.0,1.0000000000000004
20260208,16,853.98584,4867.556786703599,2433.37783933518,434.17894736842106,0.0,2000.0,1.0000000000000004
20260208,17,853.98584,4873.074792243764,2433.653739612188,439.42105263157896,0.0,2000.0,1.0000000000000007
20260208,18,853.98584,4896.011080332406,2434.80055401662,461.2105263157894,0.0,2000.0,1.0000000000000007
20260208,19,853.98584,4918.947368421048,2435.947368421051,483.0,0.0,2000.0,1.0000000000000007
20260208,20,853.98584,4941.8836565096935,2437.094182825485,504.7894736842106,0.0,2000.0,1.0000000000000004
20260208,21,213.31856,5040.054650534736,2517.517808429475,522.5368421052632,0.0,2000.0,1.0000000000000004
20260208,22,237.35712,5319.286859322105,2786.581596164211,532.7052631578947,0.0,2000.0,1.0000000000000002
20260208,23,238.76944,5598.519068109475,3055.64538389895,542.8736842105262,0.0,2000.0,1.0000000000000002
20260208,24,240.99712,5877.751276896843,3324.709171633684,553.042105263158,0.0,2000.0,0.9999999999999999
20260208,25,240.99712,6148.311677957894,3591.259046378947,556.2631578947369,0.789473684210522,2000.0,1.0000000000000002
20260208,26,242.11096,6387.65357120421,3848.7588343621064,534.4736842105262,4.421052631578948,2000.0,1.0000000000000004
20260208,27,243.2248,6626.995464450526,4106.2586223452645,512.6842105263157,8.052631578947373,2000.0,1.0000000000000002
20260208,28,244.72448,6866.337357696842,4363.758410328423,490.89473684210515,11.68421052631579,2000.0,1.0000000000000002
20260208,29,244.72448,7100.476166307368,4612.034061044207,469.00000000000006,19.44210526315791,2000.0,0.9999999999999997
20260208,30,245.45248,7279.982586242106,4763.4562704526315,445.99999999999983,70.52631578947376,2000.0,1.0
20260208,31,246.56632,7459.489006176841,4914.878479861053,423.00000000000006,121.61052631578939,2000.0,1.0000000000000002
20260208,32,246.56632,7638.99542611158,5066.300689269472,400.0,172.6947368421053,2000.0,0.9999999999999997
20260208,33,247.6801600000001,7818.501846046315,5217.722898677895,377.0,223.77894736842111,2000.0,1.0000000000000002
20260208,34,247.6801600000001,7845.384449997894,5160.016028945261,388.7368421052632,296.6315789473684,2000.0,0.9999999999999998
20260208,35,246.56632,7865.329607768422,5092.803291978948,402.0526315789473,370.47368421052613,2000.0,1.0
20260208,36,246.56632,7885.274765538948,5025.59055501263,415.36842105263156,444.3157894736844,2000.0,0.9999999999999998
20260208,37,246.56632,7905.219923309474,4958.377818046312,428.6842105263157,518.1578947368421,2000.0,0.9999999999999996
20260208,38,246.25328,7908.6886464,4903.988646400001,426.6,578.0999999999998,2000.0,1.0000000000000002
20260208,39,246.16228,7908.6886464,4852.299172715789,421.27368421052614,635.1157894736842,2000.0,0.9999999999999999
20260208,40,245.45248,7908.6886464,4800.609699031578,415.94736842105266,692.1315789473683,2000.0,0.9999999999999999
20260208,41,245.45248,7908.6886464,4748.920225347368,410.621052631579,749.1473684210525,2000.0,0.9999999999999999
20260208,42,245.45248,7894.813754037894,4681.671648774734,423.82105263157894,789.3210526315789,2000.0,0.9999999999999998
20260208,43,244.72448,7874.868596267369,4607.615964688421,445.12631578947367,822.1263157894738,2000.0,0.9999999999999999
20260208,44,244.33864,7854.923438496844,4533.5602806021025,466.4315789473683,854.9315789473685,2000.0,0.9999999999999994
20260208,45,244.33864,7834.978280726316,4459.504596515788,487.73684210526335,887.7368421052631,2000.0,0.9999999999999998
20260208,46,244.32044,7826.3064730000015,4433.669630894737,484.0,908.6368421052631,2000.0,0.9999999999999998
20260208,47,244.33864,7826.3064730000015,4444.9275256315805,460.99999999999994,920.3789473684209,2000.0,1.0
20260208,48,244.33864,7826.3064730000015,4456.185420368422,438.00000000000006,932.121052631579,2000.0,0.9999999999999999
20260208,49,244.33864,7826.3064730000015,4467.4433151052635,415.00000000000006,943.8631578947368,2000.0,0.9999999999999999
20260208,50,244.33864,7826.3064730000015,4478.7012098421055,385.7894736842106,961.8157894736839,2000.0,0.9999999999999999
20260208,51,244.33864,7826.3064730000015,4489.9591045789475,348.5052631578947,987.8421052631578,2000.0,0.9999999999999998
20260208,52,244.33864,7826.3064730000015,4501.2169993157895,311.221052631579,1013.8684210526319,2000.0,0.9999999999999999
20260208,53,244.33864,7826.3064730000015,4512.4748940526315,273.9368421052633,1039.894736842105,2000.0,0.9999999999999998
20260208,54,244.33864,7814.165942183157,4523.160679025263,246.5263157894737,1044.478947368421,2000.0,1.0
20260208,55,244.33864,7774.275626642106,4532.538784536841,241.6842105263158,1000.052631578947,2000.0,0.9999999999999998
20260208,56,244.33864,7734.385311101053,4541.916890048419,236.84210526315792,955.6263157894737,2000.0,0.9999999999999997
20260208,57,244.33864,7694.4949955600005,4551.29499556,231.99999999999997,911.1999999999998,2000.0,0.9999999999999999
20260208,58,244.33864,7665.010849290527,4572.047691395788,227.49473684210528,865.4684210526316,2000.0,0.9999999999999998
20260208,59,245.13944,7684.9560070610505,4646.829691271576,224.5894736842105,813.5368421052633,2000.0,0.9999999999999999
20260208,60,245.45248,7704.901164831577,4721.611691147367,221.68421052631578,761.6052631578946,2000.0,1.0
20260208,61,245.45248,7724.846322602103,4796.393691023155,218.7789473684211,709.6736842105262,2000.0,0.9999999999999999
20260208,62,246.25328,7748.260203463157,4875.491782410525,216.52631578947367,656.242105263158,2000.0,0.9999999999999999
20260208,63,246.56632,7847.98599231579,5049.5438870526295,228.63157894736852,569.8105263157892,2000.0,0.9999999999999997
20260208,64,247.6801600000001,7947.711781168421,5223.595991694734,240.73684210526318,483.37894736842105,2000.0,0.9999999999999997
20260208,65,248.40816,8047.437570021053,5397.648096336841,252.8421052631579,396.94736842105283,2000.0,0.9999999999999998
20260208,66,248.794,8147.163358873687,5571.700200978947,264.9473684210527,310.5157894736839,2000.0,0.9999999999999996
20260208,67,249.84596,8174.045962825265,5644.172278614734,275.06315789473683,254.81052631578982,2000.0,0.9999999999999994
20260208,68,250.2500000000001,8193.991120595789,5706.9700679642065,284.9894736842105,202.03157894736853,2000.0,0.9999999999999998
20260208,69,250.70864,8213.936278366318,5769.767857313683,294.9157894736842,149.2526315789472,2000.0,0.9999999999999996
20260208,70,251.6878,8233.88143613684,5832.565646663153,304.8421052631578,96.47368421052663,2000.0,0.9999999999999996
20260208,71,251.82248,8238.21734,5868.954182105261,300.3684210526315,68.8947368421053,2000.0,0.9999999999999998
20260208,72,252.93632,8238.21734,5898.006813684207,291.8947368421053,48.31578947368413,2000.0,0.9999999999999996
20260208,73,253.33308,8238.21734,5927.059445263154,283.421052631579,27.736842105263282,2000.0,0.9999999999999996
20260208,74,253.52964,8238.21734,5956.112076842102,274.9473684210527,7.157894736842127,2000.0,0.9999999999999998
20260208,75,252.93632,8186.186493642106,5919.239125221053,266.9473684210526,0.0,2000.0,0.9999999999999999
20260208,76,251.6878,8106.405862560001,5847.2058625599975,259.2000000000001,0.0,2000.0,0.9999999999999996
20260208,77,251.51126,8026.625231477894,5775.172599898945,251.4526315789474,0.0,2000.0,0.9999999999999998
20260208,78,250.2500000000001,7946.84460039579,5703.1393372378925,243.7052631578947,0.0,2000.0,0.9999999999999997
20260208,79,249.68944,7856.657800042108,5617.036747410525,239.621052631579,0.0,2000.0,0.9999999999999996
20260208,80,248.794,7756.932011189471,5518.03727434737,238.89473684210532,0.0,2000.0,1.0000000000000004
20260208,81,248.794,7657.206222336839,5419.037801284207,238.1684210526315,0.0,2000.0,0.9999999999999999
20260208,82,248.48096,7557.480433484211,5320.038328221051,237.44210526315788,0.0,2000.0,0.9999999999999998
20260208,83,248.00412,7434.340763770527,5198.572342717894,235.7684210526316,0.0,2000.0,0.9999999999999998
20260208,84,247.36712,7274.7795016063155,5042.158448974736,232.6210526315789,0.0,2000.0,0.9999999999999999
20260208,85,246.56632,7115.218239442106,4885.74455523158,229.47368421052633,0.0,2000.0,1.0000000000000002
20260208,86,246.16228,6955.656977277894,4729.330661488419,226.3263157894737,0.0,2000.0,0.9999999999999998
20260208,87,245.13944,6785.689545842104,4563.0790195263135,222.6105263157895,0.0,2000.0,0.9999999999999999
20260208,88,244.33864,6586.237968136842,4368.953757610525,217.2842105263158,0.0,2000.0,0.9999999999999999
20260208,89,243.2248,6386.78639043158,4174.828495694738,211.9578947368421,0.0,2000.0,1.0
20260208,90,242.11096,6187.334812726315,3980.703233778948,206.6315789473684,0.0,2000.0,1.0000000000000002
20260208,91,240.99712,5987.883235021054,3785.472708705265,202.4105263157895,0.0,2000.0,1.0
20260208,92,239.1989600000001,5788.43165731579,3582.8737625789495,205.55789473684212,0.0,2000.0,1.0000000000000002
20260208,93,235.51528,5588.980079610526,3380.2748164526342,208.70526315789482,0.0,2000.0,1.0000000000000004
20260208,94,233.67344,5389.528501905263,3177.675870326318,211.85263157894738,0.0,2000.0,1.0000000000000004
20260208,95,224.47152,5190.076924200001,2975.076924200002,215.0,0.0,2000.0,1.0000000000000004
20260209,0,244.32044,5263.695036600001,2934.6950366,329.0,0.0,2000.0,0.9999999999999998
20260209,1,243.2248,5165.666707983157,2781.708813246316,383.9578947368421,0.0,2000.0,1.0000000000000004
20260209,2,246.16228,5067.638379366317,2628.722589892634,438.9157894736842,0.0,2000.0,1.0000000000000002
20260209,3,246.56632,4969.610050749474,2475.7363665389503,493.8736842105262,0.0,2000.0,1.0000000000000004
20260209,4,248.40816,4871.5817221326315,2322.750143185263,548.8315789473685,0.0,2000.0,1.0
20260209,5,249.84596,4801.967401810526,2199.4410860210523,602.5263157894736,0.0,2000.0,1.0
20260209,6,248.40816,4736.615182732631,2080.583603785261,656.0315789473684,0.0,2000.0,0.9999999999999997
20260209,7,247.86762,4671.262963654738,1961.7261215494739,709.536842105263,0.0,2000.0,0.9999999999999998
20260209,8,246.16228,4605.910744576842,1842.8686393136838,763.042105263158,0.0,2000.0,1.0
20260209,9,244.72448,4564.710432549474,1801.310432549475,763.4000000000001,0.0,2000.0,1.0000000000000002
20260209,10,244.72448,4532.034323010527,1787.034323010525,745.0,0.0,2000.0,0.9999999999999994
20260209,11,244.72448,4499.358213471579,1772.758213471579,726.6,0.0,2000.0,1.0
20260209,12,244.32044,4466.682103932632,1758.4821039326312,708.2,0.0,2000.0,0.9999999999999998
20260209,13,244.32044,4434.005994393684,1724.605994393685,709.4,0.0,2000.0,1.0000000000000002
20260209,14,242.88264,4401.329884854737,1678.129884854738,723.2,0.0,2000.0,1.0000000000000002
20260209,15,854.7916210526315,4396.842105263157,1659.842105263158,736.9999999999999,0.0,2000.0,1.0000000000000004
20260209,16,854.88856,4411.368421052633,1660.568421052632,750.8000000000001,0.0,2000.0,0.9999999999999998
20260209,17,854.88856,4420.04432132964,1661.002216066483,759.0421052631579,0.0,2000.0,1.0
20260209,18,854.88856,4422.337950138502,1661.1168975069252,761.2210526315788,0.0,2000.0,1.0000000000000007
20260209,19,854.88856,4424.631578947367,1661.2315789473691,763.4000000000001,0.0,2000.0,1.0000000000000004
20260209,20,854.88856,4426.9252077562305,1661.346260387812,765.5789473684209,0.0,2000.0,1.0000000000000004
20260209,21,854.88856,4418.315789473683,1660.9157894736838,757.4,0.0,2000.0,1.0
20260209,22,242.88264,4408.433386928421,1678.6333869284222,729.8000000000002,0.0,2000.0,1.0000000000000002
20260209,23,244.32044,4424.771441697893,1722.571441697897,702.2,0.0,2000.0,1.0000000000000009
20260209,24,244.32044,4441.10949646737,1766.5094964673688,674.6,0.0,2000.0,0.9999999999999996
20260209,25,246.16228,4468.102804347367,1823.313330663159,644.0526315789474,0.7368421052631539,2000.0,1.0000000000000007
20260209,26,244.32044,4533.455023425263,1926.4339707936858,602.8947368421052,4.126315789473685,2000.0,1.0000000000000004
20260209,27,854.9642336842105,4725.529085872575,2156.276454293628,561.7368421052631,7.515789473684214,2000.0,1.0
20260209,28,853.9272168421054,4685.772853185594,2154.28864265928,520.5789473684212,10.90526315789473,2000.0,1.0000000000000004
20260209,29,226.8448,4738.0358831473695,2240.614830515793,478.8736842105264,18.54736842105264,2000.0,1.0000000000000007
20260209,30,229.07248,4901.416430842104,2399.153272947371,431.42105263157885,70.84210526315796,2000.0,1.0000000000000007
20260209,31,231.30016,5064.796978536841,2557.691715378951,383.9684210526316,123.1368421052631,2000.0,1.0000000000000009
20260209,32,232.414,5228.177526231579,2716.230157810529,336.5157894736842,175.4315789473684,2000.0,1.0000000000000004
20260209,33,244.32044,5391.558073926315,2874.768600242107,289.06315789473683,227.7263157894737,2000.0,1.0000000000000004
20260209,34,244.32044,5523.6832124968405,2964.535844075789,257.12631578947367,302.02105263157887,2000.0,1.0000000000000002
20260209,35,246.16228,5654.38765065263,3051.177124336841,225.8947368421054,377.315789473684,2000.0,1.0
20260209,36,247.86762,5785.092088808419,3137.818404597896,194.6631578947368,452.61052631578957,2000.0,1.0000000000000004
20260209,37,248.00412,5915.796526964209,3224.459684858948,163.4315789473684,527.9052631578948,2000.0,1.0000000000000004
20260209,38,248.00412,5965.52104148,3209.2210414800006,160.8,595.4999999999999,2000.0,1.0
20260209,39,247.86762,5998.197151018947,3172.533993124211,164.1894736842105,661.4736842105265,2000.0,1.0000000000000002
20260209,40,247.86762,6030.873260557895,3135.846944768424,167.578947368421,727.4473684210527,2000.0,1.0000000000000002
20260209,41,246.56632,6063.549370096842,3099.1598964126338,170.96842105263158,793.421052631579,2000.0,1.0000000000000004
20260209,42,246.16228,6084.859876317895,3077.29671842316,170.1473684210526,837.4157894736843,2000.0,1.0000000000000002
20260209,43,246.16228,6101.197931087367,3061.918983718948,167.4842105263158,871.7947368421053,2000.0,1.0000000000000004
20260209,44,246.16228,6117.535985856842,3046.541249014739,164.82105263157888,906.1736842105264,2000.0,1.0000000000000004
20260209,45,246.16228,6133.874040626315,3031.1635143105273,162.1578947368421,940.5526315789473,2000.0,1.0000000000000002
20260209,46,246.16228,6131.742990004211,3017.569305793685,158.6736842105263,955.5,2000.0,1.0000000000000002
20260209,47,244.72448,6115.404935234737,3005.347040497897,154.5578947368421,955.5,2000.0,1.0000000000000002
20260209,48,244.72448,6099.066880465264,2993.1247752021063,150.4421052631579,955.5,2000.0,1.0
20260209,49,244.72448,6082.72882569579,2980.9025099063183,146.3263157894737,955.5000000000001,2000.0,1.0000000000000002
20260209,50,244.32044,6059.287268852631,2958.524110957896,140.3157894736843,960.4473684210525,2000.0,1.0000000000000002
20260209,51,244.32044,6026.611159313687,2922.942738261052,131.8421052631578,971.8263157894736,2000.0,0.9999999999999994
20260209,52,242.88264,5993.935049774736,2887.361365564211,123.3684210526315,983.2052631578947,2000.0,1.0000000000000002
20260209,53,241.0408,5961.25894023579,2851.77999286737,114.89473684210529,994.5842105263159,2000.0,1.0000000000000002
20260209,54,241.0408,5933.5552821484225,2832.739492674737,109.00000000000001,991.815789473684,2000.0,0.9999999999999999
20260209,55,241.0408,5917.217227378947,2851.506701063159,109.00000000000001,956.7105263157894,2000.0,1.0000000000000002
20260209,56,242.88264,5900.879172609473,2870.2739094515787,109.00000000000001,921.6052631578949,2000.0,1.0
20260209,57,242.88264,5884.541117839999,2889.041117840002,109.00000000000001,886.5,2000.0,1.0000000000000004
20260209,58,244.32044,5871.0444639000025,2916.249727057894,108.91578947368421,845.8789473684211,2000.0,0.9999999999999993
20260209,59,244.72448,5871.0444639000025,2983.55499021579,108.4315789473684,779.0578947368423,2000.0,0.9999999999999997
20260209,60,246.16228,5871.0444639000025,3050.860253373684,107.94736842105259,712.2368421052629,2000.0,0.9999999999999996
20260209,61,246.56632,5871.0444639000025,3118.16551653158,107.4631578947368,645.4157894736842,2000.0,0.9999999999999999
20260209,62,247.86762,5873.885864729473,3187.443759466318,108.17894736842099,578.2631578947369,2000.0,1.0000000000000007
20260209,63,249.68944,5939.238083807368,3300.127557491581,135.2947368421054,503.8157894736841,2000.0,1.0000000000000004
20260209,64,247.86762,6004.590302885263,3412.8113555168447,162.4105263157895,429.36842105263156,2000.0,1.0000000000000007
20260209,65,248.00412,6069.942521963159,3525.495153542107,189.5263157894736,354.921052631579,2000.0,1.0
20260209,66,248.00412,6135.2947410410525,3638.1789515673718,216.64210526315802,280.47368421052613,2000.0,1.0000000000000007
20260209,67,249.68944,6275.233731892631,3827.9916266294726,216.12631578947372,231.1157894736846,2000.0,1.0
20260209,68,249.84596,6422.276224817894,4025.1499090284215,212.9789473684211,184.1473684210527,2000.0,1.0000000000000002
20260209,69,253.33308,6569.318717743158,4222.308191427367,209.83157894736843,137.1789473684209,2000.0,0.9999999999999998
20260209,70,255.37148,6716.361210668421,4419.466473826317,206.6842105263158,90.21052631578979,2000.0,1.0000000000000002
20260209,71,256.97672,6735.540666267368,4492.930139951576,177.7684210526316,64.84210526315792,2000.0,0.9999999999999996
20260209,72,256.97672,6719.202611497896,4532.034190445263,141.6947368421051,45.47368421052624,2000.0,0.9999999999999998
20260209,73,257.21332,6702.86455672842,4571.138240938943,105.6210526315791,26.105263157894846,2000.0,0.9999999999999996
20260209,74,258.79854,6686.526501958946,4610.24229143263,69.54736842105265,6.73684210526318,2000.0,1.0
20260209,75,257.21332,6659.533194078947,4602.533194078946,56.99999999999999,0.0,2000.0,0.9999999999999998
20260209,76,257.21332,6626.857084539999,4569.857084539996,56.99999999999999,0.0,2000.0,0.9999999999999996
20260209,77,256.97672,6594.180975001053,4537.180975001052,56.99999999999999,0.0,2000.0,0.9999999999999998
20260209,78,256.97672,6561.504865462105,4504.504865462101,56.99999999999999,0.0,2000.0,0.9999999999999994
20260209,79,255.37148,6520.304553434736,4463.683500803156,56.62105263157895,0.0,2000.0,0.9999999999999999
20260209,80,255.37148,6471.290389126317,4415.395652284208,55.89473684210526,0.0,2000.0,0.9999999999999994
20260209,81,255.1549,6422.276224817894,4367.10780376526,55.16842105263158,0.0,2000.0,0.9999999999999996
20260209,82,253.52964,6373.2620605094735,4318.819955246316,54.442105263157906,0.0,2000.0,1.0
20260209,83,253.52964,6330.641048067369,4276.830521751576,53.810526315789474,0.0,2000.0,0.9999999999999994
20260209,84,253.33308,6297.964938528421,4244.638622738944,53.32631578947369,0.0,2000.0,0.9999999999999994
20260209,85,253.33308,6265.288828989474,4212.446723726314,52.842105263157904,0.0,2000.0,0.9999999999999997
20260209,86,251.6878,6232.612719450527,4180.254824713685,52.357894736842105,0.0,2000.0,1.0
20260209,87,251.51126,6187.150306178946,4135.402937757894,51.74736842105263,0.0,2000.0,1.0
20260209,88,250.2500000000001,6105.46003233158,4054.6810849631584,50.77894736842106,0.0,2000.0,0.9999999999999999
20260209,89,249.84596,6023.76975848421,3973.959232168424,49.810526315789474,0.0,2000.0,1.0000000000000007
20260209,90,248.794,5942.079484636843,3893.237379373687,48.84210526315789,0.0,2000.0,1.0000000000000002
20260209,91,248.00412,5858.25816016737,3810.352897009477,47.90526315789474,0.0,2000.0,1.0000000000000002
20260209,92,247.86762,5760.229831550525,3713.0508841821083,47.17894736842105,0.0,2000.0,1.0000000000000009
20260209,93,247.86762,5662.201502933685,3615.7488713547373,46.45263157894736,0.0,2000.0,0.9999999999999999
20260209,94,247.86762,5564.173174316842,3518.44685852737,45.726315789473695,0.0,2000.0,1.0000000000000002
20260209,95,247.86762,5466.144845699999,3421.1448457,45.0,0.0,2000.0,1.0000000000000002
20260210,0,238.76944,5126.975684999999,3088.975685000003,38.0,0.0,2000.0,1.0000000000000007
20260210,1,237.35712,5031.493546736842,2995.188283578951,36.30526315789473,0.0,2000.0,1.0000000000000007
20260210,2,240.99712,4936.011408473685,2901.400882157895,34.61052631578947,0.0,2000.0,1.0
20260210,3,238.76944,4840.529270210525,2807.6134807368453,32.91578947368421,0.0,2000.0,1.0000000000000007
20260210,4,235.51528,4745.047131947368,2713.826079315792,31.22105263157895,0.0,2000.0,1.0000000000000007
20260210,5,232.414,4677.240975789474,2647.925186315791,29.315789473684212,0.0,2000.0,1.0000000000000002
20260210,6,232.414,4613.586216947369,2586.20726957895,27.378947368421052,0.0,2000.0,1.0000000000000004
20260210,7,231.30016,4549.931458105263,2524.4893528421057,25.442105263157888,0.0,2000.0,1.0000000000000002
20260210,8,230.18632,4486.276699263158,2462.7714361052663,23.50526315789474,0.0,2000.0,1.0000000000000007
20260210,9,229.07248,4446.146525210526,2422.788630473687,23.357894736842113,0.0,2000.0,1.0000000000000007
20260210,10,229.07248,4414.319145789474,2390.477040526316,23.8421052631579,0.0,2000.0,1.0
20260210,11,227.95864,4382.491766368422,2358.165450578952,24.32631578947368,0.0,2000.0,1.0000000000000009
20260210,12,227.95864,4350.664386947367,2325.853860631581,24.81052631578947,0.0,2000.0,1.0000000000000007
20260210,13,227.95864,4318.837007526316,2290.0054285789492,28.83157894736842,0.0,2000.0,1.0000000000000004
20260210,14,226.8448,4287.009628105263,2251.883312315792,35.12631578947368,0.0,2000.0,1.0000000000000007
20260210,15,225.73096,4255.182248684211,2213.761196052633,41.421052631578945,0.0,2000.0,1.0000000000000002
20260210,16,225.73096,4223.354869263158,2175.639079789476,47.71578947368421,0.0,2000.0,1.0000000000000004
20260210,17,225.73096,4214.360175078948,2155.602280342109,58.7578947368421,0.0,2000.0,1.0000000000000009
20260210,18,225.73096,4230.273864789473,2155.294917421056,74.97894736842106,0.0,2000.0,1.0000000000000009
20260210,19,225.73096,4246.1875545,2154.9875545000023,91.19999999999997,0.0,2000.0,1.0000000000000004
20260210,20,225.73096,4262.101244210525,2154.6801915789492,107.42105263157899,0.0,2000.0,1.0000000000000009
20260210,21,225.73096,4278.014933921052,2150.414933921054,127.60000000000001,0.0,2000.0,1.0000000000000004
20260210,22,853.9272168421054,4300.210526315787,2145.0105263157902,155.20000000000002,0.0,2000.0,1.0000000000000007
20260210,23,853.98584,4329.263157894731,2146.463157894735,182.8,0.0,2000.0,1.0000000000000009
20260210,24,853.98584,4358.3157894736805,2147.915789473684,210.4,0.0,2000.0,1.0000000000000009
20260210,25,853.98584,4386.537396121881,2149.326869806093,235.42105263157887,1.7894736842105161,2000.0,1.0000000000000002
20260210,26,225.73096,4415.702944894737,2154.5239975263166,251.1578947368421,10.02105263157895,2000.0,1.0000000000000002
20260210,27,225.73096,4479.357703736842,2194.210335315792,266.8947368421053,18.25263157894738,2000.0,1.0000000000000007
20260210,28,226.8448,4543.0124625789485,2233.896673105266,282.6315789473684,26.48421052631578,2000.0,1.0000000000000004
20260210,29,226.8448,4614.970016052632,2279.03317394737,297.4842105263158,38.45263157894738,2000.0,1.0000000000000004
20260210,30,229.07248,4774.106913157895,2381.396386842106,303.0526315789474,89.65789473684218,2000.0,1.0
20260210,31,230.18632,4933.2438102631595,2483.759599736846,308.621052631579,140.8631578947368,2000.0,1.0000000000000004
20260210,32,232.414,5092.380707368422,2586.122812631584,314.1894736842105,192.0684210526316,2000.0,1.0000000000000007
20260210,33,233.67344,5251.5176044736845,2688.4860255263193,319.7578947368421,243.2736842105264,2000.0,1.0000000000000004
20260210,34,237.35712,5380.210921263158,2756.237237052634,310.0421052631579,313.9315789473684,2000.0,1.0000000000000004
20260210,35,239.1989600000001,5507.520438947368,2822.415175789476,299.6315789473685,385.473684210526,2000.0,1.0000000000000002
20260210,36,239.88328,5634.82995663158,2888.593114526317,289.2210526315789,457.01578947368426,2000.0,1.0
20260210,37,241.0408,5762.13947431579,2954.771053263159,278.8105263157895,528.5578947368422,2000.0,1.0000000000000002
20260210,38,240.99712,5810.572443000003,2931.072443,280.4,599.0999999999999,2000.0,0.9999999999999996
20260210,39,239.88328,5842.399822421053,2888.452454000001,284.5157894736842,669.4315789473686,2000.0,1.0000000000000002
20260210,40,239.1989600000001,5874.227201842106,2845.832465000002,288.6315789473684,739.763157894737,2000.0,1.0000000000000002
20260210,41,238.76944,5906.05458126316,2803.2124760000047,292.7473684210526,810.0947368421051,2000.0,1.0000000000000004
20260210,42,239.1989600000001,5926.811567842106,2834.237883631582,287.7684210526315,804.8052631578946,2000.0,1.0000000000000002
20260210,43,239.88328,5942.725257552632,2897.483152289472,278.8105263157895,766.4315789473684,2000.0,0.9999999999999997
20260210,44,241.0408,5958.638947263157,2960.728420947368,269.8526315789474,728.0578947368422,2000.0,1.0
20260210,45,242.88264,5974.552636973684,3023.973689605263,260.8947368421052,689.6842105263157,2000.0,1.0000000000000002
20260210,46,242.88264,5972.476938315789,3014.492727789474,264.11578947368423,693.8684210526316,2000.0,1.0000000000000002
20260210,47,241.0408,5956.563248605265,2949.0685117631588,276.7052631578947,730.7894736842104,2000.0,0.9999999999999999
20260210,48,239.88328,5940.649558894737,2883.6442957368417,289.2947368421053,767.7105263157896,2000.0,0.9999999999999999
20260210,49,239.1989600000001,5924.735869184209,2818.220079710529,301.8842105263158,804.6315789473683,2000.0,1.0000000000000007
20260210,50,237.35712,5901.903183947368,2761.771605000003,312.68421052631584,827.4473684210527,2000.0,1.0000000000000007
20260210,51,235.51528,5870.075804526315,2716.991594000002,321.1578947368421,831.9263157894736,2000.0,1.0000000000000004
20260210,52,233.67344,5838.248425105262,2672.211583000002,329.6315789473684,836.4052631578949,2000.0,1.0000000000000004
20260210,53,232.414,5806.42104568421,2627.4315720000027,338.1052631578947,840.8842105263158,2000.0,1.0000000000000004
20260210,54,232.414,5779.436963131577,2596.926436815792,347.6105263157895,834.9,2000.0,1.0000000000000009
20260210,55,232.414,5763.523273421053,2599.049589210529,359.4736842105263,804.9999999999999,2000.0,1.0000000000000002
20260210,56,232.414,5747.609583710526,2601.172741605264,371.3368421052631,775.1,2000.0,1.0000000000000002
20260210,57,232.414,5731.6958939999995,2603.295894000002,383.2,745.1999999999999,2000.0,1.0000000000000004
20260210,58,232.414,5718.5498025,2619.997170921055,393.2947368421052,705.2578947368421,2000.0,1.0000000000000002
20260210,59,235.51528,5718.5498025,2705.944539342107,394.9894736842105,617.6157894736846,2000.0,1.0000000000000004
20260210,60,238.76944,5718.5498025,2791.891907763161,396.6842105263158,529.973684210526,2000.0,1.0000000000000004
20260210,61,239.88328,5718.5498025,2877.839276184211,398.378947368421,442.33157894736837,2000.0,1.0000000000000002
20260210,62,241.0408,5721.317400710527,2963.980558605264,400.0,357.3368421052632,2000.0,1.0
20260210,63,242.88264,5784.972159552632,3054.387949026317,400.0,330.5842105263157,2000.0,1.0000000000000002
20260210,64,244.32044,5848.626918394737,3144.795339447368,400.0,303.8315789473685,2000.0,1.0
20260210,65,244.72448,5912.2816772368415,3235.202729868422,400.0,277.0789473684211,2000.0,1.0000000000000002
20260210,66,246.16228,5975.936436078949,3325.610120289472,400.0,250.3263157894736,2000.0,0.9999999999999996
20260210,67,248.00412,6112.240647947367,3485.9038058421047,400.0,226.33684210526332,2000.0,1.0000000000000002
20260210,68,249.68944,6255.463855342105,3652.8533290263163,400.0,202.61052631578949,2000.0,1.0000000000000002
20260210,69,251.6878,6398.6870627368435,3819.802852210526,400.0,178.88421052631568,2000.0,0.9999999999999997
20260210,70,255.1549,6541.910270131578,3986.752375394734,400.0,155.1578947368423,2000.0,0.9999999999999997
20260210,71,255.37148,6560.591558052632,4037.6862948947346,401.32631578947365,121.5789473684211,2000.0,0.9999999999999996
20260210,72,256.97672,6544.677868342104,4056.3936578157877,403.02105263157887,85.26315789473671,2000.0,0.9999999999999999
20260210,73,256.97672,6528.764178631579,4075.1010207368404,404.71578947368425,48.94736842105285,2000.0,0.9999999999999997
20260210,74,257.21332,6512.8504889210535,4093.8083836578935,406.4105263157895,12.63157894736846,2000.0,0.9999999999999997
20260210,75,256.97672,6486.558305921052,4076.8740953947345,409.6842105263158,0.0,2000.0,0.9999999999999997
20260210,76,255.37148,6454.730926499999,4040.9309264999997,413.8,0.0,2000.0,1.0
20260210,77,255.37148,6422.903547078949,4004.987757605263,417.9157894736842,0.0,2000.0,0.9999999999999999
20260210,78,255.1549,6391.076167657894,3969.0445887105243,422.0315789473684,0.0,2000.0,0.9999999999999999
20260210,79,253.52964,6350.945993605263,3927.0723093947354,423.87368421052633,0.0,2000.0,0.9999999999999999
20260210,80,253.33308,6303.204924473684,3879.573345526315,423.6315789473684,0.0,2000.0,1.0
20260210,81,251.6878,6255.463855342105,3832.0743816578934,423.3894736842105,0.0,2000.0,0.9999999999999999
20260210,82,251.51126,6207.7227862105265,3784.5754177894696,423.14736842105265,0.0,2000.0,0.9999999999999992
20260210,83,250.2500000000001,6166.208813052632,3743.493023578945,422.7157894736842,0.0,2000.0,0.9999999999999996
20260210,84,249.84596,6134.381433631578,3712.3919599473675,421.98947368421057,0.0,2000.0,1.0
20260210,85,249.84596,6102.554054210525,3681.290896315789,421.2631578947368,0.0,2000.0,1.0000000000000002
20260210,86,249.68944,6070.726674789475,3650.1898326842115,420.5368421052632,0.0,2000.0,1.0
20260210,87,248.794,6026.445103421051,3609.792471842108,416.6526315789473,0.0,2000.0,1.0000000000000009
20260210,88,248.00412,5946.876654868421,3543.0556022368405,403.82105263157905,0.0,2000.0,0.9999999999999999
20260210,89,247.86762,5867.308206315789,3476.31873263158,390.9894736842105,0.0,2000.0,1.0000000000000002
20260210,90,246.56632,5787.739757763156,3409.5818630263166,378.15789473684214,0.0,2000.0,1.0000000000000002
20260210,91,246.16228,5706.095610552632,3340.70613686842,365.3894736842106,0.0,2000.0,0.9999999999999999
20260210,92,245.45248,5610.613472289472,3257.571367026317,353.0421052631579,0.0,2000.0,1.0000000000000004
20260210,93,244.33864,5515.131334026317,3174.436597184213,340.6947368421052,0.0,2000.0,1.0000000000000002
20260210,94,243.2248,5419.649195763157,3091.3018273421058,328.3473684210527,0.0,2000.0,1.0000000000000004
20260210,95,242.11096,5324.167057499999,3008.167057499999,316.0,0.0,2000.0,1.0
20260211,0,240.99712,5402.4464832,3402.4464832,0.0,0.0,2000.0,0.9999999999999998
20260211,1,239.88328,5324.359275587369,3249.790854534736,74.56842105263159,0.0,2000.0,0.9999999999999997
20260211,2,238.76944,5246.272067974736,3097.135225869478,149.13684210526318,0.0,2000.0,1.0000000000000009
20260211,3,232.414,5168.184860362103,2944.479597204212,223.7052631578947,0.0,2000.0,1.0000000000000007
20260211,4,231.30016,5090.097652749473,2791.823968538948,298.2736842105263,0.0,2000.0,1.0000000000000004
20260211,5,230.18632,5028.9859250526315,2697.617504000002,331.36842105263156,0.0,2000.0,1.0000000000000004
20260211,6,227.95864,4970.420519343158,2612.178414080002,358.2421052631579,0.0,2000.0,1.0000000000000004
20260211,7,226.8448,4911.855113633684,2526.739324160002,385.11578947368423,0.0,2000.0,1.0000000000000007
20260211,8,225.73096,4853.289707924209,2441.300234240001,411.98947368421057,0.0,2000.0,1.0000000000000007
20260211,9,225.73096,4823.582618071579,2463.9931443873697,359.5894736842105,0.0,2000.0,1.0000000000000002
20260211,10,226.8448,4804.060816168422,2524.850289852633,279.2105263157895,0.0,2000.0,1.0000000000000002
20260211,11,227.95864,4784.539014265263,2585.707435317897,198.8315789473684,0.0,2000.0,1.0000000000000004
20260211,12,229.07248,4765.017212362105,2646.564580783161,118.4526315789473,0.0,2000.0,1.0000000000000007
20260211,13,227.95864,4757.3782464,2617.472983242109,139.9052631578948,0.0,2000.0,1.0000000000000007
20260211,14,226.8448,4757.3782464,2530.557193768423,226.8210526315789,0.0,2000.0,1.0000000000000004
20260211,15,225.73096,4757.3782464,2443.641404294738,313.7368421052633,0.0,2000.0,1.0000000000000004
20260211,16,853.98584,4832.265927977835,2431.613296398891,400.65263157894736,0.0,2000.0,1.0000000000000007
20260211,17,853.98584,4923.87811634349,2436.193905817174,487.68421052631584,0.0,2000.0,1.0
20260211,18,853.98584,5015.6232686980575,2440.781163434902,574.842105263158,0.0,2000.0,1.0000000000000004
20260211,19,853.98584,5107.36842105263,2445.3684210526308,661.9999999999999,0.0,2000.0,1.0000000000000002
20260211,20,853.98584,5199.1135734072,2449.955678670359,749.1578947368421,0.0,2000.0,1.0000000000000002
20260211,21,853.98584,5273.573407202213,2453.6786703601097,819.8947368421052,0.0,2000.0,1.0000000000000004
20260211,22,853.98584,5315.6232686980575,2455.781163434902,859.8421052631577,0.0,2000.0,1.0000000000000004
20260211,23,222.62968,5479.684916816842,2579.895443132634,899.7894736842104,0.0,2000.0,1.0000000000000004
20260211,24,235.51528,5752.990143461054,2813.253301355794,939.7368421052631,0.0,2000.0,1.0000000000000007
20260211,25,237.35712,6017.807630147368,3033.544472252633,983.6315789473682,0.6315789473684177,2000.0,1.0000000000000002
20260211,26,235.51528,6252.069252985263,3206.7955687747394,1041.7368421052631,3.536842105263159,2000.0,1.0000000000000004
20260211,27,238.76944,6486.330875823158,3380.0466652968453,1099.842105263158,6.442105263157899,2000.0,1.0000000000000004
20260211,28,239.88328,6720.592498661053,3553.297761818948,1157.947368421052,9.347368421052629,2000.0,1.0000000000000002
20260211,29,240.99712,6949.76147752421,3723.2035827873674,1211.21052631579,15.34736842105264,2000.0,1.0000000000000002
20260211,30,242.11096,7125.457694652631,3857.984010442106,1213.631578947368,53.84210526315796,2000.0,1.0000000000000002
20260211,31,243.2248,7301.153911781052,3992.7644380968404,1216.052631578947,92.33684210526313,2000.0,0.9999999999999999
20260211,32,243.2248,7476.850128909475,4127.544865751578,1218.473684210526,130.83157894736848,2000.0,0.9999999999999997
20260211,33,244.33864,7652.546346037893,4262.325293406314,1220.894736842105,169.3263157894737,2000.0,0.9999999999999999
20260211,34,244.33864,7678.858339907366,4214.489918854736,1222.389473684211,241.978947368421,2000.0,1.0000000000000004
20260211,35,244.32044,7698.380141810524,4158.35382602105,1223.842105263158,316.1842105263156,2000.0,1.0
20260211,36,243.2248,7717.901943713683,4102.217733187365,1225.294736842105,390.3894736842107,2000.0,0.9999999999999998
20260211,37,243.2248,7737.42374561684,4046.081640353682,1226.7473684210531,464.59473684210525,2000.0,1.0000000000000002
20260211,38,243.2248,7740.8188415999975,4022.618841599999,1192.3999999999999,525.7999999999998,2000.0,1.0000000000000002
20260211,39,243.2248,7740.8188415999975,4006.034631073682,1150.515789473684,584.2684210526317,2000.0,1.0
20260211,40,242.88264,7740.8188415999975,3989.4504205473672,1108.631578947369,642.7368421052631,2000.0,1.0000000000000002
20260211,41,242.88264,7740.8188415999975,3972.866210021051,1066.747368421053,701.2052631578945,2000.0,1.0000000000000002
20260211,42,242.11096,7727.238457667366,3942.870036614733,1026.378947368421,757.9894736842106,2000.0,0.9999999999999999
20260211,43,242.11096,7707.716655764209,3907.00612944842,986.6736842105263,814.0368421052632,2000.0,1.0000000000000002
20260211,44,242.11096,7688.194853861053,3871.1422222821043,946.9684210526317,870.0842105263156,2000.0,0.9999999999999998
20260211,45,242.11096,7668.673051957894,3835.278315115788,907.2631578947368,926.1315789473688,2000.0,1.0
20260211,46,242.11096,7660.185312000001,3830.016890947368,887.8105263157895,942.3578947368419,2000.0,0.9999999999999998
20260211,47,242.11096,7660.185312000001,3848.295838315788,883.9368421052632,927.9526315789475,2000.0,0.9999999999999997
20260211,48,242.11096,7660.185312000001,3866.574785684208,880.063157894737,913.5473684210526,2000.0,0.9999999999999996
20260211,49,242.11096,7660.185312000001,3884.853733052629,876.1894736842105,899.142105263158,2000.0,0.9999999999999996
20260211,50,242.11096,7660.185312000001,3905.8168909473657,866.6315789473686,887.7368421052631,2000.0,0.9999999999999996
20260211,51,242.11096,7660.185312000001,3930.269522526314,849.6842105263157,880.2315789473685,2000.0,0.9999999999999997
20260211,52,242.88264,7660.185312000001,3954.722154105261,832.7368421052631,872.7263157894736,2000.0,0.9999999999999996
20260211,53,242.88264,7660.185312000001,3979.174785684208,815.7894736842106,865.2210526315789,2000.0,0.9999999999999996
20260211,54,243.2248,7648.302476058949,4007.5130023747342,784.915789473684,855.8736842105261,2000.0,0.9999999999999994
20260211,55,243.2248,7609.258872252632,4044.7325564631583,722.2105263157895,842.3157894736843,2000.0,1.0
20260211,56,243.2248,7570.215268446317,4081.952110551579,659.5052631578949,828.7578947368422,2000.0,0.9999999999999999
20260211,57,243.2248,7531.171664639998,4119.171664640001,596.7999999999998,815.1999999999999,2000.0,1.0000000000000004
20260211,58,242.11096,7502.313348783158,4161.839664572631,546.3473684210526,794.1263157894737,2000.0,0.9999999999999998
20260211,59,243.2248,7521.835150686317,4230.387782265264,554.0947368421052,737.3526315789475,2000.0,0.9999999999999999
20260211,60,243.2248,7541.356952589473,4298.935899957894,561.8421052631579,680.5789473684208,2000.0,1.0000000000000002
20260211,61,243.2248,7560.878754492632,4367.484017650524,569.5894736842106,623.8052631578947,2000.0,0.9999999999999998
20260211,62,244.33864,7583.795652378946,4441.6272313263125,575.4105263157896,566.7578947368422,2000.0,0.9999999999999998
20260211,63,245.13944,7681.404661894738,4638.862556631577,538.8526315789471,503.6894736842102,2000.0,0.9999999999999996
20260211,64,246.16228,7779.013671410526,4836.097881936837,502.2947368421053,440.621052631579,2000.0,0.9999999999999996
20260211,65,246.56632,7876.622680926314,5033.333207242105,465.7368421052633,377.5526315789475,2000.0,1.0000000000000002
20260211,66,247.6801600000001,7974.231690442103,5230.568532547368,429.1789473684209,314.4842105263156,2000.0,1.0000000000000002
20260211,67,248.00412,8000.5436843115785,5343.133157995788,403.45263157894743,253.95789473684252,2000.0,0.9999999999999999
20260211,68,248.794,8020.065486214738,5447.63390726737,378.7578947368421,193.6736842105264,2000.0,1.0000000000000002
20260211,69,248.794,8039.5872881178975,5552.134656538946,354.0631578947369,133.38947368421032,2000.0,0.9999999999999994
20260211,70,249.84596,8059.109090021052,5656.6354058105235,329.36842105263173,73.10526315789512,2000.0,0.9999999999999998
20260211,71,250.2500000000001,8063.35296,5700.195065263157,314.5263157894737,48.63157894736844,2000.0,0.9999999999999998
20260211,72,250.2500000000001,8063.35296,5726.826644210525,302.421052631579,34.105263157894676,2000.0,0.9999999999999999
20260211,73,250.70864,8063.35296,5753.458223157893,290.3157894736843,19.57894736842114,2000.0,0.9999999999999998
20260211,74,251.51126,8063.35296,5780.089802105262,278.2105263157895,5.052631578947384,2000.0,0.9999999999999998
20260211,75,250.2500000000001,8012.42652025263,5735.1107307789425,277.31578947368416,0.0,2000.0,0.9999999999999996
20260211,76,249.84596,7934.339312639999,5651.939312639999,282.4,0.0,2000.0,1.0
20260211,77,249.5948,7856.252105027369,5568.767894501054,287.4842105263158,0.0,2000.0,1.0000000000000002
20260211,78,249.5948,7778.164897414736,5485.596476362105,292.5684210526316,0.0,2000.0,1.0000000000000002
20260211,79,248.794,7689.892401852631,5419.650296589473,270.2421052631581,0.0,2000.0,1.0
20260211,80,248.794,7592.283392336843,5369.49391865263,222.7894736842106,0.0,2000.0,0.9999999999999998
20260211,81,248.48096,7494.674382821051,5319.337540715789,175.336842105263,0.0,2000.0,1.0000000000000002
20260211,82,248.40816,7397.065373305263,5269.181162778947,127.884210526316,0.0,2000.0,0.9999999999999999
20260211,83,247.6801600000001,7276.539465903157,5181.423676429471,95.11578947368422,0.0,2000.0,0.9999999999999998
20260211,84,247.36712,7120.365050677893,5035.175576993683,85.18947368421048,0.0,2000.0,1.0
20260211,85,246.56632,6964.190635452635,4888.927477557896,75.26315789473689,0.0,2000.0,0.9999999999999996
20260211,86,246.16228,6808.01622022737,4742.679378122104,65.33684210526316,0.0,2000.0,0.9999999999999996
20260211,87,245.45248,6641.656517052631,4584.161780210523,57.494736842105254,0.0,2000.0,0.9999999999999996
20260211,88,244.33864,6446.438498021054,4390.880603284212,55.557894736842115,0.0,2000.0,1.0
20260211,89,243.2248,6251.220478989475,4197.599426357895,53.62105263157895,0.0,2000.0,0.9999999999999999
20260211,90,242.11096,6056.002459957896,4004.3182494315793,51.68421052631578,0.0,2000.0,1.0
20260211,91,240.99712,5860.784440926317,3805.8581251368437,54.92631578947349,0.0,2000.0,1.0
20260211,92,238.76944,5665.566421894736,3572.871685052635,92.69473684210526,0.0,2000.0,1.0000000000000009
20260211,93,237.35712,5470.348402863157,3339.8852449684227,130.46315789473698,0.0,2000.0,1.0000000000000002
20260211,94,235.51528,5275.130383831579,3106.898804884213,168.2315789473682,0.0,2000.0,1.0000000000000004
20260211,95,215.45888,5079.9123647999995,2873.912364800001,206.0,0.0,2000.0,1.0000000000000002
20260212,0,238.76944,5809.08224,3249.082240000003,560.0000000000001,0.0,2000.0,1.0000000000000007
20260212,1,237.35712,5725.117500631579,3149.8648690526343,575.2526315789473,0.0,2000.0,1.0000000000000004
20260212,2,232.414,5641.152761263159,3050.6474981052656,590.5052631578948,0.0,2000.0,1.0000000000000002
20260212,3,231.30016,5557.188021894736,2951.430127157897,605.7578947368421,0.0,2000.0,1.0000000000000004
20260212,4,230.18632,5473.2232825263145,2852.212756210528,621.0105263157894,0.0,2000.0,1.0000000000000004
20260212,5,229.07248,5407.51174736842,2812.511747368421,595.0,0.0,2000.0,1.0
20260212,6,229.07248,5344.538192842105,2781.738192842106,562.8,0.0,2000.0,1.0000000000000002
20260212,7,227.95864,5281.564638315788,2750.964638315792,530.5999999999999,0.0,2000.0,1.0000000000000007
20260212,8,227.95864,5218.5910837894735,2720.191083789474,498.4000000000001,0.0,2000.0,1.0
20260212,9,226.8448,5186.647976421052,2689.132186947371,497.5157894736843,0.0,2000.0,1.0000000000000007
20260212,10,226.8448,5165.656791578947,2657.972581052635,507.68421052631584,0.0,2000.0,1.0000000000000007
20260212,11,225.73096,5144.665606736843,2626.8129751578977,517.8526315789475,0.0,2000.0,1.0000000000000004
20260212,12,853.98584,5124.2326869806075,2596.21163434903,528.0210526315789,0.0,2000.0,1.0000000000000004
20260212,13,853.98584,5153.085872576176,2597.6542936288092,555.4315789473685,0.0,2000.0,1.0000000000000002
20260212,14,853.98584,5193.606648199444,2599.680332409973,593.9263157894736,0.0,2000.0,1.0000000000000004
20260212,15,853.98584,5234.127423822715,2601.706371191136,632.4210526315791,0.0,2000.0,1.0
20260212,16,853.98584,5274.648199445982,2603.732409972299,670.9157894736842,0.0,2000.0,1.0000000000000002
20260212,17,853.98584,5304.077562326867,2605.203878116341,698.8736842105263,0.0,2000.0,1.0
20260212,18,853.98584,5321.407202216062,2606.070360110802,715.3368421052631,0.0,2000.0,1.0000000000000007
20260212,19,853.98584,5338.736842105261,2606.936842105262,731.8000000000002,0.0,2000.0,1.0000000000000002
20260212,20,853.98584,5356.066481994456,2607.803324099721,748.2631578947369,0.0,2000.0,1.0000000000000004
20260212,21,853.2536252631579,5367.63434903047,2608.381717451524,759.2526315789473,0.0,2000.0,1.0000000000000004
20260212,22,235.51528,5598.2577313684205,2838.278783999999,759.978947368421,0.0,2000.0,0.9999999999999999
20260212,23,238.76944,5892.134319157894,3131.429056000002,760.7052631578947,0.0,2000.0,1.0000000000000004
20260212,24,239.88328,6186.010906947368,3424.579328000002,761.4315789473684,0.0,2000.0,1.0000000000000002
20260212,25,241.0408,6470.760892631577,3710.7345768421064,759.3157894736842,0.7105263157894698,2000.0,1.0000000000000004
20260212,26,243.2248,6722.6551107368405,3971.7077423157866,746.9684210526315,3.9789473684210526,2000.0,0.9999999999999999
20260212,27,244.33864,6974.549328842108,4232.680907789474,734.6210526315789,7.247368421052636,2000.0,0.9999999999999998
20260212,28,246.16228,7226.4435469473665,4493.654073263157,722.2736842105262,10.51578947368421,2000.0,1.0000000000000002
20260212,29,244.72448,7472.861803789472,4742.7512774736815,712.9157894736843,17.19473684210527,2000.0,0.9999999999999999
20260212,30,245.45248,7661.782467368423,4867.150888421052,734.9473684210526,59.68421052631585,2000.0,0.9999999999999997
20260212,31,245.45248,7850.703130947368,4991.550499368419,756.978947368421,102.1736842105263,2000.0,0.9999999999999999
20260212,32,246.25328,8039.623794526316,5115.950110315787,779.0105263157895,144.66315789473688,2000.0,0.9999999999999998
20260212,33,246.56632,8228.544458105265,5240.3497212631555,801.0421052631579,187.1526315789474,2000.0,0.9999999999999996
20260212,34,246.56632,8256.83692463158,5238.16324042105,783.0105263157895,235.6631578947368,2000.0,0.9999999999999998
20260212,35,246.56632,8277.828109473683,5230.222846315789,763.1578947368421,284.4473684210525,2000.0,1.0000000000000002
20260212,36,246.56632,8298.819294315788,5222.282452210523,743.3052631578948,333.2315789473685,2000.0,0.9999999999999998
20260212,37,246.56632,8319.810479157893,5214.3420581052615,723.4526315789473,382.0157894736842,2000.0,0.9999999999999998
20260212,38,246.56632,8323.461119999998,5222.761119999997,697.6000000000001,403.0999999999999,2000.0,1.0
20260212,39,246.56632,8323.461119999998,5234.624277894734,670.4842105263157,418.35263157894735,2000.0,1.0
20260212,40,246.56632,8323.461119999998,5246.48743578947,643.3684210526314,433.6052631578947,2000.0,0.9999999999999998
20260212,41,246.56632,8323.461119999998,5258.3505936842075,616.2526315789473,448.85789473684207,2000.0,0.9999999999999998
20260212,42,246.56632,8308.858556631576,5280.958556631576,536.5894736842105,491.3105263157895,2000.0,1.0
20260212,43,246.56632,8287.867371789473,5308.267371789474,433.9368421052633,545.6631578947369,2000.0,1.0000000000000002
20260212,44,247.36712,8266.876186947367,5335.576186947366,331.2842105263161,600.0157894736839,2000.0,1.0
20260212,45,247.36712,8245.885002105264,5362.88500210526,228.6315789473682,654.3684210526317,2000.0,0.9999999999999996
20260212,46,247.36712,8236.7584,5389.742610526313,185.64210526315802,661.3736842105263,2000.0,0.9999999999999996
20260212,47,247.6801600000001,8236.7584,5416.2531368421005,188.5473684210526,631.9578947368421,2000.0,0.9999999999999993
20260212,48,247.6801600000001,8236.7584,5442.763663157892,191.4526315789474,602.5421052631577,2000.0,0.9999999999999996
20260212,49,247.6801600000001,8236.7584,5469.274189473681,194.3578947368421,573.1263157894737,2000.0,0.9999999999999996
20260212,50,247.6801600000001,8236.7584,5461.889978947366,206.52631578947359,568.3421052631578,2000.0,0.9999999999999996
20260212,51,247.6801600000001,8236.7584,5410.442610526312,230.7368421052633,595.5789473684212,2000.0,0.9999999999999993
20260212,52,247.36712,8236.7584,5358.99524210526,254.9473684210526,622.8157894736843,2000.0,0.9999999999999996
20260212,53,246.56632,8236.7584,5307.547873684207,279.157894736842,650.0526315789473,2000.0,0.9999999999999993
20260212,54,246.56632,8223.98115705263,5246.3074728421025,310.7368421052633,666.9368421052632,2000.0,0.9999999999999998
20260212,55,246.56632,8181.9987873684195,5162.682997894734,359.1578947368422,660.1578947368422,2000.0,1.0
20260212,56,246.25328,8140.016417684213,5079.058522947366,407.57894736842104,653.3789473684211,2000.0,0.9999999999999994
20260212,57,246.16228,8098.034048000001,4995.434047999997,456.0000000000001,646.6,2000.0,0.9999999999999996
20260212,58,245.45248,8067.003600842105,4932.6772850526295,494.6526315789473,639.6736842105263,2000.0,0.9999999999999998
20260212,59,245.45248,8087.994785684212,4969.04215410526,486.90526315789464,632.0473684210526,2000.0,0.9999999999999994
20260212,60,246.16228,8108.985970526313,5005.407023157891,479.15789473684214,624.4210526315788,2000.0,0.9999999999999999
20260212,61,246.16228,8129.9771553684195,5041.771892210524,471.41052631578947,616.7947368421053,2000.0,1.0
20260212,62,246.25328,8154.618981052633,5082.513717894733,465.5157894736841,606.5894736842107,2000.0,0.9999999999999994
20260212,63,246.56632,8259.574905263158,5219.548589473684,500.3789473684212,539.6473684210524,2000.0,1.0
20260212,64,247.36712,8364.530829473684,5356.58346105263,535.2421052631578,472.7052631578946,2000.0,0.9999999999999998
20260212,65,247.6801600000001,8469.48675368421,5493.618332631578,570.1052631578948,405.763157894737,2000.0,1.0
20260212,66,248.40816,8574.442677894736,5630.653204210526,604.9684210526318,338.8210526315787,2000.0,1.0000000000000002
20260212,67,248.48096,8602.735144421053,5692.682512842103,631.8736842105263,278.1789473684213,2000.0,0.9999999999999998
20260212,68,248.794,8623.726329263156,5747.568434526314,658.021052631579,218.13684210526318,2000.0,1.0
20260212,69,248.794,8644.717514105261,5802.4543562105255,684.1684210526316,158.094736842105,2000.0,1.0
20260212,70,248.794,8665.70869894737,5857.340277894734,710.3157894736839,98.05263157894774,2000.0,0.9999999999999993
20260212,71,249.5948,8670.272,5920.998315789475,680.3789473684211,68.8947368421053,2000.0,1.0
20260212,72,249.84596,8670.272,5987.093052631577,634.8631578947368,48.31578947368413,2000.0,0.9999999999999996
20260212,73,250.70864,8670.272,6053.187789473683,589.3473684210529,27.736842105263282,2000.0,0.9999999999999998
20260212,74,251.6878,8670.272,6119.28252631579,543.8315789473686,7.157894736842127,2000.0,1.0
20260212,75,251.6878,8615.51238736842,6120.986071578944,494.5263157894734,0.0,2000.0,0.9999999999999996
20260212,76,250.70864,8531.547647999998,6088.347647999998,443.2000000000002,0.0,2000.0,1.0
20260212,77,250.70864,8447.582908631579,6055.709224421048,391.8736842105265,0.0,2000.0,0.9999999999999996
20260212,78,250.2500000000001,8363.618169263158,6023.070800842102,340.5473684210525,0.0,2000.0,0.9999999999999996
20260212,79,249.84596,8268.70150736842,5969.375191578943,299.3263157894738,0.0,2000.0,0.9999999999999996
20260212,80,249.5948,8163.7455831578945,5896.377162105263,267.3684210526317,0.0,2000.0,1.0
20260212,81,248.794,8058.7896589473685,5823.379132631579,235.4105263157893,0.0,2000.0,0.9999999999999999
20260212,82,248.794,7953.833734736844,5750.381103157895,203.4526315789476,0.0,2000.0,0.9999999999999999
20260212,83,248.40816,7824.235984842106,5631.141247999997,193.0947368421053,0.0,2000.0,0.9999999999999997
20260212,84,247.6801600000001,7656.306506105261,5439.969663999996,216.33684210526337,0.0,2000.0,0.9999999999999998
20260212,85,246.56632,7488.377027368422,5248.798079999997,239.57894736842098,0.0,2000.0,0.9999999999999994
20260212,86,246.16228,7320.447548631577,5057.626495999998,262.8210526315788,0.0,2000.0,1.0
20260212,87,245.45248,7141.566147368421,4853.7345684210495,287.8315789473685,0.0,2000.0,0.9999999999999994
20260212,88,244.33864,6931.654298947367,4613.801667368422,317.8526315789473,0.0,2000.0,1.0000000000000004
20260212,89,242.88264,6721.742450526315,4373.86876631579,347.8736842105263,0.0,2000.0,1.0000000000000002
20260212,90,240.99712,6511.830602105263,4133.935865263159,377.89473684210526,0.0,2000.0,1.0000000000000002
20260212,91,239.88328,6301.918753684212,3890.5608589473723,411.3578947368419,0.0,2000.0,1.0000000000000004
20260212,92,235.51528,6092.006905263158,3624.2384842105253,467.7684210526315,0.0,2000.0,0.9999999999999999
20260212,93,227.08504,5882.095056842105,3357.9161094736846,524.1789473684213,0.0,2000.0,1.0000000000000002
20260212,94,235.51528,5672.183208421054,3091.593734736847,580.5894736842102,0.0,2000.0,1.0000000000000007
20260212,95,853.646745263158,5491.578947368419,2854.57894736842,636.9999999999999,0.0,2000.0,1.0000000000000002
20260213,0,246.56632,5692.900595199998,3014.900595200002,678.0,0.0,2000.0,1.0000000000000009
20260213,1,246.16228,5610.615150618946,2921.9625190399997,688.6526315789473,0.0,2000.0,1.0000000000000002
20260213,2,244.72448,5528.329706037896,2829.024442880002,699.3052631578947,0.0,2000.0,1.0000000000000002
20260213,3,244.32044,5446.044261456842,2736.08636672,709.9578947368421,0.0,2000.0,1.0
20260213,4,242.11096,5363.758816875791,2643.148290560001,720.6105263157895,0.0,2000.0,0.9999999999999998
20260213,5,239.88328,5299.361512421053,2525.993091368422,773.3684210526316,0.0,2000.0,1.0000000000000002
20260213,6,237.35712,5237.647428985263,2405.205323722107,832.442105263158,0.0,2000.0,1.0000000000000004
20260213,7,244.32044,5175.933345549473,2284.4175560757913,891.5157894736842,0.0,2000.0,1.0000000000000004
20260213,8,234.07748,5114.219262113685,2163.629788429475,950.5894736842105,0.0,2000.0,1.0000000000000002
20260213,9,233.67344,5082.915016892631,2083.093964261054,999.8210526315789,0.0,2000.0,1.0000000000000004
20260213,10,232.414,5062.343655747368,2016.7647083789511,1045.578947368421,0.0,2000.0,1.0000000000000009
20260213,11,230.18632,5041.772294602105,1950.4354524968448,1091.336842105263,0.0,2000.0,1.0000000000000004
20260213,12,854.2203326315789,5070.626038781162,1933.531301939059,1137.094736842105,0.0,2000.0,1.0000000000000004
20260213,13,854.2203326315789,5095.058171745151,1934.752908587258,1160.305263157895,0.0,2000.0,1.0000000000000004
20260213,14,854.2203326315789,5104.232686980608,1935.2116343490309,1169.0210526315789,0.0,2000.0,1.0000000000000002
20260213,15,854.2203326315789,5113.4072022160635,1935.670360110804,1177.7368421052631,0.0,2000.0,1.0000000000000007
20260213,16,854.2203326315789,5122.581717451522,1936.129085872577,1186.4526315789471,0.0,2000.0,1.0000000000000004
20260213,17,854.2203326315789,5125.783933518003,1936.2891966759,1189.494736842105,0.0,2000.0,1.0000000000000004
20260213,18,854.2203326315789,5122.470914127425,1936.1235457063722,1186.347368421053,0.0,2000.0,1.0
20260213,19,854.2203326315789,5119.157894736842,1935.957894736843,1183.2,0.0,2000.0,1.0000000000000004
20260213,20,854.2203326315789,5115.844875346259,1935.7922437673128,1180.052631578948,0.0,2000.0,1.0000000000000004
20260213,21,232.414,5198.293520707367,2024.5040470231602,1173.789473684211,0.0,2000.0,1.0000000000000009
20260213,22,235.51528,5486.2925767410525,2324.60836621474,1161.684210526316,0.0,2000.0,1.0000000000000007
20260213,23,232.414,5774.291632774736,2624.7126854063167,1149.578947368421,0.0,2000.0,1.0000000000000002
20260213,24,240.8624400000001,6062.290688808423,2924.817004597898,1137.473684210526,0.0,2000.0,1.0000000000000002
20260213,25,244.32044,6341.345674778947,3207.3719905684206,1133.2631578947369,0.7105263157894698,2000.0,1.0
20260213,26,241.0408,6588.202008522105,3426.749376943159,1157.473684210526,3.9789473684210526,2000.0,1.0000000000000002
20260213,27,243.2248,6835.0583422652635,3646.1267633178963,1181.6842105263158,7.247368421052636,2000.0,1.0000000000000002
20260213,28,244.72448,7081.9146760084195,3865.5041496926324,1205.894736842105,10.51578947368421,2000.0,1.0000000000000002
20260213,29,246.56632,7323.404567713685,4076.525620345265,1229.684210526316,17.19473684210527,2000.0,1.0000000000000002
20260213,30,247.6801600000001,7508.546818021051,4199.809975915791,1249.052631578948,59.68421052631585,2000.0,1.0000000000000004
20260213,31,248.00412,7693.68906832842,4323.094331486317,1268.421052631579,102.1736842105263,2000.0,1.0000000000000004
20260213,32,248.794,7878.831318635786,4446.3786870568465,1287.789473684211,144.66315789473688,2000.0,1.000000000000001
20260213,33,249.84596,8063.973568943157,4569.66304262737,1307.157894736842,187.1526315789474,2000.0,1.0000000000000002
20260213,34,249.68944,8091.700186138945,4559.615975612634,1308.0,224.0842105263158,2000.0,1.0000000000000007
20260213,35,249.68944,8112.271547284209,4543.508389389476,1308.0,260.7631578947367,2000.0,1.0000000000000004
20260213,36,247.86762,8132.842908429473,4527.400803166316,1308.0,297.442105263158,2000.0,1.0000000000000002
20260213,37,247.6801600000001,8153.414269574736,4511.293216943159,1308.0,334.1210526315789,2000.0,1.0000000000000002
20260213,38,246.56632,8156.9918976,4499.0918976,1280.8,377.0999999999999,2000.0,1.0000000000000002
20260213,39,245.45248,8156.9918976,4487.712950231578,1247.8736842105259,421.4052631578948,2000.0,1.0
20260213,40,245.45248,8156.9918976,4476.3340028631565,1214.947368421053,465.7105263157895,2000.0,0.9999999999999998
20260213,41,245.45248,8156.9918976,4464.955055494736,1182.021052631579,510.01578947368415,2000.0,0.9999999999999999
20260213,42,245.45248,8142.681385498948,4446.591911814735,1155.1578947368419,540.9315789473685,2000.0,0.9999999999999997
20260213,43,245.45248,8122.110024353686,4425.173182248422,1130.947368421053,565.9894736842106,2000.0,1.0
20260213,44,245.45248,8101.53866320842,4403.754452682104,1106.736842105263,591.0473684210526,2000.0,1.0
20260213,45,245.45248,8080.967302063156,4382.335723115787,1082.526315789474,616.1052631578948,2000.0,1.0
20260213,46,244.72448,8072.023231999997,4369.875863578945,1067.621052631579,634.5263157894738,2000.0,1.0000000000000002
20260213,47,244.72448,8072.023231999997,4364.307442526315,1059.873684210526,647.8421052631577,2000.0,1.0000000000000002
20260213,48,244.72448,8072.023231999997,4358.739021473684,1052.1263157894741,661.1578947368421,2000.0,1.0000000000000004
20260213,49,244.72448,8072.023231999997,4353.170600421051,1044.378947368421,674.4736842105261,2000.0,1.0000000000000002
20260213,50,244.72448,8072.023231999997,4344.444284631577,1040.421052631579,687.1578947368421,2000.0,1.0000000000000002
20260213,51,244.33864,8072.023231999997,4331.612705684209,1041.389473684211,699.021052631579,2000.0,1.0000000000000002
20260213,52,244.33864,8072.023231999997,4318.781126736841,1042.357894736842,710.8842105263159,2000.0,1.0000000000000002
20260213,53,244.33864,8072.023231999997,4305.9495477894725,1043.326315789474,722.7473684210527,2000.0,1.0000000000000004
20260213,54,244.33864,8059.501533911578,4288.996270753683,1039.578947368421,730.9263157894737,2000.0,1.0
20260213,55,244.33864,8018.358811621051,4262.621969515787,1025.052631578948,730.6842105263158,2000.0,1.0
20260213,56,244.33864,7977.2160893305245,4236.247668277894,1010.526315789474,730.4421052631578,2000.0,1.0000000000000002
20260213,57,244.32044,7936.0733670399995,4209.873367039997,996.0000000000001,730.1999999999999,2000.0,0.9999999999999997
20260213,58,244.32044,7905.663528825262,4214.0635288252615,974.442105263158,717.1578947368419,2000.0,0.9999999999999999
20260213,59,244.72448,7926.2348899705285,4363.434889970528,919.4842105263161,643.3157894736843,2000.0,1.0
20260213,60,246.16228,7946.80625111579,4512.80625111579,864.5263157894738,569.473684210526,2000.0,0.9999999999999999
20260213,61,246.56632,7967.377612261053,4662.17761226105,809.5684210526315,495.6315789473684,2000.0,0.9999999999999996
20260213,62,247.6801600000001,7991.526601431577,4810.547654063157,757.9894736842105,422.9894736842106,2000.0,1.0000000000000002
20260213,63,248.00412,8094.383407157893,4936.88867031579,780.7473684210527,376.7473684210525,2000.0,1.0000000000000002
20260213,64,248.794,8197.24021288421,5063.229686568424,803.5052631578948,330.50526315789483,2000.0,1.0000000000000004
20260213,65,249.84596,8300.097018610526,5189.570702821053,826.2631578947368,284.263157894737,2000.0,1.0
20260213,66,251.51126,8402.95382433684,5315.911719073684,849.021052631579,238.0210526315788,2000.0,1.0
20260213,67,251.51126,8430.68044153263,5340.596231006315,890.1263157894734,199.9578947368424,2000.0,1.0000000000000002
20260213,68,251.6878,8451.251802677893,5355.599171098946,932.9789473684208,162.6736842105263,2000.0,1.0
20260213,69,251.6878,8471.82316382316,5370.602111191581,975.8315789473684,125.3894736842104,2000.0,1.0
20260213,70,251.6878,8492.39452496842,5385.6050512842085,1018.6842105263149,88.10526315789498,2000.0,0.9999999999999998
20260213,71,253.33308,8496.866559999999,5432.066559999997,999.957894736842,64.84210526315792,2000.0,0.9999999999999998
20260213,72,253.52964,8496.866559999999,5487.266559999995,964.1263157894734,45.47368421052624,2000.0,0.9999999999999996
20260213,73,255.1549,8496.866559999999,5542.466559999994,928.2947368421054,26.105263157894846,2000.0,0.9999999999999996
20260213,74,255.1549,8496.866559999999,5597.666559999993,892.4631578947369,6.736842105263176,2000.0,0.9999999999999993
20260213,75,255.1549,8443.202139621053,5569.83371856842,873.3684210526314,0.0,2000.0,0.9999999999999998
20260213,76,253.52964,8360.916695040003,5497.716695039999,863.1999999999999,0.0,2000.0,0.9999999999999996
20260213,77,253.33308,8278.631250458948,5425.599671511578,853.0315789473684,0.0,2000.0,0.9999999999999998
20260213,78,251.6878,8196.345805877894,5353.482647983158,842.8631578947366,0.0,2000.0,1.0
20260213,79,251.51126,8103.327477221052,5282.127477221053,821.2000000000003,0.0,2000.0,1.0000000000000002
20260213,80,249.84596,8000.470671494736,5211.470671494736,789.0,0.0,2000.0,1.0
20260213,81,249.68944,7897.6138657684205,5140.813865768422,756.7999999999998,0.0,2000.0,1.0000000000000002
20260213,82,248.794,7794.757060042108,5070.157060042108,724.6000000000003,0.0,2000.0,1.0000000000000002
20260213,83,248.40816,7667.7512651452635,4971.182844092633,696.5684210526316,0.0,2000.0,1.0000000000000002
20260213,84,247.86762,7503.180375983156,4828.159323351577,675.0210526315789,0.0,2000.0,0.9999999999999999
20260213,85,247.6801600000001,7338.609486821053,4685.135802610526,653.4736842105265,0.0,2000.0,1.0
20260213,86,247.6801600000001,7174.038597658948,4542.112281869477,631.9263157894736,0.0,2000.0,1.0000000000000004
20260213,87,247.6801600000001,6998.7348244210525,4381.471666526316,617.2631578947368,0.0,2000.0,1.0
20260213,88,246.16228,6793.021212968422,4170.915949810529,622.1052631578948,0.0,2000.0,1.0000000000000002
20260213,89,244.33864,6587.307601515789,3960.360233094736,626.9473684210526,0.0,2000.0,0.9999999999999999
20260213,90,243.2248,6381.593990063157,3749.804516378946,631.7894736842104,0.0,2000.0,0.9999999999999999
20260213,91,241.0408,6175.880378610527,3537.1961680842114,638.6842105263157,0.0,2000.0,1.0
20260213,92,239.88328,5970.166767157893,3310.9036092631577,659.2631578947369,0.0,2000.0,1.0000000000000002
20260213,93,237.35712,5764.453155705263,3084.611050442106,679.842105263158,0.0,2000.0,1.0
20260213,94,235.51528,5558.739544252633,2858.3184916210557,700.4210526315788,0.0,2000.0,1.0000000000000002
20260213,95,216.57272,5353.0259328,2632.025932800001,721.0,0.0,2000.0,1.0000000000000002
20260214,0,235.51528,5576.718950399999,2783.718950400002,793.0,0.0,2000.0,1.0000000000000004
20260214,1,233.67344,5496.112800606316,2701.418063764212,794.6947368421054,0.0,2000.0,1.0000000000000002
20260214,2,231.30016,5415.506650812632,2619.117177128421,796.3894736842105,0.0,2000.0,1.0
20260214,3,230.18632,5334.900501018948,2536.816290492633,798.0842105263159,0.0,2000.0,1.0000000000000002
20260214,4,229.07248,5254.294351225264,2454.5154038568453,799.778947368421,0.0,2000.0,1.0000000000000004
20260214,5,227.95864,5191.211277473683,2384.474435368423,806.7368421052631,0.0,2000.0,1.0000000000000004
20260214,6,226.8448,5130.75666512842,2316.272454602106,814.4842105263159,0.0,2000.0,1.0000000000000004
20260214,7,225.73096,5070.302052783157,2248.070473835792,822.2315789473685,0.0,2000.0,1.0000000000000007
20260214,8,853.98584,5063.135734072021,2233.156786703601,829.978947368421,0.0,2000.0,1.0000000000000004
20260214,9,853.98584,5038.138504155122,2231.906925207756,806.2315789473685,0.0,2000.0,1.0000000000000004
20260214,10,853.98584,5001.440443213294,2230.072022160665,771.3684210526317,0.0,2000.0,1.0000000000000004
20260214,11,853.98584,4964.742382271465,2228.237119113574,736.5052631578947,0.0,2000.0,1.0000000000000004
20260214,12,853.98584,4928.044321329638,2226.4022160664817,701.642105263158,0.0,2000.0,1.0000000000000004
20260214,13,853.98584,4911.822714681439,2225.591135734071,686.2315789473686,0.0,2000.0,1.0000000000000002
20260214,14,225.73096,4910.8420608000015,2227.5157450105303,683.3263157894737,0.0,2000.0,1.0000000000000007
20260214,15,225.73096,4910.8420608000015,2230.421008168424,680.4210526315791,0.0,2000.0,1.0000000000000004
20260214,16,225.73096,4910.8420608000015,2233.326271326318,677.5157894736843,0.0,2000.0,1.0000000000000002
20260214,17,853.98584,4943.468144044318,2227.173407202216,716.2947368421051,0.0,2000.0,1.0000000000000004
20260214,18,853.98584,5032.1551246537365,2231.607756232686,800.5473684210526,0.0,2000.0,1.0000000000000004
20260214,19,853.98584,5120.842105263155,2236.042105263157,884.8,0.0,2000.0,1.0000000000000004
20260214,20,853.98584,5209.529085872572,2240.476454293627,969.0526315789473,0.0,2000.0,1.0000000000000004
20260214,21,853.98584,5262.493074792242,2243.124653739613,1019.3684210526319,0.0,2000.0,1.0000000000000007
20260214,22,219.37552,5374.327422113684,2368.274790534739,1006.0526315789471,0.0,2000.0,1.0000000000000004
20260214,23,238.76944,5656.44894639158,2663.7121042863178,992.736842105263,0.0,2000.0,1.0000000000000002
20260214,24,233.67344,5938.570470669475,2959.149418037898,979.4210526315788,0.0,2000.0,1.0000000000000002
20260214,25,235.51528,6211.930456926314,3253.0094042947385,958.2105263157896,0.7105263157894698,2000.0,1.0000000000000007
20260214,26,237.35712,6453.748906307369,3541.191011570529,908.578947368421,3.9789473684210526,2000.0,1.0000000000000004
20260214,27,239.88328,6695.56735568842,3829.3726188463183,858.9473684210526,7.247368421052636,2000.0,1.0000000000000004
20260214,28,242.11096,6937.3858050694735,4117.554226122107,809.315789473684,10.51578947368421,2000.0,1.0000000000000002
20260214,29,243.2248,7173.947331637894,4392.75259479579,763.1578947368421,18.03684210526317,2000.0,1.0000000000000002
20260214,30,244.33864,7355.311168673687,4531.626958147366,753.4736842105265,70.21052631578955,2000.0,0.9999999999999993
20260214,31,245.45248,7536.675005709473,4670.501321498945,743.7894736842105,122.3842105263157,2000.0,0.9999999999999998
20260214,32,246.16228,7718.038842745263,4809.375684850525,734.1052631578947,174.5578947368422,2000.0,1.0
20260214,33,246.56632,7899.402679781052,4948.250048202105,724.4210526315788,226.7315789473686,2000.0,1.0000000000000002
20260214,34,246.56632,7926.563447646315,4922.616079225263,716.5894736842106,287.35789473684207,2000.0,1.0000000000000002
20260214,35,246.56632,7946.714985094736,4889.504458778947,708.8421052631579,348.36842105263133,2000.0,1.0000000000000002
20260214,36,246.16228,7966.86652254316,4856.39283833263,701.0947368421052,409.3789473684211,2000.0,0.9999999999999996
20260214,37,246.16228,7987.018059991578,4823.281217886314,693.3473684210526,470.3894736842105,2000.0,0.9999999999999998
20260214,38,245.45248,7990.522675200001,4732.722675199999,720.8,536.9999999999999,2000.0,0.9999999999999998
20260214,39,244.72448,7990.522675200001,4630.07004362105,755.6631578947369,604.7894736842106,2000.0,0.9999999999999997
20260214,40,244.33864,7990.522675200001,4527.417412042103,790.5263157894738,672.578947368421,2000.0,0.9999999999999996
20260214,41,244.32044,7990.522675200001,4424.764780463157,825.3894736842107,740.3684210526314,2000.0,0.9999999999999998
20260214,42,243.2248,7976.504214366315,4349.777898576841,848.8000000000002,777.9263157894738,2000.0,1.0
20260214,43,243.2248,7956.352676917895,4286.894782181054,867.2,802.2578947368421,2000.0,1.0000000000000002
20260214,44,242.88264,7936.201139469474,4224.011665785265,885.6,826.5894736842105,2000.0,1.0000000000000002
20260214,45,242.11096,7916.049602021053,4161.128549389475,903.9999999999999,850.9210526315788,2000.0,1.0000000000000002
20260214,46,242.11096,7907.288063999999,4128.0406955789485,909.8105263157894,869.4368421052632,2000.0,1.0000000000000002
20260214,47,242.11096,7907.288063999999,4117.872274526316,905.9368421052632,883.4789473684209,2000.0,1.0000000000000002
20260214,48,242.11096,7907.288063999999,4107.703853473685,902.0631578947366,897.521052631579,2000.0,1.0000000000000002
20260214,49,242.11096,7907.288063999999,4097.535432421054,898.1894736842106,911.5631578947368,2000.0,1.0000000000000002
20260214,50,242.11096,7907.288063999999,4105.945958736844,886.3157894736842,915.0263157894734,2000.0,1.0000000000000002
20260214,51,242.11096,7907.288063999999,4138.509116631581,864.0421052631579,904.7368421052631,2000.0,1.0000000000000004
20260214,52,242.11096,7907.288063999999,4171.072274526315,841.7684210526315,894.4473684210527,2000.0,0.9999999999999999
20260214,53,242.11096,7907.288063999999,4203.635432421054,819.4947368421052,884.1578947368422,2000.0,1.0000000000000004
20260214,54,242.88264,7895.021910770525,4228.353489717894,796.042105263158,870.6263157894736,2000.0,1.0000000000000002
20260214,55,242.88264,7854.718835873683,4235.139888505262,769.8947368421051,849.684210526316,2000.0,1.0
20260214,56,242.88264,7814.415760976843,4241.926287292631,743.7473684210527,828.7421052631579,2000.0,0.9999999999999999
20260214,57,242.88264,7774.1126860800005,4248.712686080002,717.5999999999998,807.7999999999997,2000.0,1.0000000000000002
20260214,58,243.2248,7744.323456808423,4272.960298913682,693.3052631578947,778.0578947368422,2000.0,0.9999999999999996
20260214,59,243.2248,7764.474994256842,4380.14867846737,677.8105263157896,706.5157894736844,2000.0,1.0000000000000002
20260214,60,244.33864,7784.626531705263,4487.337058021049,662.3157894736842,634.9736842105261,2000.0,0.9999999999999996
20260214,61,244.33864,7804.7780691536855,4594.525437574735,646.8210526315789,563.4315789473683,2000.0,0.9999999999999997
20260214,62,245.45248,7828.434221810524,4704.707906021049,631.4947368421052,492.2315789473686,2000.0,0.9999999999999999
20260214,63,246.56632,7929.191909052632,4880.760330105262,619.8736842105264,428.55789473684194,2000.0,0.9999999999999999
20260214,64,247.6801600000001,8029.949596294738,5056.812754189476,608.2526315789473,364.8842105263157,2000.0,1.0000000000000002
20260214,65,247.86762,8130.707283536843,5232.865178273684,596.6315789473683,301.2105263157896,2000.0,0.9999999999999999
20260214,66,248.794,8231.464970778949,5408.917602357896,585.0105263157894,237.536842105263,2000.0,0.9999999999999998
20260214,67,248.794,8258.62573864421,5484.183633381052,579.3578947368422,195.0842105263161,2000.0,1.0
20260214,68,249.84596,8278.777276092633,5549.850960303159,574.2736842105263,154.6526315789475,2000.0,1.0
20260214,69,250.2500000000001,8298.928813541055,5615.518287225262,569.1894736842105,114.2210526315788,2000.0,0.9999999999999993
20260214,70,251.51126,8319.080350989472,5681.185614147364,564.1052631578948,73.78947368421079,2000.0,0.9999999999999996
20260214,71,251.6878,8323.461119999998,5735.62954105263,535.1473684210526,52.68421052631581,2000.0,1.0
20260214,72,253.33308,8323.461119999998,5786.955856842102,499.557894736842,36.947368421052566,2000.0,0.9999999999999998
20260214,73,253.52964,8323.461119999998,5838.282172631575,463.9684210526319,21.210526315789572,2000.0,0.9999999999999998
20260214,74,255.1549,8323.461119999998,5889.60848842105,428.37894736842105,5.473684210526332,2000.0,1.0
20260214,75,255.1549,8270.891891873684,5873.207681347369,397.68421052631567,0.0,2000.0,1.0000000000000002
20260214,76,253.52964,8190.28574208,5820.685742079998,369.6000000000002,0.0,2000.0,0.9999999999999998
20260214,77,253.33308,8109.679592286315,5768.1638028126345,341.5157894736843,0.0,2000.0,1.0000000000000004
20260214,78,251.6878,8029.0734424926295,5715.641863545261,313.4315789473683,0.0,2000.0,1.0
20260214,79,250.2500000000001,7937.953447073684,5635.048183915788,302.9052631578947,0.0,2000.0,0.9999999999999998
20260214,80,249.84596,7837.195759831582,5528.722075621054,308.4736842105263,0.0,2000.0,0.9999999999999998
20260214,81,249.84596,7736.438072589473,5422.395967326315,314.0421052631579,0.0,2000.0,1.0
20260214,82,251.6878,7635.680385347369,5316.069859031577,319.61052631578946,0.0,2000.0,0.9999999999999997
20260214,83,250.2500000000001,7511.266545448423,5185.519177027367,325.74736842105267,0.0,2000.0,0.9999999999999996
20260214,84,248.794,7350.054245861051,5017.285824808422,332.7684210526316,0.0,2000.0,1.0000000000000004
20260214,85,248.00412,7188.841946273685,4849.052472589474,339.7894736842104,0.0,2000.0,0.9999999999999999
20260214,86,246.56632,7027.629646686316,4680.819120370525,346.8105263157894,0.0,2000.0,0.9999999999999998
20260214,87,246.16228,6855.903501473682,4501.882448842101,354.02105263157904,0.0,2000.0,0.9999999999999998
20260214,88,244.72448,6654.388126989474,4292.619705936842,361.7684210526316,0.0,2000.0,1.0
20260214,89,244.32044,6452.872752505263,4083.356963031579,369.5157894736842,0.0,2000.0,1.0000000000000002
20260214,90,242.88264,6251.357378021052,3874.0942201263138,377.2631578947369,0.0,2000.0,0.9999999999999999
20260214,91,240.99712,6049.842003536842,3662.684108800002,387.157894736842,0.0,2000.0,1.0000000000000002
20260214,92,239.88328,5848.326629052631,3436.958208000001,411.36842105263156,0.0,2000.0,1.0000000000000002
20260214,93,238.76944,5646.811254568421,3211.2323072000004,435.57894736842127,0.0,2000.0,1.0000000000000002
20260214,94,235.51528,5445.29588008421,2985.506406400004,459.78947368421046,0.0,2000.0,1.0000000000000009
20260214,95,223.74352,5243.780505600001,2759.780505600003,484.00000000000006,0.0,2000.0,1.0000000000000004
20260215,0,231.30016,5460.5373056,2895.537305600002,565.0,0.0,2000.0,1.0000000000000004
20260215,1,230.18632,5381.610450593685,2821.210450593686,560.4000000000001,0.0,2000.0,1.0000000000000002
20260215,2,229.07248,5302.683595587368,2746.883595587369,555.8,0.0,2000.0,1.0000000000000004
20260215,3,227.95864,5223.756740581052,2672.5567405810552,551.1999999999999,0.0,2000.0,1.0000000000000004
20260215,4,226.8448,5144.829885574737,2598.229885574739,546.5999999999999,0.0,2000.0,1.0000000000000004
20260215,5,853.98584,5088.864265927974,2534.443213296398,554.4210526315788,0.0,2000.0,1.0000000000000004
20260215,6,853.98584,5099.058171745149,2534.952908587256,564.1052631578948,0.0,2000.0,1.0000000000000004
20260215,7,853.98584,5014.515235457059,2440.725761772852,573.7894736842104,0.0,2000.0,1.0000000000000004
20260215,8,853.98584,5024.709141274235,2441.235457063711,583.4736842105262,0.0,2000.0,1.0000000000000004
20260215,9,853.98584,5005.518005540162,2440.2759002770067,565.2421052631579,0.0,2000.0,1.0000000000000004
20260215,10,853.98584,4975.955678670356,2438.797783933517,537.1578947368421,0.0,2000.0,1.0000000000000007
20260215,11,853.98584,4946.39335180055,2437.3196675900263,509.07368421052627,0.0,2000.0,1.0000000000000004
20260215,12,853.98584,4916.831024930745,2435.841551246537,480.98947368421045,0.0,2000.0,1.0000000000000004
20260215,13,853.98584,4898.903047091408,2434.945152354569,463.95789473684215,0.0,2000.0,1.0000000000000007
20260215,14,853.98584,4888.454293628804,2434.422714681439,454.0315789473684,0.0,2000.0,1.0000000000000007
20260215,15,853.98584,4878.005540166199,2433.9002770083093,444.10526315789457,0.0,2000.0,1.0000000000000009
20260215,16,853.98584,4867.556786703597,2433.377839335179,434.17894736842106,0.0,2000.0,1.0000000000000007
20260215,17,853.98584,4873.074792243764,2433.653739612188,439.42105263157896,0.0,2000.0,1.0000000000000007
20260215,18,853.98584,4896.011080332406,2434.80055401662,461.2105263157894,0.0,2000.0,1.0000000000000007
20260215,19,853.98584,4918.947368421047,2435.947368421051,483.0,0.0,2000.0,1.0000000000000009
20260215,20,853.98584,4941.883656509692,2437.0941828254827,504.7894736842106,0.0,2000.0,1.0000000000000004
20260215,21,211.81888,4986.118274964212,2463.58143285895,522.5368421052632,0.0,2000.0,1.0000000000000002
20260215,22,235.51528,5262.362267486315,2729.657004328423,532.7052631578947,0.0,2000.0,1.0000000000000004
20260215,23,238.76944,5538.606260008422,2995.732575797897,542.8736842105262,0.0,2000.0,1.0000000000000002
20260215,24,237.35712,5814.850252530527,3261.808147267372,553.042105263158,0.0,2000.0,1.0000000000000007
20260215,25,239.88328,6082.515239073684,3525.462607494737,556.2631578947369,0.789473684210522,2000.0,1.0
20260215,26,241.0408,6319.2958040926305,3780.401067250527,534.4736842105262,4.421052631578948,2000.0,1.0000000000000002
20260215,27,243.2248,6556.07636911158,4035.339527006316,512.6842105263157,8.052631578947373,2000.0,0.9999999999999999
20260215,28,244.33864,6792.856934130525,4290.277986762105,490.89473684210515,11.68421052631579,2000.0,1.0000000000000002
20260215,29,246.16228,7024.490095562105,4536.047990298946,469.00000000000006,19.44210526315791,2000.0,0.9999999999999999
20260215,30,245.45248,7202.075519326317,4685.549203536841,445.99999999999983,70.52631578947376,2000.0,0.9999999999999997
20260215,31,246.16228,7379.660943090528,4835.050416774731,423.00000000000006,121.61052631578939,2000.0,0.999999999999999
20260215,32,246.56632,7557.246366854735,4984.551630012627,400.0,172.6947368421053,2000.0,0.9999999999999997
20260215,33,247.6801600000001,7734.831790618945,5134.052843250527,377.0,223.77894736842111,2000.0,1.0000000000000004
20260215,34,246.56632,7761.426709153683,5076.058288101052,388.7368421052632,296.6315789473684,2000.0,1.0000000000000002
20260215,35,246.56632,7781.158422905262,5008.632107115788,402.0526315789473,370.47368421052613,2000.0,0.9999999999999999
20260215,36,246.56632,7800.8901366568425,4941.205926130526,415.36842105263156,444.3157894736844,2000.0,0.9999999999999999
20260215,37,246.16228,7820.621850408419,4873.779745145264,428.6842105263157,518.1578947368421,2000.0,1.0000000000000004
20260215,38,246.16228,7824.053452799998,4819.353452799997,426.6,578.0999999999998,2000.0,0.9999999999999999
20260215,39,245.45248,7824.053452799998,4767.663979115787,421.27368421052614,635.1157894736842,2000.0,0.9999999999999999
20260215,40,245.45248,7824.053452799998,4715.974505431577,415.94736842105266,692.1315789473683,2000.0,1.0
20260215,41,245.45248,7824.053452799998,4664.285031747366,410.621052631579,749.1473684210525,2000.0,0.9999999999999999
20260215,42,244.72448,7810.327043233683,4597.1849379705245,423.82105263157894,789.3210526315789,2000.0,0.9999999999999999
20260215,43,244.33864,7790.595329482105,4523.342697903157,445.12631578947367,822.1263157894738,2000.0,1.0
20260215,44,244.33864,7770.863615730526,4449.500457835786,466.4315789473683,854.9315789473685,2000.0,0.9999999999999996
20260215,45,244.32044,7751.131901978947,4375.658217768422,487.73684210526335,887.7368421052631,2000.0,1.0000000000000002
20260215,46,243.2248,7742.552895999999,4349.916053894735,484.0,908.6368421052631,2000.0,0.9999999999999999
20260215,47,243.2248,7742.552895999999,4361.173948631577,460.99999999999994,920.3789473684209,2000.0,0.9999999999999999
20260215,48,243.2248,7742.552895999999,4372.43184336842,438.00000000000006,932.121052631579,2000.0,1.0
20260215,49,244.32044,7742.552895999999,4383.689738105262,415.00000000000006,943.8631578947368,2000.0,1.0
20260215,50,244.32044,7742.552895999999,4394.947632842104,385.7894736842106,961.8157894736839,2000.0,1.0
20260215,51,244.32044,7742.552895999999,4406.205527578946,348.5052631578947,987.8421052631578,2000.0,0.9999999999999999
20260215,52,244.32044,7742.552895999999,4417.463422315786,311.221052631579,1013.8684210526319,2000.0,0.9999999999999998
20260215,53,244.32044,7742.552895999999,4428.721317052629,273.9368421052633,1039.894736842105,2000.0,0.9999999999999998
20260215,54,244.32044,7730.542287629474,4439.537024471576,246.5263157894737,1044.478947368421,2000.0,0.9999999999999996
20260215,55,244.33864,7691.078860126315,4449.3420180210505,241.6842105263158,1000.052631578947,2000.0,0.9999999999999998
20260215,56,244.33864,7651.615432623159,4459.147011570522,236.84210526315792,955.6263157894737,2000.0,0.9999999999999993
20260215,57,244.33864,7612.152005120002,4468.952005119998,231.99999999999997,911.1999999999998,2000.0,0.9999999999999994
20260215,58,244.33864,7582.983384791578,4490.02022689684,227.49473684210528,865.4684210526316,2000.0,0.9999999999999998
20260215,59,244.33864,7602.715098543159,4564.588782753685,224.5894736842105,813.5368421052633,2000.0,1.0
20260215,60,245.13944,7622.446812294737,4639.157338610526,221.68421052631578,761.6052631578946,2000.0,0.9999999999999999
20260215,61,245.45248,7642.178526046317,4713.725894467366,218.7789473684211,709.6736842105262,2000.0,0.9999999999999997
20260215,62,245.45248,7665.341842189474,4792.573421136843,216.52631578947367,656.242105263158,2000.0,1.0
20260215,63,246.56632,7764.000410947371,4965.55830568421,228.63157894736852,569.8105263157892,2000.0,0.9999999999999996
20260215,64,247.6801600000001,7862.658979705263,5138.543190231579,240.73684210526318,483.37894736842105,2000.0,1.0
20260215,65,248.00412,7961.3175484631565,5311.528074778945,252.8421052631579,396.94736842105283,2000.0,0.9999999999999998
20260215,66,248.794,8059.976117221054,5484.51295932632,264.9473684210527,310.5157894736839,2000.0,1.0000000000000004
20260215,67,248.794,8086.571035755789,5556.697351545263,275.06315789473683,254.81052631578982,2000.0,1.0
20260215,68,249.68944,8106.302749507369,5619.281696875791,284.9894736842105,202.03157894736853,2000.0,1.0000000000000002
20260215,69,249.84596,8126.034463258948,5681.866042206315,294.9157894736842,149.2526315789472,2000.0,0.9999999999999999
20260215,70,250.70864,8145.766177010525,5744.450387536838,304.8421052631578,96.47368421052663,2000.0,0.9999999999999997
20260215,71,251.51126,8150.055679999999,5780.792522105263,300.3684210526315,68.8947368421053,2000.0,1.0000000000000002
20260215,72,251.6878,8150.055679999999,5809.845153684209,291.8947368421053,48.31578947368413,2000.0,1.0
20260215,73,251.6878,8150.055679999999,5838.89778526316,283.421052631579,27.736842105263282,2000.0,1.0000000000000004
20260215,74,251.82248,8150.055679999999,5867.950416842106,274.9473684210527,7.157894736842127,2000.0,1.0000000000000004
20260215,75,251.6878,8098.581644126315,5831.634275705262,266.9473684210526,0.0,2000.0,0.9999999999999999
20260215,76,250.70864,8019.65478912,5760.454789119999,259.2000000000001,0.0,2000.0,0.9999999999999999
20260215,77,249.84596,7940.727934113683,5689.275302534736,251.4526315789474,0.0,2000.0,1.0
20260215,78,249.68944,7861.80107910737,5618.095815949474,243.7052631578947,0.0,2000.0,0.9999999999999998
20260215,79,248.794,7772.579416926317,5532.95836429474,239.621052631579,0.0,2000.0,1.0000000000000002
20260215,80,248.794,7673.92084816842,5435.026111326317,238.89473684210532,0.0,2000.0,1.0000000000000002
20260215,81,248.794,7575.262279410526,5337.0938583578945,238.1684210526315,0.0,2000.0,1.0
20260215,82,248.00412,7476.603710652634,5239.161605389474,237.44210526315788,0.0,2000.0,0.9999999999999998
20260215,83,247.6801600000001,7354.78182575158,5119.013404698946,235.7684210526316,0.0,2000.0,0.9999999999999997
20260215,84,246.56632,7196.928115738945,4964.307063107368,232.6210526315789,0.0,2000.0,1.0000000000000002
20260215,85,246.25328,7039.074405726316,4809.60072151579,229.47368421052633,0.0,2000.0,1.0
20260215,86,245.45248,6881.220695713684,4654.894379924208,226.3263157894737,0.0,2000.0,0.9999999999999996
20260215,87,244.33864,6713.072178526315,4490.461652210524,222.6105263157895,0.0,2000.0,0.9999999999999999
20260215,88,244.32044,6515.755041010526,4298.47083048421,217.2842105263158,0.0,2000.0,1.0
20260215,89,242.88264,6318.437903494737,4106.480008757894,211.9578947368421,0.0,2000.0,0.9999999999999999
20260215,90,241.0408,6121.120765978947,3914.4891870315805,206.6315789473684,0.0,2000.0,1.0000000000000002
20260215,91,239.88328,5923.803628463158,3721.393102147373,202.4105263157895,0.0,2000.0,1.0000000000000007
20260215,92,238.76944,5726.486490947369,3520.9285962105278,205.55789473684212,0.0,2000.0,1.0000000000000002
20260215,93,232.414,5529.169353431578,3320.4640902736865,208.70526315789482,0.0,2000.0,1.0000000000000007
20260215,94,233.67344,5331.852215915788,3119.9995843368442,211.85263157894738,0.0,2000.0,1.0000000000000004
20260215,95,223.35768,5134.535078399999,2919.535078400003,215.0,0.0,2000.0,1.0000000000000007
20260216,0,246.56632,5207.3653632000005,2878.365363199998,329.0,0.0,2000.0,0.9999999999999994
20260216,1,246.16228,5110.386089229474,2726.428194492632,383.9578947368421,0.0,2000.0,1.0
20260216,2,244.72448,5013.406815258949,2574.491025785263,438.9157894736842,0.0,2000.0,0.9999999999999997
20260216,3,244.32044,4916.427541288421,2422.5538570778954,493.8736842105262,0.0,2000.0,1.0000000000000002
20260216,4,245.45248,4819.448267317895,2270.6166883705278,548.8315789473685,0.0,2000.0,1.0000000000000002
20260216,5,244.32044,4750.578927831578,2148.052612042106,602.5263157894736,0.0,2000.0,1.0000000000000004
20260216,6,242.88264,4685.926078517897,2029.894499570528,656.0315789473684,0.0,2000.0,1.0
20260216,7,242.88264,4621.273229204211,1911.7363870989489,709.536842105263,0.0,2000.0,1.0000000000000002
20260216,8,244.72448,4556.620379890528,1793.578274627371,763.042105263158,0.0,2000.0,1.0000000000000002
20260216,9,244.32044,4515.860974888422,1752.460974888422,763.4000000000001,0.0,2000.0,1.0
20260216,10,244.32044,4483.53455023158,1738.53455023158,745.0,0.0,2000.0,0.9999999999999998
20260216,11,244.32044,4451.208125574738,1724.608125574738,726.6,0.0,2000.0,1.0
20260216,12,244.32044,4418.881700917895,1710.681700917896,708.2,0.0,2000.0,1.0000000000000004
20260216,13,242.88264,4386.555276261052,1677.155276261054,709.4,0.0,2000.0,1.0000000000000004
20260216,14,854.7916210526315,4382.315789473682,1659.115789473684,723.2,0.0,2000.0,1.0000000000000004
20260216,15,854.7916210526315,4396.842105263157,1659.842105263159,736.9999999999999,0.0,2000.0,1.0000000000000004
20260216,16,854.88856,4411.36842105263,1660.568421052632,750.8000000000001,0.0,2000.0,1.0000000000000004
20260216,17,854.88856,4420.0443213296385,1661.002216066483,759.0421052631579,0.0,2000.0,1.0000000000000004
20260216,18,854.88856,4422.337950138503,1661.1168975069259,761.2210526315788,0.0,2000.0,1.0000000000000002
20260216,19,854.88856,4424.6315789473665,1661.2315789473691,763.4000000000001,0.0,2000.0,1.0000000000000007
20260216,20,854.88856,4426.92520775623,1661.346260387812,765.5789473684209,0.0,2000.0,1.0000000000000007
20260216,21,854.88856,4418.315789473683,1660.915789473685,757.4,0.0,2000.0,1.0000000000000004
20260216,22,854.7916210526315,4389.263157894735,1659.4631578947378,729.8000000000002,0.0,2000.0,1.0000000000000009
20260216,23,242.88264,4377.419547553684,1675.2195475536857,702.2,0.0,2000.0,1.0000000000000002
20260216,24,244.32044,4393.582759882105,1718.982759882108,674.6,0.0,2000.0,1.0000000000000007
20260216,25,244.72448,4420.287197642104,1775.4977239578948,644.0526315789474,0.7368421052631539,2000.0,1.0000000000000004
20260216,26,247.86762,4484.9400469557895,1877.9189943242081,602.8947368421052,4.126315789473685,2000.0,0.9999999999999994
20260216,27,855.0059021052632,4725.529085872575,2156.276454293628,561.7368421052631,7.515789473684214,2000.0,1.0
20260216,28,853.9272168421054,4685.772853185594,2154.288642659279,520.5789473684212,10.90526315789473,2000.0,1.0000000000000004
20260216,29,225.73096,4687.331575242105,2189.9105226105307,478.8736842105264,18.54736842105264,2000.0,1.0000000000000009
20260216,30,227.95864,4848.963698526316,2346.700540631581,431.42105263157885,70.84210526315796,2000.0,1.0000000000000004
20260216,31,231.30016,5010.595821810526,2503.4905586526334,383.9684210526316,123.1368421052631,2000.0,1.0000000000000004
20260216,32,232.414,5172.227945094736,2660.280576673686,336.5157894736842,175.4315789473684,2000.0,1.0000000000000004
20260216,33,244.14208,5333.860068378948,2817.07059469474,289.06315789473683,227.7263157894737,2000.0,1.0000000000000004
20260216,34,244.32044,5464.571263730525,2905.423895309475,257.12631578947367,302.02105263157887,2000.0,1.0000000000000004
20260216,35,244.72448,5593.876962357895,2990.666436042107,225.8947368421054,377.315789473684,2000.0,1.0000000000000002
20260216,36,246.16228,5723.182660985264,3075.908976774739,194.6631578947368,452.61052631578957,2000.0,1.0000000000000002
20260216,37,247.86762,5852.488359612632,3161.151517507371,163.4315789473684,527.9052631578948,2000.0,1.0000000000000004
20260216,38,247.86762,5901.68074496,3145.380744960002,160.8,595.4999999999999,2000.0,1.0000000000000002
20260216,39,246.56632,5934.0071696168425,3108.344011722109,164.1894736842105,661.4736842105265,2000.0,1.0000000000000007
20260216,40,246.16228,5966.333594273684,3071.307278484212,167.578947368421,727.4473684210527,2000.0,1.0000000000000002
20260216,41,246.16228,5998.660018930527,3034.270545246317,170.96842105263158,793.421052631579,2000.0,1.0
20260216,42,244.72448,6019.742469793684,3012.179311898948,170.1473684210526,837.4157894736843,2000.0,1.0000000000000002
20260216,43,244.72448,6035.905682122106,2996.6267347536836,167.4842105263158,871.7947368421053,2000.0,0.9999999999999999
20260216,44,244.72448,6052.068894450526,2981.074157608423,164.82105263157888,906.1736842105264,2000.0,1.0000000000000002
20260216,45,244.32044,6068.232106778947,2965.52158046316,162.1578947368421,940.5526315789473,2000.0,1.0000000000000002
20260216,46,244.32044,6066.123861692631,2951.950177482106,158.6736842105263,955.5,2000.0,1.0000000000000002
20260216,47,244.32044,6049.9606493642095,2939.902754627368,154.5578947368421,955.5,2000.0,1.0
20260216,48,244.32044,6033.797437035789,2927.855331772635,150.4421052631579,955.5,2000.0,1.0000000000000007
20260216,49,244.32044,6017.634224707367,2915.807908917894,146.3263157894737,955.5000000000001,2000.0,1.0000000000000002
20260216,50,242.88264,5994.4435287578945,2893.680370863159,140.3157894736843,960.4473684210525,2000.0,1.0000000000000002
20260216,51,241.0408,5962.117104101051,2858.448683048422,131.8421052631578,971.8263157894736,2000.0,1.0000000000000002
20260216,52,241.0408,5929.7906794442115,2823.216995233684,123.3684210526315,983.2052631578947,2000.0,0.9999999999999999
20260216,53,239.1989600000001,5897.464254787369,2787.985307418949,114.89473684210529,994.5842105263159,2000.0,1.0000000000000002
20260216,54,237.35712,5870.057068665262,2769.241279191582,109.00000000000001,991.815789473684,2000.0,1.0000000000000007
20260216,55,239.1989600000001,5853.893856336843,2788.183330021054,109.00000000000001,956.7105263157894,2000.0,1.0000000000000002
20260216,56,239.1989600000001,5837.730644008421,2807.1253808505267,109.00000000000001,921.6052631578949,2000.0,1.0
20260216,57,241.0408,5821.56743168,2826.067431680003,109.00000000000001,886.5,2000.0,1.0000000000000007
20260216,58,241.0408,5808.2152128,2853.420475957895,108.91578947368421,845.8789473684211,2000.0,1.0
20260216,59,244.32044,5808.2152128,2920.725739115788,108.4315789473684,779.0578947368423,2000.0,0.9999999999999999
20260216,60,244.72448,5808.2152128,2988.031002273685,107.94736842105259,712.2368421052629,2000.0,1.0
20260216,61,246.16228,5808.2152128,3055.3362654315792,107.4631578947368,645.4157894736842,2000.0,1.0
20260216,62,247.86762,5811.026206248422,3124.584100985264,108.17894736842099,578.2631578947369,2000.0,1.0
20260216,63,248.00412,5875.679055562104,3236.5685292463168,135.2947368421054,503.8157894736841,2000.0,1.0000000000000004
20260216,64,246.56632,5940.331904875789,3348.552957507372,162.4105263157895,429.36842105263156,2000.0,1.0000000000000007
20260216,65,247.86762,6004.984754189472,3460.537385768422,189.5263157894736,354.921052631579,2000.0,1.0000000000000004
20260216,66,247.86762,6069.637603503159,3572.5218140294774,216.64210526315802,280.47368421052613,2000.0,1.0000000000000004
20260216,67,248.00412,6208.079030837894,3760.8369255747375,216.12631578947372,231.1157894736846,2000.0,1.0000000000000002
20260216,68,249.68944,6353.547941793683,3956.421626004213,212.9789473684211,184.1473684210527,2000.0,1.0000000000000007
20260216,69,251.6878,6499.016852749474,4152.006326433685,209.83157894736843,137.1789473684209,2000.0,1.0
20260216,70,255.1549,6644.485763705264,4347.591026863154,206.6842105263158,90.21052631578979,2000.0,0.9999999999999994
20260216,71,255.37148,6663.459969482106,4420.849443166314,177.7684210526316,64.84210526315792,2000.0,0.9999999999999994
20260216,72,255.37148,6647.296757153684,4460.12833610105,141.6947368421051,45.47368421052624,2000.0,0.9999999999999996
20260216,73,256.97672,6631.133544825263,4499.407229035787,105.6210526315791,26.105263157894846,2000.0,0.9999999999999998
20260216,74,257.21332,6614.970332496841,4538.686121970524,69.54736842105265,6.73684210526318,2000.0,0.9999999999999999
20260216,75,256.97672,6588.265894736843,4531.26589473684,56.99999999999999,0.0,2000.0,0.9999999999999996
20260216,76,256.97672,6555.93947008,4498.939470079997,56.99999999999999,0.0,2000.0,0.9999999999999994
20260216,77,255.37148,6523.613045423157,4466.613045423156,56.99999999999999,0.0,2000.0,0.9999999999999999
20260216,78,255.37148,6491.286620766317,4434.286620766312,56.99999999999999,0.0,2000.0,0.9999999999999991
20260216,79,255.1549,6450.527215764211,4393.906163132629,56.62105263157895,0.0,2000.0,0.9999999999999996
20260216,80,255.1549,6402.037578778947,4346.1428419368385,55.89473684210526,0.0,2000.0,0.9999999999999994
20260216,81,253.52964,6353.547941793683,4298.379520741048,55.16842105263158,0.0,2000.0,0.9999999999999994
20260216,82,253.33308,6305.058304808422,4250.61619954526,54.442105263157906,0.0,2000.0,0.9999999999999994
20260216,83,253.33308,6262.893403082105,4209.082876766317,53.810526315789474,0.0,2000.0,1.0000000000000002
20260216,84,251.6878,6230.566978425263,4177.2406626357915,53.32631578947369,0.0,2000.0,1.0000000000000002
20260216,85,251.6878,6198.240553768423,4145.398448505263,52.842105263157904,0.0,2000.0,0.9999999999999997
20260216,86,251.51126,6165.914129111578,4113.556234374737,52.357894736842105,0.0,2000.0,1.0000000000000002
20260216,87,250.2500000000001,6120.938233936842,4069.1908655157904,51.74736842105263,0.0,2000.0,1.0000000000000002
20260216,88,249.84596,6040.122172294738,3989.343224926319,50.77894736842106,0.0,2000.0,1.0000000000000002
20260216,89,249.68944,5959.306110652632,3909.495584336844,49.810526315789474,0.0,2000.0,1.0000000000000002
20260216,90,248.40816,5878.490049010525,3829.64794374737,48.84210526315789,0.0,2000.0,1.0000000000000007
20260216,91,247.86762,5795.565742282105,3747.6604791242116,47.90526315789474,0.0,2000.0,1.0000000000000002
20260216,92,246.56632,5698.58646831158,3651.407520943159,47.17894736842105,0.0,2000.0,1.0
20260216,93,246.56632,5601.6071943410525,3555.154562762106,46.45263157894736,0.0,2000.0,1.0000000000000002
20260216,94,246.56632,5504.627920370526,3458.9016045810554,45.726315789473695,0.0,2000.0,1.0000000000000004
20260216,95,246.56632,5407.648646399999,3362.648646400002,45.0,0.0,2000.0,1.0000000000000004
20260217,0,246.16228,5072.10912,3034.109120000001,38.0,0.0,2000.0,1.0000000000000002
20260217,1,244.32044,4977.648788210526,2941.343525052631,36.30526315789473,0.0,2000.0,1.0
20260217,2,244.32044,4883.188456421052,2848.577930105263,34.61052631578947,0.0,2000.0,1.0
20260217,3,235.33692,4788.728124631579,2755.812335157896,32.91578947368421,0.0,2000.0,1.0000000000000002
20260217,4,232.414,4694.267792842106,2663.046740210528,31.22105263157895,0.0,2000.0,1.0000000000000002
20260217,5,232.414,4627.187267368421,2597.87147789474,29.315789473684212,0.0,2000.0,1.0000000000000009
20260217,6,231.30016,4564.213712842106,2536.834765473688,27.378947368421052,0.0,2000.0,1.0000000000000007
20260217,7,230.18632,4501.240158315791,2475.798053052634,25.442105263157888,0.0,2000.0,1.0000000000000002
20260217,8,229.07248,4438.266603789473,2414.761340631581,23.50526315789474,0.0,2000.0,1.0000000000000007
20260217,9,229.07248,4398.565884631577,2375.2079898947377,23.357894736842113,0.0,2000.0,1.0000000000000007
20260217,10,227.95864,4367.07910736842,2343.237002105265,23.8421052631579,0.0,2000.0,1.0000000000000007
20260217,11,227.95864,4335.592330105263,2311.2660143157923,24.32631578947368,0.0,2000.0,1.0000000000000009
20260217,12,226.8448,4304.105552842105,2279.295026526318,24.81052631578947,0.0,2000.0,1.0000000000000007
20260217,13,226.8448,4272.618775578948,2243.78719663158,28.83157894736842,0.0,2000.0,1.0000000000000002
20260217,14,225.73096,4241.131998315789,2206.005682526318,35.12631578947368,0.0,2000.0,1.0000000000000007
20260217,15,225.73096,4209.645221052631,2168.224168421055,41.421052631578945,0.0,2000.0,1.0000000000000004
20260217,16,224.61712,4178.158443789474,2130.4426543157942,47.71578947368421,0.0,2000.0,1.0000000000000009
20260217,17,853.9272168421054,4188.166204986147,2129.408310249307,58.7578947368421,0.0,2000.0,1.0000000000000004
20260217,18,853.9272168421054,4205.240997229914,2130.262049861495,74.97894736842106,0.0,2000.0,1.0000000000000004
20260217,19,853.9272168421054,4222.3157894736805,2131.115789473684,91.19999999999997,0.0,2000.0,1.0000000000000007
20260217,20,853.9272168421054,4239.390581717447,2131.969529085872,107.42105263157899,0.0,2000.0,1.0000000000000009
20260217,21,853.9272168421054,4260.631578947364,2133.031578947368,127.60000000000001,0.0,2000.0,1.000000000000001
20260217,22,853.9272168421054,4289.684210526313,2134.484210526315,155.20000000000002,0.0,2000.0,1.0000000000000004
20260217,23,853.9272168421054,4318.73684210526,2135.9368421052627,182.8,0.0,2000.0,1.0000000000000009
20260217,24,853.98584,4347.789473684206,2137.38947368421,210.4,0.0,2000.0,1.0000000000000009
20260217,25,853.98584,4376.011080332407,2138.80055401662,235.42105263157887,1.7894736842105161,2000.0,1.0000000000000007
20260217,26,853.98584,4401.240997229913,2140.062049861496,251.1578947368421,10.02105263157895,2000.0,1.000000000000001
20260217,27,225.73096,4431.421652210527,2146.274283789478,266.8947368421053,18.25263157894738,2000.0,1.0000000000000009
20260217,28,225.73096,4494.395206736842,2185.279417263162,282.6315789473684,26.48421052631578,2000.0,1.000000000000001
20260217,29,226.8448,4565.582703157894,2229.645861052632,297.4842105263158,38.45263157894738,2000.0,1.0000000000000004
20260217,30,227.95864,4723.016589473684,2330.306063157898,303.0526315789474,89.65789473684218,2000.0,1.0000000000000007
20260217,31,230.18632,4880.450475789475,2430.966265263159,308.621052631579,140.8631578947368,2000.0,1.0
20260217,32,231.30016,5037.884362105263,2531.626467368423,314.1894736842105,192.0684210526316,2000.0,1.0000000000000004
20260217,33,232.414,5195.318248421053,2632.286669473688,319.7578947368421,243.2736842105264,2000.0,1.0000000000000007
20260217,34,235.51528,5322.634347789473,2698.660663578949,310.0421052631579,313.9315789473684,2000.0,1.0000000000000004
20260217,35,237.35712,5448.581456842103,2763.476193684211,299.6315789473685,385.473684210526,2000.0,1.0000000000000004
20260217,36,241.0408,5574.528565894738,2828.2917237894762,289.2210526315789,457.01578947368426,2000.0,1.0000000000000002
20260217,37,242.88264,5700.47567494737,2893.107253894738,278.8105263157895,528.5578947368422,2000.0,0.9999999999999999
20260217,38,242.88264,5748.390336,2868.8903360000018,280.4,599.0999999999999,2000.0,1.0000000000000002
20260217,39,241.0408,5779.877113263159,2825.9297448421053,284.5157894736842,669.4315789473686,2000.0,0.9999999999999999
20260217,40,239.1989600000001,5811.363890526313,2782.969153684213,288.6315789473684,739.763157894737,2000.0,1.0000000000000009
20260217,41,237.35712,5842.850667789476,2740.008562526318,292.7473684210526,810.0947368421051,2000.0,1.0000000000000002
20260217,42,237.35712,5863.385522526314,2770.81183831579,287.7684210526315,804.8052631578946,2000.0,1.0000000000000002
20260217,43,241.0408,5879.128911157894,2833.886805894736,278.8105263157895,766.4315789473684,2000.0,0.9999999999999999
20260217,44,242.88264,5894.872299789474,2896.961773473686,269.8526315789474,728.0578947368422,2000.0,1.0000000000000002
20260217,45,244.32044,5910.615688421053,2960.0367410526333,260.8947368421052,689.6842105263157,2000.0,1.0000000000000002
20260217,46,244.32044,5908.562202947368,2950.577992421055,264.11578947368423,693.8684210526316,2000.0,1.0000000000000004
20260217,47,242.88264,5892.818814315789,2885.324077473685,276.7052631578947,730.7894736842104,2000.0,1.0000000000000002
20260217,48,241.0408,5877.075425684211,2820.0701625263173,289.2947368421053,767.7105263157896,2000.0,1.0000000000000002
20260217,49,237.35712,5861.332037052632,2754.81624757895,301.8842105263158,804.6315789473683,2000.0,1.0000000000000004
20260217,50,235.51528,5838.743696842104,2698.6121178947387,312.68421052631584,827.4473684210527,2000.0,1.0000000000000004
20260217,51,233.67344,5807.256919578949,2654.172709052634,321.1578947368421,831.9263157894736,2000.0,1.0000000000000002
20260217,52,232.414,5775.77014231579,2609.7333002105293,329.6315789473684,836.4052631578949,2000.0,1.0000000000000004
20260217,53,231.30016,5744.283365052631,2565.2938913684247,338.1052631578947,840.8842105263158,2000.0,1.0000000000000009
20260217,54,231.30016,5717.588053894737,2535.077527578951,347.6105263157895,834.9,2000.0,1.0000000000000007
20260217,55,231.30016,5701.8446652631565,2537.370981052633,359.4736842105263,804.9999999999999,2000.0,1.0000000000000004
20260217,56,231.30016,5686.101276631579,2539.664434526318,371.3368421052631,775.1,2000.0,1.0000000000000004
20260217,57,231.30016,5670.3578880000005,2541.957888000002,383.2,745.1999999999999,2000.0,1.0000000000000002
20260217,58,231.30016,5657.3524800000005,2558.7998484210552,393.2947368421052,705.2578947368421,2000.0,1.0000000000000002
20260217,59,233.67344,5657.3524800000005,2644.7472168421077,394.9894736842105,617.6157894736846,2000.0,1.0000000000000004
20260217,60,237.35712,5657.3524800000005,2730.694585263161,396.6842105263158,529.973684210526,2000.0,1.0000000000000004
20260217,61,241.0408,5657.3524800000005,2816.6419536842122,398.378947368421,442.33157894736837,2000.0,1.0000000000000002
20260217,62,242.88264,5660.090460631578,2902.753618526317,400.0,357.3368421052632,2000.0,1.0000000000000002
20260217,63,244.72448,5723.0640151578955,2992.479804631581,400.0,330.5842105263157,2000.0,1.0000000000000002
20260217,64,246.56632,5786.037569684211,3082.205990736845,400.0,303.8315789473685,2000.0,1.0000000000000002
20260217,65,247.86762,5849.011124210528,3171.9321768421078,400.0,277.0789473684211,2000.0,1.0000000000000002
20260217,66,248.40816,5911.9846787368415,3261.6583629473707,400.0,250.3263157894736,2000.0,1.0000000000000004
20260217,67,249.84596,6046.830224842104,3420.493382736844,400.0,226.33684210526332,2000.0,1.0000000000000007
20260217,68,251.6878,6188.520722526315,3585.910196210524,400.0,202.61052631578949,2000.0,0.9999999999999999
20260217,69,255.1549,6330.211220210526,3751.3270096842057,400.0,178.88421052631568,2000.0,0.9999999999999993
20260217,70,256.97672,6471.901717894737,3916.7438231578926,400.0,155.1578947368423,2000.0,0.9999999999999997
20260217,71,257.21332,6490.383087157893,3967.4778239999973,401.32631578947365,121.5789473684211,2000.0,0.9999999999999999
20260217,72,257.21332,6474.639698526316,3986.355488,403.02105263157887,85.26315789473671,2000.0,0.9999999999999999
20260217,73,258.79854,6458.896309894736,4005.233151999998,404.71578947368425,48.94736842105285,2000.0,0.9999999999999997
20260217,74,258.79854,6443.152921263158,4024.1108159999967,406.4105263157895,12.63157894736846,2000.0,0.9999999999999996
20260217,75,258.79854,6417.142105263159,4007.4578947368386,409.6842105263158,0.0,2000.0,0.9999999999999993
20260217,76,257.21332,6385.655328,3971.8553279999974,413.8,0.0,2000.0,0.9999999999999996
20260217,77,256.97672,6354.168550736843,3936.252761263155,417.9157894736842,0.0,2000.0,0.9999999999999994
20260217,78,256.97672,6322.681773473685,3900.6501945263153,422.0315789473684,0.0,2000.0,0.9999999999999997
20260217,79,255.37148,6282.981054315788,3859.107370105261,423.87368421052633,0.0,2000.0,0.9999999999999999
20260217,80,255.37148,6235.750888421053,3812.119309473682,423.6315789473684,0.0,2000.0,0.9999999999999996
20260217,81,255.1549,6188.520722526315,3765.1312488421013,423.3894736842105,0.0,2000.0,0.9999999999999996
20260217,82,253.52964,6141.290556631579,3718.1431882105235,423.14736842105265,0.0,2000.0,0.9999999999999994
20260217,83,253.52964,6100.220847157894,3677.50505768421,422.7157894736842,0.0,2000.0,1.0
20260217,84,253.33308,6068.734069894736,3646.7445962105253,421.98947368421057,0.0,2000.0,0.9999999999999999
20260217,85,253.33308,6037.247292631579,3615.984134736843,421.2631578947368,0.0,2000.0,1.0000000000000002
20260217,86,251.6878,6005.760515368421,3585.223673263158,420.5368421052632,0.0,2000.0,1.0000000000000002
20260217,87,251.6878,5961.952825263157,3545.3001936842106,416.6526315789473,0.0,2000.0,1.0000000000000002
20260217,88,251.51126,5883.235882105264,3479.414829473684,403.82105263157905,0.0,2000.0,0.9999999999999999
20260217,89,249.84596,5804.51893894737,3413.52946526316,390.9894736842105,0.0,2000.0,1.0000000000000002
20260217,90,249.68944,5725.801995789473,3347.6441010526337,378.15789473684214,0.0,2000.0,1.0000000000000004
20260217,91,248.40816,5645.0315671578965,3279.642093473689,365.3894736842106,0.0,2000.0,1.0000000000000004
20260217,92,248.00412,5550.571235368421,3197.529130105264,353.0421052631579,0.0,2000.0,1.0
20260217,93,246.56632,5456.110903578946,3115.4161667368444,340.6947368421052,0.0,2000.0,1.0000000000000007
20260217,94,246.16228,5361.650571789475,3033.303203368423,328.3473684210527,0.0,2000.0,1.0000000000000002
20260217,95,246.16228,5267.190239999999,2951.1902400000013,316.0,0.0,2000.0,1.0000000000000004
20260218,0,245.45248,5233.620030599999,3233.620030600001,0.0,0.0,2000.0,1.0000000000000004
20260218,1,244.32044,5157.973048225264,3083.404627172633,74.56842105263159,0.0,2000.0,1.0
20260218,2,241.0408,5082.326065850527,2933.189223745262,149.13684210526318,0.0,2000.0,0.9999999999999997
20260218,3,239.88328,5006.6790834757885,2782.9738203178968,223.7052631578947,0.0,2000.0,1.0000000000000004
20260218,4,232.414,4931.032101101052,2632.758416890525,298.2736842105263,0.0,2000.0,0.9999999999999998
20260218,5,232.414,4871.830114894737,2540.4616938421073,331.36842105263156,0.0,2000.0,1.0000000000000007
20260218,6,230.18632,4815.094878113684,2456.852772850529,358.2421052631579,0.0,2000.0,1.0000000000000007
20260218,7,229.07248,4758.359641332631,2373.243851858948,385.11578947368423,0.0,2000.0,1.0000000000000002
20260218,8,227.95864,4701.624404551579,2289.634930867371,411.98947368421057,0.0,2000.0,1.0000000000000007
20260218,9,227.95864,4672.8456612568425,2313.2561875726337,359.5894736842105,0.0,2000.0,1.0000000000000004
20260218,10,229.07248,4653.933915663158,2374.7233893473704,279.2105263157895,0.0,2000.0,1.0000000000000004
20260218,11,230.18632,4635.022170069474,2436.190591122108,198.8315789473684,0.0,2000.0,1.0000000000000007
20260218,12,231.30016,4616.110424475789,2497.657792896845,118.4526315789473,0.0,2000.0,1.0000000000000007
20260218,13,231.30016,4608.7101762,2468.804913042108,139.9052631578948,0.0,2000.0,1.0000000000000007
20260218,14,229.07248,4608.7101762,2381.889123568424,226.8210526315789,0.0,2000.0,1.0000000000000007
20260218,15,227.95864,4608.7101762,2294.97333409474,313.7368421052633,0.0,2000.0,1.0000000000000009
20260218,16,226.8448,4608.7101762,2208.057544621055,400.65263157894736,0.0,2000.0,1.0000000000000004
20260218,17,225.73096,4617.754924092631,2130.0707135663183,487.68421052631584,0.0,2000.0,1.0000000000000009
20260218,18,853.98584,4699.8337950138475,2124.991689750692,574.842105263158,0.0,2000.0,1.0000000000000007
20260218,19,853.98584,4791.578947368419,2129.578947368421,661.9999999999999,0.0,2000.0,1.0000000000000004
20260218,20,853.98584,4883.324099722986,2134.166204986148,749.1578947368421,0.0,2000.0,1.0000000000000007
20260218,21,853.98584,4957.783933518003,2137.8891966759,819.8947368421052,0.0,2000.0,1.0000000000000004
20260218,22,215.45888,5043.680324854737,2183.838219591582,859.8421052631577,0.0,2000.0,1.0000000000000004
20260218,23,235.51528,5308.444763166315,2408.655289482107,899.7894736842104,0.0,2000.0,1.0000000000000004
20260218,24,237.35712,5573.209201477895,2633.472359372633,939.7368421052631,0.0,2000.0,1.0000000000000002
20260218,25,239.88328,5829.751141705263,2845.487983810527,983.6315789473682,0.6315789473684177,2000.0,1.0000000000000002
20260218,26,238.76944,6056.692088829475,3011.418404618949,1041.7368421052631,3.536842105263159,2000.0,1.0
20260218,27,235.51528,6283.633035953684,3177.3488254273702,1099.842105263158,6.442105263157899,2000.0,1.0000000000000002
20260218,28,232.414,6510.573983077895,3343.279246235789,1157.947368421052,9.347368421052629,2000.0,0.9999999999999999
20260218,29,238.76944,6732.5814313515775,3506.023536614741,1211.21052631579,15.34736842105264,2000.0,1.0000000000000009
20260218,30,239.1989600000001,6902.787141694737,3635.3134574842124,1213.631578947368,53.84210526315796,2000.0,1.0000000000000002
20260218,31,239.88328,7072.992852037894,3764.6033783536845,1216.052631578947,92.33684210526313,2000.0,1.0
20260218,32,240.99712,7243.198562381051,3893.8932992231594,1218.473684210526,130.83157894736848,2000.0,1.0000000000000004
20260218,33,242.11096,7413.404272724209,4023.183220092633,1220.894736842105,169.3263157894737,2000.0,1.0000000000000004
20260218,34,241.0408,7438.8940167852625,3974.5255957326344,1222.389473684211,241.978947368421,2000.0,1.0000000000000007
20260218,35,240.99712,7457.805762378946,3917.779446589475,1223.842105263158,316.1842105263156,2000.0,1.0000000000000004
20260218,36,240.99712,7476.717507972631,3861.0332974463167,1225.294736842105,390.3894736842107,2000.0,1.0000000000000002
20260218,37,240.99712,7495.629253566317,3804.2871483031595,1226.7473684210531,464.59473684210525,2000.0,1.0000000000000002
20260218,38,239.88328,7498.9182528,3780.718252800001,1192.3999999999999,525.7999999999998,2000.0,1.0000000000000002
20260218,39,239.88328,7498.9182528,3764.134042273686,1150.515789473684,584.2684210526317,2000.0,1.0000000000000002
20260218,40,239.88328,7498.9182528,3747.5498317473694,1108.631578947369,642.7368421052631,2000.0,1.0000000000000002
20260218,41,239.88328,7498.9182528,3730.9656212210525,1066.747368421053,701.2052631578945,2000.0,1.0
20260218,42,239.88328,7485.762255865264,3701.3938348126308,1026.378947368421,757.9894736842106,2000.0,0.9999999999999998
20260218,43,239.88328,7466.85051027158,3666.139983955789,986.6736842105263,814.0368421052632,2000.0,0.9999999999999999
20260218,44,239.1989600000001,7447.938764677894,3630.886133098948,946.9684210526317,870.0842105263156,2000.0,1.0000000000000002
20260218,45,238.76944,7429.027019084209,3595.6322822421093,907.2631578947368,926.1315789473688,2000.0,1.0000000000000007
20260218,46,238.76944,7420.804520999999,3590.63609994737,887.8105263157895,942.3578947368419,2000.0,1.0000000000000004
20260218,47,239.1989600000001,7420.804520999999,3608.9150473157906,883.9368421052632,927.9526315789475,2000.0,1.0000000000000002
20260218,48,239.1989600000001,7420.804520999999,3627.1939946842117,880.063157894737,913.5473684210526,2000.0,1.0000000000000004
20260218,49,239.1989600000001,7420.804520999999,3645.472942052632,876.1894736842105,899.142105263158,2000.0,1.0000000000000002
20260218,50,239.88328,7420.804520999999,3666.4360999473693,866.6315789473686,887.7368421052631,2000.0,1.0000000000000002
20260218,51,239.88328,7420.804520999999,3690.8887315263137,849.6842105263157,880.2315789473685,2000.0,0.9999999999999999
20260218,52,239.88328,7420.804520999999,3715.341363105262,832.7368421052631,872.7263157894736,2000.0,0.9999999999999999
20260218,53,239.88328,7420.804520999999,3739.7939946842102,815.7894736842106,865.2210526315789,2000.0,1.0000000000000002
20260218,54,239.88328,7409.293023682105,3768.503549997897,784.915789473684,855.8736842105261,2000.0,1.0000000000000004
20260218,55,240.99712,7371.469532494739,3806.9432167052655,722.2105263157895,842.3157894736843,2000.0,1.0
20260218,56,240.99712,7333.646041307369,3845.3828834126325,659.5052631578949,828.7578947368422,2000.0,1.0
20260218,57,240.99712,7295.8225501199995,3883.82255012,596.7999999999998,815.1999999999999,2000.0,1.0
20260218,58,240.99712,7267.866056633683,3927.392372423158,546.3473684210526,794.1263157894737,2000.0,1.0000000000000002
20260218,59,242.11096,7286.777802227369,3995.3304338063176,554.0947368421052,737.3526315789475,2000.0,1.0000000000000002
20260218,60,242.11096,7305.689547821052,4063.268495189473,561.8421052631579,680.5789473684208,2000.0,1.0
20260218,61,242.88264,7324.6012934147375,4131.206556572631,569.5894736842106,623.8052631578947,2000.0,0.9999999999999998
20260218,62,243.2248,7346.802038242105,4204.633617189474,575.4105263157896,566.7578947368422,2000.0,1.0000000000000002
20260218,63,244.33864,7441.36076621053,4398.81866094737,538.8526315789471,503.6894736842102,2000.0,0.9999999999999997
20260218,64,245.45248,7535.919494178948,4593.003704705262,502.2947368421053,440.621052631579,2000.0,0.9999999999999998
20260218,65,246.56632,7630.478222147367,4787.188748463157,465.7368421052633,377.5526315789475,2000.0,1.0000000000000002
20260218,66,247.6801600000001,7725.036950115787,4981.373792221053,429.1789473684209,314.4842105263156,2000.0,1.0000000000000004
20260218,67,247.6801600000001,7750.526694176841,5093.116167861052,403.45263157894743,253.95789473684252,2000.0,1.0000000000000002
20260218,68,248.00412,7769.438439770526,5197.006860823156,378.7578947368421,193.6736842105264,2000.0,0.9999999999999998
20260218,69,248.794,7788.350185364213,5300.897553785264,354.0631578947369,133.38947368421032,2000.0,0.9999999999999998
20260218,70,249.68944,7807.261930957895,5404.788246747369,329.36842105263173,73.10526315789512,2000.0,1.0000000000000002
20260218,71,249.84596,7811.37318,5448.215285263157,314.5263157894737,48.63157894736844,2000.0,0.9999999999999999
20260218,72,249.84596,7811.37318,5474.846864210524,302.421052631579,34.105263157894676,2000.0,0.9999999999999998
20260218,73,250.2500000000001,7811.37318,5501.478443157892,290.3157894736843,19.57894736842114,2000.0,0.9999999999999997
20260218,74,250.2500000000001,7811.37318,5528.110022105261,278.2105263157895,5.052631578947384,2000.0,0.9999999999999998
20260218,75,249.84596,7762.038191494736,5484.722402021053,277.31578947368416,0.0,2000.0,1.0000000000000002
20260218,76,249.68944,7686.391209119999,5403.99120912,282.4,0.0,2000.0,1.0000000000000002
20260218,77,248.794,7610.7442267452625,5323.260016218947,287.4842105263158,0.0,2000.0,1.0000000000000002
20260218,78,248.40816,7535.097244370526,5242.528823317896,292.5684210526316,0.0,2000.0,1.0000000000000002
20260218,79,248.00412,7449.583264294738,5179.341159031581,270.2421052631581,0.0,2000.0,1.0000000000000002
20260218,80,247.86762,7355.0245363263175,5132.235062642104,222.7894736842106,0.0,2000.0,0.9999999999999997
20260218,81,247.6801600000001,7260.465808357894,5085.128966252632,175.336842105263,0.0,2000.0,1.0000000000000002
20260218,82,247.6801600000001,7165.907080389474,5038.022869863158,127.884210526316,0.0,2000.0,1.0
20260218,83,248.00412,7049.147607593686,4954.031818120001,95.11578947368422,0.0,2000.0,0.9999999999999999
20260218,84,247.6801600000001,6897.853642844211,4812.664169160001,85.18947368421048,0.0,2000.0,1.0
20260218,85,246.56632,6746.559678094736,4671.296520200003,75.26315789473689,0.0,2000.0,1.0000000000000004
20260218,86,245.45248,6595.265713345263,4529.928871240001,65.33684210526316,0.0,2000.0,1.0000000000000002
20260218,87,244.72448,6434.104750894736,4376.610014052631,57.494736842105254,0.0,2000.0,1.0000000000000002
20260218,88,244.32044,6244.987294957896,4189.429400221051,55.557894736842115,0.0,2000.0,0.9999999999999996
20260218,89,243.2248,6055.869839021054,4002.2487863894753,53.62105263157895,0.0,2000.0,1.0
20260218,90,242.11096,5866.752383084209,3815.0681725578943,51.68421052631578,0.0,2000.0,1.0000000000000002
20260218,91,240.99712,5677.634927147367,3622.708611357896,54.92631578947349,0.0,2000.0,1.0000000000000004
20260218,92,238.76944,5488.517471210528,3395.8227343684243,92.69473684210526,0.0,2000.0,1.0000000000000002
20260218,93,237.35712,5299.4000152736835,3168.936857378948,130.46315789473698,0.0,2000.0,1.0000000000000002
20260218,94,235.51528,5110.2825593368425,2942.050980389477,168.2315789473682,0.0,2000.0,1.0000000000000004
20260218,95,213.2312,4921.1651034000015,2715.165103400002,206.0,0.0,2000.0,1.0000000000000002
20260219,0,238.76944,5627.548419999998,3067.548420000002,560.0000000000001,0.0,2000.0,1.0000000000000007
20260219,1,235.51528,5546.207578736843,2970.954947157897,575.2526315789473,0.0,2000.0,1.0000000000000002
20260219,2,232.414,5464.866737473683,2874.361474315791,590.5052631578948,0.0,2000.0,1.0000000000000002
20260219,3,231.30016,5383.525896210525,2777.768001473686,605.7578947368421,0.0,2000.0,1.0000000000000004
20260219,4,229.07248,5302.185054947368,2681.174528631581,621.0105263157894,0.0,2000.0,1.0000000000000004
20260219,5,229.07248,5238.527005263159,2643.527005263159,595.0,0.0,2000.0,1.0
20260219,6,227.95864,5177.521374315789,2614.721374315791,562.8,0.0,2000.0,1.0000000000000004
20260219,7,227.95864,5116.515743368421,2585.915743368422,530.5999999999999,0.0,2000.0,1.0000000000000002
20260219,8,227.95864,5055.510112421053,2557.110112421054,498.4000000000001,0.0,2000.0,1.0000000000000002
20260219,9,226.8448,5024.565227157894,2527.049437684213,497.5157894736843,0.0,2000.0,1.0000000000000007
20260219,10,226.8448,5004.230016842106,2496.545806315792,507.68421052631584,0.0,2000.0,1.0000000000000004
20260219,11,225.73096,4983.8948065263185,2466.0421749473708,517.8526315789475,0.0,2000.0,1.0
20260219,12,853.98584,4966.3379501385025,2438.3168975069248,528.0210526315789,0.0,2000.0,1.0000000000000002
20260219,13,853.98584,4995.191135734068,2439.759556786703,555.4315789473685,0.0,2000.0,1.0000000000000007
20260219,14,853.98584,5035.711911357337,2441.785595567866,593.9263157894736,0.0,2000.0,1.0000000000000004
20260219,15,853.98584,5076.232686980607,2443.81163434903,632.4210526315791,0.0,2000.0,1.0000000000000004
20260219,16,853.98584,5116.753462603875,2445.837673130193,670.9157894736842,0.0,2000.0,1.0000000000000004
20260219,17,853.98584,5146.182825484761,2447.3091412742383,698.8736842105263,0.0,2000.0,1.0000000000000004
20260219,18,853.98584,5163.512465373957,2448.175623268697,715.3368421052631,0.0,2000.0,1.0000000000000007
20260219,19,853.98584,5180.8421052631575,2449.0421052631577,731.8000000000002,0.0,2000.0,1.0000000000000002
20260219,20,853.98584,5198.171745152352,2449.908587257617,748.2631578947369,0.0,2000.0,1.0000000000000004
20260219,21,853.4248968421053,5209.739612188363,2450.486980609417,759.2526315789473,0.0,2000.0,1.0000000000000004
20260219,22,232.26112,5423.312177263157,2663.333229894738,759.978947368421,0.0,2000.0,1.0000000000000004
20260219,23,238.76944,5708.0051216842085,2947.299858526318,760.7052631578947,0.0,2000.0,1.0000000000000009
20260219,24,234.8309600000001,5992.698066105262,3231.266487157897,761.4315789473684,0.0,2000.0,1.0000000000000007
20260219,25,239.88328,6268.549614736841,3508.523298947368,759.3157894736842,0.7105263157894698,2000.0,1.0
20260219,26,241.0408,6512.572138526315,3761.624770105263,746.9684210526315,3.9789473684210526,2000.0,1.0000000000000002
20260219,27,243.2248,6756.59466231579,4014.7262412631576,734.6210526315789,7.247368421052636,2000.0,0.9999999999999999
20260219,28,244.33864,7000.617186105261,4267.827712421052,722.2736842105262,10.51578947368421,2000.0,1.0000000000000002
20260219,29,245.45248,7239.334872421054,4509.224346105263,712.9157894736843,17.19473684210527,2000.0,0.9999999999999999
20260219,30,246.56632,7422.351765263158,4627.720186315787,734.9473684210526,59.68421052631585,2000.0,0.9999999999999997
20260219,31,246.56632,7605.368658105263,4746.216026526314,756.978947368421,102.1736842105263,2000.0,0.9999999999999998
20260219,32,246.56632,7788.385550947369,4864.71186673684,779.0105263157895,144.66315789473688,2000.0,0.9999999999999998
20260219,33,246.56632,7971.402443789475,4983.20770694737,801.0421052631579,187.1526315789474,2000.0,1.0
20260219,34,246.56632,7998.810770736843,4980.137086526315,783.0105263157895,235.6631578947368,2000.0,0.9999999999999999
20260219,35,246.56632,8019.145981052634,4971.540717894738,763.1578947368421,284.4473684210525,2000.0,0.9999999999999999
20260219,36,246.56632,8039.481191368423,4962.944349263155,743.3052631578948,333.2315789473685,2000.0,0.9999999999999994
20260219,37,246.56632,8059.816401684212,4954.34798063158,723.4526315789473,382.0157894736842,2000.0,0.9999999999999999
20260219,38,246.56632,8063.35296,4962.652959999999,697.6000000000001,403.0999999999999,2000.0,1.0
20260219,39,246.56632,8063.35296,4974.516117894736,670.4842105263157,418.35263157894735,2000.0,1.0
20260219,40,246.56632,8063.35296,4986.379275789474,643.3684210526314,433.6052631578947,2000.0,1.0000000000000002
20260219,41,246.56632,8063.35296,4998.242433684209,616.2526315789473,448.85789473684207,2000.0,0.9999999999999998
20260219,42,246.56632,8049.206726736838,5021.306726736841,536.5894736842105,491.3105263157895,2000.0,1.0000000000000002
20260219,43,246.56632,8028.871516421053,5049.271516421049,433.9368421052633,545.6631578947369,2000.0,0.9999999999999996
20260219,44,246.56632,8008.536306105263,5077.236306105263,331.2842105263161,600.0157894736839,2000.0,1.0
20260219,45,247.36712,7988.201095789474,5105.201095789475,228.6315789473682,654.3684210526317,2000.0,1.0000000000000002
20260219,46,247.36712,7979.359699999999,5132.343910526315,185.64210526315802,661.3736842105263,2000.0,1.0
20260219,47,247.6801600000001,7979.359699999999,5158.854436842104,188.5473684210526,631.9578947368421,2000.0,1.0
20260219,48,247.6801600000001,7979.359699999999,5185.3649631578955,191.4526315789474,602.5421052631577,2000.0,1.0000000000000002
20260219,49,247.6801600000001,7979.359699999999,5211.875489473684,194.3578947368421,573.1263157894737,2000.0,1.0000000000000002
20260219,50,247.6801600000001,7979.359699999999,5204.491278947367,206.52631578947359,568.3421052631578,2000.0,0.9999999999999999
20260219,51,247.6801600000001,7979.359699999999,5153.043910526314,230.7368421052633,595.5789473684212,2000.0,0.9999999999999999
20260219,52,247.36712,7979.359699999999,5101.596542105262,254.9473684210526,622.8157894736843,2000.0,1.0
20260219,53,246.56632,7979.359699999999,5050.14917368421,279.157894736842,650.0526315789473,2000.0,1.0
20260219,54,246.56632,7966.981745894738,4989.30806168421,310.7368421052633,666.9368421052632,2000.0,0.9999999999999998
20260219,55,246.25328,7926.311325263158,4906.995535789472,359.1578947368422,660.1578947368422,2000.0,0.9999999999999999
20260219,56,246.16228,7885.64090463158,4824.683009894733,407.57894736842104,653.3789473684211,2000.0,0.9999999999999993
20260219,57,245.45248,7844.970484000001,4742.370483999997,456.0000000000001,646.6,2000.0,0.9999999999999996
20260219,58,245.45248,7814.9097383157905,4680.583422526315,494.6526315789473,639.6736842105263,2000.0,0.9999999999999998
20260219,59,245.45248,7835.244948631581,4716.292317052627,486.90526315789464,632.0473684210526,2000.0,0.9999999999999992
20260219,60,245.45248,7855.580158947369,4752.001211578947,479.15789473684214,624.4210526315788,2000.0,1.0
20260219,61,245.45248,7875.915369263159,4787.71010610526,471.41052631578947,616.7947368421053,2000.0,0.9999999999999996
20260219,62,246.16228,7899.787137894735,4827.681874736841,465.5157894736841,606.5894736842107,2000.0,1.0000000000000002
20260219,63,246.56632,8001.463189473685,4961.436873684211,500.3789473684212,539.6473684210524,2000.0,0.9999999999999999
20260219,64,246.56632,8103.139241052632,5095.191872631578,535.2421052631578,472.7052631578946,2000.0,0.9999999999999998
20260219,65,247.6801600000001,8204.815292631578,5228.946871578944,570.1052631578948,405.763157894737,2000.0,0.9999999999999998
20260219,66,248.40816,8306.491344210528,5362.701870526317,604.9684210526318,338.8210526315787,2000.0,1.0
20260219,67,248.48096,8333.899671157891,5423.847039578947,631.8736842105263,278.1789473684213,2000.0,1.0000000000000004
20260219,68,248.794,8354.234881473683,5478.076986736842,658.021052631579,218.13684210526318,2000.0,1.0
20260219,69,248.794,8374.570091789474,5532.306933894738,684.1684210526316,158.094736842105,2000.0,1.0000000000000002
20260219,70,249.5948,8394.905302105262,5586.5368810526315,710.3157894736839,98.05263157894774,2000.0,1.0000000000000002
20260219,71,249.84596,8399.326000000001,5650.052315789475,680.3789473684211,68.8947368421053,2000.0,1.0
20260219,72,250.2500000000001,8399.326000000001,5716.147052631577,634.8631578947368,48.31578947368413,2000.0,0.9999999999999996
20260219,73,251.51126,8399.326000000001,5782.241789473684,589.3473684210529,27.736842105263282,2000.0,1.0
20260219,74,251.6878,8399.326000000001,5848.336526315789,543.8315789473686,7.157894736842127,2000.0,1.0
20260219,75,251.82248,8346.277625263157,5851.751309473682,494.5263157894734,0.0,2000.0,0.9999999999999998
20260219,76,251.6878,8264.936784,5821.736783999999,443.2000000000002,0.0,2000.0,0.9999999999999998
20260219,77,251.6878,8183.5959427368425,5791.722258526313,391.8736842105265,0.0,2000.0,0.9999999999999997
20260219,78,250.70864,8102.255101473685,5761.707733052631,340.5473684210525,0.0,2000.0,0.9999999999999999
20260219,79,250.2500000000001,8010.304585263161,5710.9782694736805,299.3263157894738,0.0,2000.0,0.9999999999999991
20260219,80,249.84596,7908.628533684212,5641.260112631579,267.3684210526317,0.0,2000.0,0.9999999999999999
20260219,81,248.794,7806.952482105263,5571.541955789475,235.4105263157893,0.0,2000.0,1.0000000000000002
20260219,82,248.794,7705.276430526317,5501.823798947369,203.4526315789476,0.0,2000.0,1.0
20260219,83,248.40816,7579.7286103157885,5386.633873473685,193.0947368421053,0.0,2000.0,1.0000000000000002
20260219,84,247.6801600000001,7417.046927789473,5200.710085684208,216.33684210526337,0.0,2000.0,0.9999999999999999
20260219,85,247.36712,7254.365245263158,5014.786297894739,239.57894736842098,0.0,2000.0,1.0000000000000002
20260219,86,246.56632,7091.683562736842,4828.862510105261,262.8210526315788,0.0,2000.0,0.9999999999999998
20260219,87,245.45248,6918.392205263157,4630.560626315787,287.8315789473685,0.0,2000.0,0.9999999999999998
20260219,88,244.33864,6715.040102105265,4397.187470526318,317.8526315789473,0.0,2000.0,1.0000000000000002
20260219,89,243.2248,6511.687998947367,4163.81431473684,347.8736842105263,0.0,2000.0,0.9999999999999999
20260219,90,241.0408,6308.335895789473,3930.441158947368,377.89473684210526,0.0,2000.0,1.0
20260219,91,239.88328,6104.98379263158,3693.6258978947394,411.3578947368419,0.0,2000.0,1.0000000000000002
20260219,92,238.76944,5901.631689473684,3433.863268421055,467.7684210526315,0.0,2000.0,1.0000000000000004
20260219,93,235.51528,5698.279586315788,3174.10063894737,524.1789473684213,0.0,2000.0,1.0000000000000007
20260219,94,215.1604,5494.927483157896,2914.338009473688,580.5894736842102,0.0,2000.0,1.0000000000000004
20260219,95,853.98584,5491.578947368419,2854.578947368421,636.9999999999999,0.0,2000.0,1.0000000000000002
20260220,0,246.16228,5514.9974516,2836.997451600001,678.0,0.0,2000.0,1.0000000000000002
20260220,1,244.72448,5435.283427162104,2746.630795583159,688.6526315789473,0.0,2000.0,1.0000000000000004
20260220,2,244.32044,5355.56940272421,2656.264139566316,699.3052631578947,0.0,2000.0,1.0000000000000002
20260220,3,242.88264,5275.855378286316,2565.897483549475,709.9578947368421,0.0,2000.0,1.0000000000000002
20260220,4,241.0408,5196.141353848422,2475.530827532633,720.6105263157895,0.0,2000.0,1.0
20260220,5,239.1989600000001,5133.756465157894,2360.3880441052647,773.3684210526316,0.0,2000.0,1.0000000000000004
20260220,6,235.51528,5073.970946829472,2241.528841566318,832.442105263158,0.0,2000.0,1.0000000000000007
20260220,7,231.30016,5014.185428501053,2122.669639027372,891.5157894736842,0.0,2000.0,1.0000000000000004
20260220,8,235.51528,4954.39991017263,2003.810436488423,950.5894736842105,0.0,2000.0,1.0000000000000004
20260220,9,232.414,4924.073922614737,1924.252869983161,999.8210526315789,0.0,2000.0,1.0000000000000004
20260220,10,230.18632,4904.145416505263,1858.566469136844,1045.578947368421,0.0,2000.0,1.0000000000000007
20260220,11,854.1617094736841,4927.7229916897495,1836.386149584489,1091.336842105263,0.0,2000.0,1.0000000000000004
20260220,12,854.1617094736841,4975.889196675898,1838.794459833796,1137.094736842105,0.0,2000.0,1.0000000000000004
20260220,13,854.1617094736841,5000.321329639888,1840.016066481995,1160.305263157895,0.0,2000.0,1.0000000000000004
20260220,14,854.1617094736841,5009.495844875345,1840.4747922437678,1169.0210526315789,0.0,2000.0,1.0000000000000004
20260220,15,854.1617094736841,5018.670360110801,1840.9335180055411,1177.7368421052631,0.0,2000.0,1.0000000000000004
20260220,16,854.1617094736841,5027.844875346258,1841.392243767314,1186.4526315789471,0.0,2000.0,1.0000000000000007
20260220,17,854.1617094736841,5031.047091412739,1841.552354570636,1189.494736842105,0.0,2000.0,1.0000000000000004
20260220,18,854.1617094736841,5027.734072022158,1841.386703601108,1186.347368421053,0.0,2000.0,1.0000000000000004
20260220,19,854.1617094736841,5024.421052631578,1841.22105263158,1183.2,0.0,2000.0,1.0000000000000004
20260220,20,854.1617094736841,5021.108033240994,1841.0554016620501,1180.052631578948,0.0,2000.0,1.0000000000000009
20260220,21,230.18632,5035.846848185264,1862.057374501055,1173.789473684211,0.0,2000.0,1.0000000000000004
20260220,22,230.18632,5314.845933717895,2153.161723191581,1161.684210526316,0.0,2000.0,1.0000000000000004
20260220,23,244.32044,5593.845019250526,2444.266071882106,1149.578947368421,0.0,2000.0,1.0000000000000002
20260220,24,234.07748,5872.844104783158,2735.370420572633,1137.473684210526,0.0,2000.0,1.0000000000000002
20260220,25,244.32044,6143.178622442106,3009.20493823158,1133.2631578947369,0.7105263157894698,2000.0,1.0
20260220,26,239.1989600000001,6382.3206957557895,3220.8680641768433,1157.473684210526,3.9789473684210526,2000.0,1.0000000000000002
20260220,27,238.76944,6621.462769069475,3432.53119012211,1181.6842105263158,7.247368421052636,2000.0,1.0000000000000004
20260220,28,239.88328,6860.604842383156,3644.194316067368,1205.894736842105,10.51578947368421,2000.0,1.0000000000000002
20260220,29,242.11096,7094.548174972634,3847.669227604213,1229.684210526316,17.19473684210527,2000.0,1.0
20260220,30,242.88264,7273.904729957897,3965.167887852632,1249.052631578948,59.68421052631585,2000.0,0.9999999999999998
20260220,31,244.32044,7453.261284943157,4082.6665481010523,1268.421052631579,102.1736842105263,2000.0,1.0000000000000002
20260220,32,244.33864,7632.617839928422,4200.165208349475,1287.789473684211,144.66315789473688,2000.0,1.0000000000000002
20260220,33,245.45248,7811.974394913686,4317.663868597896,1307.157894736842,187.1526315789474,2000.0,0.9999999999999998
20260220,34,245.45248,7838.834555322104,4306.75034479579,1308.0,224.0842105263158,2000.0,1.0000000000000002
20260220,35,244.72448,7858.7630614315785,4289.999903536841,1308.0,260.7631578947367,2000.0,0.9999999999999999
20260220,36,244.72448,7878.691567541051,4273.249462277898,1308.0,297.442105263158,2000.0,1.0000000000000007
20260220,37,244.72448,7898.620073650524,4256.499021018945,1308.0,334.1210526315789,2000.0,1.0
20260220,38,244.33864,7902.085900799999,4244.185900799997,1280.8,377.0999999999999,2000.0,0.9999999999999998
20260220,39,244.33864,7902.085900799999,4232.806953431577,1247.8736842105259,421.4052631578948,2000.0,0.9999999999999999
20260220,40,244.33864,7902.085900799999,4221.428006063155,1214.947368421053,465.7105263157895,2000.0,0.9999999999999999
20260220,41,244.33864,7902.085900799999,4210.049058694737,1182.021052631579,510.01578947368415,2000.0,1.0000000000000002
20260220,42,244.33864,7888.222592202103,4192.133118517891,1155.1578947368419,540.9315789473685,2000.0,0.9999999999999997
20260220,43,244.33864,7868.294086092631,4171.357243987367,1130.947368421053,565.9894736842106,2000.0,0.9999999999999999
20260220,44,244.33864,7848.365579983157,4150.581369456841,1106.736842105263,591.0473684210526,2000.0,1.0
20260220,45,244.32044,7828.4370738736825,4129.805494926313,1082.526315789474,616.1052631578948,2000.0,1.0
20260220,46,244.32044,7819.772506000002,4117.625137578945,1067.621052631579,634.5263157894738,2000.0,0.9999999999999994
20260220,47,244.32044,7819.772506000002,4112.056716526315,1059.873684210526,647.8421052631577,2000.0,0.9999999999999996
20260220,48,244.32044,7819.772506000002,4106.488295473681,1052.1263157894741,661.1578947368421,2000.0,0.9999999999999994
20260220,49,244.32044,7819.772506000002,4100.919874421053,1044.378947368421,674.4736842105261,2000.0,0.9999999999999997
20260220,50,244.32044,7819.772506000002,4092.1935586315785,1040.421052631579,687.1578947368421,2000.0,0.9999999999999997
20260220,51,244.32044,7819.772506000002,4079.3619796842086,1041.389473684211,699.021052631579,2000.0,0.9999999999999996
20260220,52,243.2248,7819.772506000002,4066.530400736842,1042.357894736842,710.8842105263159,2000.0,0.9999999999999997
20260220,53,243.2248,7819.772506000002,4053.698821789473,1043.326315789474,722.7473684210527,2000.0,0.9999999999999997
20260220,54,243.2248,7807.642110976842,4037.136847818948,1039.578947368421,730.9263157894737,2000.0,1.0000000000000002
20260220,55,243.2248,7767.785098757895,4012.048256652631,1025.052631578948,730.6842105263158,2000.0,1.0
20260220,56,243.2248,7727.928086538946,3986.959665486318,1010.526315789474,730.4421052631578,2000.0,1.0000000000000004
20260220,57,242.88264,7688.071074319998,3961.871074319999,996.0000000000001,730.1999999999999,2000.0,1.0000000000000002
20260220,58,243.2248,7658.611543549473,3967.0115435494745,974.442105263158,717.1578947368419,2000.0,1.0000000000000002
20260220,59,244.32044,7678.540049658946,4115.740049658946,919.4842105263161,643.3157894736843,2000.0,1.0
20260220,60,244.72448,7698.468555768423,4264.468555768422,864.5263157894738,569.473684210526,2000.0,0.9999999999999998
20260220,61,246.16228,7718.397061877896,4413.197061877892,809.5684210526315,495.6315789473684,2000.0,0.9999999999999996
20260220,62,246.56632,7741.791395136842,4560.812447768422,757.9894736842105,422.9894736842106,2000.0,1.0000000000000002
20260220,63,247.6801600000001,7841.4339256842095,4683.939188842106,780.7473684210527,376.7473684210525,2000.0,1.0000000000000002
20260220,64,248.00412,7941.076456231581,4807.065929915791,803.5052631578948,330.50526315789483,2000.0,0.9999999999999999
20260220,65,248.794,8040.718986778949,4930.192670989477,826.2631578947368,284.263157894737,2000.0,1.0000000000000002
20260220,66,249.68944,8140.361517326318,5053.31941206316,849.021052631579,238.0210526315788,2000.0,0.9999999999999999
20260220,67,249.84596,8167.221677734738,5077.137467208425,890.1263157894734,199.9578947368424,2000.0,1.0000000000000004
20260220,68,249.84596,8187.150183844212,5091.497552265263,932.9789473684208,162.6736842105263,2000.0,0.9999999999999998
20260220,69,249.84596,8207.078689953683,5105.857637322106,975.8315789473684,125.3894736842104,2000.0,1.0
20260220,70,250.2500000000001,8227.00719606316,5120.217722378948,1018.6842105263149,88.10526315789498,2000.0,0.9999999999999998
20260220,71,251.51126,8231.33948,5166.539479999999,999.957894736842,64.84210526315792,2000.0,0.9999999999999998
20260220,72,251.6878,8231.33948,5221.739480000001,964.1263157894734,45.47368421052624,2000.0,1.0
20260220,73,251.6878,8231.33948,5276.93948,928.2947368421054,26.105263157894846,2000.0,1.0
20260220,74,253.33308,8231.33948,5332.139479999998,892.4631578947369,6.736842105263176,2000.0,0.9999999999999998
20260220,75,253.33308,8179.352072757895,5305.983651705263,873.3684210526314,0.0,2000.0,0.9999999999999999
20260220,76,251.6878,8099.63804832,5236.438048319998,863.1999999999999,0.0,2000.0,0.9999999999999998
20260220,77,251.51126,8019.924023882106,5166.892444934735,853.0315789473684,0.0,2000.0,0.9999999999999998
20260220,78,249.84596,7940.20999944421,5097.346841549472,842.8631578947366,0.0,2000.0,0.9999999999999999
20260220,79,249.68944,7850.098493557895,5028.898493557896,821.2000000000003,0.0,2000.0,1.0000000000000002
20260220,80,248.794,7750.455963010526,4961.45596301053,789.0,0.0,2000.0,1.0000000000000004
20260220,81,248.794,7650.813432463157,4894.013432463157,756.7999999999998,0.0,2000.0,1.0
20260220,82,248.00412,7551.170901915788,4826.570901915788,724.6000000000003,0.0,2000.0,1.0000000000000002
20260220,83,247.86762,7428.134038109473,4731.565617056842,696.5684210526316,0.0,2000.0,1.0
20260220,84,248.00412,7268.705989233682,4593.684936602105,675.0210526315789,0.0,2000.0,1.0000000000000002
20260220,85,247.6801600000001,7109.277940357894,4455.804256147369,653.4736842105265,0.0,2000.0,1.0000000000000002
20260220,86,247.6801600000001,6949.849891482104,4317.923575692634,631.9263157894736,0.0,2000.0,1.0000000000000004
20260220,87,246.56632,6780.0243611578935,4162.761203263159,617.2631578947368,0.0,2000.0,1.0000000000000002
20260220,88,245.45248,6580.739300063158,3958.6340369052623,622.1052631578948,0.0,2000.0,0.9999999999999999
20260220,89,244.32044,6381.454238968421,3754.506870547366,626.9473684210526,0.0,2000.0,0.9999999999999996
20260220,90,242.11096,6182.169177873683,3550.3797041894722,631.7894736842104,0.0,2000.0,0.9999999999999999
20260220,91,240.99712,5982.884116778949,3344.1999062526343,638.6842105263157,0.0,2000.0,1.0000000000000002
20260220,92,238.76944,5783.599055684212,3124.3358977894763,659.2631578947369,0.0,2000.0,1.0000000000000002
20260220,93,235.51528,5584.313994589473,2904.4718893263157,679.842105263158,0.0,2000.0,1.0000000000000002
20260220,94,233.67344,5385.028933494739,2684.607880863161,700.4210526315788,0.0,2000.0,1.0
20260220,95,216.91488,5185.743872399999,2464.7438724000012,721.0,0.0,2000.0,1.0000000000000004
20260221,0,232.414,5402.4464832,2609.446483200002,793.0,0.0,2000.0,1.0000000000000004
20260221,1,231.30016,5324.359275587369,2529.664538745266,794.6947368421054,0.0,2000.0,1.0000000000000004
20260221,2,230.18632,5246.272067974736,2449.882594290527,796.3894736842105,0.0,2000.0,1.0000000000000002
20260221,3,229.07248,5168.184860362103,2370.100649835791,798.0842105263159,0.0,2000.0,1.0000000000000009
20260221,4,227.95864,5090.097652749473,2290.318705381053,799.778947368421,0.0,2000.0,1.0000000000000002
20260221,5,226.8448,5028.9859250526315,2222.249082947369,806.7368421052631,0.0,2000.0,1.0000000000000002
20260221,6,225.73096,4970.420519343158,2155.936308816844,814.4842105263159,0.0,2000.0,1.0000000000000004
20260221,7,853.98584,4960.243767313016,2138.01218836565,822.2315789473685,0.0,2000.0,1.0000000000000004
20260221,8,853.98584,4968.398891966757,2138.419944598338,829.978947368421,0.0,2000.0,1.0000000000000004
20260221,9,853.98584,4943.4016620498605,2137.170083102493,806.2315789473685,0.0,2000.0,1.0000000000000002
20260221,10,853.98584,4906.70360110803,2135.335180055401,771.3684210526317,0.0,2000.0,1.0000000000000007
20260221,11,853.98584,4870.005540166204,2133.50027700831,736.5052631578947,0.0,2000.0,1.0000000000000002
20260221,12,853.98584,4833.307479224372,2131.665373961218,701.642105263158,0.0,2000.0,1.0000000000000007
20260221,13,853.98584,4817.085872576175,2130.854293628808,686.2315789473686,0.0,2000.0,1.0000000000000007
20260221,14,853.98584,4814.027700831022,2130.701385041551,683.3263157894737,0.0,2000.0,1.0000000000000007
20260221,15,853.98584,4810.969529085871,2130.548476454293,680.4210526315791,0.0,2000.0,1.0000000000000004
20260221,16,853.98584,4807.911357340718,2130.395567867036,677.5157894736843,0.0,2000.0,1.0000000000000007
20260221,17,853.98584,4848.731301939058,2132.436565096953,716.2947368421051,0.0,2000.0,1.0000000000000002
20260221,18,853.98584,4937.418282548472,2136.870914127423,800.5473684210526,0.0,2000.0,1.0000000000000007
20260221,19,853.98584,5026.105263157892,2141.305263157894,884.8,0.0,2000.0,1.0000000000000004
20260221,20,853.98584,5114.7922437673105,2145.7396121883653,969.0526315789473,0.0,2000.0,1.0000000000000004
20260221,21,853.98584,5167.756232686979,2148.387811634349,1019.3684210526319,0.0,2000.0,1.0000000000000004
20260221,22,217.14784,5206.379690172631,2200.327058593686,1006.0526315789471,0.0,2000.0,1.0000000000000004
20260221,23,238.76944,5479.684916816842,2486.948074711581,992.736842105263,0.0,2000.0,1.0000000000000002
20260221,24,231.30016,5752.990143461054,2773.5690908294782,979.4210526315788,0.0,2000.0,1.0000000000000004
20260221,25,231.30016,6017.807630147368,3058.8865775157888,958.2105263157896,0.7105263157894698,2000.0,1.0
20260221,26,239.88328,6252.069252985263,3339.511358248424,908.578947368421,3.9789473684210526,2000.0,1.0000000000000007
20260221,27,239.88328,6486.330875823158,3620.1361389810545,858.9473684210526,7.247368421052636,2000.0,1.0000000000000002
20260221,28,240.99712,6720.592498661053,3900.760919713686,809.315789473684,10.51578947368421,2000.0,1.0000000000000002
20260221,29,242.88264,6949.76147752421,4168.566740682103,763.1578947368421,18.03684210526317,2000.0,0.9999999999999998
20260221,30,243.2248,7125.457694652631,4301.773484126316,753.4736842105265,70.21052631578955,2000.0,1.0000000000000002
20260221,31,244.33864,7301.153911781052,4434.980227570526,743.7894736842105,122.3842105263157,2000.0,1.0000000000000002
20260221,32,245.45248,7476.850128909475,4568.186971014736,734.1052631578947,174.5578947368422,2000.0,0.9999999999999998
20260221,33,245.45248,7652.546346037893,4701.3937144589445,724.4210526315788,226.7315789473686,2000.0,0.9999999999999999
20260221,34,245.45248,7678.858339907366,4674.910971486315,716.5894736842106,287.35789473684207,2000.0,1.0000000000000004
20260221,35,245.45248,7698.380141810524,4641.169615494733,708.8421052631579,348.36842105263133,2000.0,0.9999999999999999
20260221,36,245.45248,7717.901943713683,4607.428259503156,701.0947368421052,409.3789473684211,2000.0,1.0
20260221,37,245.45248,7737.42374561684,4573.686903511576,693.3473684210526,470.3894736842105,2000.0,0.9999999999999999
20260221,38,244.33864,7740.8188415999975,4483.018841599997,720.8,536.9999999999999,2000.0,1.0
20260221,39,244.33864,7740.8188415999975,4380.36621002105,755.6631578947369,604.7894736842106,2000.0,1.0000000000000002
20260221,40,243.2248,7740.8188415999975,4277.713578442105,790.5263157894738,672.578947368421,2000.0,1.0000000000000004
20260221,41,243.2248,7740.8188415999975,4175.060946863157,825.3894736842107,740.3684210526314,2000.0,1.0000000000000002
20260221,42,242.11096,7727.238457667366,4100.512141877891,848.8000000000002,777.9263157894738,2000.0,0.9999999999999999
20260221,43,242.11096,7707.716655764209,4038.2587610273667,867.2,802.2578947368421,2000.0,1.0
20260221,44,241.0408,7688.194853861053,3976.005380176841,885.6,826.5894736842105,2000.0,0.9999999999999998
20260221,45,240.99712,7668.673051957894,3913.751999326315,903.9999999999999,850.9210526315788,2000.0,1.0
20260221,46,240.99712,7660.185312000001,3880.9379435789465,909.8105263157894,869.4368421052632,2000.0,0.9999999999999997
20260221,47,240.99712,7660.185312000001,3870.7695225263137,905.9368421052632,883.4789473684209,2000.0,0.9999999999999996
20260221,48,240.99712,7660.185312000001,3860.6011014736823,902.0631578947366,897.521052631579,2000.0,0.9999999999999996
20260221,49,240.99712,7660.185312000001,3850.4326804210505,898.1894736842106,911.5631578947368,2000.0,0.9999999999999996
20260221,50,240.99712,7660.185312000001,3858.843206736841,886.3157894736842,915.0263157894734,2000.0,0.9999999999999996
20260221,51,240.99712,7660.185312000001,3891.4063646315767,864.0421052631579,904.7368421052631,2000.0,0.9999999999999996
20260221,52,240.99712,7660.185312000001,3923.969522526314,841.7684210526315,894.4473684210527,2000.0,0.9999999999999996
20260221,53,241.0408,7660.185312000001,3956.532680421052,819.4947368421052,884.1578947368422,2000.0,0.9999999999999998
20260221,54,241.0408,7648.302476058949,3981.634055006316,796.042105263158,870.6263157894736,2000.0,0.9999999999999999
20260221,55,242.11096,7609.258872252632,3989.679924884211,769.8947368421051,849.684210526316,2000.0,1.0
20260221,56,242.11096,7570.215268446317,3997.725794762107,743.7473684210527,828.7421052631579,2000.0,1.0000000000000002
20260221,57,242.11096,7531.171664639998,4005.7716646400017,717.5999999999998,807.7999999999997,2000.0,1.0000000000000004
20260221,58,242.11096,7502.313348783158,4030.950190888422,693.3052631578947,778.0578947368422,2000.0,1.0000000000000002
20260221,59,242.88264,7521.835150686317,4137.508834896843,677.8105263157896,706.5157894736844,2000.0,0.9999999999999999
20260221,60,243.2248,7541.356952589473,4244.067478905265,662.3157894736842,634.9736842105261,2000.0,1.0000000000000002
20260221,61,244.32044,7560.878754492632,4350.626122913681,646.8210526315789,563.4315789473683,2000.0,0.9999999999999996
20260221,62,244.33864,7583.795652378946,4460.069336589471,631.4947368421052,492.2315789473686,2000.0,0.9999999999999999
20260221,63,245.45248,7681.404661894738,4632.9730829473665,619.8736842105264,428.55789473684194,2000.0,0.9999999999999997
20260221,64,246.56632,7779.013671410526,4805.876829305263,608.2526315789473,364.8842105263157,2000.0,1.0
20260221,65,247.6801600000001,7876.622680926314,4978.780575663158,596.6315789473683,301.2105263157896,2000.0,1.0000000000000002
20260221,66,248.00412,7974.231690442103,5151.684322021054,585.0105263157894,237.536842105263,2000.0,1.0000000000000004
20260221,67,248.40816,8000.5436843115785,5226.101579048421,579.3578947368422,195.0842105263161,2000.0,1.0000000000000002
20260221,68,248.794,8020.065486214738,5291.139170425266,574.2736842105263,154.6526315789475,2000.0,1.0000000000000002
20260221,69,248.794,8039.5872881178975,5356.176761802105,569.1894736842105,114.2210526315788,2000.0,0.9999999999999996
20260221,70,249.68944,8059.109090021052,5421.214353178945,564.1052631578948,73.78947368421079,2000.0,0.9999999999999999
20260221,71,249.84596,8063.35296,5475.52138105263,535.1473684210526,52.68421052631581,2000.0,0.9999999999999998
20260221,72,250.2500000000001,8063.35296,5526.847696842106,499.557894736842,36.947368421052566,2000.0,1.0000000000000002
20260221,73,251.6878,8063.35296,5578.174012631579,463.9684210526319,21.210526315789572,2000.0,1.0
20260221,74,251.6878,8063.35296,5629.500328421053,428.37894736842105,5.473684210526332,2000.0,1.0000000000000002
20260221,75,251.6878,8012.42652025263,5614.742309726313,397.68421052631567,0.0,2000.0,0.9999999999999998
20260221,76,251.51126,7934.339312639999,5564.739312639998,369.6000000000002,0.0,2000.0,1.0
20260221,77,250.2500000000001,7856.252105027369,5514.736315553684,341.5157894736843,0.0,2000.0,0.9999999999999999
20260221,78,249.84596,7778.164897414736,5464.733318467367,313.4315789473683,0.0,2000.0,1.0
20260221,79,248.794,7689.892401852631,5386.987138694739,302.9052631578947,0.0,2000.0,1.0000000000000002
20260221,80,248.794,7592.283392336843,5283.809708126316,308.4736842105263,0.0,2000.0,1.0
20260221,81,248.00412,7494.674382821051,5180.6322775578965,314.0421052631579,0.0,2000.0,1.0000000000000004
20260221,82,247.6801600000001,7397.065373305263,5077.454846989474,319.61052631578946,0.0,2000.0,1.0000000000000002
20260221,83,246.56632,7276.539465903157,4950.792097482104,325.74736842105267,0.0,2000.0,0.9999999999999999
20260221,84,247.6801600000001,7120.365050677893,4787.596629625261,332.7684210526316,0.0,2000.0,0.9999999999999999
20260221,85,246.56632,6964.190635452635,4624.401161768422,339.7894736842104,0.0,2000.0,0.9999999999999996
20260221,86,246.16228,6808.01622022737,4461.205693911579,346.8105263157894,0.0,2000.0,0.9999999999999999
20260221,87,244.72448,6641.656517052631,4287.635464421049,354.02105263157904,0.0,2000.0,0.9999999999999994
20260221,88,244.32044,6446.438498021054,4084.670076968421,361.7684210526316,0.0,2000.0,0.9999999999999997
20260221,89,242.88264,6251.220478989475,3881.7046895157887,369.5157894736842,0.0,2000.0,0.9999999999999997
20260221,90,241.0408,6056.002459957896,3678.739302063159,377.2631578947369,0.0,2000.0,1.0
20260221,91,239.88328,5860.784440926317,3473.6265461894754,387.157894736842,0.0,2000.0,1.0000000000000002
20260221,92,238.76944,5665.566421894736,3254.198000842109,411.36842105263156,0.0,2000.0,1.0000000000000009
20260221,93,235.51528,5470.348402863157,3034.769455494738,435.57894736842127,0.0,2000.0,1.0000000000000002
20260221,94,233.67344,5275.130383831579,2815.340910147371,459.78947368421046,0.0,2000.0,1.0000000000000004
20260221,95,216.91488,5079.9123647999995,2595.912364800001,484.00000000000006,0.0,2000.0,1.0000000000000002
20260222,0,235.51528,5289.8955148,2724.8955148000023,565.0,0.0,2000.0,1.0000000000000004
20260222,1,233.67344,5213.4351240126325,2653.035124012634,560.4000000000001,0.0,2000.0,1.0000000000000004
20260222,2,232.414,5136.974733225262,2581.1747332252653,555.8,0.0,2000.0,1.0000000000000007
20260222,3,231.30016,5060.514342437894,2509.3143424378964,551.1999999999999,0.0,2000.0,1.0000000000000004
20260222,4,230.18632,4984.053951650525,2437.453951650527,546.5999999999999,0.0,2000.0,1.0000000000000004
20260222,5,229.07248,4924.215384947368,2369.794332315791,554.4210526315788,0.0,2000.0,1.0000000000000004
20260222,6,227.95864,4866.870091856842,2302.76482869895,564.1052631578948,0.0,2000.0,1.0000000000000007
20260222,7,226.8448,4809.524798766316,2235.735325082107,573.7894736842104,0.0,2000.0,1.0000000000000002
20260222,8,225.73096,4752.179505675789,2168.705821465265,583.4736842105262,0.0,2000.0,1.0000000000000004
20260222,9,853.98584,4731.8337950138475,2166.5916897506922,565.2421052631579,0.0,2000.0,1.0000000000000007
20260222,10,225.73096,4703.976215831581,2166.81832109474,537.1578947368421,0.0,2000.0,1.0000000000000004
20260222,11,225.73096,4684.861118134737,2175.787433924214,509.07368421052627,0.0,2000.0,1.0000000000000007
20260222,12,225.73096,4665.746020437894,2184.756546753686,480.98947368421045,0.0,2000.0,1.0000000000000007
20260222,13,225.73096,4658.266199599999,2194.30830486316,463.95789473684215,0.0,2000.0,1.0000000000000009
20260222,14,225.73096,4658.266199599999,2204.234620652634,454.0315789473684,0.0,2000.0,1.0000000000000009
20260222,15,225.73096,4658.266199599999,2214.160936442108,444.10526315789457,0.0,2000.0,1.0000000000000009
20260222,16,226.8448,4658.266199599999,2224.0872522315817,434.17894736842106,0.0,2000.0,1.0000000000000009
20260222,17,226.8448,4667.408202846314,2227.987150214738,439.42105263157896,0.0,2000.0,1.0000000000000007
20260222,18,226.8448,4686.523300543157,2225.312774227371,461.2105263157894,0.0,2000.0,1.0000000000000007
20260222,19,226.8448,4705.63839824,2222.638398240003,483.0,0.0,2000.0,1.0000000000000007
20260222,20,226.8448,4724.75349593684,2219.964022252633,504.7894736842106,0.0,2000.0,1.0000000000000007
20260222,21,222.62968,4830.30207887158,2307.765236766318,522.5368421052632,0.0,2000.0,1.0000000000000002
20260222,22,235.51528,5097.913446627368,2565.208183469475,532.7052631578947,0.0,2000.0,1.0000000000000004
20260222,23,239.1989600000001,5365.5248143831595,2822.651130172634,542.8736842105262,0.0,2000.0,1.0000000000000002
20260222,24,239.88328,5633.136182138947,3080.094076875793,553.042105263158,0.0,2000.0,1.0000000000000007
20260222,25,231.30016,5892.436637852631,3335.384006273685,556.2631578947369,0.789473684210522,2000.0,1.0000000000000002
20260222,26,238.76944,6121.817810214738,3582.9230733726363,534.4736842105262,4.421052631578948,2000.0,1.0000000000000007
20260222,27,239.88328,6351.198982576841,3830.4621404715804,512.6842105263157,8.052631578947373,2000.0,1.0000000000000002
20260222,28,242.11096,6580.580154938945,4078.001207570526,490.89473684210515,11.68421052631579,2000.0,1.0000000000000002
20260222,29,243.2248,6804.97478007579,4316.53267481263,469.00000000000006,19.44210526315791,2000.0,0.9999999999999998
20260222,30,244.33864,6977.01065934737,4460.484343557894,445.99999999999983,70.52631578947376,2000.0,0.9999999999999998
20260222,31,244.72448,7149.046538618948,4604.436012303158,423.00000000000006,121.61052631578939,2000.0,1.0
20260222,32,245.45248,7321.082417890527,4748.387681048418,400.0,172.6947368421053,2000.0,0.9999999999999996
20260222,33,246.56632,7493.118297162104,4892.339349793683,377.0,223.77894736842111,2000.0,1.0000000000000002
20260222,34,246.56632,7518.88212449263,4833.513703439997,388.7368421052632,296.6315789473684,2000.0,0.9999999999999998
20260222,35,246.16228,7537.997222189475,4765.470906399999,402.0526315789473,370.47368421052613,2000.0,0.9999999999999997
20260222,36,245.45248,7557.112319886316,4697.428109359997,415.36842105263156,444.3157894736844,2000.0,0.9999999999999996
20260222,37,245.45248,7576.227417583158,4629.385312320001,428.6842105263157,518.1578947368421,2000.0,1.0000000000000002
20260222,38,244.72448,7579.551782399999,4574.851782399999,426.6,578.0999999999998,2000.0,1.0
20260222,39,244.33864,7579.551782399999,4523.162308715787,421.27368421052614,635.1157894736842,2000.0,0.9999999999999998
20260222,40,244.33864,7579.551782399999,4471.472835031576,415.94736842105266,692.1315789473683,2000.0,0.9999999999999998
20260222,41,244.32044,7579.551782399999,4419.783361347366,410.621052631579,749.1473684210525,2000.0,0.9999999999999998
20260222,42,243.2248,7566.254323132633,4353.11221786947,423.82105263157894,789.3210526315789,2000.0,0.9999999999999994
20260222,43,243.2248,7547.13922543579,4279.886593856843,445.12631578947367,822.1263157894738,2000.0,1.0000000000000002
20260222,44,242.88264,7528.024127738947,4206.660969844207,466.4315789473683,854.9315789473685,2000.0,0.9999999999999997
20260222,45,242.11096,7508.909030042108,4133.435345831579,487.73684210526335,887.7368421052631,2000.0,0.9999999999999998
20260222,46,242.11096,7500.598117999999,4107.961275894736,484.0,908.6368421052631,2000.0,1.0
20260222,47,242.11096,7500.598117999999,4119.219170631578,460.99999999999994,920.3789473684209,2000.0,1.0
20260222,48,242.11096,7500.598117999999,4130.47706536842,438.00000000000006,932.121052631579,2000.0,1.0
20260222,49,242.11096,7500.598117999999,4141.734960105263,415.00000000000006,943.8631578947368,2000.0,1.0000000000000002
20260222,50,242.11096,7500.598117999999,4152.992854842105,385.7894736842106,961.8157894736839,2000.0,1.0000000000000002
20260222,51,242.11096,7500.598117999999,4164.250749578947,348.5052631578947,987.8421052631578,2000.0,1.0
20260222,52,242.88264,7500.598117999999,4175.508644315789,311.221052631579,1013.8684210526319,2000.0,1.0000000000000002
20260222,53,242.88264,7500.598117999999,4186.76653905263,273.9368421052633,1039.894736842105,2000.0,0.9999999999999999
20260222,54,242.88264,7488.962841141051,4197.9575779831575,246.5263157894737,1044.478947368421,2000.0,1.0000000000000002
20260222,55,242.88264,7450.732645747369,4208.995803642108,241.6842105263158,1000.052631578947,2000.0,1.0000000000000002
20260222,56,243.2248,7412.502450353685,4220.034029301054,236.84210526315792,955.6263157894737,2000.0,1.0000000000000002
20260222,57,243.2248,7374.27225496,4231.072254960002,231.99999999999997,911.1999999999998,2000.0,1.0000000000000002
20260222,58,243.2248,7346.015154016844,4253.051996122107,227.49473684210528,865.4684210526316,2000.0,1.0000000000000002
20260222,59,243.2248,7365.1302517136855,4327.003935924211,224.5894736842105,813.5368421052633,2000.0,0.9999999999999999
20260222,60,244.32044,7384.2453494105275,4400.955875726313,221.68421052631578,761.6052631578946,2000.0,0.9999999999999993
20260222,61,244.33864,7403.360447107369,4474.9078155284205,218.7789473684211,709.6736842105262,2000.0,0.9999999999999999
20260222,62,244.33864,7425.7999096210515,4553.031488568419,216.52631578947367,656.242105263158,2000.0,0.9999999999999999
20260222,63,245.45248,7521.375398105262,4722.933292842104,228.63157894736852,569.8105263157892,2000.0,0.9999999999999999
20260222,64,246.56632,7616.950886589474,4892.835097115789,240.73684210526318,483.37894736842105,2000.0,0.9999999999999999
20260222,65,247.6801600000001,7712.526375073685,5062.736901389474,252.8421052631579,396.94736842105283,2000.0,0.9999999999999999
20260222,66,248.00412,7808.101863557894,5232.638705663159,264.9473684210527,310.5157894736839,2000.0,1.0000000000000002
20260222,67,248.794,7833.865690888422,5303.992006677896,275.06315789473683,254.81052631578982,2000.0,1.0
20260222,68,248.794,7852.980788585262,5365.959735953686,284.9894736842105,202.03157894736853,2000.0,1.0000000000000004
20260222,69,249.34,7872.0958862821035,5427.927465229476,294.9157894736842,149.2526315789472,2000.0,1.0000000000000007
20260222,70,249.84596,7891.210983978948,5489.895194505262,304.8421052631578,96.47368421052663,2000.0,0.9999999999999998
20260222,71,249.84596,7895.3664400000025,5526.103282105262,300.3684210526315,68.8947368421053,2000.0,0.9999999999999996
20260222,72,250.2500000000001,7895.3664400000025,5555.155913684209,291.8947368421053,48.31578947368413,2000.0,0.9999999999999994
20260222,73,251.51126,7895.3664400000025,5584.208545263155,283.421052631579,27.736842105263282,2000.0,0.9999999999999994
20260222,74,251.6878,7895.3664400000025,5613.261176842105,274.9473684210527,7.157894736842127,2000.0,0.9999999999999997
20260222,75,251.51126,7845.50096774737,5578.553599326314,266.9473684210526,0.0,2000.0,0.9999999999999996
20260222,76,249.84596,7769.040576959999,5509.840576959996,259.2000000000001,0.0,2000.0,0.9999999999999996
20260222,77,249.34,7692.580186172631,5441.127554593686,251.4526315789474,0.0,2000.0,1.0000000000000002
20260222,78,248.794,7616.119795385265,5372.414532227369,243.7052631578947,0.0,2000.0,0.9999999999999998
20260222,79,248.794,7529.686310147367,5290.065257515791,239.621052631579,0.0,2000.0,1.0000000000000004
20260222,80,248.00412,7434.11082166316,5195.216084821053,238.89473684210532,0.0,2000.0,0.9999999999999998
20260222,81,247.6801600000001,7338.535333178947,5100.366912126316,238.1684210526315,0.0,2000.0,1.0
20260222,82,247.6801600000001,7242.959844694737,5005.517739431579,237.44210526315788,0.0,2000.0,1.0
20260222,83,247.6801600000001,7124.944893696842,4889.17647264421,235.7684210526316,0.0,2000.0,0.9999999999999999
20260222,84,246.56632,6972.024112122105,4739.403059490525,232.6210526315789,0.0,2000.0,0.9999999999999999
20260222,85,246.56632,6819.103330547371,4589.629646336843,229.47368421052633,0.0,2000.0,0.9999999999999998
20260222,86,245.45248,6666.182548972631,4439.856233183156,226.3263157894737,0.0,2000.0,0.9999999999999999
20260222,87,244.72448,6503.288672947368,4280.678146631579,222.6105263157895,0.0,2000.0,1.0000000000000002
20260222,88,244.32044,6312.137695978947,4094.85348545263,217.2842105263158,0.0,2000.0,0.9999999999999999
20260222,89,243.2248,6120.986719010526,3909.028824273686,211.9578947368421,0.0,2000.0,1.0000000000000002
20260222,90,242.11096,5929.835742042105,3723.204163094737,206.6315789473684,0.0,2000.0,1.0
20260222,91,240.99712,5738.6847650736845,3536.2742387578983,202.4105263157895,0.0,2000.0,1.0000000000000004
20260222,92,239.1989600000001,5547.533788105263,3341.9758933684243,205.55789473684212,0.0,2000.0,1.0000000000000007
20260222,93,235.51528,5356.38281113684,3147.677547978947,208.70526315789482,0.0,2000.0,1.0000000000000004
20260222,94,233.67344,5165.231834168422,2953.379202589477,211.85263157894738,0.0,2000.0,1.0000000000000004
20260222,95,225.58536,4974.080857200001,2759.080857200003,215.0,0.0,2000.0,1.0000000000000002
20260223,0,242.11096,5044.635195600001,2715.6351956000008,329.0,0.0,2000.0,1.0
20260223,1,241.0408,4950.686523941053,2566.728629204212,383.9578947368421,0.0,2000.0,1.0000000000000004
20260223,2,242.88264,4856.737852282105,2417.8220628084227,438.9157894736842,0.0,2000.0,1.0000000000000004
20260223,3,242.11096,4762.789180623156,2268.915496412631,493.8736842105262,0.0,2000.0,1.0000000000000002
20260223,4,244.72448,4668.840508964208,2120.008930016842,548.8315789473685,0.0,2000.0,1.0000000000000007
20260223,5,244.32044,4602.123336336842,1999.597020547368,602.5263157894736,0.0,2000.0,0.9999999999999998
20260223,6,246.56632,4539.490888564211,1883.459309616843,656.0315789473684,0.0,2000.0,1.0000000000000002
20260223,7,244.32044,4476.858440791578,1767.3215986863158,709.536842105263,0.0,2000.0,1.0000000000000002
20260223,8,854.88856,4424.2548476454285,1661.212742382272,763.042105263158,0.0,2000.0,1.0000000000000004
20260223,9,854.88856,4424.631578947367,1661.2315789473691,763.4000000000001,0.0,2000.0,1.0000000000000004
20260223,10,854.88856,4405.263157894735,1660.263157894736,745.0,0.0,2000.0,1.0000000000000002
20260223,11,854.7916210526315,4385.894736842104,1659.2947368421062,726.6,0.0,2000.0,1.0000000000000007
20260223,12,854.7916210526315,4366.526315789472,1658.3263157894742,708.2,0.0,2000.0,1.0000000000000004
20260223,13,854.7916210526315,4367.789473684211,1658.3894736842112,709.4,0.0,2000.0,1.0000000000000002
20260223,14,854.7916210526315,4382.315789473682,1659.1157894736848,723.2,0.0,2000.0,1.0000000000000007
20260223,15,854.7916210526315,4396.8421052631575,1659.842105263158,736.9999999999999,0.0,2000.0,1.0000000000000002
20260223,16,854.88856,4411.368421052631,1660.568421052632,750.8000000000001,0.0,2000.0,1.0000000000000002
20260223,17,854.88856,4420.04432132964,1661.0022160664819,759.0421052631579,0.0,2000.0,1.0
20260223,18,854.88856,4422.337950138503,1661.1168975069259,761.2210526315788,0.0,2000.0,1.0000000000000002
20260223,19,854.88856,4424.6315789473665,1661.231578947368,763.4000000000001,0.0,2000.0,1.0000000000000004
20260223,20,854.88856,4426.925207756234,1661.346260387812,765.5789473684209,0.0,2000.0,0.9999999999999996
20260223,21,854.88856,4418.315789473682,1660.915789473685,757.4,0.0,2000.0,1.0000000000000007
20260223,22,854.7916210526315,4389.263157894738,1659.4631578947378,729.8000000000002,0.0,2000.0,1.0000000000000002
20260223,23,854.7916210526315,4360.210526315786,1658.01052631579,702.2,0.0,2000.0,1.0000000000000009
20260223,24,854.7916210526315,4331.157894736842,1656.5578947368429,674.6,0.0,2000.0,1.0000000000000004
20260223,25,854.7916210526315,4299.7783933517985,1654.98891966759,644.0526315789474,0.7368421052631539,2000.0,1.0000000000000004
20260223,26,244.32044,4344.785670488422,1737.764617856844,602.8947368421052,4.126315789473685,2000.0,1.0000000000000004
20260223,27,246.16228,4407.418118261053,1838.165486682106,561.7368421052631,7.515789473684214,2000.0,1.0000000000000002
20260223,28,242.88264,4470.050566033685,1938.5663555073702,520.5789473684212,10.90526315789473,2000.0,1.0000000000000002
20260223,29,246.16228,4540.85246351579,2043.431410884212,478.8736842105264,18.54736842105264,2000.0,1.0000000000000004
20260223,30,232.23564,4697.433582947368,2195.170425052634,431.42105263157885,70.84210526315796,2000.0,1.0000000000000007
20260223,31,235.51528,4854.014702378947,2346.909439221054,383.9684210526316,123.1368421052631,2000.0,1.0000000000000004
20260223,32,233.67344,5010.595821810526,2498.648453389475,336.5157894736842,175.4315789473684,2000.0,1.0000000000000004
20260223,33,237.35712,5167.176941242105,2650.387467557898,289.06315789473683,227.7263157894737,2000.0,1.0000000000000007
20260223,34,237.35712,5293.803411738948,2734.656043317898,257.12631578947367,302.02105263157887,2000.0,1.0000000000000004
20260223,35,239.1989600000001,5419.068307284211,2815.857780968422,225.8947368421054,377.315789473684,2000.0,1.0
20260223,36,242.88264,5544.333202829474,2897.059518618948,194.6631578947368,452.61052631578957,2000.0,1.0
20260223,37,244.72448,5669.598098374736,2978.261256269473,163.4315789473684,527.9052631578948,2000.0,1.0
20260223,38,244.32044,5717.25322168,2960.953221680002,160.8,595.4999999999999,2000.0,1.0000000000000004
20260223,39,244.32044,5748.569445566316,2922.906287671578,164.1894736842105,661.4736842105265,2000.0,0.9999999999999999
20260223,40,242.88264,5779.885669452632,2884.859353663158,167.578947368421,727.4473684210527,2000.0,0.9999999999999999
20260223,41,241.0408,5811.201893338948,2846.812419654738,170.96842105263158,793.421052631579,2000.0,1.0
20260223,42,241.0408,5831.6255176126315,2824.062359717897,170.1473684210526,837.4157894736843,2000.0,1.0000000000000004
20260223,43,239.1989600000001,5847.283629555788,2808.004682187368,167.4842105263158,871.7947368421053,2000.0,1.0000000000000002
20260223,44,239.1989600000001,5862.941741498948,2791.947004656846,164.82105263157888,906.1736842105264,2000.0,1.0000000000000004
20260223,45,239.1989600000001,5878.599853442106,2775.8893271263178,162.1578947368421,940.5526315789473,2000.0,1.0000000000000002
20260223,46,237.35712,5876.557491014736,2762.383806804214,158.6736842105263,955.5,2000.0,1.0000000000000007
20260223,47,237.35712,5860.8993790715795,2750.84148433474,154.5578947368421,955.5,2000.0,1.0000000000000004
20260223,48,237.35712,5845.24126712842,2739.299161865266,150.4421052631579,955.5,2000.0,1.0000000000000007
20260223,49,235.51528,5829.5831551852625,2727.756839395793,146.3263157894737,955.5000000000001,2000.0,1.0000000000000009
20260223,50,235.51528,5807.117168484211,2706.354010589478,140.3157894736843,960.4473684210525,2000.0,1.0000000000000007
20260223,51,233.67344,5775.800944597895,2672.132523545266,131.8421052631578,971.8263157894736,2000.0,1.0000000000000002
20260223,52,232.414,5744.484720711579,2637.911036501055,123.3684210526315,983.2052631578947,2000.0,1.0000000000000004
20260223,53,232.414,5713.168496825263,2603.689549456843,114.89473684210529,994.5842105263159,2000.0,1.0000000000000002
20260223,54,232.414,5686.617785269474,2585.801995795792,109.00000000000001,991.815789473684,2000.0,1.0000000000000004
20260223,55,232.414,5670.959673326315,2605.2491470105297,109.00000000000001,956.7105263157894,2000.0,1.0000000000000007
20260223,56,232.414,5655.301561383156,2624.696298225265,109.00000000000001,921.6052631578949,2000.0,1.0000000000000007
20260223,57,233.67344,5639.64344944,2644.143449440003,109.00000000000001,886.5,2000.0,1.0000000000000007
20260223,58,233.67344,5626.708487399999,2671.913750557896,108.91578947368421,845.8789473684211,2000.0,1.0000000000000002
20260223,59,237.35712,5626.708487399999,2739.21901371579,108.4315789473684,779.0578947368423,2000.0,1.0000000000000002
20260223,60,239.1989600000001,5626.708487399999,2806.524276873684,107.94736842105259,712.2368421052629,2000.0,1.0
20260223,61,242.88264,5626.708487399999,2873.8295400315787,107.4631578947368,645.4157894736842,2000.0,1.0
20260223,62,244.32044,5629.431637303158,2942.989532040002,108.17894736842099,578.2631578947369,2000.0,1.0000000000000002
20260223,63,246.16228,5692.064085075789,3052.953558760002,135.2947368421054,503.8157894736841,2000.0,1.0000000000000004
20260223,64,247.86762,5754.696532848421,3162.91758548,162.4105263157895,429.36842105263156,2000.0,1.0
20260223,65,248.40816,5817.328980621053,3272.8816122000035,189.5263157894736,354.921052631579,2000.0,1.0000000000000004
20260223,66,249.84596,5879.961428393684,3382.845638920004,216.64210526315802,280.47368421052613,2000.0,1.0000000000000007
20260223,67,251.6878,6014.0765611242105,3566.834455861052,216.12631578947372,231.1157894736846,2000.0,1.0
20260223,68,255.1549,6154.999568612631,3757.873252823154,212.9789473684211,184.1473684210527,2000.0,0.9999999999999994
20260223,69,257.21332,6295.922576101055,3948.9120497852605,209.83157894736843,137.1789473684209,2000.0,0.9999999999999992
20260223,70,258.79854,6436.845583589472,4139.950846747366,206.6842105263158,90.21052631578979,2000.0,1.0
20260223,71,258.79854,6455.226845435789,4212.616319119996,177.7684210526316,64.84210526315792,2000.0,0.9999999999999994
20260223,72,259.05516,6439.568733492631,4252.40031244,141.6947368421051,45.47368421052624,2000.0,1.0
20260223,73,259.05516,6423.910621549473,4292.184305759999,105.6210526315791,26.105263157894846,2000.0,1.0
20260223,74,260.62036,6408.2525096063155,4331.968299079998,69.54736842105265,6.73684210526318,2000.0,0.9999999999999999
20260223,75,260.62036,6382.382585526316,4325.382585526316,56.99999999999999,0.0,2000.0,1.0
20260223,76,259.05516,6351.066361640001,4294.066361639999,56.99999999999999,0.0,2000.0,0.9999999999999997
20260223,77,259.05516,6319.750137753684,4262.750137753682,56.99999999999999,0.0,2000.0,0.9999999999999997
20260223,78,258.79854,6288.43391386737,4231.433913867369,56.99999999999999,0.0,2000.0,0.9999999999999997
20260223,79,258.79854,6248.9482402715785,4192.327187639998,56.62105263157895,0.0,2000.0,0.9999999999999997
20260223,80,257.21332,6201.973904442106,4146.079167599998,55.89473684210526,0.0,2000.0,0.9999999999999996
20260223,81,257.21332,6154.999568612631,4099.831147559998,55.16842105263158,0.0,2000.0,0.9999999999999997
20260223,82,256.97672,6108.025232783158,4053.5831275199967,54.442105263157906,0.0,2000.0,0.9999999999999996
20260223,83,255.37148,6067.17798423579,4013.3674579199983,53.810526315789474,0.0,2000.0,0.9999999999999997
20260223,84,255.37148,6035.861760349473,3982.535444559998,53.32631578947369,0.0,2000.0,0.9999999999999997
20260223,85,255.1549,6004.545536463159,3951.7034311999973,52.842105263157904,0.0,2000.0,0.9999999999999994
20260223,86,255.1549,5973.229312576843,3920.8714178399987,52.357894736842105,0.0,2000.0,0.9999999999999997
20260223,87,253.6534,5929.658914126317,3877.91154570526,51.74736842105263,0.0,2000.0,0.9999999999999992
20260223,88,253.33308,5851.368354410526,3800.589407042104,50.77894736842106,0.0,2000.0,0.9999999999999999
20260223,89,251.6878,5773.077794694737,3723.2672683789483,49.810526315789474,0.0,2000.0,1.0000000000000002
20260223,90,251.51126,5694.787234978947,3645.9451297157875,48.84210526315789,0.0,2000.0,0.9999999999999997
20260223,91,250.2500000000001,5614.454312835788,3566.5490496778943,47.90526315789474,0.0,2000.0,1.0000000000000002
20260223,92,250.2500000000001,5520.505641176842,3473.32669380842,47.17894736842105,0.0,2000.0,0.9999999999999999
20260223,93,249.68944,5426.556969517894,3380.10433793895,46.45263157894736,0.0,2000.0,1.0000000000000004
20260223,94,248.40816,5332.608297858948,3286.8819820694766,45.726315789473695,0.0,2000.0,1.0000000000000004
20260223,95,248.40816,5238.659626199999,3193.659626200004,45.0,0.0,2000.0,1.0000000000000009
20260224,0,237.7611600000001,4913.60571,2875.605710000002,38.0,0.0,2000.0,1.0000000000000004
20260224,1,244.32044,4822.0972635789485,2785.792000421054,36.30526315789473,0.0,2000.0,1.0000000000000002
20260224,2,241.0408,4730.5888171578945,2695.978290842106,34.61052631578947,0.0,2000.0,1.0000000000000002
20260224,3,237.35712,4639.080370736842,2606.164581263159,32.91578947368421,0.0,2000.0,1.0000000000000002
20260224,4,233.67344,4547.571924315788,2516.350871684212,31.22105263157895,0.0,2000.0,1.0000000000000007
20260224,5,232.414,4482.587665263157,2453.271875789475,29.315789473684212,0.0,2000.0,1.0000000000000007
20260224,6,231.30016,4421.582034315788,2394.20308694737,27.378947368421052,0.0,2000.0,1.0000000000000007
20260224,7,230.18632,4360.576403368421,2335.134298105265,25.442105263157888,0.0,2000.0,1.0000000000000004
20260224,8,229.07248,4299.570772421053,2276.065509263159,23.50526315789474,0.0,2000.0,1.0
20260224,9,229.07248,4261.110700736841,2237.7528060000022,23.357894736842113,0.0,2000.0,1.0000000000000009
20260224,10,227.95864,4230.607885263158,2206.765780000002,23.8421052631579,0.0,2000.0,1.0000000000000004
20260224,11,227.95864,4200.105069789473,2175.778754000001,24.32631578947368,0.0,2000.0,1.0000000000000002
20260224,12,227.95864,4169.602254315788,2144.791728000001,24.81052631578947,0.0,2000.0,1.0000000000000007
20260224,13,226.8448,4139.099438842105,2110.2678598947386,28.83157894736842,0.0,2000.0,1.0000000000000007
20260224,14,226.8448,4108.59662336842,2073.4703075789503,35.12631578947368,0.0,2000.0,1.0000000000000009
20260224,15,225.73096,4078.093807894738,2036.6727552631592,41.421052631578945,0.0,2000.0,1.0
20260224,16,225.73096,4047.590992421052,1999.8752029473699,47.71578947368421,0.0,2000.0,1.0000000000000007
20260224,17,853.9272168421054,4040.7977839335153,1982.039889196675,58.7578947368421,0.0,2000.0,1.0000000000000004
20260224,18,853.9272168421054,4057.872576177284,1982.8936288088642,74.97894736842106,0.0,2000.0,1.0000000000000004
20260224,19,853.9272168421054,4074.9473684210498,1983.747368421053,91.19999999999997,0.0,2000.0,1.0000000000000009
20260224,20,853.9272168421054,4092.022160664817,1984.6011080332398,107.42105263157899,0.0,2000.0,1.0000000000000004
20260224,21,853.9272168421054,4113.263157894734,1985.663157894736,127.60000000000001,0.0,2000.0,1.0000000000000007
20260224,22,853.9272168421054,4142.315789473681,1987.115789473685,155.20000000000002,0.0,2000.0,1.0000000000000009
20260224,23,853.9272168421054,4171.36842105263,1988.5684210526322,182.8,0.0,2000.0,1.0000000000000004
20260224,24,853.9272168421054,4200.421052631579,1990.02105263158,210.4,0.0,2000.0,1.0000000000000002
20260224,25,853.9272168421054,4228.642659279775,1991.432132963988,235.42105263157887,1.7894736842105161,2000.0,1.0000000000000004
20260224,26,853.9272168421054,4253.872576177283,1992.693628808864,251.1578947368421,10.02105263157895,2000.0,1.0000000000000007
20260224,27,225.73096,4292.939725578948,2007.792357157898,266.8947368421053,18.25263157894738,2000.0,1.0000000000000007
20260224,28,225.73096,4353.945356526316,2044.829567052635,282.6315789473684,26.48421052631578,2000.0,1.0000000000000009
20260224,29,226.8448,4422.908243684211,2086.97140157895,297.4842105263158,38.45263157894738,2000.0,1.0000000000000004
20260224,30,227.95864,4575.422321052632,2182.711794736845,303.0526315789474,89.65789473684218,2000.0,1.0000000000000007
20260224,31,229.07248,4727.936398421054,2278.4521878947403,308.621052631579,140.8631578947368,2000.0,1.0000000000000004
20260224,32,231.30016,4880.450475789475,2374.1925810526327,314.1894736842105,192.0684210526316,2000.0,1.0
20260224,33,232.414,5032.964553157894,2469.932974210529,319.7578947368421,243.2736842105264,2000.0,1.0000000000000004
20260224,34,233.67344,5156.302024421051,2532.328340210528,310.0421052631579,313.9315789473684,2000.0,1.0000000000000007
20260224,35,237.35712,5278.313286315789,2593.208023157897,299.6315789473685,385.473684210526,2000.0,1.0000000000000004
20260224,36,239.1989600000001,5400.324548210527,2654.087706105265,289.2210526315789,457.01578947368426,2000.0,1.0000000000000004
20260224,37,241.0408,5522.335810105264,2714.967389052632,278.8105263157895,528.5578947368422,2000.0,1.0
20260224,38,241.0408,5568.753138000001,2689.253138,280.4,599.0999999999999,2000.0,0.9999999999999999
20260224,39,239.1989600000001,5599.255953473685,2645.308585052635,284.5157894736842,669.4315789473686,2000.0,1.0000000000000004
20260224,40,237.35712,5629.7587689473685,2601.364032105266,288.6315789473684,739.763157894737,2000.0,1.0000000000000004
20260224,41,235.51528,5660.261584421053,2557.419479157898,292.7473684210526,810.0947368421051,2000.0,1.0000000000000004
20260224,42,235.51528,5680.15472494737,2587.5810407368467,287.7684210526315,804.8052631578946,2000.0,1.0000000000000004
20260224,43,239.1989600000001,5695.406132684211,2650.164027421055,278.8105263157895,766.4315789473684,2000.0,1.0000000000000002
20260224,44,241.0408,5710.657540421053,2712.747014105263,269.8526315789474,728.0578947368422,2000.0,0.9999999999999999
20260224,45,244.32044,5725.908948157895,2775.330000789475,260.8947368421052,689.6842105263157,2000.0,1.0000000000000002
20260224,46,244.32044,5723.919634105263,2765.9354235789488,264.11578947368423,693.8684210526316,2000.0,1.0000000000000002
20260224,47,241.0408,5708.668226368421,2701.173489526317,276.7052631578947,730.7894736842104,2000.0,1.0000000000000002
20260224,48,239.1989600000001,5693.416818631578,2636.411555473686,289.2947368421053,767.7105263157896,2000.0,1.0000000000000002
20260224,49,235.51528,5678.165410894736,2571.649621421055,301.8842105263158,804.6315789473683,2000.0,1.0000000000000004
20260224,50,233.67344,5656.28295631579,2516.1513773684233,312.68421052631584,827.4473684210527,2000.0,1.0000000000000002
20260224,51,232.414,5625.780140842106,2472.695930315792,321.1578947368421,831.9263157894736,2000.0,1.0000000000000002
20260224,52,232.414,5595.277325368421,2429.240483263159,329.6315789473684,836.4052631578949,2000.0,1.0000000000000002
20260224,53,231.30016,5564.774509894736,2385.7850362105273,338.1052631578947,840.8842105263158,2000.0,1.0000000000000002
20260224,54,231.30016,5538.913427210527,2356.40290089474,347.6105263157895,834.9,2000.0,1.0000000000000004
20260224,55,231.30016,5523.662019473685,2359.1883352631603,359.4736842105263,804.9999999999999,2000.0,1.0000000000000002
20260224,56,231.30016,5508.410611736842,2361.973769631581,371.3368421052631,775.1,2000.0,1.0000000000000004
20260224,57,231.30016,5493.159204000001,2364.7592040000022,383.2,745.1999999999999,2000.0,1.0
20260224,58,231.30016,5480.560215000001,2382.007583421056,393.2947368421052,705.2578947368421,2000.0,1.0000000000000002
20260224,59,232.414,5480.560215000001,2467.954951842108,394.9894736842105,617.6157894736846,2000.0,1.0000000000000002
20260224,60,235.51528,5480.560215000001,2553.90232026316,396.6842105263158,529.973684210526,2000.0,1.0000000000000002
20260224,61,239.1989600000001,5480.560215000001,2639.849688684214,398.378947368421,442.33157894736837,2000.0,1.0000000000000002
20260224,62,242.88264,5483.212633736843,2725.87579163158,400.0,357.3368421052632,2000.0,1.0
20260224,63,244.32044,5544.218264684211,2813.634054157896,400.0,330.5842105263157,2000.0,1.0000000000000002
20260224,64,246.16228,5605.22389563158,2901.392316684212,400.0,303.8315789473685,2000.0,1.0000000000000002
20260224,65,247.86762,5666.229526578947,2989.150579210527,400.0,277.0789473684211,2000.0,1.0000000000000002
20260224,66,248.00412,5727.235157526316,3076.908841736843,400.0,250.3263157894736,2000.0,1.0000000000000002
20260224,67,249.84596,5857.866780315788,3231.529938210525,400.0,226.33684210526332,2000.0,1.0
20260224,68,253.33308,5995.129449947368,3392.5189236315787,400.0,202.61052631578949,2000.0,1.0
20260224,69,255.37148,6132.392119578946,3553.5079090526287,400.0,178.88421052631568,2000.0,0.9999999999999997
20260224,70,258.622,6269.654789210527,3714.4968944736816,400.0,155.1578947368423,2000.0,0.9999999999999994
20260224,71,259.05516,6287.55861568421,3764.653352526314,401.32631578947365,121.5789473684211,2000.0,0.9999999999999997
20260224,72,259.05516,6272.307207947368,3784.0229974210524,403.02105263157887,85.26315789473671,2000.0,1.0
20260224,73,258.622,6257.055800210525,3803.392642315788,404.71578947368425,48.94736842105285,2000.0,1.0
20260224,74,258.622,6241.804392473684,3822.7622872105258,406.4105263157895,12.63157894736846,2000.0,1.0
20260224,75,257.21332,6216.606414473685,3806.922203947367,409.6842105263158,0.0,2000.0,0.9999999999999997
20260224,76,256.97672,6186.103599,3772.303598999998,413.8,0.0,2000.0,0.9999999999999997
20260224,77,255.37148,6155.600783526315,3737.684994052629,417.9157894736842,0.0,2000.0,0.9999999999999997
20260224,78,255.37148,6125.097968052631,3703.0663891052614,422.0315789473684,0.0,2000.0,0.9999999999999999
20260224,79,255.1549,6086.637896368421,3662.7642121578924,423.87368421052633,0.0,2000.0,0.9999999999999996
20260224,80,253.52964,6040.883673157894,3617.252094210524,423.6315789473684,0.0,2000.0,0.9999999999999997
20260224,81,253.52964,5995.129449947368,3571.7399762631553,423.3894736842105,0.0,2000.0,0.9999999999999997
20260224,82,253.33308,5949.375226736842,3526.22785831579,423.14736842105265,0.0,2000.0,1.0000000000000002
20260224,83,251.6878,5909.588945684211,3486.873156210526,422.7157894736842,0.0,2000.0,1.0
20260224,84,251.6878,5879.086130210525,3457.096656526316,421.98947368421057,0.0,2000.0,1.0000000000000002
20260224,85,251.51126,5848.583314736842,3427.3201568421036,421.2631578947368,0.0,2000.0,0.9999999999999997
20260224,86,250.2500000000001,5818.080499263156,3397.5436571578953,420.5368421052632,0.0,2000.0,1.0000000000000004
20260224,87,250.2500000000001,5775.641799473684,3358.989167894735,416.6526315789473,0.0,2000.0,0.9999999999999997
20260224,88,249.84596,5699.384760789474,3295.563708157898,403.82105263157905,0.0,2000.0,1.0000000000000004
20260224,89,249.68944,5623.127722105264,3232.138248421053,390.9894736842105,0.0,2000.0,1.0
20260224,90,249.84596,5546.870683421054,3168.712788684213,378.15789473684214,0.0,2000.0,1.0000000000000002
20260224,91,249.68944,5468.624330684211,3103.234857,365.3894736842106,0.0,2000.0,1.0
20260224,92,248.00412,5377.115884263158,3024.0737790000003,353.0421052631579,0.0,2000.0,1.0
20260224,93,247.86762,5285.607437842104,2944.9127010000007,340.6947368421052,0.0,2000.0,1.0000000000000002
20260224,94,246.16228,5194.098991421053,2865.751623000001,328.3473684210527,0.0,2000.0,1.0
20260224,95,244.32044,5102.590545000001,2786.590545000001,316.0,0.0,2000.0,1.0
20260225,0,235.51528,4518.191285999999,2518.191286000003,0.0,0.0,2000.0,1.0000000000000009
20260225,1,232.414,4500.828144884211,2426.259723831581,74.56842105263159,0.0,2000.0,1.0000000000000004
20260225,2,231.30016,4483.465003768421,2334.3281616631602,149.13684210526318,0.0,2000.0,1.0000000000000004
20260225,3,229.07248,4466.101862652631,2242.396599494737,223.7052631578947,0.0,2000.0,1.0000000000000002
20260225,4,227.95864,4448.738721536841,2150.465037326318,298.2736842105263,0.0,2000.0,1.0000000000000009
20260225,5,226.8448,4416.277196842105,2084.908775789475,331.36842105263156,0.0,2000.0,1.0000000000000004
20260225,6,225.73096,4381.550914610527,2023.3088093473712,358.2421052631579,0.0,2000.0,1.0000000000000004
20260225,7,225.73096,4346.824632378947,1961.708842905264,385.11578947368423,0.0,2000.0,1.0000000000000002
20260225,8,853.98584,4370.515235457062,1958.525761772853,411.98947368421057,0.0,2000.0,1.0000000000000004
20260225,9,853.9272168421054,4315.357340720218,1955.76786703601,359.5894736842105,0.0,2000.0,1.0000000000000004
20260225,10,225.73096,4242.645785684212,1963.435259368424,279.2105263157895,0.0,2000.0,1.0000000000000004
20260225,11,225.73096,4207.91950345263,2009.0879245052652,198.8315789473684,0.0,2000.0,1.0000000000000009
20260225,12,226.8448,4173.193221221053,2054.740589642107,118.4526315789473,0.0,2000.0,1.0000000000000002
20260225,13,226.8448,4170.173544505263,2030.268281347371,139.9052631578948,0.0,2000.0,1.0000000000000007
20260225,14,225.73096,4187.536685621054,1960.715632989476,226.8210526315789,0.0,2000.0,1.0000000000000002
20260225,15,853.9272168421054,4267.091412742382,1953.354570637119,313.7368421052633,0.0,2000.0,1.0
20260225,16,853.98584,4358.58171745152,1957.929085872576,400.65263157894736,0.0,2000.0,1.0000000000000009
20260225,17,853.98584,4450.193905817172,1962.5096952908582,487.68421052631584,0.0,2000.0,1.0000000000000004
20260225,18,853.98584,4541.939058171741,1967.096952908586,574.842105263158,0.0,2000.0,1.0000000000000007
20260225,19,853.98584,4633.684210526312,1971.684210526314,661.9999999999999,0.0,2000.0,1.0000000000000004
20260225,20,853.98584,4725.429362880883,1976.271468144042,749.1578947368421,0.0,2000.0,1.0000000000000004
20260225,21,853.98584,4799.889196675898,1979.994459833794,819.8947368421052,0.0,2000.0,1.0000000000000002
20260225,22,853.98584,4841.93905817174,1982.096952908585,859.8421052631577,0.0,2000.0,1.0000000000000007
20260225,23,226.8448,4946.985379642107,2047.1959059578983,899.7894736842104,0.0,2000.0,1.0000000000000004
20260225,24,227.95864,5068.5273674526325,2128.79052534737,939.7368421052631,0.0,2000.0,1.0000000000000002
20260225,25,229.07248,5212.716930631579,2228.453772736843,983.6315789473682,0.6315789473684177,2000.0,1.0
20260225,26,231.30016,5438.437765136841,2393.164080926318,1041.7368421052631,3.536842105263159,2000.0,1.0000000000000007
20260225,27,232.414,5664.1585996421045,2557.874389115792,1099.842105263158,6.442105263157899,2000.0,1.0000000000000004
20260225,28,245.21406,5889.879434147369,2722.584697305265,1157.947368421052,9.347368421052629,2000.0,1.0000000000000002
20260225,29,247.86762,6111.070753578947,2884.512858842109,1211.21052631579,15.34736842105264,2000.0,1.0000000000000007
20260225,30,248.00412,6284.702164736843,3017.228480526315,1213.631578947368,53.84210526315796,2000.0,0.9999999999999997
20260225,31,249.84596,6458.333575894736,3149.944102210527,1216.052631578947,92.33684210526313,2000.0,1.0000000000000002
20260225,32,251.51126,6631.964987052631,3282.6597238947356,1218.473684210526,130.83157894736848,2000.0,0.9999999999999999
20260225,33,253.52964,6805.596398210527,3415.3753455789447,1220.894736842105,169.3263157894737,2000.0,0.9999999999999994
20260225,34,253.52964,6879.578477747368,3415.2100566947333,1222.389473684211,241.978947368421,2000.0,0.9999999999999996
20260225,35,253.52964,6949.031042210527,3409.00472642105,1223.842105263158,316.1842105263156,2000.0,0.9999999999999996
20260225,36,253.33308,7018.483606673683,3402.799396147365,1225.294736842105,390.3894736842107,2000.0,0.9999999999999996
20260225,37,253.33308,7087.93617113684,3396.5940658736827,1226.7473684210531,464.59473684210525,2000.0,1.0000000000000002
20260225,38,253.33308,7114.358342400002,3396.158342399997,1192.3999999999999,525.7999999999998,2000.0,0.9999999999999993
20260225,39,253.33308,7131.72148351579,3396.937272989472,1150.515789473684,584.2684210526317,2000.0,0.9999999999999997
20260225,40,253.33308,7149.084624631579,3397.7162035789443,1108.631578947369,642.7368421052631,2000.0,0.9999999999999998
20260225,41,253.33308,7166.447765747368,3398.49513416842,1066.747368421053,701.2052631578945,2000.0,0.9999999999999999
20260225,42,253.33308,7159.653493136844,3375.285072084207,1026.378947368421,757.9894736842106,2000.0,0.9999999999999992
20260225,43,251.6878,7142.290352021056,3341.579825705262,986.6736842105263,814.0368421052632,2000.0,0.9999999999999994
20260225,44,251.6878,7124.927210905263,3307.874579326315,946.9684210526317,870.0842105263156,2000.0,1.0
20260225,45,251.51126,7107.564069789472,3274.1693329473665,907.2631578947368,926.1315789473688,2000.0,1.0
20260225,46,250.2500000000001,7041.131182042105,3210.962760989473,887.8105263157895,942.3578947368419,2000.0,1.0
20260225,47,249.68944,6936.952335347367,3125.062861663162,883.9368421052632,927.9526315789475,2000.0,1.0000000000000009
20260225,48,248.00412,6832.773488652631,3039.162962336842,880.063157894737,913.5473684210526,2000.0,1.0
20260225,49,247.86762,6728.594641957893,2953.263063010526,876.1894736842105,899.142105263158,2000.0,1.0000000000000002
20260225,50,246.56632,6662.161754210526,2907.793333157896,866.6315789473686,887.7368421052631,2000.0,1.0000000000000002
20260225,51,246.56632,6644.798613094737,2914.882823621053,849.6842105263157,880.2315789473685,2000.0,1.0
20260225,52,246.56632,6627.435471978947,2921.972314084212,832.7368421052631,872.7263157894736,2000.0,1.0000000000000002
20260225,53,246.56632,6610.072330863159,2929.061804547369,815.7894736842106,865.2210526315789,2000.0,1.0
20260225,54,247.86762,6587.424755494734,2946.635281810528,784.915789473684,855.8736842105261,2000.0,1.0000000000000004
20260225,55,248.00412,6552.698473263159,2988.172157473688,722.2105263157895,842.3157894736843,2000.0,1.0000000000000004
20260225,56,248.00412,6517.972191031579,3029.709033136846,659.5052631578949,828.7578947368422,2000.0,1.0000000000000007
20260225,57,248.40816,6483.2459088000005,3071.2459088000032,596.7999999999998,815.1999999999999,2000.0,1.0000000000000004
20260225,58,249.68944,6448.519626568423,3108.0459423578977,546.3473684210526,794.1263157894737,2000.0,1.0000000000000002
20260225,59,249.68944,6413.793344336843,3122.345975915793,554.0947368421052,737.3526315789475,2000.0,1.0000000000000004
20260225,60,247.86762,6379.067062105264,3136.646009473685,561.8421052631579,680.5789473684208,2000.0,0.9999999999999999
20260225,61,236.61638,6344.340779873685,3150.946043031583,569.5894736842106,623.8052631578947,2000.0,1.0000000000000004
20260225,62,239.1989600000001,6312.634174357895,3170.465753305264,575.4105263157896,566.7578947368422,2000.0,1.0000000000000002
20260225,63,240.99712,6347.360456589476,3304.8183513263184,538.8526315789471,503.6894736842102,2000.0,1.0
20260225,64,242.11096,6382.086738821053,3439.17094934737,502.2947368421053,440.621052631579,2000.0,1.0000000000000002
20260225,65,244.32044,6416.8130210526315,3573.5235473684197,465.7368421052633,377.5526315789475,2000.0,0.9999999999999999
20260225,66,244.72448,6451.539303284209,3707.876145389474,429.1789473684209,314.4842105263156,2000.0,1.0000000000000002
20260225,67,246.16228,6486.26558551579,3828.855059200002,403.45263157894743,253.95789473684252,2000.0,1.0000000000000002
20260225,68,246.56632,6520.991867747368,3948.5602888000017,378.7578947368421,193.6736842105264,2000.0,1.0000000000000004
20260225,69,247.6801600000001,6555.718149978949,4068.265518400004,354.0631578947369,133.38947368421032,2000.0,1.0000000000000002
20260225,70,248.40816,6590.444432210525,4187.970748,329.36842105263173,73.10526315789512,2000.0,1.0000000000000002
20260225,71,248.794,6652.34780488421,4289.189910147374,314.5263157894737,48.63157894736844,2000.0,1.0000000000000009
20260225,72,249.84596,6721.800369347369,4385.274053557897,302.421052631579,34.105263157894676,2000.0,1.0000000000000002
20260225,73,251.51126,6791.252933810526,4481.35819696842,290.3157894736843,19.57894736842114,2000.0,0.9999999999999999
20260225,74,253.33308,6860.705498273685,4577.442340378946,278.2105263157895,5.052631578947384,2000.0,0.9999999999999996
20260225,75,253.52964,6907.510487368422,4630.194697894736,277.31578947368416,0.0,2000.0,0.9999999999999998
20260225,76,253.52964,6942.236769599999,4659.836769599999,282.4,0.0,2000.0,0.9999999999999999
20260225,77,255.1549,6976.963051831579,4689.478841305258,287.4842105263158,0.0,2000.0,0.9999999999999993
20260225,78,255.37148,7011.689334063158,4719.120913010524,292.5684210526316,0.0,2000.0,0.9999999999999998
20260225,79,255.37148,7010.179495705263,4739.937390442104,270.2421052631581,0.0,2000.0,0.9999999999999998
20260225,80,255.37148,6975.453213473684,4752.663739789471,222.7894736842106,0.0,2000.0,0.9999999999999998
20260225,81,255.37148,6940.726931242105,4765.39008913684,175.336842105263,0.0,2000.0,0.9999999999999998
20260225,82,255.37148,6906.000649010525,4778.116438484208,127.884210526316,0.0,2000.0,0.9999999999999998
20260225,83,255.37148,6844.097276336842,4748.981486863155,95.11578947368422,0.0,2000.0,0.9999999999999996
20260225,84,253.52964,6739.918429642105,4654.728955957892,85.18947368421048,0.0,2000.0,0.9999999999999996
20260225,85,251.6878,6635.73958294737,4560.476425052636,75.26315789473689,0.0,2000.0,1.0000000000000004
20260225,86,251.51126,6531.5607362526325,4466.223894147367,65.33684210526316,0.0,2000.0,0.9999999999999996
20260225,87,249.84596,6409.263829263157,4351.7690924210565,57.494736842105254,0.0,2000.0,1.0000000000000007
20260225,88,248.00412,6235.632418105262,4180.074523368421,55.557894736842115,0.0,2000.0,1.0000000000000002
20260225,89,247.6801600000001,6062.001006947369,4008.37995431579,53.62105263157895,0.0,2000.0,1.0
20260225,90,247.6801600000001,5888.369595789473,3836.68538526316,51.68421052631578,0.0,2000.0,1.0000000000000004
20260225,91,246.16228,5714.73818463158,3659.8118688421055,54.92631578947349,0.0,2000.0,0.9999999999999997
20260225,92,244.32044,5541.106773473684,3448.412036631577,92.69473684210526,0.0,2000.0,0.9999999999999997
20260225,93,242.11096,5367.475362315789,3237.01220442105,130.46315789473698,0.0,2000.0,0.9999999999999994
20260225,94,239.88328,5193.843951157896,3025.61237221053,168.2315789473682,0.0,2000.0,1.0000000000000004
20260225,95,234.8309600000001,5020.21254,2814.212540000002,206.0,0.0,2000.0,1.0000000000000004
20260226,0,230.18632,4858.270199999999,2298.270200000002,560.0000000000001,0.0,2000.0,1.0000000000000007
20260226,1,230.18632,4839.600155789474,2264.347524210528,575.2526315789473,0.0,2000.0,1.0000000000000002
20260226,2,229.07248,4820.930111578948,2230.4248484210552,590.5052631578948,0.0,2000.0,1.0000000000000004
20260226,3,229.07248,4802.26006736842,2196.50217263158,605.7578947368421,0.0,2000.0,1.0000000000000004
20260226,4,227.95864,4783.590023157894,2162.579496842108,621.0105263157894,0.0,2000.0,1.0000000000000007
20260226,5,227.95864,4748.685157894737,2153.68515789474,595.0,0.0,2000.0,1.0000000000000007
20260226,6,227.95864,4711.345069473685,2148.545069473686,562.8,0.0,2000.0,1.0000000000000002
20260226,7,227.95864,4674.0049810526325,2143.404981052633,530.5999999999999,0.0,2000.0,1.0
20260226,8,227.95864,4636.664892631579,2138.2648926315833,498.4000000000001,0.0,2000.0,1.0000000000000009
20260226,9,227.95864,4599.324804210526,2101.809014736844,497.5157894736843,0.0,2000.0,1.0000000000000004
20260226,10,226.8448,4561.984715789473,2054.300505263159,507.68421052631584,0.0,2000.0,1.0000000000000004
20260226,11,225.73096,4524.6446273684205,2006.7919957894749,517.8526315789475,0.0,2000.0,1.0000000000000004
20260226,12,853.98584,4492.653739612188,1964.632686980609,528.0210526315789,0.0,2000.0,1.0
20260226,13,853.98584,4521.506925207753,1966.075346260388,555.4315789473685,0.0,2000.0,1.0000000000000009
20260226,14,853.98584,4562.027700831023,1968.101385041551,593.9263157894736,0.0,2000.0,1.0000000000000004
20260226,15,853.98584,4602.548476454292,1970.127423822715,632.4210526315791,0.0,2000.0,1.0000000000000007
20260226,16,853.98584,4643.069252077561,1972.1534626038772,670.9157894736842,0.0,2000.0,1.0
20260226,17,853.98584,4672.498614958446,1973.624930747922,698.8736842105263,0.0,2000.0,1.0000000000000007
20260226,18,225.73096,4715.403774736842,2000.066932631582,715.3368421052631,0.0,2000.0,1.0000000000000007
20260226,19,226.8448,4827.42404,2095.624040000002,731.8000000000002,0.0,2000.0,1.0000000000000004
20260226,20,229.07248,4939.444305263158,2191.181147368424,748.2631578947369,0.0,2000.0,1.0000000000000004
20260226,21,230.18632,5057.958498947367,2298.7058673684232,759.2526315789473,0.0,2000.0,1.0000000000000007
20260226,22,232.414,5188.648808421052,2428.6698610526328,759.978947368421,0.0,2000.0,1.0000000000000004
20260226,23,235.33692,5319.339117894738,2558.633854736843,760.7052631578947,0.0,2000.0,1.0
20260226,24,244.32044,5450.029427368423,2688.597848421055,761.4315789473684,0.0,2000.0,1.0
20260226,25,247.86762,5605.071968421052,2845.045652631581,759.3157894736842,0.7105263157894698,2000.0,1.0000000000000004
20260226,26,234.2139800000001,5847.782543157894,3096.8351747368442,746.9684210526315,3.9789473684210526,2000.0,1.0000000000000004
20260226,27,238.76944,6090.493117894738,3348.6246968421115,734.6210526315789,7.247368421052636,2000.0,1.0000000000000007
20260226,28,240.99712,6333.203692631578,3600.414218947368,722.2736842105262,10.51578947368421,2000.0,1.0000000000000002
20260226,29,242.88264,6571.043821052631,3840.9332947368434,712.9157894736843,17.19473684210527,2000.0,1.0000000000000002
20260226,30,243.2248,6757.744263157896,3963.112684210526,734.9473684210526,59.68421052631585,2000.0,0.9999999999999998
20260226,31,244.33864,6944.444705263158,4085.2920736842107,756.978947368421,102.1736842105263,2000.0,1.0000000000000002
20260226,32,245.45248,7131.14514736842,4207.4714631578945,779.0105263157895,144.66315789473688,2000.0,1.0000000000000002
20260226,33,246.16228,7317.845589473684,4329.650852631579,801.0421052631579,187.1526315789474,2000.0,1.0
20260226,34,246.56632,7397.396212631576,4378.722528421051,783.0105263157895,235.6631578947368,2000.0,1.0000000000000002
20260226,35,246.56632,7472.076389473682,4424.471126315788,763.1578947368421,284.4473684210525,2000.0,1.0
20260226,36,246.56632,7546.75656631579,4470.219724210527,743.3052631578948,333.2315789473685,2000.0,1.0
20260226,37,246.56632,7621.436743157897,4515.9683221052655,723.4526315789473,382.0157894736842,2000.0,1.0
20260226,38,247.6801600000001,7649.847679999999,4549.14768,697.6000000000001,403.0999999999999,2000.0,1.0000000000000002
20260226,39,247.6801600000001,7668.5177242105265,4579.680882105262,670.4842105263157,418.35263157894735,2000.0,0.9999999999999999
20260226,40,247.6801600000001,7687.18776842105,4610.2140842105255,643.3684210526314,433.6052631578947,2000.0,1.0000000000000002
20260226,41,247.86762,7705.857812631581,4640.74728631579,616.2526315789473,448.85789473684207,2000.0,0.9999999999999999
20260226,42,247.86762,7698.552143157896,4670.652143157895,536.5894736842105,491.3105263157895,2000.0,0.9999999999999998
20260226,43,248.00412,7679.88209894737,4700.282098947369,433.9368421052633,545.6631578947369,2000.0,1.0
20260226,44,248.00412,7661.212054736842,4729.912054736843,331.2842105263161,600.0157894736839,2000.0,1.0000000000000002
20260226,45,248.40816,7642.542010526316,4759.542010526317,228.6315789473682,654.3684210526317,2000.0,1.0000000000000002
20260226,46,248.00412,7571.108797894736,4724.093008421052,185.64210526315802,661.3736842105263,2000.0,1.0
20260226,47,247.86762,7459.08853263158,4638.583269473686,188.5473684210526,631.9578947368421,2000.0,1.0000000000000002
20260226,48,247.6801600000001,7347.06826736842,4553.073530526316,191.4526315789474,602.5421052631577,2000.0,1.0000000000000002
20260226,49,246.56632,7235.0480021052645,4467.5637915789475,194.3578947368421,573.1263157894737,2000.0,0.9999999999999999
20260226,50,246.56632,7163.614789473685,4388.746368421053,206.52631578947359,568.3421052631578,2000.0,0.9999999999999999
20260226,51,246.16228,7144.9447452631575,4318.628955789472,230.7368421052633,595.5789473684212,2000.0,0.9999999999999998
20260226,52,245.45248,7126.274701052631,4248.511543157893,254.9473684210526,622.8157894736843,2000.0,0.9999999999999999
20260226,53,244.72448,7107.604656842105,4178.394130526314,279.157894736842,650.0526315789473,2000.0,0.9999999999999998
20260226,54,244.33864,7083.252425263157,4105.578741052629,310.7368421052633,666.9368421052632,2000.0,0.9999999999999998
20260226,55,244.32044,7045.912336842104,4026.5965473684196,359.1578947368422,660.1578947368422,2000.0,1.0
20260226,56,243.2248,7008.572248421052,3947.6143536842123,407.57894736842104,653.3789473684211,2000.0,1.0000000000000004
20260226,57,242.88264,6971.232160000001,3868.632159999999,456.0000000000001,646.6,2000.0,0.9999999999999998
20260226,58,242.11096,6933.892071578947,3799.565755789473,494.6526315789473,639.6736842105263,2000.0,0.9999999999999999
20260226,59,242.11096,6896.551983157893,3777.599351578948,486.90526315789464,632.0473684210526,2000.0,1.0000000000000002
20260226,60,242.11096,6859.211894736842,3755.6329473684227,479.15789473684214,624.4210526315788,2000.0,1.0000000000000004
20260226,61,242.11096,6821.871806315789,3733.666543157895,471.41052631578947,616.7947368421053,2000.0,1.0000000000000002
20260226,62,241.0408,6787.778682105261,3715.6734189473705,465.5157894736841,606.5894736842107,2000.0,1.0000000000000007
20260226,63,242.11096,6825.118770526316,3785.0924547368427,500.3789473684212,539.6473684210524,2000.0,1.0
20260226,64,242.88264,6862.458858947369,3854.5114905263167,535.2421052631578,472.7052631578946,2000.0,1.0
20260226,65,243.2248,6899.798947368421,3923.9305263157903,570.1052631578948,405.763157894737,2000.0,1.0000000000000002
20260226,66,244.32044,6937.139035789474,3993.349562105265,604.9684210526318,338.8210526315787,2000.0,1.0000000000000002
20260226,67,244.33864,6974.479124210527,4064.426492631579,631.8736842105263,278.1789473684213,2000.0,1.0
20260226,68,244.33864,7011.819212631579,4135.661317894736,658.021052631579,218.13684210526318,2000.0,0.9999999999999999
20260226,69,245.45248,7049.159301052631,4206.896143157896,684.1684210526316,158.094736842105,2000.0,1.0000000000000002
20260226,70,245.45248,7086.499389473683,4278.130968421051,710.3157894736839,98.05263157894774,2000.0,1.0
20260226,71,246.56632,7153.062155789474,4403.788471578947,680.3789473684211,68.8947368421053,2000.0,0.9999999999999999
20260226,72,247.6801600000001,7227.742332631578,4544.56338526316,634.8631578947368,48.31578947368413,2000.0,1.0000000000000004
20260226,73,248.00412,7302.422509473683,4685.3382989473685,589.3473684210529,27.736842105263282,2000.0,1.0000000000000002
20260226,74,248.794,7377.102686315789,4826.11321263158,543.8315789473686,7.157894736842127,2000.0,1.0000000000000002
20260226,75,249.68944,7427.430631578949,4932.904315789476,494.5263157894734,0.0,2000.0,1.0
20260226,76,250.2500000000001,7464.7707199999995,5021.57072,443.2000000000002,0.0,2000.0,1.0
20260226,77,251.6878,7502.110808421053,5110.237124210525,391.8736842105265,0.0,2000.0,0.9999999999999998
20260226,78,253.33308,7539.450896842105,5198.903528421048,340.5473684210525,0.0,2000.0,0.9999999999999994
20260226,79,253.52964,7537.827414736841,5238.501098947367,299.3263157894738,0.0,2000.0,0.9999999999999999
20260226,80,253.52964,7500.487326315788,5233.1189052631535,267.3684210526317,0.0,2000.0,0.9999999999999997
20260226,81,253.52964,7463.1472378947365,5227.736711578943,235.4105263157893,0.0,2000.0,0.9999999999999994
20260226,82,253.52964,7425.807149473684,5222.354517894734,203.4526315789476,0.0,2000.0,0.9999999999999997
20260226,83,253.33308,7359.244383157895,5166.149646315788,193.0947368421053,0.0,2000.0,0.9999999999999999
20260226,84,250.2500000000001,7247.224117894739,5030.8872757894715,216.33684210526337,0.0,2000.0,0.9999999999999994
20260226,85,248.794,7135.203852631579,4895.624905263159,239.57894736842098,0.0,2000.0,1.0000000000000002
20260226,86,248.40816,7023.183587368422,4760.362534736844,262.8210526315788,0.0,2000.0,1.0000000000000002
20260226,87,247.6801600000001,6891.681536842106,4603.849957894738,287.8315789473685,0.0,2000.0,1.0
20260226,88,248.00412,6704.981094736841,4387.128463157894,317.8526315789473,0.0,2000.0,1.0
20260226,89,246.56632,6518.280652631579,4170.4069684210535,347.8736842105263,0.0,2000.0,1.0000000000000002
20260226,90,245.45248,6331.580210526316,3953.685473684209,377.89473684210526,0.0,2000.0,0.9999999999999997
20260226,91,244.32044,6144.879768421052,3733.5218736842107,411.3578947368419,0.0,2000.0,1.0000000000000002
20260226,92,242.11096,5958.1793263157915,3490.410905263159,467.7684210526315,0.0,2000.0,0.9999999999999999
20260226,93,239.88328,5771.4788842105245,3247.2999368421056,524.1789473684213,0.0,2000.0,1.0000000000000002
20260226,94,238.76944,5584.778442105264,3004.188968421055,580.5894736842102,0.0,2000.0,1.0000000000000002
20260226,95,230.18632,5398.078000000001,2761.078000000002,636.9999999999999,0.0,2000.0,1.0
20260227,0,242.88264,4761.104796,2083.104796,678.0,0.0,2000.0,1.0
20260227,1,242.88264,4742.808152673685,2054.155521094739,688.6526315789473,0.0,2000.0,1.0000000000000002
20260227,2,242.11096,4724.511509347368,2025.2062461894748,699.3052631578947,0.0,2000.0,1.0000000000000004
20260227,3,241.0408,4706.214866021055,1996.256971284211,709.9578947368421,0.0,2000.0,0.9999999999999997
20260227,4,241.0408,4687.918222694737,1967.307696378949,720.6105263157895,0.0,2000.0,1.0000000000000004
20260227,5,854.88856,4687.7562326869775,1914.387811634348,773.3684210526316,0.0,2000.0,1.0000000000000004
20260227,6,244.72448,4617.11816808421,1784.6760628210538,832.442105263158,0.0,2000.0,1.0000000000000004
20260227,7,242.88264,4580.52488143158,1689.0090919578959,891.5157894736842,0.0,2000.0,1.0
20260227,8,854.88856,4621.673130193906,1671.083656509696,950.5894736842105,0.0,2000.0,1.0000000000000002
20260227,9,854.88856,4673.495844875344,1673.674792243767,999.8210526315789,0.0,2000.0,1.0000000000000004
20260227,10,854.88856,4721.662049861495,1676.0831024930749,1045.578947368421,0.0,2000.0,1.0000000000000002
20260227,11,854.88856,4769.8282548476445,1678.4914127423829,1091.336842105263,0.0,2000.0,1.0000000000000002
20260227,12,854.88856,4817.994459833793,1680.8997229916902,1137.094736842105,0.0,2000.0,1.0000000000000004
20260227,13,854.88856,4842.426592797784,1682.1213296398892,1160.305263157895,0.0,2000.0,1.0
20260227,14,854.88856,4851.601108033241,1682.580055401662,1169.0210526315789,0.0,2000.0,1.0
20260227,15,854.88856,4860.775623268698,1683.0387811634348,1177.7368421052631,0.0,2000.0,1.0
20260227,16,854.88856,4869.950138504155,1683.4975069252082,1186.4526315789471,0.0,2000.0,1.0
20260227,17,854.88856,4873.152354570636,1683.657617728532,1189.494736842105,0.0,2000.0,1.0000000000000002
20260227,18,854.88856,4869.839335180055,1683.4919667590038,1186.347368421053,0.0,2000.0,1.0000000000000004
20260227,19,854.88856,4866.526315789472,1683.3263157894742,1183.2,0.0,2000.0,1.0000000000000004
20260227,20,854.88856,4863.213296398892,1683.160664819945,1180.052631578948,0.0,2000.0,1.0000000000000002
20260227,21,244.72448,4956.799328968422,1783.009855284212,1173.789473684211,0.0,2000.0,1.0000000000000004
20260227,22,854.9642336842105,5096.509695290857,1934.8254847645428,1161.684210526316,0.0,2000.0,1.0000000000000004
20260227,23,854.9642336842105,5336.398891966757,2186.8199445983373,1149.578947368421,0.0,2000.0,1.0000000000000002
20260227,24,223.4304800000001,5341.028838821054,2203.555154610529,1137.473684210526,0.0,2000.0,1.0000000000000002
20260227,25,233.6006399999999,5492.970529052631,2358.9968448421077,1133.2631578947369,0.7105263157894698,2000.0,1.0000000000000007
20260227,26,232.414,5730.826892294737,2569.374260715792,1157.473684210526,3.9789473684210526,2000.0,1.0000000000000002
20260227,27,237.5828000000001,5968.683255536844,2779.751676589477,1181.6842105263158,7.247368421052636,2000.0,1.0000000000000002
20260227,28,246.16228,6206.5396187789465,2990.129092463161,1205.894736842105,10.51578947368421,2000.0,1.0000000000000007
20260227,29,248.00412,6439.622944631578,3192.74399726316,1229.684210526316,17.19473684210527,2000.0,1.0000000000000004
20260227,30,249.68944,6622.589377894737,3313.8525357894773,1249.052631578948,59.68421052631585,2000.0,1.0000000000000007
20260227,31,250.2500000000001,6805.555811157893,3434.961074315789,1268.421052631579,102.1736842105263,2000.0,1.0000000000000002
20260227,32,251.6878,6988.522244421053,3556.069612842104,1287.789473684211,144.66315789473688,2000.0,0.9999999999999999
20260227,33,253.52964,7171.48867768421,3677.178151368419,1307.157894736842,187.1526315789474,2000.0,0.9999999999999998
20260227,34,253.52964,7249.448288378946,3717.3640778526296,1308.0,224.0842105263158,2000.0,0.9999999999999999
20260227,35,255.1549,7322.634861684209,3753.8717037894676,1308.0,260.7631578947367,2000.0,0.9999999999999993
20260227,36,255.1549,7395.821434989474,3790.379329726314,1308.0,297.442105263158,2000.0,0.9999999999999998
20260227,37,255.37148,7469.008008294736,3826.886955663155,1308.0,334.1210526315789,2000.0,0.9999999999999997
20260227,38,255.37148,7496.8507264,3838.9507263999967,1280.8,377.0999999999999,2000.0,0.9999999999999996
20260227,39,255.37148,7515.147369726315,3845.868422357891,1247.8736842105259,421.4052631578948,2000.0,0.9999999999999997
20260227,40,255.37148,7533.444013052632,3852.7861183157866,1214.947368421053,465.7105263157895,2000.0,0.9999999999999996
20260227,41,255.37148,7551.740656378946,3859.7038142736806,1182.021052631579,510.01578947368415,2000.0,0.9999999999999997
20260227,42,255.37148,7544.581100294738,3848.491626610523,1155.1578947368419,540.9315789473685,2000.0,0.9999999999999994
20260227,43,255.37148,7526.28445696842,3829.347614863156,1130.947368421053,565.9894736842106,2000.0,1.0
20260227,44,255.37148,7507.9878136421075,3810.2036031157872,1106.736842105263,591.0473684210526,2000.0,0.9999999999999994
20260227,45,255.1549,7489.691170315791,3791.0595913684197,1082.526315789474,616.1052631578948,2000.0,0.9999999999999997
20260227,46,253.52964,7419.686621936843,3717.539253515787,1067.621052631579,634.5263157894738,2000.0,0.9999999999999997
20260227,47,251.6878,7309.9067619789475,3602.1909725052637,1059.873684210526,647.8421052631577,2000.0,1.0
20260227,48,251.51126,7200.126902021053,3486.842691494737,1052.1263157894741,661.1578947368421,2000.0,1.0
20260227,49,249.84596,7090.3470420631575,3371.4944104842134,1044.378947368421,674.4736842105261,2000.0,1.0000000000000004
20260227,50,248.40816,7020.342493684209,3292.7635463157926,1040.421052631579,687.1578947368421,2000.0,1.0000000000000004
20260227,51,248.40816,7002.045850357895,3261.6353240421076,1041.389473684211,699.021052631579,2000.0,1.0000000000000004
20260227,52,248.00412,6983.749207031579,3230.5071017684227,1042.357894736842,710.8842105263159,2000.0,1.0000000000000002
20260227,53,248.00412,6965.452563705263,3199.37887949474,1043.326315789474,722.7473684210527,2000.0,1.0000000000000004
20260227,54,247.86762,6941.587376757896,3171.0821136000027,1039.578947368421,730.9263157894737,2000.0,1.0000000000000002
20260227,55,247.86762,6904.994090105263,3149.257248000004,1025.052631578948,730.6842105263158,2000.0,1.0000000000000007
20260227,56,247.86762,6868.400803452631,3127.432382400002,1010.526315789474,730.4421052631578,2000.0,1.0000000000000004
20260227,57,246.56632,6831.8075168000005,3105.607516800002,996.0000000000001,730.1999999999999,2000.0,1.0000000000000002
20260227,58,246.56632,6795.214230147369,3103.61423014737,974.442105263158,717.1578947368419,2000.0,1.0000000000000002
20260227,59,244.32044,6758.620943494738,3195.820943494738,919.4842105263161,643.3157894736843,2000.0,1.0000000000000002
20260227,60,244.32044,6722.027656842106,3288.027656842107,864.5263157894738,569.473684210526,2000.0,1.0
20260227,61,244.32044,6685.434370189473,3380.234370189473,809.5684210526315,495.6315789473684,2000.0,0.9999999999999999
20260227,62,245.45248,6652.023108463158,3471.044161094738,757.9894736842105,422.9894736842106,2000.0,1.0000000000000002
20260227,63,246.16228,6688.61639511579,3531.121658273686,780.7473684210527,376.7473684210525,2000.0,1.0000000000000002
20260227,64,246.56632,6725.2096817684205,3591.199155452633,803.5052631578948,330.50526315789483,2000.0,1.0000000000000002
20260227,65,246.56632,6761.802968421052,3651.2766526315786,826.2631578947368,284.263157894737,2000.0,1.0
20260227,66,247.86762,6798.396255073686,3711.354149810528,849.021052631579,238.0210526315788,2000.0,0.9999999999999999
20260227,67,247.86762,6834.989541726316,3744.9053312000055,890.1263157894734,199.9578947368424,2000.0,1.0000000000000009
20260227,68,248.00412,6871.582828378948,3775.930196800001,932.9789473684208,162.6736842105263,2000.0,1.0
20260227,69,248.00412,6908.17611503158,3806.955062400002,975.8315789473684,125.3894736842104,2000.0,1.0000000000000002
20260227,70,248.40816,6944.769401684212,3837.9799280000007,1018.6842105263149,88.10526315789498,2000.0,0.9999999999999998
20260227,71,249.68944,7010.000912673685,3945.2009126736866,999.957894736842,64.84210526315792,2000.0,1.0000000000000002
20260227,72,250.2500000000001,7083.187485978948,4073.5874859789483,964.1263157894734,45.47368421052624,2000.0,1.0
20260227,73,251.6878,7156.37405928421,4201.97405928421,928.2947368421054,26.105263157894846,2000.0,1.0000000000000002
20260227,74,253.52964,7229.560632589474,4330.3606325894725,892.4631578947369,6.736842105263176,2000.0,0.9999999999999999
20260227,75,255.1549,7278.88201894737,4405.513597894736,873.3684210526314,0.0,2000.0,0.9999999999999998
20260227,76,255.37148,7315.475305599999,4452.275305599996,863.1999999999999,0.0,2000.0,0.9999999999999996
20260227,77,256.97672,7352.068592252631,4499.03701330526,853.0315789473684,0.0,2000.0,0.9999999999999997
20260227,78,257.21332,7388.6618789052645,4545.798721010526,842.8631578947366,0.0,2000.0,0.9999999999999998
20260227,79,257.21332,7387.0708664421045,4565.870866442105,821.2000000000003,0.0,2000.0,1.0000000000000002
20260227,80,257.21332,7350.477579789473,4561.477579789471,789.0,0.0,2000.0,0.9999999999999998
20260227,81,257.21332,7313.88429313684,4557.084293136839,756.7999999999998,0.0,2000.0,0.9999999999999999
20260227,82,257.21332,7277.291006484211,4552.691006484208,724.6000000000003,0.0,2000.0,0.9999999999999997
20260227,83,256.97672,7212.059495494736,4515.491074442104,696.5684210526316,0.0,2000.0,0.9999999999999999
20260227,84,255.37148,7102.279635536843,4427.2585829052605,675.0210526315789,0.0,2000.0,0.9999999999999994
20260227,85,253.52964,6992.499775578946,4339.026091368419,653.4736842105265,0.0,2000.0,0.9999999999999999
20260227,86,253.33308,6882.719915621053,4250.793599831577,631.9263157894736,0.0,2000.0,0.9999999999999998
20260227,87,251.51126,6753.847906105261,4136.5847482105255,617.2631578947368,0.0,2000.0,1.0000000000000002
20260227,88,249.68944,6570.881472842106,3948.776209684215,622.1052631578948,0.0,2000.0,1.0000000000000004
20260227,89,248.00412,6387.9150395789475,3760.967671157895,626.9473684210526,0.0,2000.0,1.0
20260227,90,248.00412,6204.948606315789,3573.1591326315806,631.7894736842104,0.0,2000.0,1.0000000000000002
20260227,91,247.6801600000001,6021.982173052633,3383.297962526319,638.6842105263157,0.0,2000.0,1.0000000000000002
20260227,92,244.72448,5839.015739789474,3179.752581894736,659.2631578947369,0.0,2000.0,0.9999999999999999
20260227,93,244.32044,5656.049306526315,2976.2072012631593,679.842105263158,0.0,2000.0,1.0000000000000002
20260227,94,236.45076,5473.082873263159,2772.661820631582,700.4210526315788,0.0,2000.0,1.0000000000000002
20260227,95,231.30016,5290.116440000002,2569.1164400000007,721.0,0.0,2000.0,0.9999999999999998
20260228,0,246.16228,4663.939392,1870.939392,793.0,0.0,2000.0,1.0
20260228,1,246.16228,4646.016149557894,1851.3214127157892,794.6947368421054,0.0,2000.0,1.0
20260228,2,246.16228,4628.09290711579,1831.703433431578,796.3894736842105,0.0,2000.0,0.9999999999999998
20260228,3,244.72448,4610.169664673684,1812.0854541473668,798.0842105263159,0.0,2000.0,0.9999999999999998
20260228,4,244.72448,4592.24642223158,1792.4674748631587,799.778947368421,0.0,2000.0,0.9999999999999998
20260228,5,244.32044,4558.737751578947,1752.0009094736838,806.7368421052631,0.0,2000.0,1.0
20260228,6,244.32044,4522.891266694737,1708.407056168422,814.4842105263159,0.0,2000.0,1.0000000000000002
20260228,7,242.88264,4487.044781810526,1664.813202863159,822.2315789473685,0.0,2000.0,1.0000000000000004
20260228,8,854.88856,4494.714681440441,1664.7357340720218,829.978947368421,0.0,2000.0,1.0000000000000002
20260228,9,854.88856,4469.717451523543,1663.485872576177,806.2315789473685,0.0,2000.0,1.0000000000000007
20260228,10,854.88856,4433.019390581716,1661.650969529087,771.3684210526317,0.0,2000.0,1.0000000000000007
20260228,11,854.7916210526315,4396.321329639887,1659.8160664819939,736.5052631578947,0.0,2000.0,1.0000000000000002
20260228,12,854.7916210526315,4359.623268698061,1657.9811634349032,701.642105263158,0.0,2000.0,1.0
20260228,13,854.7916210526315,4343.4016620498605,1657.170083102493,686.2315789473686,0.0,2000.0,1.0000000000000002
20260228,14,854.7916210526315,4340.343490304708,1657.017174515236,683.3263157894737,0.0,2000.0,1.0000000000000004
20260228,15,242.88264,4340.541756631578,1660.120703999999,680.4210526315791,0.0,2000.0,1.0
20260228,16,242.88264,4358.464999073684,1680.949209600001,677.5157894736843,0.0,2000.0,1.0000000000000002
20260228,17,242.88264,4419.248169094737,1702.9534322526342,716.2947368421051,0.0,2000.0,1.0000000000000004
20260228,18,244.32044,4526.787623747369,1726.2402553263162,800.5473684210526,0.0,2000.0,0.9999999999999998
20260228,19,244.32044,4634.3270784,1749.5270784000008,884.8,0.0,2000.0,1.0000000000000002
20260228,20,854.88856,4799.0027700831,1829.9501385041558,969.0526315789473,0.0,2000.0,1.0000000000000007
20260228,21,239.1989600000002,4855.640158989474,1836.271737936845,1019.3684210526319,0.0,2000.0,1.0000000000000007
20260228,22,246.16228,4981.10285608421,1975.050224505265,1006.0526315789471,0.0,2000.0,1.0000000000000004
20260228,23,227.81304,5106.565553178949,2113.828711073686,992.736842105263,0.0,2000.0,1.0
20260228,24,233.67344,5232.028250273685,2252.607197642108,979.4210526315788,0.0,2000.0,1.0000000000000002
20260228,25,232.23564,5380.869089684211,2421.9480370526353,958.2105263157896,0.7105263157894698,2000.0,1.0000000000000007
20260228,26,244.32044,5613.87124143158,2701.31334669474,908.578947368421,3.9789473684210526,2000.0,1.0000000000000002
20260228,27,239.603,5846.873393178948,2980.678656336844,858.9473684210526,7.247368421052636,2000.0,1.0000000000000002
20260228,28,246.16228,6079.875544926316,3260.0439659789486,809.315789473684,10.51578947368421,2000.0,1.0000000000000002
20260228,29,248.00412,6308.202068210527,3527.007331368422,763.1578947368421,18.03684210526317,2000.0,1.0000000000000002
20260228,30,248.00412,6487.434492631579,3663.750282105266,753.4736842105265,70.21052631578955,2000.0,1.0000000000000004
20260228,31,249.68944,6666.666917052632,3800.493232842109,743.7894736842105,122.3842105263157,2000.0,1.0000000000000004
20260228,32,250.2500000000001,6845.899341473685,3937.236183578947,734.1052631578947,174.5578947368422,2000.0,0.9999999999999999
20260228,33,251.6878,7025.131765894738,4073.97913431579,724.4210526315788,226.7315789473686,2000.0,0.9999999999999999
20260228,34,253.33308,7101.5003641263165,4097.55299570526,716.5894736842106,287.35789473684207,2000.0,0.9999999999999997
20260228,35,253.33308,7173.193333894736,4115.982807578944,708.8421052631579,348.36842105263133,2000.0,0.9999999999999997
20260228,36,249.84596,7244.886303663161,4134.412619452634,701.0947368421052,409.3789473684211,2000.0,1.0
20260228,37,249.68944,7316.57927343158,4152.842431326318,693.3473684210526,470.3894736842105,2000.0,1.0
20260228,38,248.00412,7343.8537728,4086.0537728000013,720.8,536.9999999999999,2000.0,1.0000000000000002
20260228,39,246.56632,7361.777015242104,4001.3243836631586,755.6631578947369,604.7894736842106,2000.0,1.0000000000000002
20260228,40,246.16228,7379.700257684211,3916.5949945263137,790.5263157894738,672.578947368421,2000.0,0.9999999999999998
20260228,41,244.72448,7397.623500126315,3831.865605389473,825.3894736842107,740.3684210526314,2000.0,1.0
20260228,42,244.33864,7390.610057431577,3763.883741642107,848.8000000000002,777.9263157894738,2000.0,1.0000000000000007
20260228,43,244.32044,7372.686814989475,3703.228920252632,867.2,802.2578947368421,2000.0,0.9999999999999999
20260228,44,243.2248,7354.7635725473665,3642.5740988631587,885.6,826.5894736842105,2000.0,1.0000000000000004
20260228,45,242.88264,7336.840330105264,3581.919277473686,903.9999999999999,850.9210526315788,2000.0,1.0000000000000002
20260228,46,242.11096,7268.264445978947,3489.0170775578954,909.8105263157894,869.4368421052632,2000.0,1.0000000000000002
20260228,47,240.99712,7160.724991326315,3371.309201852634,905.9368421052632,883.4789473684209,2000.0,1.0000000000000004
20260228,48,239.1989600000001,7053.185536673686,3253.6013261473713,902.0631578947366,897.521052631579,2000.0,1.0
20260228,49,237.35712,6945.646082021052,3135.8934504421077,898.1894736842106,911.5631578947368,2000.0,1.0000000000000004
20260228,50,235.51528,6877.070197894737,3075.728092631583,886.3157894736842,915.0263157894734,2000.0,1.0000000000000004
20260228,51,235.51528,6859.146955452633,3090.368008084214,864.0421052631579,904.7368421052631,2000.0,1.0000000000000002
20260228,52,235.51528,6841.223713010527,3105.007923536845,841.7684210526315,894.4473684210527,2000.0,1.0000000000000002
20260228,53,237.35712,6823.3004705684225,3119.6478389894787,819.4947368421052,884.1578947368422,2000.0,1.0000000000000004
20260228,54,237.35712,6799.922328252632,3133.253907200003,796.042105263158,870.6263157894736,2000.0,1.0000000000000004
20260228,55,237.35712,6764.075843368422,3144.496896000004,769.8947368421051,849.684210526316,2000.0,1.0000000000000004
20260228,56,237.35712,6728.229358484211,3155.739884800003,743.7473684210527,828.7421052631579,2000.0,1.0000000000000004
20260228,57,238.76944,6692.3828736000005,3166.982873600003,717.5999999999998,807.7999999999997,2000.0,1.0000000000000004
20260228,58,238.76944,6656.53638871579,3185.173230821056,693.3052631578947,778.0578947368422,2000.0,1.0000000000000004
20260228,59,239.1989600000001,6620.68990383158,3236.363588042107,677.8105263157896,706.5157894736844,2000.0,1.0000000000000002
20260228,60,239.88328,6584.843418947368,3287.553945263158,662.3157894736842,634.9736842105261,2000.0,1.0
20260228,61,239.88328,6548.996934063158,3338.74430248421,646.8210526315789,563.4315789473683,2000.0,0.9999999999999999
20260228,62,240.99712,6516.267534821052,3392.5412190315797,631.4947368421052,492.2315789473686,2000.0,1.0000000000000002
20260228,63,242.11096,6552.114019705265,3503.682440757896,619.8736842105264,428.55789473684194,2000.0,1.0
20260228,64,243.2248,6587.960504589475,3614.823662484212,608.2526315789473,364.8842105263157,2000.0,1.0
20260228,65,244.33864,6623.806989473686,3725.964884210528,596.6315789473683,301.2105263157896,2000.0,0.9999999999999999
20260228,66,245.45248,6659.653474357896,3837.1061059368435,585.0105263157894,237.536842105263,2000.0,1.0
20260228,67,246.16228,6695.499959242106,3921.057853978948,579.3578947368422,195.0842105263161,2000.0,1.0
20260228,68,246.56632,6731.346444126317,4002.420128336843,574.2736842105263,154.6526315789475,2000.0,1.0
20260228,69,246.56632,6767.192929010525,4083.78240269474,569.1894736842105,114.2210526315788,2000.0,1.0000000000000004
20260228,70,247.86762,6803.039413894738,4165.144677052632,564.1052631578948,73.78947368421079,2000.0,1.0
20260228,71,248.00412,6866.939669557893,4279.108090610525,535.1473684210526,52.68421052631581,2000.0,1.0000000000000002
20260228,72,249.68944,6938.632639326314,4402.127376168425,499.557894736842,36.947368421052566,2000.0,1.0000000000000009
20260228,73,250.2500000000001,7010.325609094737,4525.146661726314,463.9684210526319,21.210526315789572,2000.0,0.9999999999999998
20260228,74,251.6878,7082.018578863158,4648.165947284213,428.37894736842105,5.473684210526332,2000.0,1.0000000000000004
20260228,75,253.33308,7130.333406315791,4732.6491957894705,397.68421052631567,0.0,2000.0,0.9999999999999993
20260228,76,253.52964,7166.1798911999995,4796.579891199995,369.6000000000002,0.0,2000.0,0.9999999999999993
20260228,77,255.1549,7202.02637608421,4860.510586610522,341.5157894736843,0.0,2000.0,0.9999999999999994
20260228,78,255.37148,7237.872860968421,4924.441282021052,313.4315789473683,0.0,2000.0,0.9999999999999999
20260228,79,256.97672,7236.314318147371,4933.409054989472,302.9052631578947,0.0,2000.0,0.9999999999999993
20260228,80,255.37148,7200.467833263157,4891.994149052632,308.4736842105263,0.0,2000.0,1.0000000000000002
20260228,81,255.1549,7164.621348378948,4850.579243115786,314.0421052631579,0.0,2000.0,0.9999999999999994
20260228,82,255.1549,7128.7748634947375,4809.164337178946,319.61052631578946,0.0,2000.0,0.9999999999999998
20260228,83,253.33308,7064.87460783158,4739.127239410523,325.74736842105267,0.0,2000.0,0.9999999999999993
20260228,84,251.6878,6957.335153178947,4624.566732126316,332.7684210526316,0.0,2000.0,1.0000000000000002
20260228,85,249.84596,6849.795698526315,4510.0062248421045,339.7894736842104,0.0,2000.0,1.0
20260228,86,248.794,6742.256243873685,4395.445717557898,346.8105263157894,0.0,2000.0,1.0000000000000004
20260228,87,248.00412,6616.014275368421,4261.993222736845,354.02105263157904,0.0,2000.0,1.0000000000000004
20260228,88,247.86762,6436.781850947369,4075.01342989474,361.7684210526316,0.0,2000.0,1.0000000000000004
20260228,89,247.6801600000001,6257.549426526316,3888.033637052634,369.5157894736842,0.0,2000.0,1.0000000000000002
20260228,90,246.16228,6078.317002105262,3701.0538442105258,377.2631578947369,0.0,2000.0,1.0000000000000002
20260228,91,244.33864,5899.084577684211,3511.92668294737,387.157894736842,0.0,2000.0,1.0000000000000002
20260228,92,242.88264,5719.852153263157,3308.4837322105273,411.36842105263156,0.0,2000.0,1.0000000000000002
20260228,93,240.99712,5540.619728842104,3105.040781473685,435.57894736842127,0.0,2000.0,1.0000000000000002
20260228,94,238.76944,5361.387304421054,2901.5978307368437,459.78947368421046,0.0,2000.0,1.0
20260228,95,232.26112,5182.15488,2698.154880000002,484.00000000000006,0.0,2000.0,1.0000000000000004
20260301,0,235.51528,4566.773988000002,2001.7739880000017,565.0,0.0,2000.0,1.0
20260301,1,233.67344,4549.224146442107,1988.824146442106,560.4000000000001,0.0,2000.0,0.9999999999999998
20260301,2,233.67344,4531.674304884211,1975.8743048842132,555.8,0.0,2000.0,1.0000000000000004
20260301,3,233.67344,4514.124463326316,1962.9244633263181,551.1999999999999,0.0,2000.0,1.0000000000000004
20260301,4,232.414,4496.574621768421,1949.974621768423,546.5999999999999,0.0,2000.0,1.0000000000000004
20260301,5,231.30016,4463.764048421053,1909.342995789476,554.4210526315788,0.0,2000.0,1.0000000000000004
20260301,6,230.18632,4428.664365305262,1864.5591021473692,564.1052631578948,0.0,2000.0,1.0000000000000004
20260301,7,229.07248,4393.5646821894725,1819.775208505266,573.7894736842104,0.0,2000.0,1.0000000000000009
20260301,8,854.1617094736841,4393.130193905815,1809.65650969529,583.4736842105262,0.0,2000.0,1.0000000000000002
20260301,9,854.1617094736841,4373.939058171743,1808.6969529085882,565.2421052631579,0.0,2000.0,1.0000000000000007
20260301,10,854.1617094736841,4344.376731301937,1807.218836565097,537.1578947368421,0.0,2000.0,1.0000000000000004
20260301,11,854.1030863157896,4314.814404432132,1805.740720221606,509.07368421052627,0.0,2000.0,1.0000000000000002
20260301,12,854.1030863157896,4285.252077562325,1804.2626038781161,480.98947368421045,0.0,2000.0,1.0000000000000004
20260301,13,854.1030863157896,4267.324099722989,1803.36620498615,463.95789473684215,0.0,2000.0,1.0000000000000009
20260301,14,854.1030863157896,4256.875346260385,1802.84376731302,454.0315789473684,0.0,2000.0,1.0000000000000007
20260301,15,229.07248,4250.11380336842,1806.008540210528,444.10526315789457,0.0,2000.0,1.0000000000000007
20260301,16,229.07248,4267.663644926316,1833.4846975578969,434.17894736842106,0.0,2000.0,1.0000000000000004
20260301,17,231.30016,4327.180498905263,1887.7594462736852,439.42105263157896,0.0,2000.0,1.0000000000000002
20260301,18,233.67344,4432.4795482526315,1971.269021936844,461.2105263157894,0.0,2000.0,1.0000000000000004
20260301,19,239.7304,4537.7785976,2054.778597600001,483.0,0.0,2000.0,1.0000000000000004
20260301,20,231.30016,4643.077646947369,2138.28817326316,504.7894736842106,0.0,2000.0,1.0000000000000002
20260301,21,231.30016,4754.480989010526,2231.944146905266,522.5368421052632,0.0,2000.0,1.0000000000000007
20260301,22,232.414,4877.329879915789,2344.624616757897,532.7052631578947,0.0,2000.0,1.0000000000000007
20260301,23,232.414,5000.178770821052,2457.305086610528,542.8736842105262,0.0,2000.0,1.0000000000000004
20260301,24,232.414,5123.027661726316,2569.9855564631603,553.042105263158,0.0,2000.0,1.0000000000000004
20260301,25,242.3002400000001,5268.76765031579,2711.7150187368443,556.2631578947369,0.789473684210522,2000.0,1.0000000000000002
20260301,26,234.6180200000001,5496.915590568422,2958.020853726319,534.4736842105262,4.421052631578948,2000.0,1.0000000000000002
20260301,27,246.16228,5725.063530821053,3204.3266887157897,512.6842105263157,8.052631578947373,2000.0,1.0
20260301,28,247.86762,5953.211471073682,3450.6325237052642,490.89473684210515,11.68421052631579,2000.0,1.0000000000000004
20260301,29,248.40816,6176.781191789475,3688.339086526321,469.00000000000006,19.44210526315791,2000.0,1.0000000000000007
20260301,30,249.68944,6352.279607368419,3835.7532915789498,445.99999999999983,70.52631578947376,2000.0,1.0000000000000007
20260301,31,251.51126,6527.778022947367,3983.167496631578,423.00000000000006,121.61052631578939,2000.0,1.0000000000000002
20260301,32,249.84596,6703.276438526315,4130.581701684213,400.0,172.6947368421053,2000.0,1.0000000000000004
20260301,33,250.2500000000001,6878.774854105261,4277.995906736842,377.0,223.77894736842111,2000.0,1.0000000000000004
20260301,34,249.68944,6953.552439873684,4268.184018821055,388.7368421052632,296.6315789473684,2000.0,1.0000000000000004
20260301,35,248.40816,7023.7518061052615,4251.22549031579,402.0526315789473,370.47368421052613,2000.0,1.0000000000000002
20260301,36,248.00412,7093.951172336842,4234.2669618105265,415.36842105263156,444.3157894736844,2000.0,1.0
20260301,37,248.00412,7164.150538568422,4217.308433305266,428.6842105263157,518.1578947368421,2000.0,1.0000000000000002
20260301,38,247.86762,7190.8568192,4186.156819200002,426.6,578.0999999999998,2000.0,1.0000000000000002
20260301,39,247.6801600000001,7208.406660757893,4152.017187073681,421.27368421052614,635.1157894736842,2000.0,0.9999999999999998
20260301,40,247.6801600000001,7225.956502315789,4117.877554947368,415.94736842105266,692.1315789473683,2000.0,0.9999999999999999
20260301,41,246.56632,7243.506343873685,4083.737922821052,410.621052631579,749.1473684210525,2000.0,0.9999999999999998
20260301,42,246.56632,7236.639014568422,4023.4969093052628,423.82105263157894,789.3210526315789,2000.0,0.9999999999999999
20260301,43,246.16228,7219.089173010528,3951.836541431578,445.12631578947367,822.1263157894738,2000.0,0.9999999999999997
20260301,44,245.45248,7201.539331452632,3880.1761735578957,466.4315789473683,854.9315789473685,2000.0,1.0000000000000002
20260301,45,244.72448,7183.989489894738,3808.515805684212,487.73684210526335,887.7368421052631,2000.0,1.0000000000000002
20260301,46,244.33864,7116.842270021053,3724.205427915789,484.0,908.6368421052631,2000.0,0.9999999999999999
20260301,47,243.2248,7011.543220673686,3630.1642733052654,460.99999999999994,920.3789473684209,2000.0,1.0
20260301,48,242.11096,6906.244171326315,3536.123118694738,438.00000000000006,932.121052631579,2000.0,1.0000000000000002
20260301,49,241.0408,6800.945121978948,3442.081964084211,415.00000000000006,943.8631578947368,2000.0,1.0
20260301,50,240.99712,6733.797902105264,3386.1926389473724,385.7894736842106,961.8157894736839,2000.0,1.0000000000000004
20260301,51,240.99712,6716.248060547369,3379.900692126317,348.5052631578947,987.8421052631578,2000.0,1.0
20260301,52,240.99712,6698.698218989473,3373.6087453052646,311.221052631579,1013.8684210526319,2000.0,1.0000000000000002
20260301,53,240.99712,6681.148377431579,3367.3167984842103,273.9368421052633,1039.894736842105,2000.0,0.9999999999999999
20260301,54,240.99712,6658.257279747368,3367.252016589474,246.5263157894737,1044.478947368421,2000.0,1.0000000000000002
20260301,55,240.99712,6623.157596631579,3381.420754526319,241.6842105263158,1000.052631578947,2000.0,1.0000000000000004
20260301,56,240.99712,6588.0579135157905,3395.589492463158,236.84210526315792,955.6263157894737,2000.0,0.9999999999999999
20260301,57,240.99712,6552.9582304000005,3409.7582304,231.99999999999997,911.1999999999998,2000.0,0.9999999999999999
20260301,58,241.0408,6517.858547284211,3424.895389389475,227.49473684210528,865.4684210526316,2000.0,1.0
20260301,59,241.0408,6482.75886416842,3444.6325483789487,224.5894736842105,813.5368421052633,2000.0,1.0000000000000004
20260301,60,241.0408,6447.6591810526315,3464.3697073684225,221.68421052631578,761.6052631578946,2000.0,1.0000000000000002
20260301,61,242.11096,6412.559497936842,3484.1068663578953,218.7789473684211,709.6736842105262,2000.0,1.0000000000000002
20260301,62,242.11096,6380.511961178946,3507.7435401263174,216.52631578947367,656.242105263158,2000.0,1.0000000000000004
20260301,63,243.2248,6415.611644294737,3617.1695390315817,228.63157894736852,569.8105263157892,2000.0,1.0000000000000004
20260301,64,244.33864,6450.711327410527,3726.5955379368443,240.73684210526318,483.37894736842105,2000.0,1.0000000000000002
20260301,65,245.45248,6485.811010526315,3836.021536842105,252.8421052631579,396.94736842105283,2000.0,1.0000000000000002
20260301,66,246.16228,6520.910693642105,3945.44753574737,264.9473684210527,310.5157894736839,2000.0,1.0000000000000002
20260301,67,246.56632,6556.010376757894,4026.136692547371,275.06315789473683,254.81052631578982,2000.0,1.0000000000000004
20260301,68,247.6801600000001,6591.110059873684,4104.089007242105,284.9894736842105,202.03157894736853,2000.0,1.0000000000000002
20260301,69,247.86762,6626.209742989474,4182.041321936845,294.9157894736842,149.2526315789472,2000.0,1.0000000000000004
20260301,70,248.00412,6661.309426105264,4259.993636631583,304.8421052631578,96.47368421052663,2000.0,1.0000000000000004
20260301,71,248.794,6723.878426442106,4354.615268547371,300.3684210526315,68.8947368421053,2000.0,1.0000000000000002
20260301,72,249.68944,6794.0777926736855,4453.867266357899,291.8947368421053,48.31578947368413,2000.0,1.0000000000000004
20260301,73,250.2500000000001,6864.277158905262,4553.11926416842,283.421052631579,27.736842105263282,2000.0,1.0000000000000002
20260301,74,251.6878,6934.476525136844,4652.371261978948,274.9473684210527,7.157894736842127,2000.0,0.9999999999999998
20260301,75,253.33308,6981.784793684213,4714.837425263157,266.9473684210526,0.0,2000.0,0.9999999999999994
20260301,76,253.52964,7016.884476799998,4757.684476799998,259.2000000000001,0.0,2000.0,1.0
20260301,77,253.52964,7051.98415991579,4800.531528336839,251.4526315789474,0.0,2000.0,0.9999999999999994
20260301,78,255.1549,7087.083843031579,4843.378579873682,243.7052631578947,0.0,2000.0,0.9999999999999997
20260301,79,255.1549,7085.55776985263,4845.936717221051,239.621052631579,0.0,2000.0,1.0
20260301,80,255.1549,7050.45808673684,4811.563349894736,238.89473684210532,0.0,2000.0,1.0000000000000002
20260301,81,253.52964,7015.358403621051,4777.189982568419,238.1684210526315,0.0,2000.0,0.9999999999999999
20260301,82,253.52964,6980.258720505263,4742.816615242103,237.44210526315788,0.0,2000.0,0.9999999999999996
20260301,83,251.6878,6917.689720168421,4681.921299115791,235.7684210526316,0.0,2000.0,1.0000000000000002
20260301,84,251.51126,6812.3906708210525,4579.769618189473,232.6210526315789,0.0,2000.0,0.9999999999999999
20260301,85,249.84596,6707.091621473685,4477.6179372631605,229.47368421052633,0.0,2000.0,1.0000000000000002
20260301,86,248.794,6601.792572126316,4375.466256336844,226.3263157894737,0.0,2000.0,1.0000000000000002
20260301,87,248.00412,6478.180644631579,4255.570118315793,222.6105263157895,0.0,2000.0,1.0000000000000007
20260301,88,247.86762,6302.682229052633,4085.3980185263167,217.2842105263158,0.0,2000.0,0.9999999999999999
20260301,89,247.6801600000001,6127.183813473685,3915.2259187368445,211.9578947368421,0.0,2000.0,1.0000000000000002
20260301,90,246.16228,5951.685397894736,3745.053818947369,206.6315789473684,0.0,2000.0,1.0000000000000002
20260301,91,244.33864,5776.18698231579,3573.7764560000032,202.4105263157895,0.0,2000.0,1.0000000000000002
20260301,92,242.88264,5600.68856673684,3395.130672000002,205.55789473684212,0.0,2000.0,1.0000000000000009
20260301,93,240.99712,5425.190151157893,3216.4848879999986,208.70526315789482,0.0,2000.0,1.0000000000000002
20260301,94,238.76944,5249.691735578947,3037.839104000003,211.85263157894738,0.0,2000.0,1.0000000000000004
20260301,95,232.414,5074.193319999999,2859.193320000001,215.0,0.0,2000.0,1.0000000000000004
20260302,0,244.72448,4453.414349999999,2124.414350000001,329.0,0.0,2000.0,1.0000000000000004
20260302,1,244.72448,4424.6624819157905,2040.704587178949,383.9578947368421,0.0,2000.0,1.0000000000000002
20260302,2,247.86762,4395.910613831578,1956.994824357893,438.9157894736842,0.0,2000.0,0.9999999999999998
20260302,3,246.16228,4367.158745747368,1873.285061536842,493.8736842105262,0.0,2000.0,1.0000000000000002
20260302,4,244.72448,4338.4068776631575,1789.5752987157898,548.8315789473685,0.0,2000.0,1.0000000000000002
20260302,5,242.88264,4284.653385157894,1682.1270693684219,602.5263157894736,0.0,2000.0,1.0000000000000002
20260302,6,854.7916210526315,4311.6121883656515,1655.580609418283,656.0315789473684,0.0,2000.0,1.0
20260302,7,854.7916210526315,4367.933518005541,1658.396675900278,709.536842105263,0.0,2000.0,0.9999999999999998
20260302,8,854.88856,4424.2548476454285,1661.212742382272,763.042105263158,0.0,2000.0,1.0000000000000004
20260302,9,854.88856,4424.631578947367,1661.2315789473691,763.4000000000001,0.0,2000.0,1.0000000000000004
20260302,10,854.88856,4405.263157894733,1660.263157894736,745.0,0.0,2000.0,1.0000000000000007
20260302,11,854.7916210526315,4385.894736842103,1659.294736842105,726.6,0.0,2000.0,1.0000000000000004
20260302,12,854.7916210526315,4366.526315789472,1658.3263157894742,708.2,0.0,2000.0,1.0000000000000004
20260302,13,854.7916210526315,4367.789473684208,1658.3894736842112,709.4,0.0,2000.0,1.0000000000000009
20260302,14,854.7916210526315,4382.315789473683,1659.1157894736848,723.2,0.0,2000.0,1.0000000000000004
20260302,15,854.7916210526315,4396.842105263157,1659.842105263158,736.9999999999999,0.0,2000.0,1.0000000000000004
20260302,16,854.88856,4411.36842105263,1660.568421052632,750.8000000000001,0.0,2000.0,1.0000000000000004
20260302,17,854.88856,4420.04432132964,1661.0022160664819,759.0421052631579,0.0,2000.0,1.0
20260302,18,854.88856,4422.337950138503,1661.1168975069252,761.2210526315788,0.0,2000.0,1.0000000000000002
20260302,19,854.88856,4424.6315789473665,1661.2315789473691,763.4000000000001,0.0,2000.0,1.0000000000000007
20260302,20,854.88856,4426.9252077562305,1661.346260387812,765.5789473684209,0.0,2000.0,1.0000000000000004
20260302,21,854.88856,4418.315789473683,1660.915789473685,757.4,0.0,2000.0,1.0000000000000004
20260302,22,854.7916210526315,4389.263157894738,1659.4631578947378,729.8000000000002,0.0,2000.0,1.0000000000000002
20260302,23,854.7916210526315,4360.210526315786,1658.01052631579,702.2,0.0,2000.0,1.0000000000000009
20260302,24,854.7916210526315,4331.157894736842,1656.5578947368429,674.6,0.0,2000.0,1.0000000000000004
20260302,25,854.7916210526315,4299.7783933518,1654.98891966759,644.0526315789474,0.7368421052631539,2000.0,1.0
20260302,26,854.7916210526315,4260.022160664819,1653.001108033241,602.8947368421052,4.126315789473685,2000.0,1.0000000000000002
20260302,27,241.0408,4229.024770821052,1659.772139242106,561.7368421052631,7.515789473684214,2000.0,1.0000000000000004
20260302,28,244.72448,4315.280375073685,1783.7961645473702,520.5789473684212,10.90526315789473,2000.0,1.0000000000000002
20260302,29,244.32044,4405.2862229894745,1907.8651703578948,478.8736842105264,18.54736842105264,2000.0,1.0
20260302,30,854.9642336842105,4655.01385041551,2152.750692520775,431.42105263157885,70.84210526315796,2000.0,1.0000000000000002
20260302,31,224.61712,4664.053035747367,2156.947772589475,383.9684210526316,123.1368421052631,2000.0,1.0000000000000004
20260302,32,227.95864,4793.436442126318,2281.489073705265,336.5157894736842,175.4315789473684,2000.0,1.0
20260302,33,229.07248,4922.8198485052635,2406.030374821054,289.06315789473683,227.7263157894737,2000.0,1.0000000000000002
20260302,34,230.18632,5010.950574589473,2451.8032061684244,257.12631578947367,302.02105263157887,2000.0,1.0000000000000007
20260302,35,230.18632,5097.206178842103,2493.995652526317,225.8947368421054,377.315789473684,2000.0,1.0000000000000007
20260302,36,231.30016,5183.461783094738,2536.188098884213,194.6631578947368,452.61052631578957,2000.0,1.0000000000000002
20260302,37,232.414,5269.7173873473685,2578.380545242107,163.4315789473684,527.9052631578948,2000.0,1.0000000000000004
20260302,38,231.30016,5320.345676800001,2564.0456768000013,160.8,595.4999999999999,2000.0,1.0000000000000002
20260302,39,231.30016,5363.473478926315,2537.81032103158,164.1894736842105,661.4736842105265,2000.0,1.0000000000000004
20260302,40,231.30016,5406.601281052632,2511.57496526316,167.578947368421,727.4473684210527,2000.0,1.0000000000000004
20260302,41,230.18632,5449.729083178947,2485.3396094947398,170.96842105263158,793.421052631579,2000.0,1.0000000000000007
20260302,42,230.18632,5482.856235536842,2475.293077642107,170.1473684210526,837.4157894736843,2000.0,1.0000000000000002
20260302,43,230.18632,5511.608103621052,2472.3291562526333,167.4842105263158,871.7947368421053,2000.0,1.0000000000000004
20260302,44,230.18632,5540.359971705263,2469.365234863161,164.82105263157888,906.1736842105264,2000.0,1.0000000000000004
20260302,45,230.18632,5569.111839789473,2466.401313473685,162.1578947368421,940.5526315789473,2000.0,1.0000000000000002
20260302,46,230.18632,5557.2360681894725,2443.0623839789478,158.6736842105263,955.5,2000.0,1.0000000000000002
20260302,47,229.07248,5514.108266063158,2404.0503713263183,154.5578947368421,955.5,2000.0,1.0000000000000002
20260302,48,229.07248,5470.980463936844,2365.038358673687,150.4421052631579,955.5,2000.0,1.0000000000000002
20260302,49,227.95864,5427.852661810528,2326.026346021057,146.3263157894737,955.5000000000001,2000.0,1.0000000000000004
20260302,50,227.95864,5397.225671894737,2296.462514000003,140.3157894736843,960.4473684210525,2000.0,1.0000000000000004
20260302,51,226.8448,5382.849737852632,2279.1813168000017,131.8421052631578,971.8263157894736,2000.0,1.0000000000000004
20260302,52,226.8448,5368.473803810527,2261.900119600003,123.3684210526315,983.2052631578947,2000.0,1.0000000000000004
20260302,53,226.8448,5354.097869768421,2244.618922400001,114.89473684210529,994.5842105263159,2000.0,1.0000000000000002
20260302,54,226.8448,5344.09722,2243.28143052632,109.00000000000001,991.815789473684,2000.0,1.0000000000000009
20260302,55,226.8448,5344.09722,2278.386693684214,109.00000000000001,956.7105263157894,2000.0,1.0000000000000007
20260302,56,227.95864,5344.09722,2313.491956842108,109.00000000000001,921.6052631578949,2000.0,1.0000000000000007
20260302,57,227.95864,5344.09722,2348.5972200000033,109.00000000000001,886.5,2000.0,1.0000000000000007
20260302,58,229.07248,5334.096570231578,2379.301833389475,108.91578947368421,845.8789473684211,2000.0,1.0000000000000004
20260302,59,229.07248,5276.592834063158,2389.1033603789497,108.4315789473684,779.0578947368423,2000.0,1.0000000000000004
20260302,60,229.07248,5219.089097894737,2398.904887368424,107.94736842105259,712.2368421052629,2000.0,1.0000000000000004
20260302,61,229.07248,5161.5853617263165,2408.706414357896,107.4631578947368,645.4157894736842,2000.0,1.0
20260302,62,229.07248,5105.956747389475,2419.514642126319,108.17894736842099,578.2631578947369,2000.0,1.0000000000000004
20260302,63,230.18632,5091.580813347368,2452.470287031581,135.2947368421054,503.8157894736841,2000.0,1.0000000000000004
20260302,64,230.18632,5077.204879305262,2485.425931936845,162.4105263157895,429.36842105263156,2000.0,1.0000000000000007
20260302,65,231.30016,5062.828945263157,2518.381576842107,189.5263157894736,354.921052631579,2000.0,1.0000000000000004
20260302,66,231.30016,5048.453011221053,2551.337221747372,216.64210526315802,280.47368421052613,2000.0,1.0000000000000004
20260302,67,232.414,5086.580488463158,2639.338383200003,216.12631578947372,231.1157894736846,2000.0,1.0000000000000007
20260302,68,235.33692,5129.708290589473,2732.5819748000017,212.9789473684211,184.1473684210527,2000.0,1.0000000000000004
20260302,69,244.32044,5172.836092715788,2825.8255664,209.83157894736843,137.1789473684209,2000.0,1.0000000000000002
20260302,70,244.32044,5215.963894842105,2919.069158,206.6842105263158,90.21052631578979,2000.0,1.0
20260302,71,246.16228,5270.342427957895,3027.731901642106,177.7684210526316,64.84210526315792,2000.0,1.0000000000000002
20260302,72,247.86762,5327.846164126317,3140.677743073687,141.6947368421051,45.47368421052624,2000.0,1.0000000000000004
20260302,73,248.00412,5385.349900294737,3253.6235845052674,105.6210526315791,26.105263157894846,2000.0,1.0000000000000007
20260302,74,249.84596,5442.853636463157,3366.569425936845,69.54736842105265,6.73684210526318,2000.0,1.0000000000000009
20260302,75,251.51126,5537.859809263157,3480.859809263159,56.99999999999999,0.0,2000.0,1.0000000000000002
20260302,76,251.6878,5652.8672816,3595.8672816000003,56.99999999999999,0.0,2000.0,1.0
20260302,77,253.52964,5767.874753936842,3710.8747539368374,56.99999999999999,0.0,2000.0,0.9999999999999992
20260302,78,255.37148,5882.882226273683,3825.8822262736808,56.99999999999999,0.0,2000.0,0.9999999999999997
20260302,79,255.37148,5915.384338021052,3858.76328538947,56.62105263157895,0.0,2000.0,0.9999999999999996
20260302,80,255.37148,5872.256535894736,3816.361799052629,55.89473684210526,0.0,2000.0,0.9999999999999997
20260302,81,255.1549,5829.128733768421,3773.9603127157893,55.16842105263158,0.0,2000.0,1.0
20260302,82,253.52964,5786.0009316421065,3731.5588263789436,54.442105263157906,0.0,2000.0,0.9999999999999992
20260302,83,253.52964,5748.498495010525,3694.6879686947327,53.810526315789474,0.0,2000.0,0.9999999999999996
20260302,84,253.33308,5719.746626926316,3666.420311136839,53.32631578947369,0.0,2000.0,0.9999999999999993
20260302,85,253.33308,5690.994758842106,3638.152653578945,52.842105263157904,0.0,2000.0,0.9999999999999993
20260302,86,253.33308,5662.242890757894,3609.8849960210528,52.357894736842105,0.0,2000.0,1.0
20260302,87,251.6878,5622.24029168421,3570.4929232631594,51.74736842105263,0.0,2000.0,1.0000000000000002
20260302,88,251.51126,5550.360621473685,3499.5816741052627,50.77894736842106,0.0,2000.0,0.9999999999999999
20260302,89,249.84596,5478.480951263159,3428.670424947369,49.810526315789474,0.0,2000.0,0.9999999999999999
20260302,90,249.68944,5406.601281052632,3357.7591757894775,48.84210526315789,0.0,2000.0,1.0000000000000007
20260302,91,248.40816,5334.721610842107,3286.8163476842115,47.90526315789474,0.0,2000.0,0.9999999999999998
20260302,92,248.00412,5262.841940631579,3215.6629932631604,47.17894736842105,0.0,2000.0,1.0000000000000004
20260302,93,247.86762,5190.962270421052,3144.509638842108,46.45263157894736,0.0,2000.0,1.0000000000000004
20260302,94,246.16228,5119.082600210527,3073.3562844210537,45.726315789473695,0.0,2000.0,1.0000000000000002
20260302,95,244.72448,5047.20293,3002.202930000001,45.0,0.0,2000.0,1.0000000000000002
20260303,0,229.07248,4337.74125,2299.741250000002,38.0,0.0,2000.0,1.0000000000000004
20260303,1,229.07248,4309.73618368421,2273.430920526319,36.30526315789473,0.0,2000.0,1.0000000000000009
20260303,2,227.95864,4281.73111736842,2247.120591052633,34.61052631578947,0.0,2000.0,1.0000000000000007
20260303,3,227.95864,4253.726051052632,2220.81026157895,32.91578947368421,0.0,2000.0,1.0000000000000004
20260303,4,227.95864,4225.720984736842,2194.499932105266,31.22105263157895,0.0,2000.0,1.0000000000000007
20260303,5,226.8448,4173.363686842104,2144.047897368423,29.315789473684212,0.0,2000.0,1.0000000000000009
20260303,6,226.8448,4117.353554210526,2089.974606842108,27.378947368421052,0.0,2000.0,1.0000000000000007
20260303,7,214.93836,4061.3434215789466,2035.9013163157917,25.442105263157888,0.0,2000.0,1.0000000000000009
20260303,8,244.32044,4005.333288947368,1981.8280257894749,23.50526315789474,0.0,2000.0,1.0000000000000004
20260303,9,232.414,3959.672854736843,1936.3149600000038,23.357894736842113,0.0,2000.0,1.0000000000000007
20260303,10,231.30016,3917.665255263158,1893.823150000001,23.8421052631579,0.0,2000.0,1.0000000000000002
20260303,11,230.18632,3875.6576557894755,1851.331340000002,24.32631578947368,0.0,2000.0,1.0000000000000002
20260303,12,229.07248,3833.6500563157892,1808.839530000002,24.81052631578947,0.0,2000.0,1.0000000000000007
20260303,13,854.1030863157896,3809.296398891962,1780.4648199445971,28.83157894736842,0.0,2000.0,1.0000000000000009
20260303,14,854.1030863157896,3815.922437673129,1780.7961218836572,35.12631578947368,0.0,2000.0,1.0000000000000004
20260303,15,854.1030863157896,3822.548476454292,1781.127423822715,41.421052631578945,0.0,2000.0,1.0000000000000004
20260303,16,854.1030863157896,3829.174515235455,1781.458725761772,47.71578947368421,0.0,2000.0,1.0000000000000002
20260303,17,854.1030863157896,3840.7977839335163,1782.039889196676,58.7578947368421,0.0,2000.0,1.0000000000000004
20260303,18,854.1030863157896,3857.872576177283,1782.8936288088642,74.97894736842106,0.0,2000.0,1.0000000000000007
20260303,19,854.1030863157896,3874.9473684210498,1783.747368421053,91.19999999999997,0.0,2000.0,1.0000000000000009
20260303,20,854.1030863157896,3892.022160664818,1784.601108033241,107.42105263157899,0.0,2000.0,1.0000000000000007
20260303,21,854.1030863157896,3913.2631578947335,1785.663157894736,127.60000000000001,0.0,2000.0,1.0000000000000007
20260303,22,854.1030863157896,3942.315789473681,1787.115789473684,155.20000000000002,0.0,2000.0,1.0000000000000009
20260303,23,854.1030863157896,3971.368421052629,1788.5684210526322,182.8,0.0,2000.0,1.0000000000000009
20260303,24,854.1030863157896,4000.4210526315783,1790.02105263158,210.4,0.0,2000.0,1.0000000000000004
20260303,25,854.1030863157896,4028.6426592797766,1791.432132963989,235.42105263157887,1.7894736842105161,2000.0,1.0000000000000004
20260303,26,854.1030863157896,4053.872576177284,1792.693628808865,251.1578947368421,10.02105263157895,2000.0,1.0000000000000007
20260303,27,229.07248,4119.179971578946,1834.032603157898,266.8947368421053,18.25263157894738,2000.0,1.0000000000000013
20260303,28,231.30016,4203.195170526316,1894.079381052634,282.6315789473684,26.48421052631578,2000.0,1.0000000000000004
20260303,29,233.67344,4290.863204210526,1954.926362105266,297.4842105263158,38.45263157894738,2000.0,1.0000000000000007
20260303,30,235.51528,4416.886002631579,2024.175476315791,303.0526315789474,89.65789473684218,2000.0,1.0000000000000004
20260303,31,239.1989600000001,4542.908801052632,2093.424590526318,308.621052631579,140.8631578947368,2000.0,1.0000000000000004
20260303,32,241.0408,4668.9315994736835,2162.673704736842,314.1894736842105,192.0684210526316,2000.0,1.0000000000000002
20260303,33,244.32044,4794.954397894736,2231.922818947368,319.7578947368421,243.2736842105264,2000.0,1.0000000000000002
20260303,34,244.32044,4880.796014210526,2256.822330000001,310.0421052631579,313.9315789473684,2000.0,1.0000000000000004
20260303,35,244.32044,4964.811213157894,2279.705950000001,299.6315789473685,385.473684210526,2000.0,1.0000000000000004
20260303,36,244.72448,5048.826412105263,2302.589570000002,289.2210526315789,457.01578947368426,2000.0,1.0000000000000004
20260303,37,246.16228,5132.841611052632,2325.473190000001,278.8105263157895,528.5578947368422,2000.0,1.0
20260303,38,244.72448,5182.15488,2302.654880000001,280.4,599.0999999999999,2000.0,1.0000000000000002
20260303,39,244.32044,5224.1624794736845,2270.215111052632,284.5157894736842,669.4315789473686,2000.0,1.0
20260303,40,244.32044,5266.170078947368,2237.775342105265,288.6315789473684,739.763157894737,2000.0,1.0000000000000004
20260303,41,242.88264,5308.177678421053,2205.335573157897,292.7473684210526,810.0947368421051,2000.0,1.0000000000000004
20260303,42,244.32044,5340.4443852631575,2247.8707010526323,287.7684210526315,804.8052631578946,2000.0,1.0000000000000002
20260303,43,244.72448,5368.449451578949,2323.207346315792,278.8105263157895,766.4315789473684,2000.0,1.0000000000000002
20260303,44,246.56632,5396.4545178947365,2398.5439915789498,269.8526315789474,728.0578947368422,2000.0,1.0000000000000004
20260303,45,247.86762,5424.459584210526,2473.880636842107,260.8947368421052,689.6842105263157,2000.0,1.0000000000000004
20260303,46,247.86762,5412.892274210527,2454.908063684215,264.11578947368423,693.8684210526316,2000.0,1.0000000000000009
20260303,47,246.16228,5370.884674736842,2363.389937894738,276.7052631578947,730.7894736842104,2000.0,1.0000000000000002
20260303,48,244.32044,5328.877075263158,2271.871812105263,289.2947368421053,767.7105263157896,2000.0,0.9999999999999998
20260303,49,242.88264,5286.869475789474,2180.3536863157897,301.8842105263158,804.6315789473683,2000.0,1.0
20260303,50,239.1989600000001,5257.037992105263,2116.906413157896,312.68421052631584,827.4473684210527,2000.0,1.0000000000000004
20260303,51,239.1989600000001,5243.035458947369,2089.951248421055,321.1578947368421,831.9263157894736,2000.0,1.0000000000000004
20260303,52,237.35712,5229.032925789474,2062.996083684215,329.6315789473684,836.4052631578949,2000.0,1.0000000000000009
20260303,53,235.51528,5215.030392631578,2036.0409189473698,338.1052631578947,840.8842105263158,2000.0,1.0000000000000004
20260303,54,235.51528,5205.2895,2022.778973684213,347.6105263157895,834.9,2000.0,1.0000000000000004
20260303,55,237.35712,5205.2895,2040.815815789477,359.4736842105263,804.9999999999999,2000.0,1.0000000000000007
20260303,56,237.35712,5205.2895,2058.85265789474,371.3368421052631,775.1,2000.0,1.0000000000000004
20260303,57,237.35712,5205.2895,2076.889500000003,383.2,745.1999999999999,2000.0,1.0000000000000004
20260303,58,239.1989600000001,5195.54860736842,2096.995975789475,393.2947368421052,705.2578947368421,2000.0,1.0000000000000004
20260303,59,241.0408,5139.538474736842,2126.933211578948,394.9894736842105,617.6157894736846,2000.0,1.0000000000000004
20260303,60,241.0408,5083.528342105263,2156.870447368422,396.6842105263158,529.973684210526,2000.0,1.0000000000000002
20260303,61,242.88264,5027.518209473683,2186.8076831578937,398.378947368421,442.33157894736837,2000.0,1.0
20260303,62,244.32044,4973.334494210526,2215.997652105264,400.0,357.3368421052632,2000.0,1.0000000000000002
20260303,63,244.32044,4959.3319610526305,2228.747750526315,400.0,330.5842105263157,2000.0,1.0
20260303,64,244.32044,4945.329427894737,2241.4978489473688,400.0,303.8315789473685,2000.0,1.0000000000000002
20260303,65,244.32044,4931.326894736842,2254.247947368422,400.0,277.0789473684211,2000.0,1.0000000000000002
20260303,66,244.32044,4917.324361578947,2266.998045789475,400.0,250.3263157894736,2000.0,1.0000000000000004
20260303,67,246.16228,4954.461514736842,2328.12467263158,400.0,226.33684210526332,2000.0,1.0000000000000002
20260303,68,246.56632,4996.469114210526,2393.858587894739,400.0,202.61052631578949,2000.0,1.0000000000000004
20260303,69,247.86762,5038.476713684211,2459.592503157895,400.0,178.88421052631568,2000.0,1.0
20260303,70,248.00412,5080.484313157895,2525.326418421054,400.0,155.1578947368423,2000.0,1.0000000000000004
20260303,71,248.00412,5133.450416842106,2610.545153684212,401.32631578947365,121.5789473684211,2000.0,1.0
20260303,72,249.68944,5189.460549473683,2701.176338947371,403.02105263157887,85.26315789473671,2000.0,1.0000000000000004
20260303,73,249.84596,5245.470682105261,2791.807524210527,404.71578947368425,48.94736842105285,2000.0,1.0000000000000004
20260303,74,251.51126,5301.480814736843,2882.438709473683,406.4105263157895,12.63157894736846,2000.0,0.9999999999999994
20260303,75,251.6878,5394.019294736843,2984.3350842105283,409.6842105263158,0.0,2000.0,1.0000000000000002
20260303,76,253.52964,5506.03956,3092.239559999997,413.8,0.0,2000.0,0.9999999999999996
20260303,77,255.1549,5618.059825263158,3200.1440357894703,417.9157894736842,0.0,2000.0,0.9999999999999993
20260303,78,256.97672,5730.080090526316,3308.0485115789456,422.0315789473684,0.0,2000.0,0.9999999999999997
20260303,79,256.97672,5761.737991578948,3337.86430736842,423.87368421052633,0.0,2000.0,0.9999999999999997
20260303,80,256.97672,5719.730392105263,3296.098813157893,423.6315789473684,0.0,2000.0,0.9999999999999997
20260303,81,255.37148,5677.722792631578,3254.3333189473656,423.3894736842105,0.0,2000.0,0.9999999999999996
20260303,82,255.37148,5635.715193157895,3212.5678247368396,423.14736842105265,0.0,2000.0,0.9999999999999996
20260303,83,255.1549,5599.186845789475,3176.4710563157882,422.7157894736842,0.0,2000.0,0.9999999999999996
20260303,84,255.1549,5571.1817794736835,3149.192305789472,421.98947368421057,0.0,2000.0,0.9999999999999999
20260303,85,253.52964,5543.176713157895,3121.913555263156,421.2631578947368,0.0,2000.0,0.9999999999999996
20260303,86,253.52964,5515.1716468421055,3094.63480473684,420.5368421052632,0.0,2000.0,0.9999999999999997
20260303,87,253.33308,5476.208076315789,3059.555444736839,416.6526315789473,0.0,2000.0,0.9999999999999996
20260303,88,251.6878,5406.195410526316,3002.3743578947388,403.82105263157905,0.0,2000.0,1.0000000000000004
20260303,89,251.6878,5336.182744736842,2945.193271052632,390.9894736842105,0.0,2000.0,1.0000000000000002
20260303,90,251.51126,5266.170078947366,2888.0121842105273,378.15789473684214,0.0,2000.0,1.0000000000000004
20260303,91,249.84596,5196.157413157895,2830.767939473685,365.3894736842106,0.0,2000.0,1.0000000000000004
20260303,92,249.84596,5126.14474736842,2773.102642105264,353.0421052631579,0.0,2000.0,1.0000000000000004
20260303,93,249.68944,5056.132081578947,2715.437344736844,340.6947368421052,0.0,2000.0,1.0000000000000004
20260303,94,248.40816,4986.119415789473,2657.772047368422,328.3473684210527,0.0,2000.0,1.0000000000000004
20260303,95,248.00412,4916.106749999999,2600.10675,316.0,0.0,2000.0,1.0000000000000002
20260304,0,246.16228,4499.874294300001,1859.8742943000002,640.0,0.0,2000.0,0.9999999999999998
20260304,1,244.32044,4482.581544296842,1768.01312324421,714.5684210526316,0.0,2000.0,0.9999999999999998
20260304,2,242.88264,4465.288794293683,1676.151952188422,789.1368421052631,0.0,2000.0,1.0000000000000004
20260304,3,854.88856,4530.216066481994,1666.5108033241002,863.7052631578948,0.0,2000.0,1.0000000000000002
20260304,4,854.88856,4608.709141274237,1670.4354570637117,938.2736842105263,0.0,2000.0,1.0000000000000002
20260304,5,854.88856,4596.786703601108,1669.8393351800562,926.9473684210526,0.0,2000.0,1.0000000000000002
20260304,6,854.88856,4571.30193905817,1668.5650969529088,902.7368421052632,0.0,2000.0,1.0000000000000004
20260304,7,854.88856,4545.817174515237,1667.290858725762,878.5263157894736,0.0,2000.0,0.9999999999999998
20260304,8,854.88856,4520.3324099722995,1666.016620498615,854.3157894736844,0.0,2000.0,1.0
20260304,9,854.88856,4498.614958448753,1664.930747922438,833.6842105263158,0.0,2000.0,1.0000000000000002
20260304,10,854.88856,4478.227146814404,1663.9113573407212,814.3157894736842,0.0,2000.0,1.0000000000000004
20260304,11,854.88856,4457.839335180055,1662.891966759003,794.9473684210527,0.0,2000.0,1.0000000000000002
20260304,12,854.88856,4437.451523545704,1661.872576177285,775.5789473684209,0.0,2000.0,1.0000000000000004
20260304,13,854.88856,4446.84764542936,1662.342382271468,784.5052631578948,0.0,2000.0,1.0000000000000007
20260304,14,854.88856,4475.390581717451,1663.769529085873,811.621052631579,0.0,2000.0,1.0000000000000002
20260304,15,854.88856,4503.9335180055405,1665.1966759002778,838.7368421052631,0.0,2000.0,1.0
20260304,16,854.88856,4532.476454293629,1666.623822714682,865.8526315789475,0.0,2000.0,1.0000000000000002
20260304,17,854.88856,4561.994459833793,1668.0997229916902,893.8947368421052,0.0,2000.0,1.0000000000000004
20260304,18,854.88856,4592.5761772853175,1669.628808864267,922.9473684210527,0.0,2000.0,1.0000000000000007
20260304,19,854.88856,4623.157894736842,1671.157894736843,952.0,0.0,2000.0,1.0000000000000004
20260304,20,854.88856,4653.739612188365,1672.686980609419,981.0526315789474,0.0,2000.0,1.0000000000000004
20260304,21,242.88264,4684.831533464208,1678.473638727369,1006.3157894736839,0.04210526315789487,2000.0,1.0000000000000004
20260304,22,244.72448,4805.8807834863155,1781.2439413810519,1024.473684210526,0.1631578947368419,2000.0,0.9999999999999998
20260304,23,246.56632,4926.930033508422,1884.0142440347372,1042.631578947368,0.28421052631578947,2000.0,0.9999999999999998
20260304,24,244.32044,5047.979283530526,1986.7845466884219,1060.789473684211,0.405263157894737,2000.0,1.0000000000000002
20260304,25,246.16228,5191.584294426316,2115.768504952633,1072.0,3.8157894736841933,2000.0,1.0000000000000002
20260304,26,246.16228,5416.390044467369,2339.12162341474,1058.2,19.068421052631578,2000.0,1.0000000000000004
20260304,27,225.27232,5641.195794508421,2562.474741876844,1044.4,34.32105263157896,2000.0,1.0000000000000002
20260304,28,237.3279999999999,5866.001544549473,2785.827860338949,1030.6,49.573684210526295,2000.0,1.0000000000000004
20260304,29,239.1989600000001,6086.296142415788,2995.848773994737,1021.263157894737,69.18421052631581,2000.0,1.0000000000000002
20260304,30,239.1989600000001,6259.223642447369,3065.881537184213,1058.7894736842109,134.5526315789475,2000.0,1.0000000000000004
20260304,31,240.99712,6432.151142478948,3135.914300373685,1096.315789473684,199.9210526315789,2000.0,1.0
20260304,32,241.0408,6605.078642510526,3205.9470635631596,1133.842105263158,265.2894736842106,2000.0,1.0000000000000002
20260304,33,242.88264,6778.006142542106,3275.9798267526307,1171.3684210526321,330.6578947368422,2000.0,0.9999999999999999
20260304,34,242.88264,6851.6882947294735,3276.525136834737,1199.631578947369,375.53157894736853,2000.0,1.0000000000000002
20260304,35,242.88264,6920.859294742104,3273.9119263210546,1227.473684210526,419.4736842105262,2000.0,1.0000000000000004
20260304,36,242.88264,6990.030294754736,3271.29871580737,1255.315789473684,463.4157894736843,2000.0,1.0000000000000004
20260304,37,242.88264,7059.201294767369,3268.685505293686,1283.157894736842,507.3578947368421,2000.0,1.0000000000000002
20260304,38,242.88264,7085.516349119999,3272.916349120002,1241.6000000000001,570.9999999999998,2000.0,1.0000000000000004
20260304,39,242.88264,7102.809099123158,3278.588046491579,1185.431578947368,638.7894736842106,2000.0,0.9999999999999999
20260304,40,242.88264,7120.101849126317,3284.259743863159,1129.263157894737,706.5789473684209,2000.0,1.0000000000000002
20260304,41,243.2248,7137.394599129473,3289.9314412347385,1073.094736842105,774.3684210526313,2000.0,1.0000000000000002
20260304,42,243.2248,7130.627870867367,3295.6278708673694,1022.8210526315789,812.1789473684212,2000.0,1.0000000000000004
20260304,43,243.2248,7113.335120864211,3301.335120864211,975.1263157894737,836.8736842105262,2000.0,1.0
20260304,44,243.2248,7096.042370861052,3307.0423708610547,927.4315789473686,861.5684210526316,2000.0,1.0000000000000004
20260304,45,243.2248,7078.749620857896,3312.7496208578946,879.7368421052631,886.2631578947369,2000.0,0.9999999999999998
20260304,46,242.88264,7012.58605562842,3249.1281608915815,840.5263157894738,922.9315789473684,2000.0,1.0000000000000004
20260304,47,240.99712,6908.829555609474,3132.176924030527,807.8421052631579,968.8105263157892,2000.0,1.0000000000000002
20260304,48,238.76944,6805.073055590527,3015.2256871694763,775.157894736842,1014.6894736842111,2000.0,1.0000000000000004
20260304,49,232.414,6701.316555571579,2898.274450308422,742.4736842105264,1060.568421052632,2000.0,1.0000000000000002
20260304,50,232.414,6635.152990342105,2848.60035876316,708.0000000000001,1078.552631578947,2000.0,1.0000000000000002
20260304,51,233.67344,6617.860240338948,2886.386556128426,671.2,1060.273684210526,2000.0,1.0000000000000007
20260304,52,235.51528,6600.5674903357885,2924.172753493685,634.4,1041.994736842105,2000.0,1.0000000000000002
20260304,53,235.51528,6583.274740332632,2961.958950858951,597.5999999999999,1023.7157894736839,2000.0,1.0000000000000004
20260304,54,235.51528,6560.718979458946,2965.155821564213,596.242105263158,999.3210526315787,2000.0,1.0000000000000004
20260304,55,233.67344,6526.133479452632,2889.291374189476,675.8947368421053,960.9473684210526,2000.0,1.0000000000000002
20260304,56,232.414,6491.547979446316,2813.42692681474,755.5473684210525,922.5736842105264,2000.0,1.0000000000000004
20260304,57,231.30016,6456.96247944,2737.562479440003,835.2,884.1999999999998,2000.0,1.0000000000000004
20260304,58,230.18632,6422.376979433683,2675.066453117898,905.042105263158,842.2684210526317,2000.0,1.0000000000000007
20260304,59,230.18632,6387.791479427369,2676.070426795793,928.2842105263157,783.4368421052633,2000.0,1.0000000000000004
20260304,60,230.18632,6353.205979421054,2677.074400473687,951.5263157894736,724.6052631578946,2000.0,1.0000000000000002
20260304,61,230.18632,6318.620479414736,2678.078374151582,974.7684210526315,665.7736842105263,2000.0,1.0000000000000007
20260304,62,230.18632,6287.04241419158,2685.8476773494763,994.3894736842105,606.8052631578948,2000.0,1.0000000000000002
20260304,63,232.414,6321.627914197898,2842.454229987371,934.3473684210525,544.8263157894734,2000.0,0.9999999999999999
20260304,64,238.61656,6356.21341420421,2999.060782625266,874.3052631578946,482.84736842105264,2000.0,1.0000000000000007
20260304,65,241.0408,6390.798914210525,3155.667335263159,814.263157894737,420.8684210526316,2000.0,1.0000000000000004
20260304,66,243.2248,6425.384414216842,3312.2738879010562,754.2210526315787,358.8894736842103,2000.0,1.0000000000000007
20260304,67,245.45248,6459.969914223158,3489.7699142231586,658.1473684210532,312.05263157894757,2000.0,1.0000000000000002
20260304,68,247.6801600000001,6494.555414229474,3669.255414229474,558.642105263158,266.6578947368421,2000.0,0.9999999999999999
20260304,69,248.40816,6529.140914235788,3848.7409142357933,459.1368421052629,221.2631578947367,2000.0,1.0000000000000007
20260304,70,249.84596,6563.7264142421045,4028.2264142421063,359.6315789473691,175.8684210526319,2000.0,1.0000000000000004
20260304,71,249.68944,6625.378827296842,4175.378827296846,312.6105263157894,137.3894736842106,2000.0,1.0000000000000004
20260304,72,249.84596,6694.5498273094745,4313.549827309477,280.1684210526314,100.8315789473683,2000.0,1.0000000000000004
20260304,73,249.84596,6763.720827322105,4451.720827322103,247.7263157894738,64.27368421052654,2000.0,0.9999999999999999
20260304,74,251.51126,6832.891827334735,4589.891827334738,215.2842105263159,27.71578947368425,2000.0,1.0000000000000004
20260304,75,251.51126,6879.507066473684,4689.717592789473,177.157894736842,12.63157894736841,2000.0,0.9999999999999999
20260304,76,251.6878,6914.092566479998,4769.09256648,136.0000000000002,9.000000000000021,2000.0,1.0000000000000002
20260304,77,253.33308,6948.678066486316,4848.467540170525,94.84210526315796,5.368421052631582,2000.0,0.9999999999999999
20260304,78,253.52964,6983.263566492631,4927.842513861052,53.68421052631563,1.736842105263144,2000.0,1.0
20260304,79,255.1549,6981.759849101053,4948.770375416838,32.98947368421054,0.0,2000.0,0.9999999999999993
20260304,80,253.52964,6947.174349094739,4916.121717515789,31.05263157894737,0.0,2000.0,0.9999999999999996
20260304,81,253.52964,6912.588849088419,4883.473059614732,29.1157894736842,0.0,2000.0,0.9999999999999996
20260304,82,253.33308,6878.003349082105,4850.824401713681,27.178947368421056,0.0,2000.0,0.9999999999999996
20260304,83,251.6878,6816.350936027369,4785.235146553687,31.11578947368421,0.0,2000.0,1.0000000000000002
20260304,84,250.2500000000001,6712.5944360084195,4668.40496232421,44.189473684210576,0.0,2000.0,1.0000000000000002
20260304,85,249.68944,6608.837935989474,4551.5747780947395,57.26315789473679,0.0,2000.0,1.0000000000000002
20260304,86,248.794,6505.0814359705255,4434.7445938652645,70.33684210526316,0.0,2000.0,1.0000000000000002
20260304,87,247.86762,6383.280327252632,4300.438221989475,82.84210526315796,0.0,2000.0,1.0000000000000002
20260304,88,246.56632,6210.352827221054,4116.615985115793,93.7368421052631,0.0,2000.0,1.0000000000000002
20260304,89,245.45248,6037.425327189474,3932.793748242106,104.63157894736841,0.0,2000.0,1.0
20260304,90,244.33864,5864.497827157895,3748.9715113684215,115.5263157894737,0.0,2000.0,1.0
20260304,91,244.33864,5691.570327126316,3548.0334850210584,143.5368421052625,0.0,2000.0,1.0000000000000009
20260304,92,242.11096,5518.642827094736,3232.99019551579,285.65263157894736,0.0,2000.0,1.0000000000000002
20260304,93,239.88328,5345.715327063157,2917.9469060105257,427.76842105263233,0.0,2000.0,1.0000000000000002
20260304,94,238.76944,5172.78782703158,2602.903616505267,569.884210526315,0.0,2000.0,1.0000000000000004
20260304,95,852.9651073684212,5002.105263157893,2290.1052631578937,712.0,0.0,2000.0,1.0
20260305,0,249.84596,4838.574509999999,2188.574509999999,650.0000000000001,0.0,2000.0,1.0
20260305,1,249.84596,4819.980155157895,2166.8327867368416,653.1473684210528,0.0,2000.0,1.0
20260305,2,249.68944,4801.38580031579,2145.091063473684,656.2947368421053,0.0,2000.0,0.9999999999999998
20260305,3,249.68944,4782.791445473682,2123.349340210524,659.4421052631578,0.0,2000.0,1.0
20260305,4,249.68944,4764.197090631579,2101.607616947368,662.5894736842105,0.0,2000.0,0.9999999999999998
20260305,5,248.40816,4729.433731578947,2088.96004736842,640.4736842105261,0.0,2000.0,0.9999999999999998
20260305,6,248.40816,4692.245021894738,2077.676600842106,614.5684210526315,0.0,2000.0,1.0
20260305,7,248.40816,4655.056312210527,2066.393154315789,588.6631578947367,0.0,2000.0,0.9999999999999998
20260305,8,248.00412,4617.867602526316,2055.109707789472,562.7578947368422,0.0,2000.0,0.9999999999999996
20260305,9,247.86762,4580.678892842105,1972.426261263158,608.2526315789476,0.0,2000.0,1.0000000000000002
20260305,10,246.16228,4543.490183157894,1864.542814736841,678.9473684210526,0.0,2000.0,1.0
20260305,11,244.32044,4506.3014734736835,1756.659368210526,749.642105263158,0.0,2000.0,1.0000000000000002
20260305,12,854.88856,4484.565096952907,1664.228254847646,820.3368421052633,0.0,2000.0,1.0000000000000004
20260305,13,854.88856,4508.254847645428,1665.4127423822722,842.8421052631577,0.0,2000.0,1.0000000000000007
20260305,14,854.88856,4499.335180055399,1664.96675900277,834.3684210526316,0.0,2000.0,1.0000000000000004
20260305,15,242.88264,4503.067672631578,1677.1729357894749,825.8947368421053,0.0,2000.0,1.0000000000000004
20260305,16,244.32044,4521.662027473685,1704.2409748421069,817.421052631579,0.0,2000.0,1.0000000000000002
20260305,17,244.32044,4584.721143894737,1724.363249157896,860.3578947368421,0.0,2000.0,1.0000000000000002
20260305,18,244.32044,4696.287272947368,1736.9083255789492,959.3789473684211,0.0,2000.0,1.0000000000000004
20260305,19,244.32044,4807.853401999999,1749.453401999999,1058.3999999999999,0.0,2000.0,1.0
20260305,20,244.32044,4919.419531052629,1761.998478421053,1157.421052631579,0.0,2000.0,1.0000000000000004
20260305,21,244.72448,5037.453261789474,1796.421682842107,1240.947368421053,0.08421052631578975,2000.0,1.0000000000000004
20260305,22,246.16228,5167.613745684212,1871.866377263158,1295.4210526315792,0.3263157894736839,2000.0,0.9999999999999998
20260305,23,244.32044,5297.774229578947,1947.3110716842139,1349.894736842105,0.5684210526315789,2000.0,1.0000000000000007
20260305,24,854.9642336842105,5605.451523545707,2200.272576177285,1404.3684210526321,0.810526315789474,2000.0,1.0
20260305,25,853.8647621052633,5656.620498614956,2202.831024930747,1448.578947368421,5.210526315789451,2000.0,1.0000000000000002
20260305,26,231.2273599999999,5824.075316631577,2343.654264000003,1455.842105263158,24.578947368421062,2000.0,1.0000000000000009
20260305,27,233.67344,6065.801929578947,2558.749298000001,1463.105263157895,43.947368421052666,2000.0,1.0000000000000002
20260305,28,231.30016,6307.528542526315,2773.844332000002,1470.3684210526321,63.315789473684184,2000.0,1.0000000000000007
20260305,29,238.76944,6544.404454210526,2978.899191052632,1478.578947368421,86.92631578947369,2000.0,1.0000000000000002
20260305,30,239.1989600000001,6730.348002631579,3078.532213157897,1496.736842105263,155.0789473684211,2000.0,1.0000000000000002
20260305,31,241.0408,6916.29155105263,3178.165235263159,1514.894736842105,223.2315789473684,2000.0,1.0000000000000004
20260305,32,242.88264,7102.235099473685,3277.7982573684226,1533.052631578947,291.3842105263158,2000.0,1.0
20260305,33,244.32044,7288.178647894738,3377.431279473685,1551.210526315789,359.5368421052633,2000.0,1.0
20260305,34,244.33864,7367.406768526318,3395.938347473685,1565.894736842105,405.57368421052627,2000.0,0.9999999999999998
20260305,35,244.33864,7441.784187894737,3410.757872105264,1580.421052631579,450.60526315789457,2000.0,1.0000000000000002
20260305,36,244.33864,7516.161607263159,3425.577396736844,1594.947368421053,495.6368421052632,2000.0,1.0000000000000002
20260305,37,244.72448,7590.539026631579,3440.3969213684227,1609.473684210526,540.6684210526316,2000.0,1.0000000000000002
20260305,38,244.72448,7618.834784000001,3455.4347840000014,1618.8,544.6,2000.0,1.0000000000000002
20260305,39,245.45248,7637.429138842102,3470.518612526318,1627.0315789473682,539.8789473684211,2000.0,1.0000000000000007
20260305,40,245.45248,7656.023493684211,3485.602441052633,1635.263157894737,535.1578947368421,2000.0,1.0000000000000002
20260305,41,245.45248,7674.617848526315,3500.6862695789478,1643.4947368421049,530.4368421052632,2000.0,1.0000000000000002
20260305,42,244.72448,7667.341796631578,3463.7944282105273,1653.410526315789,550.1368421052632,2000.0,1.0000000000000002
20260305,43,244.33864,7648.747441789473,3404.1632312631577,1664.063157894737,580.5210526315788,2000.0,1.0000000000000002
20260305,44,244.32044,7630.153086947368,3358.300455368422,1660.947368421051,610.9052631578946,2000.0,0.9999999999999999
20260305,45,243.2248,7611.558732105263,3314.1639952631594,1656.105263157894,641.2894736842105,2000.0,1.0000000000000002
20260305,46,242.11096,7540.415113578948,3225.7572188421072,1656.463157894736,658.1947368421053,2000.0,1.0
20260305,47,239.88328,7428.848984526314,3103.296352947372,1660.821052631578,664.7315789473682,2000.0,1.0000000000000004
20260305,48,238.61656,7317.2828554736825,2980.835487052634,1665.17894736842,671.2684210526317,2000.0,1.0000000000000004
20260305,49,232.414,7205.716726421052,2858.374621157897,1669.5368421052622,677.8052631578947,2000.0,1.0000000000000002
20260305,50,231.30016,7134.5731078947365,2785.809950000004,1674.526315789473,674.2368421052631,2000.0,1.0000000000000004
20260305,51,231.30016,7115.978753052632,2778.110332000004,1680.3368421052621,657.5315789473683,2000.0,1.0000000000000002
20260305,52,231.30016,7097.384398210525,2770.410714000004,1686.1473684210519,640.8263157894736,2000.0,1.0000000000000004
20260305,53,231.30016,7078.790043368422,2762.7110960000036,1691.9578947368411,624.1210526315791,2000.0,1.0000000000000002
20260305,54,231.30016,7054.536537052632,2739.957589684214,1693.936842105262,620.642105263158,2000.0,1.0000000000000002
20260305,55,230.18632,7017.347827368421,2682.795195789476,1687.157894736841,647.3947368421052,2000.0,1.0000000000000002
20260305,56,230.18632,6980.159117684209,2695.232801894738,1610.778947368421,674.1473684210525,2000.0,1.0000000000000002
20260305,57,230.18632,6942.970407999999,2711.670408000003,1530.4,700.9000000000001,2000.0,1.0000000000000004
20260305,58,230.18632,6905.781698315789,2729.876435157897,1452.252631578948,723.6526315789473,2000.0,1.0000000000000004
20260305,59,231.30016,6868.592988631579,2756.482462315791,1384.7052631578952,727.4052631578949,2000.0,1.0000000000000004
20260305,60,231.30016,6831.404278947369,2783.088489473688,1317.157894736842,731.1578947368421,2000.0,1.0000000000000004
20260305,61,232.414,6794.215569263158,2809.694516631583,1249.610526315789,734.9105263157895,2000.0,1.0000000000000007
20260305,62,232.414,6760.260660421053,2839.550134105266,1185.031578947368,735.6789473684212,2000.0,1.0000000000000002
20260305,63,235.51528,6797.449370105263,2940.896738526317,1185.757894736842,670.7947368421051,2000.0,1.0
20260305,64,238.76944,6834.6380797894735,3042.243342947371,1186.484210526316,605.9105263157893,2000.0,1.0000000000000004
20260305,65,240.99712,6871.826789473683,3143.589947368421,1187.210526315789,541.0263157894736,2000.0,1.0
20260305,66,242.88264,6909.015499157893,3244.936551789474,1187.936842105263,476.1421052631577,2000.0,1.0000000000000002
20260305,67,244.32044,6946.204208842106,3368.277893052631,1165.894736842105,412.0315789473688,2000.0,0.9999999999999999
20260305,68,245.45248,6983.392918526316,3493.7139711578952,1141.684210526316,347.9947368421053,2000.0,1.0000000000000002
20260305,69,246.56632,7020.581628210528,3619.150049263159,1117.473684210526,283.9578947368419,2000.0,0.9999999999999999
20260305,70,247.86762,7057.770337894736,3744.5861273684222,1093.263157894737,219.92105263157939,2000.0,1.0000000000000002
20260305,71,248.794,7124.063255157893,3881.979044631582,1071.326315789474,170.7578947368421,2000.0,1.0000000000000007
20260305,72,249.84596,7198.440674526316,4022.6933061052628,1050.021052631579,125.7263157894735,2000.0,0.9999999999999999
20260305,73,251.6878,7272.818093894737,4163.407567578948,1028.715789473684,80.69473684210554,2000.0,1.0
20260305,74,253.52964,7347.195513263159,4304.1218290526285,1007.410526315789,35.663157894736905,2000.0,0.9999999999999993
20260305,75,255.1549,7397.319426315789,4383.793110526313,996.684210526316,16.84210526315788,2000.0,0.9999999999999997
20260305,76,255.37148,7434.508136000001,4430.908135999997,991.6,12.00000000000003,2000.0,0.9999999999999996
20260305,77,256.97672,7471.696845684212,4478.023161473683,986.5157894736841,7.157894736842111,2000.0,0.9999999999999997
20260305,78,256.97672,7508.8855553684225,4525.138186947367,981.4315789473685,2.315789473684192,2000.0,0.9999999999999997
20260305,79,257.21332,7507.268654947368,4544.310760210525,962.9578947368423,0.0,2000.0,0.9999999999999999
20260305,80,256.97672,7470.079945263157,4537.8694189473645,932.2105263157894,0.0,2000.0,0.9999999999999996
20260305,81,256.97672,7432.891235578947,4531.428077684208,901.4631578947368,0.0,2000.0,0.9999999999999997
20260305,82,256.97672,7395.702525894737,4524.986736421051,870.7157894736844,0.0,2000.0,0.9999999999999999
20260305,83,256.97672,7329.40960863158,4484.893819157893,844.5157894736843,0.0,2000.0,0.9999999999999996
20260305,84,255.1549,7217.843479578945,4392.454005894732,825.3894736842107,0.0,2000.0,0.9999999999999997
20260305,85,253.52964,7106.277350526317,4300.014192631577,806.2631578947371,0.0,2000.0,0.9999999999999997
20260305,86,251.6878,6994.711221473684,4207.574379368421,787.1368421052633,0.0,2000.0,1.0
20260305,87,251.51126,6863.742287368419,4095.35281368421,768.3894736842105,0.0,2000.0,1.0000000000000002
20260305,88,249.68944,6677.798738947369,3927.0829494736886,750.7157894736844,0.0,2000.0,1.0000000000000004
20260305,89,248.00412,6491.855190526316,3758.8130852631602,733.042105263158,0.0,2000.0,1.0000000000000004
20260305,90,247.6801600000001,6305.911642105263,3590.543221052634,715.3684210526316,0.0,2000.0,1.0000000000000004
20260305,91,247.86762,6119.968093684212,3423.25230421053,696.7157894736843,0.0,2000.0,1.0000000000000002
20260305,92,246.16228,5934.024545263159,3262.487703157895,671.5368421052633,0.0,2000.0,0.9999999999999999
20260305,93,244.32044,5748.0809968421045,3101.723102105263,646.357894736842,0.0,2000.0,1.0000000000000002
20260305,94,242.11096,5562.137448421053,2940.958501052633,621.1789473684212,0.0,2000.0,1.0000000000000002
20260305,95,239.1989600000001,5376.1939,2780.193900000003,596.0,0.0,2000.0,1.0000000000000004
20260306,0,229.07248,4741.8030198,2210.803019800001,531.0,0.0,2000.0,1.0000000000000004
20260306,1,229.07248,4723.580552054737,2191.370025738949,532.2105263157894,0.0,2000.0,1.0000000000000002
20260306,2,227.95864,4705.358084309475,2171.9370316778973,533.421052631579,0.0,2000.0,1.0000000000000002
20260306,3,227.95864,4687.135616564212,2152.5040376168454,534.6315789473682,0.0,2000.0,1.0000000000000004
20260306,4,227.95864,4668.913148818948,2133.071043555791,535.8421052631578,0.0,2000.0,1.0000000000000002
20260306,5,227.95864,4634.845056947368,2110.634530631581,524.2105263157895,0.0,2000.0,1.0000000000000007
20260306,6,226.8448,4598.4001214568425,2087.747489877896,510.65263157894714,0.0,2000.0,1.0000000000000002
20260306,7,226.8448,4561.955185966314,2064.8604491242127,497.09473684210525,0.0,2000.0,1.0000000000000009
20260306,8,226.8448,4525.51025047579,2041.97340837053,483.53684210526325,0.0,2000.0,1.0000000000000009
20260306,9,225.73096,4489.0653149852615,2002.9811044589478,486.08421052631587,0.0,2000.0,1.0000000000000007
20260306,10,853.98584,4457.174515235454,1962.8587257617721,494.31578947368433,0.0,2000.0,1.0000000000000004
20260306,11,853.98584,4465.839335180052,1963.291966759002,502.5473684210526,0.0,2000.0,1.0000000000000007
20260306,12,853.98584,4474.50415512465,1963.7252077562318,510.77894736842103,0.0,2000.0,1.0000000000000004
20260306,13,853.98584,4470.138504155123,1963.506925207756,506.63157894736844,0.0,2000.0,1.0000000000000002
20260306,14,853.98584,4457.396121883654,1962.869806094182,494.52631578947364,0.0,2000.0,1.0000000000000004
20260306,15,853.98584,4444.653739612186,1962.232686980609,482.4210526315789,0.0,2000.0,1.0000000000000004
20260306,16,853.98584,4431.911357340719,1961.5955678670362,470.3157894736841,0.0,2000.0,1.0000000000000002
20260306,17,226.8448,4493.026721016843,2046.858299964213,446.16842105263146,0.0,2000.0,1.0000000000000002
20260306,18,229.07248,4602.3615274884205,2193.477316962106,408.8842105263159,0.0,2000.0,1.0000000000000004
20260306,19,231.30016,4711.6963339600015,2340.096333960001,371.5999999999999,0.0,2000.0,0.9999999999999998
20260306,20,232.414,4821.03114043158,2486.715350957897,334.3157894736842,0.0,2000.0,1.0000000000000004
20260306,21,242.3002400000001,4936.704196553685,2634.283143922107,302.3368421052631,0.08421052631578975,2000.0,1.0000000000000004
20260306,22,244.32044,5064.261470770526,2783.629891823159,280.3052631578948,0.3263157894736839,2000.0,1.0000000000000002
20260306,23,244.32044,5191.818744987368,2932.976639724213,258.2736842105263,0.5684210526315789,2000.0,1.0000000000000007
20260306,24,237.7611600000001,5319.376019204211,3082.323387625266,236.2421052631579,0.810526315789474,2000.0,1.0000000000000004
20260306,25,234.8309600000001,5470.701729610526,3242.859624347371,224.2105263157895,3.631578947368407,2000.0,1.0000000000000007
20260306,26,239.88328,5707.5938102989485,3443.678020825266,248.178947368421,15.736842105263161,2000.0,1.0000000000000002
20260306,27,240.99712,5944.485890987369,3644.4964173031594,272.1473684210526,27.84210526315792,2000.0,1.0000000000000002
20260306,28,242.88264,6181.377971675789,3845.3148137810535,296.1157894736842,39.94736842105261,2000.0,1.0000000000000002
20260306,29,244.32044,6413.516365126317,4040.8321546,318.1894736842105,54.49473684210528,2000.0,0.9999999999999997
20260306,30,244.72448,6595.741042578948,4180.688411000001,320.3684210526316,94.68421052631587,2000.0,1.0000000000000002
20260306,31,246.16228,6777.965720031577,4320.544667399999,322.5473684210526,134.8736842105263,2000.0,1.0000000000000002
20260306,32,246.56632,6960.19039748421,4460.4009238,324.7263157894737,175.0631578947369,2000.0,1.0000000000000002
20260306,33,247.6801600000001,7142.415074936839,4600.2571801999975,326.9052631578948,215.25263157894742,2000.0,1.0000000000000002
20260306,34,247.86762,7220.058633155789,4679.184948945263,296.4315789473684,244.4421052631578,2000.0,1.0000000000000002
20260306,35,248.40816,7292.948504136843,4755.3432409789475,264.4736842105264,273.13157894736827,2000.0,0.9999999999999999
20260306,36,248.794,7365.838375117894,4831.5015330126325,232.5157894736841,301.821052631579,2000.0,1.0000000000000002
20260306,37,249.68944,7438.728246098948,4907.659825046318,200.5578947368421,330.5105263157894,2000.0,1.0000000000000002
20260306,38,249.68944,7466.458088319999,4941.15808832,188.0,337.3000000000001,2000.0,1.0000000000000002
20260306,39,249.84596,7484.680556065263,4965.675292907372,179.5263157894737,339.4789473684211,2000.0,1.0000000000000004
20260306,40,249.84596,7502.903023810526,4990.192497494737,171.0526315789474,341.6578947368422,2000.0,1.0000000000000002
20260306,41,250.2500000000001,7521.12549155579,5014.709702082105,162.5789473684211,343.8368421052631,2000.0,0.9999999999999998
20260306,42,250.2500000000001,7513.994960698948,5010.505487014737,164.0421052631579,339.4473684210527,2000.0,1.0
20260306,43,249.84596,7495.772492953685,4993.735650848422,169.8526315789474,332.1842105263157,2000.0,1.0
20260306,44,249.84596,7477.550025208423,4976.9658146821075,175.6631578947368,324.921052631579,2000.0,1.0000000000000002
20260306,45,249.84596,7459.327557463156,4960.195978515789,181.4736842105263,317.6578947368422,2000.0,1.0000000000000002
20260306,46,248.794,7389.606811307368,4891.58575867579,176.8842105263158,321.1368421052632,2000.0,1.0000000000000002
20260306,47,248.40816,7280.272004835791,4783.098320625267,164.2947368421053,332.87894736842094,2000.0,1.0000000000000002
20260306,48,247.86762,7170.93719836421,4674.610882574737,151.7052631578947,344.621052631579,2000.0,1.0
20260306,49,247.6801600000001,7061.602391892635,4566.123444524213,139.1157894736842,356.3631578947368,2000.0,0.9999999999999999
20260306,50,246.56632,6991.881645736842,4491.197435210526,134.1052631578947,366.578947368421,2000.0,1.0
20260306,51,246.56632,6973.659177991578,4459.901283254738,138.9473684210526,374.8105263157894,2000.0,1.0000000000000002
20260306,52,246.56632,6955.436710246315,4428.605131298949,143.7894736842105,383.04210526315796,2000.0,1.0000000000000004
20260306,53,246.56632,6937.214242501051,4397.308979343157,148.6315789473684,391.2736842105263,2000.0,1.0000000000000002
20260306,54,246.16228,6913.44580631158,4353.24580631158,145.22105263157889,414.9789473684213,2000.0,1.0
20260306,55,245.45248,6877.000870821053,4280.000870821053,122.9473684210526,474.0526315789474,2000.0,1.0
20260306,56,245.45248,6840.555935330525,4206.755935330526,100.6736842105264,533.1263157894736,2000.0,1.0000000000000002
20260306,57,244.33864,6804.110999840001,4133.510999839999,78.39999999999995,592.2000000000003,2000.0,0.9999999999999998
20260306,58,244.33864,6767.666064349476,4070.7713275073675,57.97894736842104,638.9157894736842,2000.0,0.9999999999999996
20260306,59,244.33864,6731.221128858948,4057.931655174736,46.35789473684212,626.9315789473685,2000.0,0.9999999999999999
20260306,60,244.32044,6694.776193368422,4045.091982842105,34.73684210526312,614.9473684210526,2000.0,0.9999999999999998
20260306,61,244.32044,6658.331257877894,4032.2523105094715,23.115789473684202,602.9631578947369,2000.0,0.9999999999999999
20260306,62,244.32044,6625.055447212631,4024.255447212632,11.873684210526319,588.9263157894738,2000.0,1.0000000000000002
20260306,63,244.33864,6661.500382703157,4122.800382703155,8.968421052631568,529.7315789473683,2000.0,0.9999999999999998
20260306,64,245.45248,6697.945318193683,4221.345318193683,6.06315789473684,470.5368421052631,2000.0,0.9999999999999999
20260306,65,246.16228,6734.39025368421,4319.890253684208,3.15789473684211,411.342105263158,2000.0,0.9999999999999999
20260306,66,246.56632,6770.835189174737,4418.4351891747365,0.2526315789473585,352.1473684210525,2000.0,0.9999999999999999
20260306,67,246.56632,6807.280124665263,4480.948545717893,1.547368421052621,324.7842105263159,2000.0,0.9999999999999998
20260306,68,247.6801600000001,6843.725060155789,4540.030323313682,3.242105263157893,300.4526315789474,2000.0,0.9999999999999998
20260306,69,247.6801600000001,6880.169995646317,4599.112100909475,4.936842105263164,276.1210526315788,2000.0,1.0
20260306,70,247.86762,6916.614931136842,4658.193878505265,6.631578947368411,251.7894736842107,2000.0,1.0000000000000004
20260306,71,248.40816,6981.581990054737,4771.376726896844,6.621052631578948,203.5842105263158,2000.0,1.0000000000000002
20260306,72,249.68944,7054.471861035788,4899.587650509477,6.136842105263157,148.7473684210525,2000.0,1.0000000000000007
20260306,73,250.2500000000001,7127.361732016841,5027.7985741221055,5.652631578947372,93.91052631578981,2000.0,1.0000000000000002
20260306,74,251.6878,7200.251602997895,5156.009497734738,5.1684210526315795,39.07368421052638,2000.0,1.0000000000000002
20260306,75,253.52964,7249.373037789475,5228.320406210524,4.210526315789469,16.84210526315788,2000.0,0.9999999999999993
20260306,76,253.52964,7285.817973280001,5270.817973279998,3.0000000000000067,12.00000000000003,2000.0,0.9999999999999997
20260306,77,255.1549,7322.262908770527,5313.315540349473,1.7894736842105279,7.157894736842111,2000.0,0.9999999999999999
20260306,78,255.37148,7358.707844261054,5355.813107418949,0.5789473684210477,2.315789473684192,2000.0,1.0
20260306,79,255.37148,7357.12328184842,5357.123281848421,0.0,0.0,2000.0,1.0000000000000002
20260306,80,255.37148,7320.678346357894,5320.678346357892,0.0,0.0,2000.0,0.9999999999999998
20260306,81,255.1549,7284.233410867369,5284.233410867365,0.0,0.0,2000.0,0.9999999999999996
20260306,82,253.52964,7247.788475376844,5247.788475376839,0.0,0.0,2000.0,0.9999999999999993
20260306,83,253.33308,7182.821416458948,5182.821416458946,0.0,0.0,2000.0,0.9999999999999998
20260306,84,251.51126,7073.486609987367,5073.48660998737,0.0,0.0,2000.0,1.0000000000000004
20260306,85,249.84596,6964.15180351579,4964.151803515793,0.0,0.0,2000.0,1.0000000000000004
20260306,86,248.794,6854.81699704421,4854.816997044211,0.0,0.0,2000.0,1.0000000000000002
20260306,87,248.40816,6726.467441621053,4726.467441621053,0.0,0.0,2000.0,1.0
20260306,88,248.40816,6544.242764168422,4544.242764168422,0.0,0.0,2000.0,1.0
20260306,89,247.6801600000001,6362.018086715789,4362.0180867157915,0.0,0.0,2000.0,1.0000000000000004
20260306,90,246.56632,6179.793409263158,4179.793409263157,0.0,0.0,2000.0,0.9999999999999999
20260306,91,245.45248,5997.568731810527,3997.5371528631576,0.031578947368419825,0.0,2000.0,0.9999999999999999
20260306,92,244.33864,5815.344054357896,3815.070370147369,0.2736842105263158,0.0,2000.0,0.9999999999999999
20260306,93,243.2248,5633.119376905262,3632.6035874315776,0.5157894736842117,0.0,2000.0,1.0000000000000002
20260306,94,241.0408,5450.894699452632,3450.1368047157916,0.7578947368421041,0.0,2000.0,1.0000000000000004
20260306,95,239.88328,5268.670022,3267.6700220000002,1.0,0.0,2000.0,1.0
20260307,0,229.07248,4645.031529600001,2631.031529600001,14.000000000000002,0.0,2000.0,1.0
20260307,1,229.07248,4627.18094895158,2604.949370004212,22.23157894736842,0.0,2000.0,1.0
20260307,2,229.07248,4609.330368303157,2578.867210408422,30.46315789473685,0.0,2000.0,1.0000000000000004
20260307,3,227.95864,4591.479787654736,2552.785050812634,38.69473684210527,0.0,2000.0,1.0000000000000007
20260307,4,227.95864,4573.6292070063155,2526.702891216845,46.92631578947369,0.0,2000.0,1.0000000000000009
20260307,5,226.8448,4540.256382315792,2484.256382315793,55.99999999999999,0.0,2000.0,1.0000000000000002
20260307,6,226.8448,4504.555221018948,2439.35522101895,65.2,0.0,2000.0,1.0000000000000004
20260307,7,225.73096,4468.854059722105,2394.454059722108,74.4,0.0,2000.0,1.0000000000000007
20260307,8,853.98584,4435.368421052631,2351.7684210526318,83.60000000000001,0.0,2000.0,1.0000000000000002
20260307,9,853.98584,4453.717451523542,2352.685872576175,101.0315789473684,0.0,2000.0,1.0000000000000004
20260307,10,853.98584,4475.124653739607,2353.756232686979,121.36842105263159,0.0,2000.0,1.0000000000000009
20260307,11,853.98584,4496.531855955676,2354.826592797783,141.70526315789468,0.0,2000.0,1.0000000000000004
20260307,12,853.98584,4517.9390581717425,2355.896952908586,162.0421052631579,0.0,2000.0,1.0000000000000002
20260307,13,853.98584,4545.396121883651,2357.269806094181,188.1263157894736,0.0,2000.0,1.0000000000000009
20260307,14,853.98584,4576.7423822714645,2358.837119113573,217.9052631578947,0.0,2000.0,1.0000000000000009
20260307,15,853.98584,4608.088642659276,2360.404432132963,247.6842105263158,0.0,2000.0,1.0000000000000007
20260307,16,853.98584,4639.43490304709,2361.9717451523543,277.4631578947369,0.0,2000.0,1.0000000000000002
20260307,17,853.98584,4655.180055401656,2362.7590027700803,292.421052631579,0.0,2000.0,1.0000000000000007
20260307,18,853.98584,4653.905817174514,2362.695290858725,291.2105263157896,0.0,2000.0,1.0000000000000002
20260307,19,853.98584,4652.631578947365,2362.631578947368,290.0,0.0,2000.0,1.0000000000000009
20260307,20,226.8448,4722.642749810525,2433.853276126316,288.78947368421063,0.0,2000.0,1.0000000000000004
20260307,21,227.95864,4835.9551313178945,2525.891973423159,309.97894736842125,0.08421052631578975,2000.0,1.0000000000000004
20260307,22,229.07248,4960.909195856842,2587.4144590147394,373.1684210526314,0.3263157894736839,2000.0,1.0000000000000004
20260307,23,230.18632,5085.863260395789,2648.936944606317,436.35789473684224,0.5684210526315789,2000.0,1.0000000000000002
20260307,24,231.30016,5210.8173249347365,2710.459430197897,499.5473684210528,0.810526315789474,2000.0,1.0000000000000004
20260307,25,231.30016,5359.054755536842,2810.896860800002,544.421052631579,3.736842105263144,2000.0,1.0000000000000004
20260307,26,238.76944,5591.112303966317,3051.428093440001,523.3578947368422,16.32631578947369,2000.0,0.9999999999999999
20260307,27,242.11096,5823.16985239579,3291.959326080001,502.2947368421053,28.915789473684228,2000.0,1.0000000000000002
20260307,28,244.32044,6055.227400825263,3532.4905587200005,481.2315789473685,41.50526315789473,2000.0,1.0000000000000002
20260307,29,246.16228,6282.628276042105,3767.796697094736,461.26315789473705,53.56842105263158,2000.0,0.9999999999999999
20260307,30,247.6801600000001,6461.134082526316,3948.2393456842133,452.78947368421063,60.105263157894754,2000.0,1.0000000000000004
20260307,31,248.794,6639.639889010526,4128.6819942736865,444.31578947368433,66.64210526315789,2000.0,1.0000000000000004
20260307,32,250.2500000000001,6818.145695494736,4309.124642863156,435.8421052631579,73.17894736842105,2000.0,0.9999999999999998
20260307,33,253.52964,6996.6515019789485,4489.567291452632,427.3684210526315,79.71578947368421,2000.0,0.9999999999999999
20260307,34,253.52964,7072.710497785262,4507.468392522102,455.021052631579,110.22105263157891,2000.0,0.9999999999999997
20260307,35,253.52964,7144.112820378948,4517.981241431577,484.31578947368416,141.8157894736841,2000.0,0.9999999999999997
20260307,36,253.52964,7215.515142972632,4528.4940903410525,513.6105263157896,173.4105263157895,2000.0,1.0
20260307,37,255.1549,7286.917465566317,4539.006939250525,542.9052631578946,205.0052631578947,2000.0,0.9999999999999996
20260307,38,255.1549,7314.081392639997,4558.2813926399995,540.8000000000001,215.0,2000.0,1.0000000000000004
20260307,39,255.37148,7331.931973288421,4579.4003943410535,532.0842105263158,220.44736842105272,2000.0,1.0
20260307,40,255.37148,7349.782553936842,4600.519396042102,523.3684210526316,225.8947368421052,2000.0,0.9999999999999996
20260307,41,255.37148,7367.633134585265,4621.638397743159,514.6526315789475,231.34210526315792,2000.0,1.0
20260307,42,255.37148,7360.648124766315,4602.174440555788,530.8631578947369,227.6105263157894,2000.0,1.0
20260307,43,255.1549,7342.797544117894,4564.955438854736,557.9789473684211,219.86315789473682,2000.0,1.0
20260307,44,253.52964,7324.946963469475,4527.736437153684,585.0947368421051,212.1157894736842,2000.0,0.9999999999999998
20260307,45,253.52964,7307.096382821053,4490.517435452628,612.2105263157896,204.36842105263162,2000.0,0.9999999999999996
20260307,46,251.6878,7238.798509035789,4389.509035351578,626.1894736842105,223.1,2000.0,1.0
20260307,47,249.84596,7131.695025145263,4239.431867250531,630.0631578947368,262.1999999999999,2000.0,1.0000000000000007
20260307,48,248.40816,7024.591541254735,4089.3546991494736,633.9368421052632,301.30000000000007,2000.0,1.0000000000000004
20260307,49,247.6801600000001,6917.488057364211,3939.277531048421,637.8105263157894,340.3999999999999,2000.0,0.9999999999999999
20260307,50,246.56632,6849.190183578947,3875.005973052633,614.7368421052633,359.4473684210526,2000.0,1.0000000000000004
20260307,51,247.6801600000001,6831.339602930525,3922.2817081936855,556.6315789473683,352.42631578947373,2000.0,1.0000000000000004
20260307,52,247.6801600000001,6813.489022282104,3969.5574433347388,498.5263157894738,345.4052631578947,2000.0,1.0000000000000004
20260307,53,248.00412,6795.638441633683,4016.833178475791,440.421052631579,338.3842105263158,2000.0,1.0000000000000004
20260307,54,248.00412,6772.355075570527,4027.0656018863156,412.96842105263175,332.321052631579,2000.0,0.9999999999999999
20260307,55,247.6801600000001,6736.653914273684,3952.627598484213,455.5789473684211,328.4473684210526,2000.0,1.0000000000000004
20260307,56,246.56632,6700.952752976844,3878.1895950821104,498.1894736842103,324.57368421052627,2000.0,1.0000000000000004
20260307,57,246.56632,6665.25159168,3803.75159168,540.8000000000002,320.6999999999999,2000.0,0.9999999999999999
20260307,58,246.16228,6629.550430383157,3740.2399040673677,574.4842105263158,314.8263157894737,2000.0,1.0
20260307,59,246.16228,6593.849269086316,3728.628216454739,565.7684210526317,299.45263157894743,2000.0,1.0000000000000002
20260307,60,245.45248,6558.148107789472,3717.016528842106,557.0526315789472,284.078947368421,2000.0,1.0000000000000002
20260307,61,245.45248,6522.4469464926315,3705.4048412294746,548.336842105263,268.70526315789476,2000.0,1.0000000000000002
20260307,62,245.45248,6489.85023400421,3696.9081287410554,539.578947368421,253.3631578947368,2000.0,1.0000000000000007
20260307,63,246.16228,6525.551395301052,3756.9408689852635,529.894736842105,238.71578947368408,2000.0,1.0
20260307,64,246.56632,6561.252556597894,3816.9736092294743,520.2105263157896,224.06842105263158,2000.0,1.0000000000000002
20260307,65,246.56632,6596.953717894735,3877.006349473687,510.52631578947364,209.421052631579,2000.0,1.0000000000000007
20260307,66,247.6801600000001,6632.654879191578,3937.039089717896,500.8421052631579,194.7736842105263,2000.0,1.0000000000000002
20260307,67,247.6801600000001,6668.35604048842,3945.013935225264,533.5999999999997,189.7421052631579,2000.0,1.0000000000000002
20260307,68,247.6801600000001,6704.057201785263,3948.0308859957922,570.4000000000001,185.6263157894737,2000.0,1.0000000000000004
20260307,69,247.6801600000001,6739.758363082106,3951.047836766317,607.2,181.5105263157895,2000.0,1.0
20260307,70,247.6801600000001,6775.459524378948,3954.0647875368422,644.0,177.3947368421053,2000.0,0.9999999999999999
20260307,71,247.86762,6839.10072495158,4011.263882846318,680.042105263158,147.7947368421053,2000.0,1.0000000000000002
20260307,72,248.40816,6910.503047545262,4083.5135738610534,715.8736842105264,111.1157894736841,2000.0,1.0000000000000002
20260307,73,248.794,6981.905370138945,4155.76326487579,751.7052631578945,74.43684210526338,2000.0,1.0000000000000004
20260307,74,249.68944,7053.307692732631,4228.01295589053,787.5368421052631,37.757894736842154,2000.0,1.0000000000000004
20260307,75,249.84596,7101.42664926316,4275.3213861052645,805.0526315789474,21.052631578947352,2000.0,1.0
20260307,76,250.2500000000001,7137.1278105599995,4309.3278105599975,812.8,15.00000000000004,2000.0,0.9999999999999998
20260307,77,251.51126,7172.828971856843,4343.334235014736,820.5473684210526,8.947368421052634,2000.0,0.9999999999999998
20260307,78,251.6878,7208.530133153684,4377.340659469476,828.2947368421054,2.894736842105239,2000.0,1.0000000000000004
20260307,79,251.51126,7206.9779087494735,4368.914750854735,838.0631578947367,0.0,2000.0,0.9999999999999998
20260307,80,250.2500000000001,7171.276747452633,4321.592536926315,849.684210526316,0.0,2000.0,0.9999999999999998
20260307,81,249.84596,7135.57558615579,4274.270322997894,861.3052631578948,0.0,2000.0,0.9999999999999999
20260307,82,249.68944,7099.874424858947,4226.948109069477,872.9263157894737,0.0,2000.0,1.0000000000000004
20260307,83,248.794,7036.233224286318,4148.654276917897,887.5789473684212,0.0,2000.0,1.0
20260307,84,248.00412,6929.129740395789,4022.182371974737,906.9473684210527,0.0,2000.0,1.0000000000000002
20260307,85,246.56632,6822.026256505265,3895.7104670315807,926.315789473684,0.0,2000.0,0.9999999999999999
20260307,86,246.16228,6714.922772614737,3769.2385620884215,945.6842105263158,0.0,2000.0,1.0
20260307,87,245.45248,6589.192595873684,3626.161016926316,963.0315789473684,0.0,2000.0,1.0000000000000002
20260307,88,244.32044,6410.686789389473,3436.0341578105276,974.6526315789472,0.0,2000.0,1.0000000000000002
20260307,89,242.88264,6232.180982905264,3245.9072986947385,986.2736842105264,0.0,2000.0,1.0000000000000002
20260307,90,244.32044,6053.675176421052,3055.780439578947,997.8947368421053,0.0,2000.0,1.0000000000000002
20260307,91,239.90148,5875.169369936842,2867.169369936843,1008.0,0.0,2000.0,1.0000000000000002
20260307,92,233.3749600000001,5696.66356345263,2688.6635634526338,1008.0,0.0,2000.0,1.0000000000000007
20260307,93,231.30016,5518.1577569684205,2510.157756968422,1008.0,0.0,2000.0,1.0000000000000002
20260307,94,229.07248,5339.651950484212,2331.651950484213,1008.0,0.0,2000.0,1.0000000000000002
20260307,95,225.73096,5161.146143999999,2153.146144000001,1008.0,0.0,2000.0,1.0000000000000004
20260308,0,854.88856,4698.947368421051,1674.947368421053,1024.0,0.0,2000.0,1.0000000000000007
20260308,1,854.88856,4705.063711911357,1675.253185595568,1029.81052631579,0.0,2000.0,1.0000000000000002
20260308,2,854.88856,4711.18005540166,1675.559002770083,1035.621052631579,0.0,2000.0,1.0000000000000004
20260308,3,854.88856,4717.296398891967,1675.8648199446,1041.431578947368,0.0,2000.0,1.0000000000000002
20260308,4,854.88856,4723.412742382271,1676.170637119114,1047.242105263158,0.0,2000.0,1.0000000000000002
20260308,5,854.88856,4752.5761772853175,1677.628808864266,1074.947368421053,0.0,2000.0,1.0000000000000002
20260308,6,854.88856,4785.196675900275,1679.259833795014,1105.936842105263,0.0,2000.0,1.0000000000000004
20260308,7,854.88856,4817.817174515235,1680.8908587257629,1136.9263157894738,0.0,2000.0,1.0000000000000004
20260308,8,854.88856,4850.437673130195,1682.52188365651,1167.9157894736838,0.0,2000.0,0.9999999999999997
20260308,9,854.88856,4848.398891966756,1682.419944598338,1165.978947368421,0.0,2000.0,1.0000000000000007
20260308,10,854.88856,4834.127423822712,1681.706371191136,1152.421052631579,0.0,2000.0,1.0000000000000007
20260308,11,854.88856,4819.855955678668,1680.992797783933,1138.863157894737,0.0,2000.0,1.0000000000000004
20260308,12,854.88856,4805.584487534626,1680.279224376731,1125.3052631578948,0.0,2000.0,1.0
20260308,13,854.88856,4803.10249307479,1680.1551246537401,1122.947368421053,0.0,2000.0,1.0000000000000007
20260308,14,854.88856,4808.199445983379,1680.40997229917,1127.789473684211,0.0,2000.0,1.0000000000000007
20260308,15,854.88856,4813.296398891966,1680.6648199445992,1132.631578947368,0.0,2000.0,1.0000000000000002
20260308,16,854.88856,4818.3933518005515,1680.919667590027,1137.473684210526,0.0,2000.0,1.0000000000000004
20260308,17,854.88856,4820.077562326869,1681.003878116344,1139.073684210527,0.0,2000.0,1.0000000000000004
20260308,18,854.88856,4818.038781163435,1680.901939058172,1137.136842105263,0.0,2000.0,1.0000000000000002
20260308,19,854.88856,4816.0,1680.800000000001,1135.2,0.0,2000.0,1.0000000000000002
20260308,20,854.88856,4813.961218836565,1680.698060941829,1133.2631578947369,0.0,2000.0,1.0000000000000002
20260308,21,854.88856,4807.71191135734,1680.385595567867,1127.284210526316,0.04210526315789487,2000.0,1.0000000000000002
20260308,22,244.32044,4857.556920943158,1743.667447258948,1113.726315789474,0.1631578947368419,2000.0,1.0000000000000002
20260308,23,246.16228,4979.90777580421,1879.4551442252641,1100.168421052631,0.28421052631578947,2000.0,1.0000000000000002
20260308,24,246.16228,5102.258630665262,2015.242841191579,1086.610526315789,0.405263157894737,2000.0,1.0000000000000002
20260308,25,242.88264,5247.407781463157,2168.118307778949,1073.894736842105,5.394736842105237,2000.0,1.0000000000000004
20260308,26,244.32044,5474.630797633686,2382.5097450021067,1064.210526315789,27.91052631578948,2000.0,0.9999999999999999
20260308,27,246.16228,5701.853813804211,2596.901182225264,1054.526315789474,50.426315789473705,2000.0,1.0000000000000002
20260308,28,232.414,5929.076829974736,2811.292619448421,1044.8421052631581,72.94210526315787,2000.0,1.0000000000000002
20260308,29,239.88328,6151.740186957894,3017.461239589474,1036.505263157895,97.77368421052634,2000.0,1.0000000000000002
20260308,30,242.11096,6326.527122473684,3137.290280368422,1042.3157894736842,146.921052631579,2000.0,1.0000000000000002
20260308,31,239.88328,6501.314057989473,3257.119321147371,1048.126315789474,196.0684210526316,2000.0,1.0000000000000004
20260308,32,240.99712,6676.100993505264,3376.948361926317,1053.9368421052632,245.2157894736842,2000.0,0.9999999999999999
20260308,33,242.11096,6850.887929021053,3496.777402705263,1059.7473684210531,294.363157894737,2000.0,1.0
20260308,34,242.88264,6925.362362414737,3545.241309783157,1015.5368421052631,364.5842105263157,2000.0,0.9999999999999999
20260308,35,243.2248,6995.277136621051,3590.4613471473704,969.0526315789475,435.76315789473654,2000.0,1.0000000000000004
20260308,36,243.2248,7065.191910827369,3635.6813845115803,922.5684210526314,506.942105263158,2000.0,1.0000000000000002
20260308,37,244.32044,7135.1066850336865,3680.901421875791,876.0842105263157,578.1210526315789,2000.0,0.9999999999999999
20260308,38,244.32044,7161.70469696,3696.0046969600007,858.4,607.3000000000001,2000.0,1.0000000000000002
20260308,39,244.32044,7179.183390511576,3704.767601037894,846.778947368421,627.6368421052632,2000.0,1.0000000000000002
20260308,40,244.32044,7196.662084063158,3713.5305051157893,835.157894736842,647.9736842105262,2000.0,0.9999999999999999
20260308,41,244.33864,7214.140777614737,3722.293409193685,823.5368421052632,668.3105263157895,2000.0,1.0000000000000002
20260308,42,244.32044,7207.301288833685,3714.4012888336865,812.5894736842105,680.3105263157895,2000.0,1.0000000000000002
20260308,43,244.32044,7189.822595282104,3699.2225952821036,801.936842105263,688.6631578947369,2000.0,1.0
20260308,44,244.32044,7172.343901730526,3684.0439017305257,791.2842105263156,697.0157894736842,2000.0,0.9999999999999999
20260308,45,244.32044,7154.865208178947,3668.865208178948,780.6315789473683,705.3684210526316,2000.0,1.0000000000000002
20260308,46,243.2248,7087.990206764209,3606.6849436063158,765.6,715.7052631578948,2000.0,1.0000000000000002
20260308,47,242.11096,6983.1180454547375,3508.349624402106,747.2,727.5684210526316,2000.0,1.0
20260308,48,240.99712,6878.245884145261,3410.014305197895,728.8000000000001,739.4315789473684,2000.0,1.0000000000000004
20260308,49,239.88328,6773.3737228357895,3311.6789859936853,710.3999999999999,751.2947368421053,2000.0,1.0000000000000002
20260308,50,239.88328,6706.498721421053,3281.8145108947347,676.4210526315788,748.2631578947369,2000.0,0.9999999999999996
20260308,51,239.88328,6689.020027869472,3340.962133132632,622.1894736842103,725.8684210526316,2000.0,1.0000000000000002
20260308,52,240.99712,6671.541334317893,3400.109755370527,567.9578947368421,703.4736842105264,2000.0,1.0000000000000004
20260308,53,241.0408,6654.062640766316,3459.2573776084223,513.7263157894737,681.078947368421,2000.0,1.0000000000000002
20260308,54,242.11096,6631.264344829472,3510.506450092632,465.09473684210514,655.6631578947367,2000.0,1.0000000000000002
20260308,55,242.88264,6596.306957726316,3543.7016945684213,429.26315789473665,623.3421052631579,2000.0,1.0
20260308,56,242.88264,6561.349570623158,3576.8969390442103,393.4315789473684,591.021052631579,2000.0,1.0
20260308,57,243.2248,6526.392183520001,3610.092183520001,357.6,558.6999999999999,2000.0,1.0
20260308,58,243.2248,6491.434796416841,3640.46637536421,323.621052631579,527.3473684210526,2000.0,1.0
20260308,59,244.32044,6456.477409313685,3657.440567208423,298.442105263158,500.59473684210536,2000.0,1.0000000000000002
20260308,60,244.32044,6421.520022210525,3674.414759052633,273.26315789473676,473.8421052631578,2000.0,1.0000000000000004
20260308,61,244.32044,6386.562635107368,3691.388950896841,248.08421052631581,447.0894736842105,2000.0,0.9999999999999999
20260308,62,244.32044,6354.645020795789,3711.908178690527,222.86315789473693,419.87368421052633,2000.0,1.0000000000000002
20260308,63,244.72448,6389.602407898948,3810.4181973726327,196.7157894736841,382.4684210526315,2000.0,1.0000000000000002
20260308,64,246.16228,6424.559795002105,3908.9282160547364,170.5684210526315,345.0631578947368,2000.0,1.0
20260308,65,246.56632,6459.517182105263,4007.438234736844,144.42105263157902,307.6578947368421,2000.0,1.0000000000000002
20260308,66,247.6801600000001,6494.474569208422,4105.948253418947,118.2736842105262,270.2526315789473,2000.0,0.9999999999999999
20260308,67,247.86762,6529.431956311578,4181.358272101053,113.3473684210526,234.7263157894739,2000.0,1.0000000000000004
20260308,68,248.00412,6564.389343414738,4254.5682907831615,110.4421052631579,199.3789473684211,2000.0,1.0000000000000004
20260308,69,248.794,6599.346730517894,4327.778309465266,107.53684210526319,164.0315789473683,2000.0,1.0000000000000004
20260308,70,249.68944,6634.304117621052,4400.988328147371,104.63157894736841,128.684210526316,2000.0,1.0000000000000004
20260308,71,249.84596,6696.619459848421,4498.145775637896,99.4526315789474,99.021052631579,2000.0,1.0000000000000002
20260308,72,251.51126,6766.534234054736,4601.955286686316,93.64210526315789,70.93684210526305,2000.0,1.0000000000000002
20260308,73,253.33308,6836.449008261053,4705.764797734736,87.83157894736848,42.852631578947545,2000.0,0.9999999999999999
20260308,74,255.1549,6906.363782467368,4809.574308783155,82.02105263157897,14.768421052631611,2000.0,0.9999999999999996
20260308,75,255.37148,6953.480260736842,4865.480260736841,83.78947368421056,4.210526315789469,2000.0,0.9999999999999999
20260308,76,255.37148,6988.43764784,4895.837647839996,89.59999999999997,3.0000000000000067,2000.0,0.9999999999999994
20260308,77,255.37148,7023.39503494316,4926.195034943155,95.41052631578947,1.7894736842105279,2000.0,0.9999999999999994
20260308,78,256.97672,7058.352422046316,4956.552422046313,101.22105263157898,0.578947368421048,2000.0,0.9999999999999997
20260308,79,255.37148,7056.832535650526,4915.4430619663135,141.38947368421012,0.0,2000.0,0.9999999999999998
20260308,80,255.1549,7021.875148547368,4808.822516968418,213.05263157894728,0.0,2000.0,0.9999999999999998
20260308,81,253.33308,6986.91776144421,4702.201971970524,284.7157894736846,0.0,2000.0,0.9999999999999999
20260308,82,251.51126,6951.960374341054,4595.581426972632,356.3789473684206,0.0,2000.0,0.9999999999999998
20260308,83,249.84596,6889.645032113683,4502.908190008421,386.7368421052632,0.0,2000.0,1.0000000000000002
20260308,84,249.68944,6784.772870804211,4431.930765541055,352.8421052631577,0.0,2000.0,1.0000000000000002
20260308,85,248.794,6679.900709494737,4360.953341073688,318.9473684210529,0.0,2000.0,1.0000000000000004
20260308,86,248.40816,6575.0285481852625,4289.975916606318,285.0526315789475,0.0,2000.0,1.0000000000000004
20260308,87,247.86762,6451.917750126315,4182.065118547369,269.85263157894764,0.0,2000.0,1.0000000000000002
20260308,88,247.6801600000001,6277.1308146105275,3969.5097619789494,307.6210526315789,0.0,2000.0,1.0000000000000002
20260308,89,246.56632,6102.343879094737,3756.954405410528,345.3894736842105,0.0,2000.0,1.0000000000000002
20260308,90,244.72448,5927.556943578946,3544.399048842106,383.1578947368423,0.0,2000.0,1.0000000000000004
20260308,91,243.2248,5752.770008063159,3315.4226396421086,437.34736842105184,0.0,2000.0,1.0000000000000002
20260308,92,239.88328,5577.9830725473685,2976.972546231579,601.0105263157894,0.0,2000.0,1.0
20260308,93,238.76944,5403.196137031578,2638.522452821054,764.6736842105272,0.0,2000.0,1.0000000000000007
20260308,94,853.023730526316,5229.828254847642,2301.4914127423813,928.3368421052623,0.0,2000.0,1.0000000000000004
20260308,95,853.98584,5402.10526315789,2310.105263157894,1092.0,0.0,2000.0,1.0000000000000009
20260309,0,854.88856,4934.736842105262,1686.736842105263,1248.0,0.0,2000.0,1.0000000000000002
20260309,1,854.88856,4926.581717451522,1686.3290858725768,1240.2526315789469,0.0,2000.0,1.0000000000000002
20260309,2,854.88856,4918.426592797781,1685.921329639889,1232.5052631578951,0.0,2000.0,1.0000000000000004
20260309,3,854.88856,4910.271468144043,1685.513573407202,1224.757894736842,0.0,2000.0,1.0000000000000002
20260309,4,854.88856,4902.116343490304,1685.1058171745158,1217.0105263157889,0.0,2000.0,1.0000000000000002
20260309,5,854.88856,4819.50138504155,1680.975069252078,1138.526315789474,0.0,2000.0,1.0000000000000004
20260309,6,854.88856,4725.717451523544,1676.285872576178,1049.431578947368,0.0,2000.0,1.0000000000000004
20260309,7,854.88856,4631.933518005539,1671.5966759002772,960.3368421052633,0.0,2000.0,1.0000000000000004
20260309,8,854.88856,4538.1495844875335,1666.9074792243769,871.2421052631578,0.0,2000.0,1.0000000000000002
20260309,9,854.88856,4495.60110803324,1664.780055401662,830.821052631579,0.0,2000.0,1.0000000000000002
20260309,10,854.88856,4471.13573407202,1663.556786703601,807.578947368421,0.0,2000.0,1.0000000000000007
20260309,11,854.88856,4446.670360110802,1662.333518005541,784.3368421052633,0.0,2000.0,1.0000000000000004
20260309,12,854.88856,4422.204986149584,1661.11024930748,761.0947368421052,0.0,2000.0,1.0000000000000002
20260309,13,854.7916210526315,4392.775623268696,1659.6387811634352,733.1368421052632,0.0,2000.0,1.0000000000000007
20260309,14,854.7916210526315,4360.1551246537365,1658.0077562326871,702.1473684210526,0.0,2000.0,1.0000000000000009
20260309,15,854.7916210526315,4327.53462603878,1656.3767313019391,671.1578947368421,0.0,2000.0,1.0000000000000004
20260309,16,854.7916210526315,4294.914127423822,1654.745706371192,640.1684210526315,0.0,2000.0,1.0000000000000004
20260309,17,854.7916210526315,4264.243767313018,1653.2121883656512,611.0315789473684,0.0,2000.0,1.0000000000000004
20260309,18,854.7916210526315,4235.700831024929,1651.785041551246,583.9157894736841,0.0,2000.0,1.0000000000000002
20260309,19,854.7916210526315,4207.15789473684,1650.3578947368421,556.8,0.0,2000.0,1.0000000000000004
20260309,20,854.7916210526315,4178.614958448752,1648.930747922437,529.6842105263158,0.0,2000.0,1.0000000000000002
20260309,21,854.7916210526315,4158.759002770082,1647.937950138504,510.6526315789473,0.1684210526315795,2000.0,1.0000000000000002
20260309,22,854.7916210526315,4155.19113573407,1647.7595567867043,506.77894736842103,0.652631578947368,2000.0,1.0000000000000007
20260309,23,854.7916210526315,4151.62326869806,1647.5811634349038,502.90526315789475,1.1368421052631579,2000.0,1.0000000000000004
20260309,24,854.7916210526315,4148.055401662049,1647.402770083103,499.03157894736836,1.621052631578948,2000.0,1.0000000000000002
20260309,25,854.7916210526315,4161.440443213294,1648.072022160664,506.1052631578947,7.263157894736814,2000.0,1.0000000000000002
20260309,26,854.7916210526315,4235.855955678668,1651.7927977839338,552.5894736842106,31.473684210526322,2000.0,1.0000000000000009
20260309,27,854.7916210526315,4310.271468144042,1655.513573407202,599.0736842105264,55.68421052631582,2000.0,1.0000000000000007
20260309,28,854.7916210526315,4384.686980609418,1659.234349030472,645.5578947368421,79.89473684210525,2000.0,1.0000000000000004
20260309,29,854.88856,4462.038781163434,1663.101939058172,690.6947368421054,108.2421052631579,2000.0,1.0000000000000004
20260309,30,854.88856,4570.221606648197,1668.51108033241,721.6842105263158,180.02631578947378,2000.0,1.0000000000000007
20260309,31,854.88856,4678.404432132962,1673.920221606648,752.6736842105264,251.81052631578947,2000.0,1.0000000000000004
20260309,32,854.88856,4786.587257617726,1679.329362880886,783.663157894737,323.5947368421053,2000.0,1.0000000000000004
20260309,33,242.88264,4902.8624707410545,1692.830891793686,814.6526315789474,395.3789473684211,2000.0,1.0
20260309,34,244.32044,4990.635910097895,1746.7253837821058,797.4736842105264,446.4368421052631,2000.0,1.0
20260309,35,244.72448,5076.541829468421,1801.8839347315811,778.1052631578949,496.55263157894717,2000.0,1.0000000000000004
20260309,36,246.16228,5162.447748838948,1857.042485681054,758.7368421052632,546.6684210526316,2000.0,1.0
20260309,37,246.56632,5248.353668209473,1912.201036630527,739.3684210526314,596.7842105263157,2000.0,1.0000000000000004
20260309,38,854.9642336842105,5303.894736842104,1945.1947368421042,716.8000000000002,641.8999999999997,2000.0,1.0
20260309,39,241.0408,5341.729667525261,1962.2086148936842,693.5578947368421,685.9631578947369,2000.0,1.0000000000000004
20260309,40,237.35712,5384.6826272105245,1984.3405219473698,670.3157894736843,730.0263157894736,2000.0,1.0000000000000007
20260309,41,235.51528,5427.635586895789,2006.4724290010538,647.0736842105264,774.0894736842102,2000.0,1.0000000000000004
20260309,42,233.67344,5460.628439987368,2060.412650513688,621.1368421052632,779.078947368421,2000.0,1.0000000000000007
20260309,43,237.35712,5489.263746444211,2128.269009602107,594.021052631579,766.9736842105262,2000.0,1.0000000000000002
20260309,44,239.1989600000001,5517.899052901052,2196.125368690527,566.9052631578948,754.8684210526316,2000.0,1.0000000000000002
20260309,45,242.88264,5546.534359357895,2263.9817277789502,539.7894736842104,742.7631578947368,2000.0,1.0000000000000004
20260309,46,242.88264,5534.706732777894,2267.427785409473,525.2631578947369,742.0157894736843,2000.0,1.0000000000000002
20260309,47,241.0408,5491.753773092632,2221.327457303159,520.4210526315788,750.0052631578949,2000.0,1.0
20260309,48,239.1989600000001,5448.80081340737,2175.227129196845,515.5789473684213,757.9947368421053,2000.0,1.0000000000000004
20260309,49,237.35712,5405.847853722107,2129.1268010905283,510.736842105263,765.9842105263158,2000.0,1.0
20260309,50,235.51528,5375.34502727895,2096.423974647372,504.52631578947364,774.3947368421053,2000.0,1.0000000000000002
20260309,51,233.67344,5361.027374050525,2081.137900366319,496.5368421052632,783.3526315789472,2000.0,1.0000000000000007
20260309,52,233.67344,5346.709720822107,2065.851826085266,488.54736842105257,792.3105263157893,2000.0,1.0000000000000002
20260309,53,233.67344,5332.392067593684,2050.565751804213,480.55789473684206,801.2684210526314,2000.0,1.0000000000000004
20260309,54,233.67344,5322.431961,2051.242487315791,468.0,803.1894736842105,2000.0,1.0000000000000004
20260309,55,854.3962021052632,5425.290858725761,2191.2645429362888,445.0000000000001,789.0263157894736,2000.0,1.0000000000000004
20260309,56,853.9272168421053,5386.171745152354,2189.308587257619,422.0,774.8631578947369,2000.0,1.0000000000000004
20260309,57,853.98584,5347.052631578947,2187.352631578947,399.0,760.6999999999999,2000.0,1.0
20260309,58,225.73096,5312.471854406315,2200.566591248423,373.60000000000014,738.3052631578948,2000.0,1.0000000000000004
20260309,59,226.8448,5255.201241492631,2241.5907151768442,336.8000000000002,676.8105263157896,2000.0,1.0000000000000004
20260309,60,227.95864,5197.930628578947,2282.614839105267,299.9999999999999,615.3157894736838,2000.0,1.0000000000000007
20260309,61,227.95864,5140.660015665262,2323.6389630336857,263.2000000000001,553.8210526315788,2000.0,1.0000000000000004
20260309,62,229.07248,5085.256922737895,2365.462185895792,226.4842105263158,493.3105263157895,2000.0,1.0000000000000004
20260309,63,230.18632,5070.939269509473,2424.86558529895,191.6210526315789,454.4526315789472,2000.0,1.0000000000000004
20260309,64,230.18632,5056.621616281052,2484.268984702107,156.7578947368421,415.5947368421052,2000.0,1.0000000000000004
20260309,65,231.30016,5042.303963052632,2543.672384105265,121.8947368421053,376.73684210526324,2000.0,1.0000000000000004
20260309,66,232.414,5027.98630982421,2603.075783508422,87.0315789473683,337.8789473684209,2000.0,1.0000000000000002
20260309,67,232.414,5065.959216212632,2706.70132147579,65.43157894736855,293.82631578947394,2000.0,1.0
20260309,68,242.3002400000001,5108.9121758978945,2814.53849168737,45.094736842105284,249.27894736842111,2000.0,1.0000000000000004
20260309,69,244.32044,5151.865135583159,2922.375661898948,24.75789473684204,204.73157894736832,2000.0,0.9999999999999998
20260309,70,246.16228,5194.8180952684215,3030.212832110527,4.421052631579078,160.1842105263161,2000.0,1.0000000000000002
20260309,71,247.86762,5248.976174871578,3124.1498590821047,0.0,124.8263157894737,2000.0,1.0
20260309,72,248.00412,5306.246787785264,3214.2257351536828,0.0,92.02105263157881,2000.0,0.9999999999999994
20260309,73,249.68944,5363.517400698947,3304.3016112252635,0.0,59.215789473684396,2000.0,1.0
20260309,74,249.84596,5420.788013612631,3394.377487296841,0.0,26.4105263157895,2000.0,0.9999999999999998
20260309,75,251.51126,5515.4090262526315,3502.461657831581,0.3157894736842124,12.63157894736841,2000.0,1.0000000000000002
20260309,76,253.33308,5629.95025208,3620.150252079999,0.7999999999999973,9.000000000000021,2000.0,1.0
20260309,77,253.52964,5744.491477907368,3737.838846328418,1.284210526315789,5.368421052631582,2000.0,0.9999999999999997
20260309,78,255.37148,5859.03270373474,3855.527440576841,1.768421052631581,1.736842105263144,2000.0,0.9999999999999993
20260309,79,256.97672,5891.403050164212,3889.6556817431574,1.747368421052634,0.0,2000.0,0.9999999999999997
20260309,80,255.37148,5848.4500904789475,3847.186932584211,1.263157894736842,0.0,2000.0,1.0
20260309,81,255.1549,5805.497130793685,3804.7181834252597,0.7789473684210506,0.0,2000.0,0.9999999999999993
20260309,82,255.1549,5762.54417110842,3762.249434266313,0.2947368421052657,0.0,2000.0,0.9999999999999997
20260309,83,253.52964,5725.193771382105,3724.814824013683,0.3789473684210521,0.0,2000.0,0.9999999999999999
20260309,84,253.52964,5696.558464925262,3695.211096504208,1.347368421052636,0.0,2000.0,0.9999999999999997
20260309,85,253.33308,5667.923158468421,3665.607368994736,2.3157894736842053,0.0,2000.0,0.9999999999999999
20260309,86,253.33308,5639.287852011578,3636.003641485262,3.2842105263157886,0.0,2000.0,0.9999999999999999
20260309,87,251.6878,5599.447425636842,3595.13163616316,4.315789473684216,0.0,2000.0,1.0000000000000002
20260309,88,251.51126,5527.859159494736,3522.332843705261,5.526315789473678,0.0,2000.0,0.9999999999999999
20260309,89,250.2500000000001,5456.270893352632,3449.534051247369,6.7368421052631575,0.0,2000.0,1.0
20260309,90,249.84596,5384.6826272105245,3376.735258789476,7.947368421052636,0.0,2000.0,1.0000000000000007
20260309,91,249.68944,5313.094361068422,3304.378571594739,8.715789473684222,0.0,2000.0,1.0000000000000002
20260309,92,248.00412,5241.506094926316,3234.969252821055,6.536842105263157,0.0,2000.0,1.0000000000000004
20260309,93,247.86762,5169.917828784209,3165.559934047369,4.357894736842096,0.0,2000.0,1.0000000000000004
20260309,94,246.56632,5098.329562642106,3096.150615273686,2.178947368421064,0.0,2000.0,1.0000000000000004
20260309,95,246.56632,5026.741296499999,3026.7412965000008,0.0,0.0,2000.0,1.0000000000000002
20260310,0,244.32044,4320.155812499997,2320.155812500001,0.0,0.0,2000.0,1.0000000000000009
20260310,1,242.88264,4292.264280236842,2279.674806552632,12.589473684210532,0.0,2000.0,1.0000000000000002
20260310,2,241.0408,4264.3727479736835,2239.193800605263,25.178947368421063,0.0,2000.0,1.0000000000000002
20260310,3,239.1989600000001,4236.481215710527,2198.712794657898,37.76842105263158,0.0,2000.0,1.0000000000000007
20260310,4,237.35712,4208.589683447368,2158.23178871053,50.35789473684213,0.0,2000.0,1.000000000000001
20260310,5,239.1989600000001,4156.444644868422,2084.234118552635,72.21052631578947,0.0,2000.0,1.0000000000000007
20260310,6,239.1989600000001,4100.661580342105,2005.2089487631602,95.45263157894738,0.0,2000.0,1.0000000000000007
20260310,7,239.1989600000001,4044.87851581579,1926.1837789736849,118.6947368421053,0.0,2000.0,1.0000000000000002
20260310,8,854.7916210526315,4023.0914127423807,1881.1545706371191,141.9368421052632,0.0,2000.0,1.0000000000000004
20260310,9,244.32044,3943.6201269473677,1732.6306532631602,210.98947368421062,0.0,2000.0,1.0000000000000009
20260310,10,854.7916210526315,3932.853185595568,1636.642659279779,296.2105263157895,0.0,2000.0,1.0000000000000002
20260310,11,854.7916210526315,4022.559556786703,1641.1279778393362,381.4315789473684,0.0,2000.0,1.0000000000000004
20260310,12,854.7916210526315,4112.26592797784,1645.613296398892,466.65263157894753,0.0,2000.0,1.0
20260310,13,854.7916210526315,4159.7783933517985,1647.98891966759,511.78947368421024,0.0,2000.0,1.0000000000000004
20260310,14,854.7916210526315,4180.166204986148,1649.008310249307,531.1578947368421,0.0,2000.0,1.0000000000000002
20260310,15,854.7916210526315,4200.554016620498,1650.0277008310259,550.5263157894736,0.0,2000.0,1.0000000000000002
20260310,16,854.7916210526315,4220.941828254847,1651.047091412742,569.8947368421053,0.0,2000.0,1.0
20260310,17,854.7916210526315,4243.767313019389,1652.1883656509701,591.578947368421,0.0,2000.0,1.0000000000000004
20260310,18,854.7916210526315,4269.252077562326,1653.462603878117,615.7894736842106,0.0,2000.0,1.0000000000000004
20260310,19,854.7916210526315,4294.736842105262,1654.7368421052638,640.0,0.0,2000.0,1.0000000000000002
20260310,20,854.7916210526315,4320.221606648198,1656.01108033241,664.2105263157896,0.0,2000.0,1.0000000000000004
20260310,21,854.7916210526315,4336.088642659278,1656.8044321329642,676.6315789473686,2.652631578947377,2000.0,1.0000000000000007
20260310,22,854.7916210526315,4333.922437673128,1656.696121883657,666.9473684210526,10.27894736842104,2000.0,1.0000000000000007
20260310,23,854.7916210526315,4331.75623268698,1656.587811634349,657.2631578947369,17.90526315789474,2000.0,1.0000000000000002
20260310,24,854.7916210526315,4329.5900277008295,1656.479501385042,647.578947368421,25.531578947368427,2000.0,1.0000000000000004
20260310,25,854.7916210526315,4357.950138504155,1657.897506925208,656.2105263157895,43.84210526315784,2000.0,1.0
20260310,26,854.88856,4496.2049861495825,1664.8102493074791,730.7789473684212,100.61578947368419,2000.0,1.0000000000000007
20260310,27,854.88856,4634.459833795012,1671.7229916897509,805.3473684210527,157.38947368421051,2000.0,1.0000000000000004
20260310,28,854.88856,4772.714681440441,1678.6357340720228,879.9157894736841,214.1631578947368,2000.0,1.0000000000000007
20260310,29,854.88856,4903.41274238227,1685.1706371191137,945.8947368421052,272.3473684210527,2000.0,1.0000000000000004
20260310,30,854.88856,4954.764542936288,1687.738227146815,921.6842105263158,345.34210526315803,2000.0,1.0000000000000002
20260310,31,854.88856,5006.116343490304,1690.3058171745151,897.4736842105262,418.33684210526314,2000.0,1.0000000000000002
20260310,32,854.88856,5057.468144044317,1692.873407202216,873.2631578947368,491.33157894736826,2000.0,1.0000000000000007
20260310,33,854.88856,5108.819944598336,1695.440997229916,849.0526315789474,564.3263157894737,2000.0,1.0000000000000002
20260310,34,854.88856,5140.670360110801,1697.03351800554,829.4736842105264,614.1631578947366,2000.0,1.0000000000000004
20260310,35,854.88856,5171.634349030468,1698.581717451523,810.1052631578948,662.9473684210524,2000.0,1.0000000000000004
20260310,36,854.88856,5202.598337950139,1700.129916897507,790.736842105263,711.7315789473685,2000.0,1.0
20260310,37,854.88856,5233.5623268698055,1701.678116343491,771.3684210526316,760.5157894736843,2000.0,1.0000000000000004
20260310,38,854.88856,5260.105263157894,1703.0052631578951,790.3999999999999,766.6999999999999,2000.0,1.0000000000000002
20260310,39,854.9642336842105,5285.717451523544,1704.285872576177,817.5157894736843,763.9157894736843,2000.0,1.0000000000000004
20260310,40,854.9642336842105,5311.329639889194,1705.56648199446,844.6315789473684,761.1315789473684,2000.0,1.0000000000000004
20260310,41,854.9642336842105,5336.941828254848,1706.847091412743,871.7473684210527,758.3473684210526,2000.0,1.0000000000000002
20260310,42,854.9642336842105,5389.235457063711,1709.461772853185,900.2105263157894,779.5631578947371,2000.0,1.0000000000000002
20260310,43,854.9642336842105,5453.20221606648,1712.6601108033237,929.2631578947369,811.278947368421,2000.0,1.0000000000000004
20260310,44,854.9642336842105,5517.168975069251,1715.8584487534629,958.3157894736843,842.9947368421052,2000.0,1.0000000000000002
20260310,45,854.9642336842105,5581.13573407202,1719.056786703601,987.3684210526317,874.7105263157895,2000.0,1.0000000000000004
20260310,46,854.9642336842105,5627.745152354568,1721.387257617728,1010.2631578947371,896.0947368421052,2000.0,1.0000000000000002
20260310,47,854.9642336842105,5661.0027700831015,1723.0501385041548,1028.4210526315792,909.5315789473684,2000.0,1.0000000000000002
20260310,48,854.9642336842105,5694.260387811632,1724.7130193905812,1046.5789473684208,922.9684210526317,2000.0,1.0000000000000002
20260310,49,854.9642336842105,5727.518005540166,1726.375900277008,1064.736842105263,936.4052631578946,2000.0,0.9999999999999999
20260310,50,854.9642336842105,5736.842105263157,1726.8421052631581,1069.0,941.0,2000.0,1.0000000000000002
20260310,51,854.9642336842105,5715.052631578945,1725.7526315789469,1055.2,934.0999999999999,2000.0,1.0000000000000002
20260310,52,854.9642336842105,5693.263157894734,1724.663157894737,1041.3999999999999,927.2,2000.0,1.0000000000000004
20260310,53,854.9642336842105,5671.473684210526,1723.5736842105268,1027.6,920.3000000000001,2000.0,1.0000000000000002
20260310,54,854.9642336842105,5662.016620498613,1723.1008310249301,1029.421052631579,909.4947368421053,2000.0,1.0000000000000002
20260310,55,854.9642336842105,5680.747922437671,1724.037396121884,1066.947368421052,889.7631578947369,2000.0,1.0000000000000002
20260310,56,854.9642336842105,5699.47922437673,1724.973961218836,1104.473684210526,870.0315789473684,2000.0,1.0
20260310,57,854.9642336842105,5718.210526315787,1725.9105263157887,1142.0,850.3,2000.0,1.0000000000000002
20260310,58,854.9642336842105,5730.072022160662,1726.503601108033,1177.8421052631581,825.7263157894736,2000.0,1.0000000000000004
20260310,59,854.9642336842105,5709.3019390581685,1725.465096952908,1205.684210526316,778.1526315789474,2000.0,1.0000000000000007
20260310,60,854.9642336842105,5688.531855955679,1724.426592797785,1233.526315789474,730.578947368421,2000.0,1.0000000000000002
20260310,61,854.9642336842105,5667.761772853184,1723.388088642659,1261.368421052632,683.0052631578945,2000.0,1.0000000000000002
20260310,62,854.9642336842105,5643.628808864265,1722.1814404432141,1285.557894736842,635.8894736842105,2000.0,1.0000000000000002
20260310,63,854.9642336842105,5545.512465373959,1717.275623268698,1229.38947368421,598.8473684210525,2000.0,1.0000000000000002
20260310,64,854.9642336842105,5447.396121883656,1712.369806094183,1173.221052631579,561.8052631578947,2000.0,1.0000000000000002
20260310,65,854.9642336842105,5349.279778393349,1707.4639889196678,1117.052631578948,524.7631578947369,2000.0,1.0000000000000007
20260310,66,854.88856,5251.163434903044,1702.558171745153,1060.8842105263159,487.7210526315788,2000.0,1.0000000000000009
20260310,67,854.88856,5135.479224376731,1696.773961218837,1012.452631578948,426.25263157894767,2000.0,1.0000000000000004
20260310,68,854.88856,5018.121883656508,1690.9060941828252,964.7578947368421,362.4578947368422,2000.0,1.0000000000000004
20260310,69,244.72448,5018.0504567368425,1802.3241409473692,917.0631578947367,298.6631578947366,2000.0,1.0
20260310,70,244.32044,5059.887755131579,1955.6509130263169,869.3684210526319,234.8684210526319,2000.0,1.0000000000000004
20260310,71,244.32044,5112.639131368423,2088.72334189474,833.4210526315792,190.49473684210528,2000.0,1.0000000000000004
20260310,72,244.72448,5168.422195894736,2216.169564315791,800.736842105263,151.5157894736841,2000.0,1.0000000000000004
20260310,73,246.16228,5224.205260421053,2343.615786736843,768.0526315789475,112.5368421052634,2000.0,1.0000000000000002
20260310,74,246.16228,5279.988324947369,2471.062009157896,735.3684210526317,73.55789473684214,2000.0,1.0000000000000002
20260310,75,248.00412,5372.15164894737,2621.625333157897,699.9999999999998,50.52631578947363,2000.0,1.0000000000000002
20260310,76,249.84596,5483.717777999998,2784.517778000002,663.2000000000003,36.000000000000085,2000.0,1.0000000000000007
20260310,77,251.6878,5595.283907052631,2947.410222842106,626.4,21.47368421052634,2000.0,1.0000000000000002
20260310,78,253.52964,5706.850036105264,3110.3026676842082,589.5999999999999,6.9473684210525715,2000.0,0.9999999999999996
20260310,79,253.52964,5738.379594315789,3124.8216995789458,613.5578947368418,0.0,2000.0,0.9999999999999997
20260310,80,251.6878,5696.542295921052,3003.331769605262,693.2105263157896,0.0,2000.0,1.0
20260310,81,251.51126,5654.704997526315,2881.8418396315783,772.8631578947372,0.0,2000.0,1.0
20260310,82,249.68944,5612.86769913158,2760.351909657897,852.515789473684,0.0,2000.0,1.0000000000000002
20260310,83,248.40816,5576.487439657895,2666.392702815791,910.0947368421051,0.0,2000.0,1.0000000000000002
20260310,84,248.00412,5548.595907394736,2615.259065289475,933.3368421052631,0.0,2000.0,1.0000000000000002
20260310,85,247.86762,5520.704375131577,2564.125427763157,956.5789473684209,0.0,2000.0,1.0000000000000002
20260310,86,246.56632,5492.8128428684195,2512.991790236843,979.8210526315788,0.0,2000.0,1.0000000000000002
20260310,87,246.16228,5454.007232763158,2472.670390657895,981.336842105263,0.0,2000.0,1.0
20260310,88,246.16228,5384.278402105264,2462.983665263157,921.2947368421055,0.0,2000.0,0.9999999999999998
20260310,89,246.16228,5314.549571447368,2453.296939868423,861.2526315789476,0.0,2000.0,1.0000000000000004
20260310,90,246.16228,5244.820740789472,2443.610214473685,801.2105263157891,0.0,2000.0,1.0000000000000004
20260310,91,246.16228,5175.09191013158,2439.070857500001,736.0210526315796,0.0,2000.0,1.0
20260310,92,246.16228,5105.363079473685,2468.847290000003,636.5157894736842,0.0,2000.0,1.0000000000000004
20260310,93,246.56632,5035.634248815789,2498.623722500001,537.0105263157891,0.0,2000.0,1.0000000000000002
20260310,94,247.86762,4965.905418157895,2528.400155000001,437.5052631578951,0.0,2000.0,1.0000000000000002
20260310,95,247.86762,4896.1765875,2558.176587500001,338.0,0.0,2000.0,1.0000000000000002
20260311,0,227.95864,4365.549688499999,2161.549688500002,204.0,0.0,2000.0,1.0000000000000007
20260311,1,229.07248,4348.773139989473,2185.931034726319,162.8421052631579,0.0,2000.0,1.0000000000000009
20260311,2,229.07248,4331.996591478947,2210.3123809526346,121.6842105263158,0.0,2000.0,1.0000000000000007
20260311,3,229.07248,4315.220042968421,2234.693727178951,80.52631578947367,0.0,2000.0,1.000000000000001
20260311,4,230.18632,4298.443494457895,2259.0750734052654,39.36842105263159,0.0,2000.0,1.0000000000000004
20260311,5,229.07248,4267.078642894736,2234.762853421056,32.315789473684205,0.0,2000.0,1.000000000000001
20260311,6,229.07248,4233.525545873686,2203.146598505266,30.37894736842105,0.0,2000.0,1.0000000000000002
20260311,7,227.95864,4199.972448852631,2171.530343589476,28.442105263157902,0.0,2000.0,1.0000000000000007
20260311,8,227.95864,4166.419351831579,2139.914088673687,26.50526315789474,0.0,2000.0,1.0000000000000007
20260311,9,226.8448,4132.866254810526,2097.2030969157922,35.663157894736855,0.0,2000.0,1.0000000000000009
20260311,10,226.8448,4099.313157789474,2050.5763156842127,48.736842105263165,0.0,2000.0,1.0000000000000007
20260311,11,225.73096,4065.7600607684203,2003.9495344526351,61.810526315789446,0.0,2000.0,1.000000000000001
20260311,12,225.73096,4032.2069637473687,1957.3227532210549,74.88421052631583,0.0,2000.0,1.0000000000000004
20260311,13,224.61712,4029.2893031368444,1942.657724189477,86.63157894736842,0.0,2000.0,1.0000000000000002
20260311,14,224.61712,4046.065851647369,1948.539535857897,97.52631578947368,0.0,2000.0,1.0000000000000004
20260311,15,224.61712,4062.842400157894,1954.4213475263182,108.421052631579,0.0,2000.0,1.0000000000000009
20260311,16,225.73096,4079.618948668422,1960.30315919474,119.31578947368419,0.0,2000.0,1.0000000000000007
20260311,17,853.9272168421054,4139.966759002768,1946.99833795014,192.9684210526315,0.0,2000.0,1.0000000000000007
20260311,18,853.9272168421054,4289.562326869803,1954.4781163434902,335.084210526316,0.0,2000.0,1.0000000000000009
20260311,19,853.98584,4439.157894736839,1961.957894736842,477.19999999999976,0.0,2000.0,1.0000000000000007
20260311,20,853.98584,4588.753462603876,1969.437673130194,619.3157894736842,0.0,2000.0,1.0000000000000004
20260311,21,853.98584,4680.864265927976,1974.0432132964,706.7789473684211,0.04210526315789487,2000.0,1.0000000000000009
20260311,22,853.98584,4665.191135734068,1973.259556786703,691.7684210526315,0.1631578947368419,2000.0,1.0000000000000007
20260311,23,227.95864,4779.857495194738,2102.815389931581,676.757894736842,0.28421052631578947,2000.0,1.0000000000000004
20260311,24,229.07248,4897.293334768419,2235.140703189476,661.7473684210527,0.405263157894737,2000.0,1.0000000000000007
20260311,25,231.30016,5036.611628921051,2382.111628921053,650.6842105263157,3.8157894736841933,2000.0,1.0000000000000004
20260311,26,233.1711199999999,5254.706759557894,2581.806759557896,653.8315789473686,19.068421052631578,2000.0,1.0000000000000004
20260311,27,246.16228,5472.801890194737,2781.501890194739,656.9789473684209,34.32105263157896,2000.0,1.0000000000000002
20260311,28,246.16228,5690.8970208315795,2981.1970208315797,660.1263157894737,49.573684210526295,2000.0,1.0
20260311,29,248.40816,5904.615660552632,3174.684081605264,660.7473684210527,69.18421052631581,2000.0,1.0
20260311,30,249.84596,6072.381145657895,3302.986408815789,634.8421052631579,134.5526315789475,2000.0,1.0
20260311,31,251.6878,6240.146630763157,3431.288736026316,608.9368421052632,199.9210526315789,2000.0,1.0000000000000002
20260311,32,253.52964,6407.912115868422,3559.5910632368386,583.0315789473683,265.2894736842106,2000.0,0.9999999999999993
20260311,33,255.37148,6575.677600973684,3687.8933904473647,557.1263157894736,330.6578947368422,2000.0,0.9999999999999994
20260311,34,255.1549,6647.160285931578,3648.007654352629,623.621052631579,375.53157894736853,2000.0,0.9999999999999998
20260311,35,253.52964,6714.266479973683,3600.477006289471,694.315789473684,419.4736842105262,2000.0,0.9999999999999996
20260311,36,253.52964,6781.372674015789,3552.9463582263134,765.0105263157897,463.4157894736843,2000.0,0.9999999999999998
20260311,37,253.33308,6848.478868057894,3505.4157101631567,835.7052631578948,507.3578947368421,2000.0,1.0
20260311,38,251.6878,6874.008398399999,3462.0083984,841.0,570.9999999999998,2000.0,1.0
20260311,39,251.6878,6890.784946910526,3419.469157436842,832.5263157894736,638.7894736842106,2000.0,1.0000000000000002
20260311,40,251.51126,6907.5614954210505,3376.9299164736844,824.0526315789474,706.5789473684209,2000.0,1.0000000000000002
20260311,41,250.2500000000001,6924.338043931579,3334.390675510526,815.578947368421,774.3684210526313,2000.0,1.0
20260311,42,249.68944,6917.773307557895,3223.710149663161,881.8842105263159,812.1789473684212,2000.0,1.0000000000000004
20260311,43,247.86762,6900.996759047368,3083.2178116789487,980.9052631578946,836.8736842105262,2000.0,1.0000000000000002
20260311,44,246.16228,6884.2202105368415,2942.725473694738,1079.926315789474,861.5684210526316,2000.0,1.0000000000000002
20260311,45,244.72448,6867.443662026315,2802.233135710526,1178.947368421053,886.2631578947369,2000.0,1.0000000000000002
20260311,46,244.32044,6803.255128594737,2627.53407596316,1252.789473684211,922.9315789473684,2000.0,1.0000000000000004
20260311,47,240.8624400000001,6702.595837531579,2426.522153321055,1307.2631578947369,968.8105263157892,2000.0,1.0000000000000004
20260311,48,232.414,6601.9365464684215,2225.510230678948,1361.736842105263,1014.6894736842111,2000.0,1.0000000000000002
20260311,49,235.51528,6501.2772554052635,2024.498308036845,1416.2105263157891,1060.568421052632,2000.0,1.0000000000000004
20260311,50,854.2789557894737,6440.747922437668,1912.0373961218831,1450.157894736842,1078.552631578947,2000.0,1.0000000000000007
20260311,51,854.2789557894737,6429.152354570635,1911.457617728532,1457.421052631579,1060.273684210526,2000.0,1.0000000000000002
20260311,52,854.2789557894737,6417.5567867036,1910.8778393351809,1464.6842105263158,1041.994736842105,2000.0,1.0000000000000002
20260311,53,854.2789557894737,6405.9612188365645,1910.298060941829,1471.9473684210532,1023.7157894736839,2000.0,1.0000000000000002
20260311,54,854.2789557894737,6391.41828254847,1909.570914127423,1482.526315789474,999.3210526315787,2000.0,1.0000000000000009
20260311,55,854.2789557894737,6370.138504155122,1908.506925207756,1500.684210526316,960.9473684210526,2000.0,1.0000000000000004
20260311,56,854.2789557894737,6348.858725761773,1907.4429362880899,1518.8421052631581,922.5736842105264,2000.0,1.0000000000000002
20260311,57,854.2789557894737,6327.578947368419,1906.378947368421,1537.0,884.1999999999998,2000.0,1.0000000000000002
20260311,58,854.2789557894737,6301.889196675897,1905.094459833796,1554.526315789474,842.2684210526317,2000.0,1.0000000000000007
20260311,59,854.2789557894737,6255.252077562325,1902.7626038781173,1569.052631578947,783.4368421052633,2000.0,1.0000000000000004
20260311,60,854.2789557894737,6208.614958448751,1900.430747922438,1583.578947368421,724.6052631578946,2000.0,1.0000000000000004
20260311,61,854.2789557894737,6161.977839335179,1898.0988919667589,1598.105263157895,665.7736842105263,2000.0,1.0000000000000002
20260311,62,854.2789557894737,6114.908587257613,1895.74542936288,1612.357894736842,606.8052631578948,2000.0,1.0000000000000007
20260311,63,233.67344,6132.922603326315,1967.506813852633,1620.589473684211,544.8263157894734,2000.0,1.0000000000000004
20260311,64,237.35712,6166.475700347368,2054.807279294739,1628.821052631579,482.84736842105264,2000.0,1.0000000000000007
20260311,65,241.0408,6200.02879736842,2142.107744736843,1637.0526315789468,420.8684210526316,2000.0,1.0000000000000002
20260311,66,244.32044,6233.581894389472,2229.408210178948,1645.2842105263157,358.8894736842103,2000.0,1.0000000000000002
20260311,67,244.72448,6267.134991410526,2299.356044042106,1655.7263157894743,312.05263157894757,2000.0,1.0000000000000002
20260311,68,246.16228,6300.688088431579,2369.293351589475,1664.736842105262,266.6578947368421,2000.0,1.0000000000000002
20260311,69,247.86762,6334.2411854526335,2453.083290715792,1659.894736842104,221.2631578947367,2000.0,0.9999999999999999
20260311,70,248.00412,6367.794282473684,2536.873229842107,1655.0526315789461,175.8684210526319,2000.0,1.0000000000000002
20260311,71,249.68944,6427.606324989473,2632.806324989477,1657.4105263157878,137.3894736842106,2000.0,1.0000000000000002
20260311,72,250.2500000000001,6494.71251903158,2732.11251903158,1661.768421052631,100.8315789473683,2000.0,0.9999999999999999
20260311,73,251.6878,6561.818713073682,2831.4187130736864,1666.1263157894718,64.27368421052654,2000.0,1.0000000000000004
20260311,74,253.33308,6628.924907115791,2930.724907115788,1670.484210526315,27.71578947368425,2000.0,0.9999999999999994
20260311,75,253.52964,6674.148646578947,2985.727593947367,1675.78947368421,12.63157894736841,2000.0,0.9999999999999999
20260311,76,255.1549,6707.701743600001,3017.1017436,1681.5999999999988,9.000000000000021,2000.0,0.9999999999999998
20260311,77,255.1549,6741.2548406210535,3048.475893252631,1687.410526315789,5.368421052631582,2000.0,0.9999999999999998
20260311,78,255.37148,6774.807937642103,3079.850042905262,1693.2210526315782,1.736842105263144,2000.0,1.0000000000000002
20260311,79,255.37148,6773.349107336841,3080.885949442105,1692.463157894736,0.0,2000.0,0.9999999999999999
20260311,80,255.37148,6739.79601031579,3066.111799789471,1673.684210526316,0.0,2000.0,0.9999999999999996
20260311,81,255.37148,6706.242913294738,3112.93765013684,1593.3052631578948,0.0,2000.0,0.9999999999999994
20260311,82,256.97672,6672.689816273684,3159.7635004842077,1512.926315789474,0.0,2000.0,0.9999999999999996
20260311,83,256.97672,6612.877773757894,3175.309352705261,1437.568421052632,0.0,2000.0,0.9999999999999999
20260311,84,256.97672,6512.218482694738,3142.197430063155,1370.0210526315789,0.0,2000.0,0.9999999999999994
20260311,85,255.37148,6411.559191631579,3109.08550742105,1302.473684210527,0.0,2000.0,0.9999999999999997
20260311,86,255.37148,6310.89990056842,3075.973584778945,1234.9263157894738,0.0,2000.0,0.9999999999999999
20260311,87,255.1549,6192.734645842104,3007.545172157891,1185.189473684211,0.0,2000.0,0.9999999999999996
20260311,88,251.6878,6024.969160736842,2839.053371263159,1185.915789473684,0.0,2000.0,1.0000000000000002
20260311,89,249.84596,5857.203675631579,2670.561570368423,1186.642105263158,0.0,2000.0,1.0000000000000002
20260311,90,248.00412,5689.438190526315,2502.0697694736837,1187.368421052631,0.0,2000.0,0.9999999999999999
20260311,91,246.16228,5521.672705421053,2336.8306001578962,1184.842105263158,0.0,2000.0,1.0000000000000002
20260311,92,244.32044,5353.907220315789,2193.2756413684233,1160.6315789473679,0.0,2000.0,1.0000000000000004
20260311,93,235.01296,5186.1417352105245,2049.720682578948,1136.4210526315792,0.0,2000.0,1.0000000000000004
20260311,94,231.30016,5018.376250105264,1906.1657237894772,1112.210526315789,0.0,2000.0,1.0000000000000004
20260311,95,854.1617094736841,4924.210526315786,1836.21052631579,1088.0,0.0,2000.0,1.0000000000000007
20260312,0,242.88264,4694.139450000001,1694.1394500000008,1000.0,0.0,2000.0,1.0
20260312,1,242.88264,4676.100150526317,1681.1843610526332,994.9157894736843,0.0,2000.0,1.0000000000000002
20260312,2,854.88856,4662.980609418282,1673.149030470915,989.8315789473685,0.0,2000.0,1.0000000000000004
20260312,3,854.88856,4657.628808864264,1672.881440443214,984.7473684210527,0.0,2000.0,1.0000000000000007
20260312,4,854.88856,4652.277008310247,1672.613850415513,979.663157894737,0.0,2000.0,1.0000000000000007
20260312,5,854.88856,4623.4349030470885,1671.171745152354,952.2631578947369,0.0,2000.0,1.0000000000000007
20260312,6,854.88856,4591.069252077562,1669.5534626038789,921.5157894736842,0.0,2000.0,1.0000000000000002
20260312,7,854.88856,4558.703601108032,1667.935180055402,890.7684210526318,0.0,2000.0,1.0000000000000004
20260312,8,854.88856,4526.337950138505,1666.3168975069261,860.021052631579,0.0,2000.0,1.0
20260312,9,854.88856,4503.013850415509,1665.150692520776,837.863157894737,0.0,2000.0,1.0000000000000009
20260312,10,854.88856,4482.88088642659,1664.1440443213298,818.7368421052632,0.0,2000.0,1.0000000000000007
20260312,11,854.88856,4462.74792243767,1663.1373961218842,799.6105263157895,0.0,2000.0,1.0000000000000009
20260312,12,854.88856,4442.614958448752,1662.130747922438,780.4842105263158,0.0,2000.0,1.0000000000000004
20260312,13,854.88856,4423.412742382269,1661.170637119114,762.2421052631579,0.0,2000.0,1.0000000000000007
20260312,14,854.88856,4404.808864265926,1660.240443213297,744.5684210526315,0.0,2000.0,1.0000000000000007
20260312,15,854.7916210526315,4386.204986149582,1659.3102493074791,726.8947368421054,0.0,2000.0,1.0000000000000007
20260312,16,242.88264,4386.687041578947,1677.465988947369,709.221052631579,0.0,2000.0,1.0000000000000002
20260312,17,244.32044,4447.863796315789,1759.9059015789478,687.9578947368423,0.0,2000.0,1.0000000000000002
20260312,18,246.56632,4556.099593157894,1893.320645789473,662.7789473684211,0.0,2000.0,1.0000000000000002
20260312,19,249.68944,4664.335390000001,2026.735390000002,637.6,0.0,2000.0,1.0000000000000002
20260312,20,239.75952,4772.571186842108,2160.150134210527,612.4210526315788,0.0,2000.0,0.9999999999999997
20260312,21,241.0408,4887.08152263158,2296.470996315791,590.5263157894736,0.08421052631578975,2000.0,1.0000000000000002
20260312,22,239.1989600000001,5013.356618947369,2438.240829473685,574.7894736842106,0.3263157894736839,2000.0,1.0000000000000002
20260312,23,237.35712,5139.631715263156,2580.010662631581,559.0526315789473,0.5684210526315789,2000.0,1.0000000000000007
20260312,24,232.414,5265.906811578949,2721.780495789477,543.3157894736843,0.810526315789474,2000.0,1.0000000000000004
20260312,25,244.32044,5415.711428947369,2879.2377447368453,531.2631578947367,5.210526315789451,2000.0,1.0000000000000004
20260312,26,241.0408,5650.222322105263,3093.169690526317,532.4736842105264,24.578947368421062,2000.0,1.0000000000000002
20260312,27,244.72448,5884.733215263159,3307.1016363157937,533.6842105263157,43.947368421052666,2000.0,1.0000000000000007
20260312,28,246.56632,6119.244108421053,3521.033582105266,534.8947368421053,63.315789473684184,2000.0,1.0000000000000004
20260312,29,248.00412,6349.049097368421,3727.3017289473705,534.8210526315789,86.92631578947369,2000.0,1.0000000000000004
20260312,30,248.40816,6529.442092105263,3853.0999868421077,521.2631578947369,155.0789473684211,2000.0,1.0000000000000002
20260312,31,249.84596,6709.835086842107,3978.898244736845,507.70526315789465,223.2315789473684,2000.0,1.0000000000000002
20260312,32,251.51126,6890.228081578948,4104.696502631578,494.14736842105265,291.3842105263158,2000.0,0.9999999999999998
20260312,33,253.33308,7070.62107631579,4230.494760526313,480.5894736842105,359.5368421052633,2000.0,0.9999999999999997
20260312,34,253.33308,7147.484178421053,4254.036809999999,487.87368421052645,405.57368421052627,2000.0,0.9999999999999998
20260312,35,253.33308,7219.641376315789,4272.930849999998,496.1052631578948,450.60526315789457,2000.0,0.9999999999999998
20260312,36,253.52964,7291.798574210525,4291.824889999997,504.33684210526303,495.6368421052632,2000.0,0.9999999999999998
20260312,37,253.52964,7363.955772105262,4310.718929999995,512.5684210526315,540.6684210526316,2000.0,0.9999999999999996
20260312,38,255.1549,7391.40688,4342.806879999995,504.0000000000001,544.6,2000.0,0.9999999999999993
20260312,39,255.1549,7409.446179473686,4377.672495263155,491.8947368421053,539.8789473684211,2000.0,0.9999999999999992
20260312,40,255.37148,7427.4854789473675,4412.538110526312,479.7894736842105,535.1578947368421,2000.0,0.9999999999999997
20260312,41,255.37148,7445.524778421051,4447.40372578947,467.6842105263158,530.4368421052632,2000.0,0.9999999999999997
20260312,42,255.37148,7438.4659221052625,4450.26592210526,438.06315789473683,550.1368421052632,2000.0,0.9999999999999997
20260312,43,255.37148,7420.426622631579,4439.126622631576,400.7789473684211,580.5210526315788,2000.0,0.9999999999999996
20260312,44,255.37148,7402.387323157893,4427.987323157892,363.49473684210534,610.9052631578946,2000.0,0.9999999999999999
20260312,45,255.37148,7384.3480236842115,4416.848023684207,326.2105263157893,641.2894736842105,2000.0,0.9999999999999993
20260312,46,255.1549,7315.328095263156,4359.585989999995,297.5473684210525,658.1947368421053,2000.0,0.9999999999999997
20260312,47,253.33308,7207.092298421053,4266.8449299999975,275.51578947368426,664.7315789473682,2000.0,0.9999999999999997
20260312,48,251.6878,7098.856501578947,4174.10387,253.4842105263157,671.2684210526317,2000.0,1.0
20260312,49,251.51126,6990.620704736841,4081.3628099999983,231.4526315789474,677.8052631578947,2000.0,1.0
20260312,50,249.84596,6921.60077631579,4017.942881578948,229.42105263157887,674.2368421052631,2000.0,1.0
20260312,51,249.84596,6903.561476842104,3992.6404242105223,253.3894736842106,657.5315789473683,2000.0,0.9999999999999996
20260312,52,249.84596,6885.522177368421,3967.3379668421094,277.35789473684196,640.8263157894736,2000.0,1.0000000000000007
20260312,53,249.68944,6867.482877894738,3942.035509473687,301.3263157894736,624.1210526315791,2000.0,1.0000000000000002
20260312,54,249.68944,6843.953356842107,3904.648093684213,318.6631578947369,620.642105263158,2000.0,1.0000000000000002
20260312,55,248.40816,6807.874757894737,3839.637915789476,320.8421052631579,647.3947368421052,2000.0,1.0000000000000002
20260312,56,248.00412,6771.796158947367,3774.6277378947398,323.0210526315789,674.1473684210525,2000.0,1.0000000000000004
20260312,57,247.86762,6735.717560000001,3709.6175600000015,325.2,700.9000000000001,2000.0,1.0
20260312,58,244.32044,6699.638961052632,3654.544224210527,321.4421052631579,723.6526315789473,2000.0,1.0
20260312,59,243.2248,6663.560362105262,3646.6708884210534,289.4842105263158,727.4052631578949,2000.0,1.0000000000000002
20260312,60,242.88264,6627.481763157894,3638.79755263158,257.5263157894736,731.1578947368421,2000.0,1.0000000000000002
20260312,61,242.88264,6591.403164210526,3630.924216842105,225.5684210526316,734.9105263157895,2000.0,1.0000000000000002
20260312,62,242.88264,6558.461834736843,3628.1513084210537,194.6315789473684,735.6789473684212,2000.0,1.0
20260312,63,243.2248,6594.540433684212,3737.587802105264,186.1578947368421,670.7947368421051,2000.0,0.9999999999999999
20260312,64,244.33864,6630.619032631578,3847.024295789476,177.6842105263158,605.9105263157893,2000.0,1.0000000000000004
20260312,65,245.45248,6666.697631578947,3956.460789473685,169.2105263157895,541.0263157894736,2000.0,1.0000000000000002
20260312,66,246.56632,6702.776230526314,4065.897283157895,160.7368421052632,476.1421052631577,2000.0,1.0000000000000002
20260312,67,246.56632,6738.854829473684,4161.51798736842,165.3052631578947,412.0315789473688,2000.0,1.0
20260312,68,247.86762,6774.933428421054,4255.822902105265,171.1157894736842,347.9947368421053,2000.0,1.0000000000000002
20260312,69,248.00412,6811.0120273684215,4350.127816842107,176.9263157894737,283.9578947368419,2000.0,1.0000000000000002
20260312,70,248.794,6847.09062631579,4444.432731578948,182.7368421052632,219.92105263157939,2000.0,1.0
20260312,71,249.84596,6911.404650526316,4566.499387368422,174.1473684210527,170.7578947368421,2000.0,1.0
20260312,72,251.51126,6983.5618484210545,4696.27763789474,161.5578947368421,125.7263157894735,2000.0,1.0000000000000002
20260312,73,253.33308,7055.7190463157895,4826.055888421051,148.9684210526317,80.69473684210554,2000.0,0.9999999999999999
20260312,74,255.1549,7127.876244210527,4955.834138947364,136.378947368421,35.663157894736905,2000.0,0.9999999999999993
20260312,75,255.37148,7176.503921052631,5024.503921052628,135.1578947368421,16.84210526315788,2000.0,0.9999999999999997
20260312,76,255.37148,7212.582519999999,5060.5825199999945,140.0,12.00000000000003,2000.0,0.9999999999999993
20260312,77,256.97672,7248.661118947368,5096.661118947365,144.84210526315792,7.157894736842111,2000.0,0.9999999999999997
20260312,78,256.97672,7284.7397178947385,5132.739717894738,149.6842105263158,2.315789473684192,2000.0,0.9999999999999999
20260312,79,257.21332,7283.171083157895,5142.792135789471,140.3789473684212,0.0,2000.0,0.9999999999999997
20260312,80,256.97672,7247.092484210525,5128.987221052628,118.1052631578948,0.0,2000.0,0.9999999999999998
20260312,81,256.97672,7211.013885263156,5115.182306315784,95.83157894736836,0.0,2000.0,0.9999999999999994
20260312,82,256.97672,7174.935286315791,5101.377391578945,73.55789473684223,0.0,2000.0,0.9999999999999994
20260312,83,255.37148,7110.621262105262,5055.168630526314,55.45263157894736,0.0,2000.0,0.9999999999999999
20260312,84,255.1549,7002.385465263157,4958.553886315785,43.831578947368364,0.0,2000.0,0.9999999999999994
20260312,85,253.33308,6894.149668421053,4861.939142105259,32.21052631578953,0.0,2000.0,0.9999999999999992
20260312,86,251.6878,6785.913871578947,4765.324397894738,20.589473684210528,0.0,2000.0,1.0000000000000002
20260312,87,250.2500000000001,6658.854457894735,4647.612352631578,11.24210526315788,0.0,2000.0,1.0000000000000002
20260312,88,248.794,6478.461463157894,4470.124621052636,8.336842105263171,0.0,2000.0,1.0000000000000007
20260312,89,247.86762,6298.068468421052,4292.636889473686,5.431578947368424,0.0,2000.0,1.0000000000000004
20260312,90,248.00412,6117.675473684208,4115.149157894736,2.5263157894736707,0.0,2000.0,1.0000000000000002
20260312,91,247.6801600000001,5937.282478947369,3937.061426315792,0.2210526315789388,0.0,2000.0,1.0000000000000002
20260312,92,246.56632,5756.889484210526,3754.9736947368424,1.91578947368421,0.0,2000.0,1.0000000000000002
20260312,93,245.45248,5576.496489473683,3572.885963157895,3.6105263157894822,0.0,2000.0,1.0000000000000002
20260312,94,244.32044,5396.103494736842,3390.798231578947,5.3052631578947285,0.0,2000.0,1.0
20260312,95,242.11096,5215.710499999998,3208.710499999999,7.000000000000001,0.0,2000.0,1.0000000000000002
20260313,0,227.95864,4600.256661,2595.256661000002,5.0,0.0,2000.0,1.0000000000000004
20260313,1,227.95864,4582.57814751579,2578.788673831581,3.7894736842105274,0.0,2000.0,1.0000000000000002
20260313,2,227.95864,4564.89963403158,2562.320686663159,2.578947368421053,0.0,2000.0,1.0000000000000002
20260313,3,226.8448,4547.221120547368,2545.852699494738,1.368421052631579,0.0,2000.0,1.0000000000000004
20260313,4,226.8448,4529.542607063157,2529.384712326317,0.1578947368421055,0.0,2000.0,1.0000000000000004
20260313,5,226.8448,4496.491473157895,2496.491473157896,0.0,0.0,2000.0,1.0000000000000002
20260313,6,225.73096,4461.134446189474,2461.134446189475,0.0,0.0,2000.0,1.0000000000000002
20260313,7,225.73096,4425.777419221054,2425.777419221055,0.0,0.0,2000.0,1.0000000000000002
20260313,8,853.98584,4410.52631578947,2410.526315789473,0.0,0.0,2000.0,1.0000000000000009
20260313,9,853.98584,4410.5263157894715,2410.526315789473,0.0,0.0,2000.0,1.0000000000000004
20260313,10,853.98584,4410.5263157894715,2410.526315789473,0.0,0.0,2000.0,1.0000000000000004
20260313,11,853.98584,4410.5263157894715,2410.526315789473,0.0,0.0,2000.0,1.0000000000000004
20260313,12,853.98584,4410.5263157894715,2410.526315789473,0.0,0.0,2000.0,1.0000000000000004
20260313,13,853.98584,4410.526315789473,2410.526315789474,0.0,0.0,2000.0,1.0000000000000002
20260313,14,853.98584,4410.5263157894715,2410.526315789473,0.0,0.0,2000.0,1.0000000000000004
20260313,15,853.98584,4410.5263157894715,2410.526315789473,0.0,0.0,2000.0,1.0000000000000004
20260313,16,853.98584,4410.52631578947,2410.526315789472,0.0,0.0,2000.0,1.0000000000000004
20260313,17,853.98584,4410.64819944598,2410.532409972298,0.1157894736842104,0.0,2000.0,1.0000000000000007
20260313,18,225.73096,4464.977601294736,2464.619706557896,0.3578947368421055,0.0,2000.0,1.0000000000000004
20260313,19,227.95864,4571.048682199999,2570.448682200002,0.5999999999999996,0.0,2000.0,1.0000000000000007
20260313,20,229.07248,4677.119763105262,2676.277657842107,0.8421052631578947,0.0,2000.0,1.0000000000000009
20260313,21,231.30016,4789.339892178946,2787.1609448105273,2.094736842105267,0.08421052631578975,2000.0,1.0000000000000007
20260313,22,232.414,4913.0894865684195,2907.52106551579,5.242105263157891,0.3263157894736839,2000.0,1.0000000000000004
20260313,23,238.61656,5036.839080957894,3027.881186221055,8.389473684210525,0.5684210526315789,2000.0,1.0000000000000004
20260313,24,238.76944,5160.588675347369,3148.24130692632,11.53684210526316,0.810526315789474,2000.0,1.0000000000000007
20260313,25,239.88328,5307.397200368419,3287.976147736842,15.78947368421052,3.631578947368407,2000.0,1.0000000000000004
20260313,26,242.11096,5537.2178756631565,3497.459980926317,24.02105263157894,15.736842105263161,2000.0,1.0000000000000004
20260313,27,243.2248,5767.038550957895,3706.9438141157866,32.25263157894738,27.84210526315792,2000.0,0.9999999999999996
20260313,28,244.72448,5996.859226252631,3916.4276473052632,40.48421052631579,39.94736842105261,2000.0,1.0000000000000002
20260313,29,246.56632,6222.0681154210515,4118.773378578949,48.80000000000001,54.49473684210528,2000.0,1.0000000000000004
20260313,30,246.56632,6398.853250263156,4246.169039736843,58.00000000000002,94.68421052631587,2000.0,1.0000000000000004
20260313,31,247.86762,6575.638385105263,4373.564700894737,67.19999999999999,134.8736842105263,2000.0,1.0
20260313,32,248.794,6752.423519947367,4500.960362052632,76.4,175.0631578947369,2000.0,1.0000000000000002
20260313,33,249.84596,6929.208654789474,4628.356023210528,85.6,215.25263157894742,2000.0,1.0000000000000002
20260313,34,249.84596,7004.534494852631,4654.639758010524,105.4526315789474,244.4421052631578,2000.0,0.9999999999999998
20260313,35,250.2500000000001,7075.248548789475,4676.327496157891,125.78947368421049,273.13157894736827,2000.0,0.9999999999999993
20260313,36,250.2500000000001,7145.962602726314,4698.0152343052605,146.1263157894737,301.821052631579,2000.0,0.9999999999999999
20260313,37,251.51126,7216.6766566631595,4719.702972452629,166.4631578947369,330.5105263157894,2000.0,0.9999999999999993
20260313,38,250.2500000000001,7243.5787424,4711.678742399998,194.6,337.3000000000001,2000.0,0.9999999999999998
20260313,39,250.2500000000001,7261.25725588421,4697.399361147365,224.3789473684211,339.4789473684211,2000.0,0.9999999999999997
20260313,40,250.2500000000001,7278.935769368422,4683.1199798947355,254.157894736842,341.6578947368422,2000.0,0.9999999999999997
20260313,41,249.84596,7296.61428285263,4668.840598642102,283.9368421052631,343.8368421052631,2000.0,0.9999999999999998
20260313,42,249.84596,7289.696603663158,4658.091340505262,292.1578947368421,339.4473684210527,2000.0,0.9999999999999999
20260313,43,249.84596,7272.018090178949,4648.886511231577,290.9473684210527,332.1842105263157,2000.0,0.9999999999999994
20260313,44,249.84596,7254.339576694737,4639.6816819578935,289.7368421052632,324.921052631579,2000.0,0.9999999999999999
20260313,45,249.84596,7236.661063210527,4630.476852684208,288.5263157894737,317.6578947368422,2000.0,0.9999999999999997
20260313,46,248.794,7169.021533357894,4524.168901778945,323.7157894736843,321.1368421052632,2000.0,0.9999999999999998
20260313,47,247.6801600000001,7062.950452452633,4343.166241926318,386.9052631578947,332.87894736842094,2000.0,1.0000000000000002
20260313,48,246.56632,6956.879371547368,4162.163582073683,450.0947368421055,344.621052631579,2000.0,1.0
20260313,49,245.45248,6850.808290642104,3981.160922221051,513.284210526316,356.3631578947368,2000.0,1.0
20260313,50,244.33864,6783.168760789475,3876.747708157897,539.842105263158,366.578947368421,2000.0,1.0000000000000002
20260313,51,244.33864,6765.4902473052625,3871.900773621052,518.7789473684211,374.8105263157894,2000.0,1.0
20260313,52,244.33864,6747.811733821052,3867.05383908421,497.7157894736842,383.04210526315796,2000.0,1.0
20260313,53,244.33864,6730.133220336843,3862.2069045473686,476.65263157894753,391.2736842105263,2000.0,0.9999999999999999
20260313,54,244.33864,6707.074289705264,3832.674289705263,459.421052631579,414.9789473684213,2000.0,0.9999999999999999
20260313,55,244.32044,6671.717262736841,3746.7172627368413,450.9473684210526,474.0526315789474,2000.0,1.0000000000000002
20260313,56,243.2248,6636.360235768421,3660.760235768421,442.4736842105263,533.1263157894736,2000.0,1.0
20260313,57,242.88264,6601.003208800001,3574.8032087999986,434.0,592.2000000000003,2000.0,0.9999999999999998
20260313,58,242.11096,6565.646181831579,3494.635655515789,432.09473684210525,638.9157894736842,2000.0,0.9999999999999999
20260313,59,241.0408,6530.289154863158,3441.9681022315826,461.3894736842104,626.9315789473685,2000.0,1.0000000000000007
20260313,60,240.99712,6494.932127894738,3389.3005489473685,490.68421052631595,614.9473684210526,2000.0,0.9999999999999999
20260313,61,240.99712,6459.575100926317,3336.6329956631603,519.9789473684212,602.9631578947369,2000.0,1.0000000000000002
20260313,62,239.88328,6427.292598042106,3290.745229621052,547.6210526315791,588.9263157894738,2000.0,0.9999999999999999
20260313,63,240.99712,6462.649625010527,3394.0127829052626,538.9052631578949,529.7315789473683,2000.0,0.9999999999999997
20260313,64,242.11096,6498.006651978946,3497.280336189475,530.1894736842105,470.5368421052631,2000.0,1.0000000000000004
20260313,65,242.88264,6533.36367894737,3600.5478894736834,521.4736842105264,411.342105263158,2000.0,0.9999999999999997
20260313,66,243.2248,6568.72070591579,3703.815442757896,512.757894736842,352.1473684210525,2000.0,1.0
20260313,67,244.32044,6604.077732884211,3742.5356276210523,536.7578947368419,324.7842105263159,2000.0,0.9999999999999999
20260313,68,244.32044,6639.434759852629,3775.1084440631557,563.8736842105262,300.4526315789474,2000.0,1.0
20260313,69,244.33864,6674.791786821053,3807.6812605052623,590.9894736842107,276.1210526315788,2000.0,0.9999999999999998
20260313,70,244.33864,6710.148813789472,3840.2540769473667,618.1052631578946,251.7894736842107,2000.0,1.0
20260313,71,245.45248,6773.17655751579,3942.5607680421017,627.0315789473684,203.5842105263158,2000.0,0.9999999999999993
20260313,72,246.16228,6843.890611452632,4064.2379798736833,630.9052631578946,148.7473684210525,2000.0,0.9999999999999999
20260313,73,246.56632,6914.604665389473,4185.915191705264,634.7789473684212,93.91052631578981,2000.0,1.0000000000000004
20260313,74,247.6801600000001,6985.318719326317,4307.592403536846,638.6526315789473,39.07368421052638,2000.0,1.0000000000000004
20260313,75,248.00412,7032.973842631582,4414.026474210528,602.1052631578946,16.84210526315788,2000.0,0.9999999999999999
20260313,76,248.794,7068.3308695999995,4512.330869600001,544.0000000000003,12.00000000000003,2000.0,1.0000000000000002
20260313,77,249.84596,7103.687896568424,4610.635264989476,485.89473684210515,7.157894736842111,2000.0,1.0
20260313,78,250.2500000000001,7139.0449235368405,4708.9396603789455,427.7894736842103,2.315789473684192,2000.0,0.9999999999999999
20260313,79,250.2500000000001,7137.507661494736,4715.276082547365,422.2315789473683,0.0,2000.0,0.9999999999999998
20260313,80,249.84596,7102.150634526316,4637.30852926316,464.8421052631578,0.0,2000.0,1.0000000000000002
20260313,81,248.794,7066.793607557895,4559.340975978948,507.4526315789475,0.0,2000.0,1.0000000000000002
20260313,82,248.40816,7031.436580589474,4481.37342269474,550.0631578947367,0.0,2000.0,1.0000000000000004
20260313,83,248.00412,6968.408836863161,4395.81936317895,572.5894736842104,0.0,2000.0,0.9999999999999999
20260313,84,247.6801600000001,6862.337755957894,4298.46407174737,563.8736842105262,0.0,2000.0,1.0000000000000004
20260313,85,246.56632,6756.266675052633,4201.108780315789,555.1578947368421,0.0,2000.0,0.9999999999999998
20260313,86,246.16228,6650.19559414737,4103.753488884211,546.4421052631578,0.0,2000.0,0.9999999999999999
20260313,87,245.45248,6525.67736873684,3988.203684526316,537.473684210526,0.0,2000.0,1.0000000000000002
20260313,88,244.33864,6348.892233894739,3821.102760210526,527.7894736842105,0.0,2000.0,0.9999999999999997
20260313,89,243.2248,6172.10709905263,3654.0018358947377,518.1052631578947,0.0,2000.0,1.0000000000000004
20260313,90,242.11096,5995.321964210526,3486.9009115789468,508.42105263157896,0.0,2000.0,1.0
20260313,91,240.99712,5818.536829368421,3313.736829368423,504.79999999999984,0.0,2000.0,1.0000000000000002
20260313,92,238.76944,5641.751694526316,3100.151694526317,541.5999999999999,0.0,2000.0,1.0000000000000002
20260313,93,235.51528,5464.96655968421,2886.566559684212,578.4000000000002,0.0,2000.0,1.0000000000000002
20260313,94,233.67344,5288.181424842106,2672.981424842108,615.1999999999999,0.0,2000.0,1.0000000000000004
20260313,95,216.91488,5111.3962900000015,2459.396290000002,652.0,0.0,2000.0,1.0000000000000002
20260314,0,244.32044,4506.373871999999,1706.373872000001,800.0,0.0,2000.0,1.0000000000000004
20260314,1,242.88264,4489.056144505264,1681.3087760842102,807.7473684210526,0.0,2000.0,0.9999999999999998
20260314,2,854.88856,4479.468144044321,1663.973407202216,815.4947368421053,0.0,2000.0,1.0000000000000002
20260314,3,854.88856,4487.623268698059,1664.381163434903,823.242105263158,0.0,2000.0,1.0000000000000004
20260314,4,854.88856,4495.778393351801,1664.7889196675908,830.9894736842106,0.0,2000.0,1.0
20260314,5,854.88856,4507.4792243767315,1665.3739612188372,842.1052631578947,0.0,2000.0,1.0
20260314,6,854.88856,4519.71191135734,1665.985595567867,853.7263157894737,0.0,2000.0,1.0000000000000002
20260314,7,854.88856,4531.944598337948,1666.5972299168982,865.3473684210527,0.0,2000.0,1.0000000000000007
20260314,8,854.88856,4544.1772853185585,1667.208864265928,876.9684210526316,0.0,2000.0,1.0000000000000002
20260314,9,854.88856,4562.4376731301945,1668.1218836565101,894.3157894736842,0.0,2000.0,1.0
20260314,10,854.88856,4582.825484764542,1669.141274238227,913.6842105263158,0.0,2000.0,1.0000000000000002
20260314,11,854.88856,4603.213296398892,1670.1606648199452,933.0526315789474,0.0,2000.0,1.0
20260314,12,854.88856,4623.60110803324,1671.180055401662,952.421052631579,0.0,2000.0,1.0000000000000002
20260314,13,854.88856,4639.02493074792,1671.9512465373948,967.0736842105264,0.0,2000.0,1.0000000000000002
20260314,14,854.88856,4651.25761772853,1672.562880886427,978.6947368421054,0.0,2000.0,1.0000000000000004
20260314,15,854.88856,4663.490304709142,1673.174515235457,990.3157894736842,0.0,2000.0,0.9999999999999998
20260314,16,854.88856,4675.72299168975,1673.7861495844872,1001.9368421052629,0.0,2000.0,1.0
20260314,17,854.88856,4682.105263157895,1674.105263157896,1008.0,0.0,2000.0,1.0000000000000002
20260314,18,854.88856,4682.105263157893,1674.1052631578948,1008.0,0.0,2000.0,1.0000000000000004
20260314,19,854.88856,4682.105263157893,1674.1052631578948,1008.0,0.0,2000.0,1.0000000000000004
20260314,20,854.88856,4682.105263157893,1674.1052631578948,1008.0,0.0,2000.0,1.0000000000000004
20260314,21,242.88264,4691.598261726314,1682.1666827789488,1009.3473684210529,0.08421052631578975,2000.0,1.0000000000000007
20260314,22,244.72448,4812.822354189473,1799.274985768422,1013.221052631579,0.3263157894736839,2000.0,1.0000000000000004
20260314,23,246.56632,4934.046446652631,1916.3832887578942,1017.094736842105,0.5684210526315789,2000.0,1.0
20260314,24,246.16228,5055.27053911579,2033.491591747369,1020.9684210526319,0.810526315789474,2000.0,1.0000000000000002
20260314,25,854.5220694736843,5209.473684210523,2180.4736842105262,1025.2631578947369,3.736842105263144,2000.0,1.0000000000000007
20260314,26,241.0408,5424.213429221052,2376.813429221053,1031.0736842105262,16.32631578947369,2000.0,1.0
20260314,27,241.0408,5649.343886652631,2583.54388665263,1036.884210526316,28.915789473684228,2000.0,0.9999999999999999
20260314,28,242.88264,5874.474344084209,2790.274344084211,1042.694736842105,41.50526315789473,2000.0,1.0000000000000002
20260314,29,244.72448,6095.087133473683,2990.823975578947,1050.694736842105,53.56842105263158,2000.0,1.0
20260314,30,247.86762,6268.264408421052,3126.474934736844,1081.6842105263158,60.105263157894754,2000.0,1.0000000000000004
20260314,31,248.40816,6441.44168336842,3262.12589389474,1112.673684210526,66.64210526315789,2000.0,1.0000000000000007
20260314,32,249.84596,6614.618958315789,3397.776853052633,1143.663157894737,73.17894736842105,2000.0,1.0000000000000002
20260314,33,251.51126,6787.796233263157,3533.427812210525,1174.652631578947,79.71578947368421,2000.0,0.9999999999999999
20260314,34,251.6878,6861.58481128421,3588.3321797052636,1163.031578947368,110.22105263157891,2000.0,1.0
20260314,35,253.33308,6930.8557212631595,3639.566247578946,1149.473684210526,141.8157894736841,2000.0,0.9999999999999994
20260314,36,253.52964,7000.126631242105,3690.800315452627,1135.915789473684,173.4105263157895,2000.0,0.9999999999999993
20260314,37,255.1549,7069.39754122105,3742.0343833263096,1122.357894736842,205.0052631578947,2000.0,0.9999999999999993
20260314,38,255.1549,7095.750604799999,3756.750604799997,1124.0,215.0,2000.0,0.9999999999999998
20260314,39,255.1549,7113.068332294738,3763.7788586105253,1128.8421052631581,220.44736842105272,2000.0,0.9999999999999998
20260314,40,255.1549,7130.386059789474,3770.8071124210496,1133.684210526316,225.8947368421052,2000.0,0.9999999999999997
20260314,41,255.1549,7147.703787284209,3777.8353662315753,1138.526315789474,231.34210526315792,2000.0,0.9999999999999997
20260314,42,255.1549,7140.927285221052,3774.664127326312,1138.652631578947,227.6105263157894,2000.0,0.9999999999999994
20260314,43,255.1549,7123.609557726316,3767.0306103578923,1136.715789473684,219.86315789473682,2000.0,0.9999999999999997
20260314,44,255.1549,7106.291830231579,3759.397093389471,1134.778947368421,212.1157894736842,2000.0,0.9999999999999997
20260314,45,255.1549,7088.974102736843,3751.7635764210504,1132.842105263158,204.36842105263162,2000.0,0.9999999999999997
20260314,46,253.52964,7022.71497145263,3675.2781293473654,1124.336842105263,223.1,2000.0,0.9999999999999998
20260314,47,251.6878,6918.808606484211,3545.829659115792,1110.778947368421,262.1999999999999,2000.0,1.0000000000000002
20260314,48,249.84596,6814.902241515789,3416.3811888842097,1097.221052631579,301.30000000000007,2000.0,1.0
20260314,49,248.40816,6710.995876547369,3286.932718652635,1083.663157894737,340.3999999999999,2000.0,1.0000000000000002
20260314,50,248.00412,6644.736745263158,3213.4999031578973,1071.78947368421,359.4473684210526,2000.0,1.0000000000000002
20260314,51,248.00412,6627.419017768422,3212.8874388210547,1062.105263157895,352.42631578947373,2000.0,1.0000000000000002
20260314,52,248.00412,6610.101290273686,3212.2749744842117,1052.421052631579,345.4052631578947,2000.0,0.9999999999999999
20260314,53,248.00412,6592.783562778948,3211.6625101473724,1042.7368421052631,338.3842105263158,2000.0,1.0000000000000004
20260314,54,248.00412,6570.195222568421,3200.1057488842143,1037.7684210526309,332.321052631579,2000.0,1.0000000000000004
20260314,55,247.86762,6535.559767578949,3163.5334517894753,1043.578947368421,328.4473684210526,2000.0,1.0
20260314,56,247.86762,6500.9243125894745,3126.961154694739,1049.3894736842099,324.57368421052627,2000.0,1.0
20260314,57,246.56632,6466.2888576000005,3090.3888576,1055.2,320.6999999999999,2000.0,0.9999999999999999
20260314,58,246.16228,6431.6534026105255,3064.911297347368,1051.9157894736838,314.8263157894737,2000.0,1.0
20260314,59,246.56632,6397.017947621053,3092.133737094738,1005.4315789473691,299.45263157894743,2000.0,1.0000000000000002
20260314,60,246.56632,6362.382492631577,3119.356176842107,958.9473684210525,284.078947368421,2000.0,1.0000000000000004
20260314,61,247.86762,6327.747037642106,3146.578616589477,912.4631578947367,268.70526315789476,2000.0,1.0000000000000002
20260314,62,247.86762,6296.123361347369,3175.26546661053,867.4947368421053,253.3631578947368,2000.0,1.0000000000000007
20260314,63,248.00412,6330.758816336842,3236.169342652635,855.8736842105261,238.71578947368408,2000.0,1.0000000000000004
20260314,64,246.16228,6365.394271326316,3297.073218694738,844.2526315789473,224.06842105263158,2000.0,1.0000000000000002
20260314,65,246.16228,6400.02972631579,3357.977094736844,832.6315789473686,209.421052631579,2000.0,1.0000000000000002
20260314,66,244.72448,6434.665181305261,3418.8809707789487,821.0105263157894,194.7736842105263,2000.0,1.0000000000000004
20260314,67,244.72448,6469.300636294737,3469.2848468210564,810.2736842105264,189.7421052631579,2000.0,1.0000000000000007
20260314,68,246.16228,6503.936091284211,3518.688722863159,799.6210526315791,185.6263157894737,2000.0,1.0000000000000002
20260314,69,246.16228,6538.571546273684,3568.0925989052666,788.9684210526314,181.5105263157895,2000.0,1.0000000000000004
20260314,70,246.56632,6573.207001263158,3617.496474947371,778.3157894736842,177.3947368421053,2000.0,1.0000000000000002
20260314,71,247.86762,6634.948464505264,3725.5537276631608,761.6000000000001,147.7947368421053,2000.0,1.0000000000000002
20260314,72,248.40816,6704.21937448421,3849.90358501053,743.2,111.1157894736841,2000.0,1.0000000000000007
20260314,73,249.84596,6773.490284463159,3974.2534423578986,724.8000000000001,74.43684210526338,2000.0,1.0000000000000004
20260314,74,251.51126,6842.761194442104,4098.603299705262,706.4000000000001,37.757894736842154,2000.0,1.0
20260314,75,251.6878,6889.443764210525,4203.759553684214,664.6315789473681,21.052631578947352,2000.0,1.0000000000000007
20260314,76,253.52964,6924.079219199999,4298.679219199996,610.4000000000003,15.00000000000004,2000.0,0.9999999999999996
20260314,77,255.1549,6958.714674189474,4393.598884715788,556.1684210526315,8.947368421052634,2000.0,0.9999999999999998
20260314,78,256.97672,6993.35012917895,4488.518550231575,501.93684210526266,2.894736842105239,2000.0,0.999999999999999
20260314,79,256.97672,6991.844239831579,4534.538976673681,457.30526315789496,0.0,2000.0,0.9999999999999994
20260314,80,256.97672,6957.208784842106,4535.735100631577,421.47368421052624,0.0,2000.0,0.9999999999999996
20260314,81,256.97672,6922.573329852631,4536.931224589474,385.6421052631577,0.0,2000.0,1.0000000000000002
20260314,82,257.21332,6887.937874863155,4538.127348547365,349.8105263157896,0.0,2000.0,0.9999999999999999
20260314,83,256.97672,6826.196411621052,4508.049043199997,318.1473684210527,0.0,2000.0,0.9999999999999996
20260314,84,255.37148,6722.29004665263,4429.321625599997,292.9684210526315,0.0,2000.0,0.9999999999999998
20260314,85,255.1549,6618.38368168421,4350.594207999996,267.7894736842107,0.0,2000.0,0.9999999999999994
20260314,86,253.33308,6514.477316715789,4271.866790399998,242.6105263157894,0.0,2000.0,0.9999999999999997
20260314,87,251.6878,6392.500279578946,4175.321332210527,217.178947368421,0.0,2000.0,1.0000000000000002
20260314,88,249.84596,6219.323004631579,4028.291425684212,191.0315789473686,0.0,2000.0,1.0000000000000002
20260314,89,248.794,6046.145729684211,3881.261519157898,164.8842105263158,0.0,2000.0,1.0000000000000004
20260314,90,247.86762,5872.968454736841,3734.2316126315786,138.736842105263,0.0,2000.0,1.0000000000000002
20260314,91,247.6801600000001,5699.791179789475,3584.1701271579,115.621052631579,0.0,2000.0,1.0000000000000009
20260314,92,246.56632,5526.613904842106,3413.8981153684213,112.7157894736842,0.0,2000.0,0.9999999999999999
20260314,93,246.16228,5353.436629894738,3243.6261035789457,109.8105263157894,0.0,2000.0,0.9999999999999994
20260314,94,244.32044,5180.2593549473695,3073.354091789476,106.9052631578948,0.0,2000.0,1.0000000000000004
20260314,95,241.0408,5007.082080000001,2903.082080000001,104.0,0.0,2000.0,1.0
20260315,0,246.16228,4412.491083,2332.4910830000013,80.0,0.0,2000.0,1.0000000000000002
20260315,1,244.72448,4395.534141494738,2309.723615178948,85.81052631578949,0.0,2000.0,1.0
20260315,2,244.72448,4378.577199989472,2286.956147357897,91.62105263157895,0.0,2000.0,1.0000000000000009
20260315,3,244.32044,4361.62025848421,2264.1886795368423,97.43157894736842,0.0,2000.0,1.0
20260315,4,244.32044,4344.6633169789475,2241.421211715791,103.2421052631579,0.0,2000.0,1.0000000000000004
20260315,5,244.32044,4312.9612089473685,2146.6454194736853,166.3157894736842,0.0,2000.0,1.0000000000000002
20260315,6,234.07748,4279.047325936844,2041.068378568424,237.978947368421,0.0,2000.0,1.0000000000000002
20260315,7,233.67344,4245.133442926317,1935.4913376631612,309.6421052631579,0.0,2000.0,1.0000000000000004
20260315,8,227.81304,4211.21955991579,1829.914296757898,381.30526315789484,0.0,2000.0,1.0000000000000007
20260315,9,227.95864,4177.305676905262,1802.3583084842119,374.9473684210526,0.0,2000.0,1.0000000000000007
20260315,10,227.95864,4143.391793894735,1802.339162315792,341.0526315789475,0.0,2000.0,1.000000000000001
20260315,11,227.95864,4109.477910884213,1802.3200161473699,307.1578947368422,0.0,2000.0,0.9999999999999998
20260315,12,227.95864,4075.5640278736864,1802.3008699789511,273.26315789473676,0.0,2000.0,1.0000000000000004
20260315,13,854.1030863157896,4076.8310249307447,1793.841551246537,282.9894736842105,0.0,2000.0,1.0000000000000007
20260315,14,854.1030863157896,4116.587257617725,1795.8293628808872,320.757894736842,0.0,2000.0,1.0000000000000009
20260315,15,854.1030863157896,4156.343490304706,1797.817174515235,358.5263157894738,0.0,2000.0,1.0000000000000007
20260315,16,854.1030863157896,4196.0997229916875,1799.804986149584,396.2947368421053,0.0,2000.0,1.0000000000000004
20260315,17,854.1030863157896,4299.235457063709,1804.961772853186,494.27368421052637,0.0,2000.0,1.0000000000000009
20260315,18,854.1617094736841,4471.51246537396,1813.5756232686979,657.9368421052633,0.0,2000.0,1.0000000000000002
20260315,19,854.1617094736841,4643.789473684209,1822.189473684211,821.5999999999999,0.0,2000.0,1.0000000000000004
20260315,20,854.1617094736841,4816.0664819944595,1830.803324099724,985.2631578947369,0.0,2000.0,1.0000000000000004
20260315,21,854.1617094736841,4942.293628808862,1837.114681440443,1105.136842105263,0.04210526315789487,2000.0,1.0000000000000004
20260315,22,854.1617094736841,4982.177285318559,1839.108864265928,1142.905263157895,0.1631578947368419,2000.0,1.0
20260315,23,854.1617094736841,5022.060941828252,1841.1030470914131,1180.6736842105258,0.28421052631578947,2000.0,1.0000000000000004
20260315,24,854.2203326315789,5061.9445983379455,1843.097229916897,1218.442105263158,0.405263157894737,2000.0,1.0000000000000009
20260315,25,853.5936778947367,5096.537396121882,1844.826869806095,1246.315789473684,5.394736842105237,2000.0,1.0000000000000004
20260315,26,244.32044,5311.208982778949,2044.730035410527,1238.568421052632,27.91052631578948,2000.0,0.9999999999999998
20260315,27,232.414,5531.649222347369,2250.401853926318,1230.821052631579,50.426315789473705,2000.0,1.0000000000000002
20260315,28,244.14208,5752.08946191579,2456.073672442106,1223.0736842105262,72.94210526315787,2000.0,1.0
20260315,29,244.32044,5968.106151526316,2662.079835736844,1208.252631578947,97.77368421052634,2000.0,1.0000000000000002
20260315,30,237.7611600000001,6137.675566578948,2871.596619210528,1119.157894736842,146.921052631579,2000.0,1.0000000000000002
20260315,31,241.0408,6307.24498163158,3081.113402684211,1030.0631578947368,196.0684210526316,2000.0,0.9999999999999999
20260315,32,244.32044,6476.814396684212,3290.6301861578954,940.9684210526315,245.2157894736842,2000.0,0.9999999999999999
20260315,33,246.56632,6646.383811736842,3500.146969631579,851.8736842105262,294.363157894737,2000.0,1.0
20260315,34,246.56632,6718.635127715791,3528.2824961368433,825.7684210526318,364.5842105263157,2000.0,1.0
20260315,35,246.56632,6786.4628937368425,3548.1734200526316,802.5263157894738,435.76315789473654,2000.0,0.9999999999999999
20260315,36,247.6801600000001,6854.290659757897,3568.0643439684254,779.2842105263156,506.942105263158,2000.0,1.0000000000000002
20260315,37,247.6801600000001,6922.118425778947,3587.9552678842138,756.0421052631579,578.1210526315789,2000.0,1.0000000000000004
20260315,38,247.86762,6947.9224672,3614.222467200004,726.4,607.3000000000001,2000.0,1.0000000000000004
20260315,39,247.86762,6964.879408705265,3641.832040284213,695.4105263157895,627.6368421052632,2000.0,1.0000000000000002
20260315,40,248.00412,6981.836350210526,3669.4416133684244,664.4210526315787,647.9736842105262,2000.0,1.0000000000000004
20260315,41,248.00412,6998.79329171579,3697.051186452633,633.4315789473685,668.3105263157895,2000.0,1.0000000000000002
20260315,42,248.00412,6992.157966778946,3706.710598357895,605.136842105263,680.3105263157895,2000.0,1.0000000000000002
20260315,43,248.00412,6975.201025273684,3708.5168147473687,578.0210526315789,688.6631578947369,2000.0,1.0000000000000002
20260315,44,248.00412,6958.244083768422,3710.3230311368443,550.9052631578948,697.0157894736842,2000.0,1.0000000000000002
20260315,45,248.00412,6941.287142263158,3712.129247526319,523.7894736842104,705.3684210526316,2000.0,1.0000000000000004
20260315,46,247.86762,6876.408409547369,3650.8926200736873,509.8105263157894,715.7052631578948,2000.0,1.0000000000000002
20260315,47,246.56632,6774.666760515791,3541.1614973578976,505.93684210526317,727.5684210526316,2000.0,1.0000000000000002
20260315,48,246.16228,6672.92511148421,3431.4303746421047,502.06315789473683,739.4315789473684,2000.0,1.0
20260315,49,244.33864,6571.18346245263,3321.6992519263135,498.1894736842106,751.2947368421053,2000.0,0.9999999999999999
20260315,50,244.32044,6506.304729736843,3241.831045526316,516.2105263157894,748.2631578947369,2000.0,0.9999999999999999
20260315,51,243.2248,6489.347788231578,3200.784630336841,562.6947368421054,725.8684210526316,2000.0,1.0
20260315,52,242.88264,6472.3908467263145,3159.73821514737,609.1789473684212,703.4736842105264,2000.0,1.0000000000000004
20260315,53,242.11096,6455.433905221053,3118.691799957896,655.6631578947367,681.078947368421,2000.0,1.0000000000000002
20260315,54,241.0408,6433.3161554315775,3080.221418589475,697.4315789473684,655.6631578947367,2000.0,1.0000000000000004
20260315,55,240.99712,6399.402272421052,3047.639114526315,728.4210526315791,623.3421052631579,2000.0,1.0
20260315,56,239.88328,6365.488389410527,3015.056810463157,759.4105263157894,591.021052631579,2000.0,0.9999999999999997
20260315,57,239.1989600000001,6331.574506400002,2982.474506400004,790.4000000000002,558.6999999999999,2000.0,1.0000000000000002
20260315,58,238.76944,6297.6606233894745,2957.681676021056,812.6315789473684,527.3473684210526,2000.0,1.0000000000000002
20260315,59,239.1989600000001,6263.746740378946,2969.888845642107,793.263157894737,500.59473684210536,2000.0,1.0000000000000007
20260315,60,239.1989600000001,6229.83285736842,2982.0960152631583,773.8947368421053,473.8421052631578,2000.0,1.0000000000000002
20260315,61,239.1989600000001,6195.918974357894,2994.303184884212,754.5263157894735,447.0894736842105,2000.0,1.0000000000000002
20260315,62,239.88328,6164.95412465263,3010.090966757894,734.9894736842105,419.87368421052633,2000.0,1.0000000000000002
20260315,63,241.0408,6198.868007663157,3104.652218189475,711.7473684210527,382.4684210526315,2000.0,1.0000000000000002
20260315,64,243.2248,6232.781890673686,3199.2134696210533,688.5052631578948,345.0631578947368,2000.0,0.9999999999999999
20260315,65,244.32044,6266.6957736842105,3293.774721052633,665.263157894737,307.6578947368421,2000.0,1.0000000000000002
20260315,66,245.45248,6300.609656694737,3388.335972484212,642.0210526315789,270.2526315789473,2000.0,1.0000000000000002
20260315,67,246.56632,6334.523539705262,3484.5551186526345,615.2421052631579,234.7263157894739,2000.0,1.0000000000000007
20260315,68,247.6801600000001,6368.437422715789,3580.932159557896,588.1263157894738,199.3789473684211,2000.0,1.0000000000000002
20260315,69,248.00412,6402.351305726316,3677.309200463161,561.0105263157893,164.0315789473683,2000.0,1.0000000000000002
20260315,70,248.794,6436.265188736841,3773.6862413684244,533.8947368421054,128.684210526316,2000.0,1.0000000000000007
20260315,71,249.84596,6496.720371494737,3873.48879254737,524.2105263157895,99.021052631579,2000.0,1.0000000000000002
20260315,72,251.51126,6564.548137515789,3974.242874357894,519.3684210526317,70.93684210526305,2000.0,1.0
20260315,73,251.6878,6632.375903536842,4074.9969561684215,514.5263157894738,42.852631578947545,2000.0,1.0000000000000002
20260315,74,253.52964,6700.203669557894,4175.751037978944,509.6842105263158,14.768421052631611,2000.0,0.9999999999999996
20260315,75,255.1549,6745.913685789474,4238.91368578947,502.7894736842105,4.210526315789469,2000.0,0.9999999999999994
20260315,76,255.37148,6779.8275688,4282.0275687999965,494.80000000000007,3.0000000000000067,2000.0,0.9999999999999994
20260315,77,255.37148,6813.741451810526,4325.141451810525,486.8105263157894,1.7894736842105279,2000.0,0.9999999999999999
20260315,78,256.97672,6847.655334821052,4368.2553348210495,478.8210526315789,0.578947368421048,2000.0,0.9999999999999996
20260315,79,257.21332,6846.180818168422,4383.18081816842,463.0000000000002,0.0,2000.0,0.9999999999999998
20260315,80,256.97672,6812.266935157895,4372.266935157893,440.00000000000006,0.0,2000.0,0.9999999999999998
20260315,81,256.97672,6778.353052147369,4361.353052147367,416.9999999999999,0.0,2000.0,0.9999999999999996
20260315,82,256.97672,6744.439169136841,4350.439169136841,394.0,0.0,2000.0,1.0
20260315,83,255.37148,6683.9839863789475,4318.383986378946,365.6000000000001,0.0,2000.0,0.9999999999999999
20260315,84,255.1549,6582.242337347368,4253.4423373473655,328.7999999999999,0.0,2000.0,0.9999999999999996
20260315,85,253.52964,6480.5006883157885,4188.500688315786,292.00000000000006,0.0,2000.0,0.9999999999999996
20260315,86,253.33308,6378.759039284209,4123.55903928421,255.2000000000001,0.0,2000.0,1.0
20260315,87,251.6878,6259.323190421053,4040.417927263161,218.90526315789458,0.0,2000.0,1.0000000000000002
20260315,88,249.84596,6089.753775368421,3905.711670105265,184.0421052631581,0.0,2000.0,1.0000000000000002
20260315,89,248.794,5920.184360315789,3771.005412947372,149.1789473684211,0.0,2000.0,1.0000000000000007
20260315,90,247.86762,5750.614945263158,3636.2991557894757,114.3157894736841,0.0,2000.0,1.0000000000000002
20260315,91,247.6801600000001,5581.0455302105265,3499.698161789478,81.34736842105275,0.0,2000.0,1.0000000000000009
20260315,92,246.56632,5411.476115157895,3350.465588842106,61.01052631578949,0.0,2000.0,1.0
20260315,93,245.45248,5241.906700105262,3201.2330158947357,40.67368421052622,0.0,2000.0,1.0
20260315,94,243.2248,5072.337285052633,3052.00044294737,20.33684210526326,0.0,2000.0,1.0000000000000002
20260315,95,241.0408,4902.767870000001,2902.767870000001,0.0,0.0,2000.0,1.0000000000000002
20260316,0,251.51126,4302.961162500001,2302.961162499999,0.0,0.0,2000.0,0.9999999999999996
20260316,1,250.2500000000001,4275.180641310526,2274.69643078421,0.4842105263157895,0.0,2000.0,1.0
20260316,2,250.2500000000001,4247.400120121053,2246.431699068421,0.968421052631579,0.0,2000.0,0.9999999999999998
20260316,3,249.84596,4219.619598931579,2218.1669673526317,1.452631578947369,0.0,2000.0,0.9999999999999998
20260316,4,249.84596,4191.8390777421055,2189.902235636843,1.936842105263158,0.0,2000.0,1.0000000000000002
20260316,5,249.68944,4139.901581605263,2138.322634236842,1.578947368421053,0.0,2000.0,1.0
20260316,6,248.40816,4084.3405392263157,2083.245802384211,1.094736842105263,0.0,2000.0,1.0000000000000002
20260316,7,248.00412,4028.779496847368,2028.168970531577,0.6105263157894738,0.0,2000.0,0.9999999999999996
20260316,8,247.86762,3973.218454468421,1973.0921386789462,0.1263157894736841,0.0,2000.0,0.9999999999999997
20260316,9,247.86762,3927.9241264421053,1927.2083369684221,0.715789473684211,0.0,2000.0,1.0000000000000002
20260316,10,246.56632,3886.2533446578927,1884.569134131578,1.6842105263157892,0.0,2000.0,1.0000000000000002
20260316,11,246.16228,3844.5825628736843,1841.929931294737,2.652631578947368,0.0,2000.0,1.0
20260316,12,244.72448,3802.911781089473,1799.2907284578941,3.621052631578948,0.0,2000.0,1.0
20260316,13,244.72448,3778.150881768421,1773.414039663158,4.736842105263158,0.0,2000.0,1.0
20260316,14,244.32044,3764.2606211736834,1758.313252752632,5.947368421052631,0.0,2000.0,1.0000000000000004
20260316,15,244.32044,3750.370360578947,1743.212465842106,7.157894736842106,0.0,2000.0,1.0000000000000002
20260316,16,244.32044,3736.480099984211,1728.111678931581,8.368421052631579,0.0,2000.0,1.0000000000000004
20260316,17,244.32044,3729.2330075000004,1721.2751127631582,7.957894736842105,0.0,2000.0,0.9999999999999999
20260316,18,244.32044,3729.2330075000004,1723.45406013158,5.778947368421051,0.0,2000.0,1.0000000000000002
20260316,19,244.32044,3729.2330075000004,1725.6330075000012,3.600000000000003,0.0,2000.0,1.0000000000000002
20260316,20,244.32044,3729.2330075000004,1727.811954868421,1.421052631578948,0.0,2000.0,0.9999999999999999
20260316,21,244.32044,3743.7271924684196,1743.5587714157912,0.0,0.1684210526315795,2000.0,1.0000000000000009
20260316,22,244.72448,3785.3979742526312,1784.7453426736847,0.0,0.652631578947368,2000.0,1.0000000000000002
20260316,23,246.16228,3827.0687560368424,1825.931913931579,0.0,1.1368421052631579,2000.0,1.0
20260316,24,246.16228,3868.739537821053,1867.118485189474,0.0,1.621052631578948,2000.0,1.0
20260316,25,246.56632,3919.469185210527,1909.469185210527,2.7368421052631433,7.263157894736814,2000.0,1.0
20260316,26,247.86762,4002.8107487789475,1956.010748778948,15.326315789473691,31.473684210526322,2000.0,1.0000000000000002
20260316,27,248.00412,4086.152312347369,2002.552312347366,27.91578947368423,55.68421052631582,2000.0,0.9999999999999993
20260316,28,248.00412,4169.493875915789,2049.093875915787,40.505263157894724,79.89473684210525,2000.0,0.9999999999999993
20260316,29,248.40816,4256.458985726315,2094.195827831579,54.02105263157896,108.2421052631579,2000.0,1.0000000000000002
20260316,30,249.68944,4381.4713310789475,2124.1818573947357,77.26315789473689,180.02631578947378,2000.0,0.9999999999999998
20260316,31,249.68944,4506.48367643158,2154.167886957895,100.5052631578947,251.81052631578947,2000.0,0.9999999999999998
20260316,32,249.84596,4631.496021784212,2184.1539165210543,123.74736842105261,323.5947368421053,2000.0,1.0000000000000002
20260316,33,249.84596,4756.508367136842,2214.139946084211,146.9894736842106,395.3789473684211,2000.0,1.0000000000000002
20260316,34,249.68944,4841.661703826315,2165.709072247368,229.5157894736842,446.4368421052631,2000.0,1.0000000000000002
20260316,35,249.68944,4925.003267394737,2113.7137937105267,314.7368421052629,496.55263157894717,2000.0,1.0
20260316,36,248.40816,5008.344830963159,2061.718515173686,399.95789473684226,546.6684210526316,2000.0,1.0
20260316,37,248.00412,5091.686394531579,2009.723236636841,485.178947368421,596.7842105263157,2000.0,0.9999999999999998
20260316,38,247.86762,5140.6042688,1982.704268800002,516.0,641.8999999999997,2000.0,1.0000000000000004
20260316,39,247.86762,5182.275050584212,1960.943471636843,535.3684210526317,685.9631578947369,2000.0,1.0
20260316,40,247.86762,5223.945832368422,1939.182674473685,554.7368421052632,730.0263157894736,2000.0,1.0
20260316,41,246.56632,5265.616614152632,1917.42187731053,574.1052631578947,774.0894736842102,2000.0,1.0000000000000004
20260316,42,246.56632,5297.624605957894,1921.7035533263172,596.842105263158,779.078947368421,2000.0,1.0000000000000004
20260316,43,247.86762,5325.405127147369,1937.3788113578978,621.0526315789474,766.9736842105262,2000.0,1.0000000000000004
20260316,44,247.86762,5353.185648336842,1953.0540693894761,645.2631578947368,754.8684210526316,2000.0,1.0000000000000004
20260316,45,247.86762,5380.966169526316,1968.729327421055,669.4736842105265,742.7631578947368,2000.0,1.0000000000000004
20260316,46,247.86762,5369.491606426314,1952.94950116316,674.5263157894736,742.0157894736843,2000.0,1.0000000000000007
20260316,47,246.56632,5327.820824642105,1912.9734562210551,664.842105263158,750.0052631578949,2000.0,1.0000000000000004
20260316,48,246.16228,5286.150042857894,1872.9974112789482,655.157894736842,757.9947368421053,2000.0,1.0000000000000004
20260316,49,246.16228,5244.479261073684,1833.021366336843,645.4736842105264,765.9842105263158,2000.0,1.0000000000000002
20260316,50,244.32044,5214.886966763157,1768.0711772894738,672.4210526315787,774.3947368421053,2000.0,1.0000000000000002
20260316,51,854.88856,5231.939058171745,1701.596952908587,746.9894736842106,783.3526315789472,2000.0,1.0
20260316,52,854.9642336842105,5319.861495844875,1705.993074792244,821.5578947368421,792.3105263157893,2000.0,1.0
20260316,53,854.9642336842105,5407.783933518003,1710.3891966759002,896.1263157894734,801.2684210526314,2000.0,1.0000000000000004
20260316,54,854.9642336842105,5456.653739612188,1712.8326869806099,940.6315789473684,803.1894736842105,2000.0,1.0000000000000004
20260316,55,854.9642336842105,5416.260387811634,1710.8130193905818,916.4210526315788,789.0263157894736,2000.0,1.0
20260316,56,854.9642336842105,5375.86703601108,1708.7933518005539,892.2105263157896,774.8631578947369,2000.0,1.0000000000000002
20260316,57,854.9642336842105,5335.473684210525,1706.7736842105257,868.0,760.6999999999999,2000.0,1.0000000000000002
20260316,58,854.9642336842105,5287.3019390581685,1704.3650969529078,844.6315789473684,738.3052631578948,2000.0,1.0000000000000004
20260316,59,854.88856,5202.182825484764,1700.109141274238,825.2631578947369,676.8105263157896,2000.0,1.0
20260316,60,854.88856,5117.063711911355,1695.853185595568,805.8947368421052,615.3157894736838,2000.0,1.0000000000000002
20260316,61,854.88856,5031.944598337949,1691.597229916897,786.5263157894738,553.8210526315788,2000.0,1.0000000000000002
20260316,62,854.88856,4949.988919667589,1687.499445983379,769.178947368421,493.3105263157895,2000.0,1.0000000000000002
20260316,63,854.88856,4937.628808864265,1686.8814404432128,796.2947368421053,454.4526315789472,2000.0,1.0
20260316,64,854.88856,4925.26869806094,1686.2634349030468,823.4105263157895,415.5947368421052,2000.0,1.0000000000000004
20260316,65,854.88856,4912.908587257616,1685.645429362881,850.5263157894736,376.73684210526324,2000.0,1.0000000000000004
20260316,66,854.88856,4900.548476454292,1685.027423822715,877.642105263158,337.8789473684209,2000.0,1.0000000000000007
20260316,67,244.32044,4914.736553042105,1714.38392146316,906.5263157894738,293.82631578947394,2000.0,1.0000000000000007
20260316,68,244.72448,4956.4073348263155,1771.5494400894731,935.5789473684212,249.27894736842111,2000.0,1.0
20260316,69,246.16228,4998.078116610527,1828.714958715791,964.6315789473686,204.73157894736832,2000.0,1.0000000000000002
20260316,70,246.56632,5039.748898394737,1885.880477342106,993.6842105263157,160.1842105263161,2000.0,1.0000000000000002
20260316,71,247.86762,5092.290318905263,1953.2534767999991,1014.2105263157889,124.8263157894737,2000.0,0.9999999999999997
20260316,72,248.00412,5147.851361284211,2023.4618875999988,1032.368421052632,92.02105263157881,2000.0,0.9999999999999997
20260316,73,248.40816,5203.4124036631565,2093.670298399999,1050.526315789474,59.215789473684396,2000.0,1.0
20260316,74,249.68944,5258.973446042106,2163.8787092000002,1068.684210526316,26.4105263157895,2000.0,1.0
20260316,75,250.2500000000001,5350.7699508421065,2272.138371894737,1066.0,12.63157894736841,2000.0,0.9999999999999997
20260316,76,251.6878,5461.892035599999,2400.692035599999,1052.2,9.000000000000021,2000.0,1.0
20260316,77,253.52964,5573.014120357895,2529.2456993052638,1038.4,5.368421052631582,2000.0,1.0
20260316,78,255.37148,5684.1362051157885,2657.799363010525,1024.6000000000001,1.736842105263144,2000.0,1.0
20260316,79,256.97672,5715.540272547368,2677.961325178945,1037.578947368421,0.0,2000.0,0.9999999999999997
20260316,80,255.1549,5673.869490763158,2598.764227605263,1075.105263157895,0.0,2000.0,1.0
20260316,81,253.52964,5632.198708978946,2519.567130031578,1112.631578947369,0.0,2000.0,1.0000000000000002
20260316,82,253.33308,5590.527927194736,2440.370032457894,1150.157894736842,0.0,2000.0,1.0000000000000002
20260316,83,251.6878,5554.292464773684,2370.397727931579,1183.894736842105,0.0,2000.0,1.0
20260316,84,251.51126,5526.51194358421,2314.7751014789483,1211.736842105263,0.0,2000.0,1.0000000000000002
20260316,85,250.2500000000001,5498.731422394737,2259.152475026317,1239.578947368421,0.0,2000.0,1.0000000000000002
20260316,86,249.84596,5470.950901205262,2203.529848573685,1267.421052631579,0.0,2000.0,1.0000000000000002
20260316,87,249.68944,5432.299741289472,2158.9523728684208,1273.347368421052,0.0,2000.0,1.0000000000000002
20260316,88,249.68944,5362.848438315789,2145.669490947368,1217.178947368421,0.0,2000.0,1.0
20260316,89,249.68944,5293.397135342106,2132.386609026314,1161.0105263157889,0.0,2000.0,0.9999999999999994
20260316,90,249.68944,5223.945832368422,2119.103727105263,1104.842105263158,0.0,2000.0,0.9999999999999998
20260316,91,249.68944,5154.494529394738,2104.715582026317,1049.7789473684209,0.0,2000.0,1.0
20260316,92,248.40816,5085.043226421053,2082.9590158947367,1002.084210526316,0.0,2000.0,0.9999999999999998
20260316,93,248.40816,5015.5919234473695,2061.202449763157,954.3894736842102,0.0,2000.0,0.9999999999999997
20260316,94,248.00412,4946.140620473684,2039.445883631577,906.6947368421054,0.0,2000.0,0.9999999999999997
20260316,95,248.00412,4876.6893175,2017.689317499998,859.0,0.0,2000.0,0.9999999999999997
20260317,0,854.7916210526315,4383.157894736842,1659.157894736843,723.9999999999999,0.0,2000.0,1.0000000000000004
20260317,1,854.7916210526315,4344.421052631579,1657.221052631579,687.2,0.0,2000.0,1.0
20260317,2,854.7916210526315,4305.684210526315,1655.284210526316,650.4,0.0,2000.0,1.0000000000000002
20260317,3,854.7916210526315,4266.9473684210525,1653.347368421053,613.6000000000001,0.0,2000.0,1.0000000000000002
20260317,4,854.7916210526315,4228.210526315786,1651.4105263157892,576.7999999999998,0.0,2000.0,1.0000000000000007
20260317,5,854.7916210526315,4296.066481994459,1654.803324099723,641.2631578947368,0.0,2000.0,1.0000000000000002
20260317,6,854.7916210526315,4379.911357340719,1658.9955678670372,720.9157894736842,0.0,2000.0,1.0000000000000004
20260317,7,854.88856,4463.75623268698,1663.187811634349,800.5684210526317,0.0,2000.0,1.0000000000000002
20260317,8,854.88856,4547.601108033237,1667.380055401663,880.2210526315789,0.0,2000.0,1.000000000000001
20260317,9,854.88856,4587.556786703598,1669.37783933518,918.1789473684212,0.0,2000.0,1.0000000000000007
20260317,10,854.88856,4612.02216066482,1670.601108033241,941.421052631579,0.0,2000.0,1.0
20260317,11,854.88856,4636.487534626037,1671.824376731302,964.663157894737,0.0,2000.0,1.0000000000000004
20260317,12,854.88856,4660.952908587257,1673.047645429363,987.9052631578948,0.0,2000.0,1.0000000000000002
20260317,13,854.88856,4632.055401662048,1671.602770083103,960.4526315789473,0.0,2000.0,1.0000000000000004
20260317,14,854.88856,4568.853185595567,1668.442659279779,900.4105263157896,0.0,2000.0,1.0000000000000004
20260317,15,854.88856,4505.650969529086,1665.2825484764548,840.3684210526314,0.0,2000.0,1.0
20260317,16,854.88856,4442.448753462601,1662.122437673131,780.3263157894737,0.0,2000.0,1.0000000000000007
20260317,17,854.7916210526315,4359.379501385041,1657.9689750692519,701.4105263157895,0.0,2000.0,1.0
20260317,18,854.7916210526315,4254.637119113572,1652.7318559556788,601.9052631578946,0.0,2000.0,1.0000000000000002
20260317,19,854.7916210526315,4149.894736842104,1647.4947368421049,502.4000000000002,0.0,2000.0,1.0000000000000002
20260317,20,854.7916210526315,4045.152354570635,1642.2576177285318,402.8947368421053,0.0,2000.0,1.0000000000000007
20260317,21,854.7916210526315,3967.7562326869797,1638.387811634349,326.7157894736842,2.652631578947377,2000.0,1.0000000000000002
20260317,22,854.7916210526315,3941.6343490304685,1637.0817174515232,294.2736842105264,10.27894736842104,2000.0,1.0000000000000007
20260317,23,854.7916210526315,3915.512465373959,1635.7756232686982,261.8315789473685,17.90526315789474,2000.0,1.0000000000000007
20260317,24,854.7916210526315,3889.39058171745,1634.469529085872,229.3894736842105,25.531578947368427,2000.0,1.0000000000000002
20260317,25,854.7916210526315,3872.520775623267,1633.6260387811642,195.0526315789475,43.84210526315784,2000.0,1.0000000000000007
20260317,26,241.0408,3898.841638421051,1644.331112105263,153.89473684210532,100.61578947368419,2000.0,1.0000000000000004
20260317,27,244.32044,3980.0184860526306,1709.8921702631578,112.7368421052631,157.38947368421051,2000.0,1.0000000000000002
20260317,28,244.72448,4061.195333684211,1775.453228421052,71.57894736842108,214.1631578947368,2000.0,0.9999999999999997
20260317,29,246.16228,4145.9016094736835,1839.722662105262,33.83157894736842,272.3473684210527,2000.0,1.0
20260317,30,246.56632,4267.666880921051,1890.4300388157899,31.89473684210526,345.34210526315803,2000.0,1.0000000000000004
20260317,31,247.86762,4389.432152368422,1941.137415526316,29.95789473684211,418.33684210526314,2000.0,0.9999999999999998
20260317,32,248.00412,4511.19742381579,1991.8447922368412,28.021052631578954,491.33157894736826,2000.0,0.9999999999999996
20260317,33,248.00412,4632.962695263159,2042.552168947369,26.084210526315786,564.3263157894737,2000.0,1.0
20260317,34,248.40816,4715.904256973683,2063.235835921053,38.50526315789473,614.1631578947366,2000.0,1.0000000000000004
20260317,35,248.40816,4797.081104605263,2082.55478881579,51.57894736842101,662.9473684210524,2000.0,1.0
20260317,36,249.68944,4878.257952236842,2101.873741710528,64.65263157894738,711.7315789473685,2000.0,1.0000000000000004
20260317,37,249.68944,4959.43479986842,2121.192694605264,77.72631578947366,760.5157894736843,2000.0,1.0000000000000004
20260317,38,249.68944,5007.082080000001,2151.382080000003,88.99999999999996,766.6999999999999,2000.0,1.0000000000000004
20260317,39,249.84596,5047.670503815791,2183.859977500003,99.89473684210529,763.9157894736843,2000.0,1.0000000000000004
20260317,40,249.84596,5088.2589276315775,2216.337875000004,110.7894736842105,761.1315789473684,2000.0,1.000000000000001
20260317,41,250.2500000000001,5128.847351447368,2248.8157725,121.6842105263158,758.3473684210526,2000.0,1.0
20260317,42,249.68944,5160.023966842107,2156.597651052634,223.86315789473713,779.5631578947371,2000.0,1.0000000000000002
20260317,43,248.00412,5187.082916052631,2009.82502131579,365.978947368421,811.278947368421,2000.0,1.0000000000000002
20260317,44,246.16228,5214.141865263158,1863.05239157895,508.09473684210485,842.9947368421052,2000.0,1.0000000000000004
20260317,45,244.32044,5241.200814473684,1716.279761842106,650.2105263157897,874.7105263157895,2000.0,1.0000000000000002
20260317,46,854.9642336842105,5304.853185595567,1705.2426592797779,703.5157894736841,896.0947368421052,2000.0,1.0
20260317,47,854.9642336842105,5303.196675900276,1705.159833795014,688.5052631578948,909.5315789473684,2000.0,1.0000000000000002
20260317,48,854.9642336842105,5301.540166204984,1705.0770083102489,673.4947368421052,922.9684210526317,2000.0,1.0000000000000004
20260317,49,854.9642336842105,5299.8836565096935,1704.9941828254841,658.4842105263158,936.4052631578946,2000.0,1.0000000000000004
20260317,50,854.9642336842105,5297.229916897506,1704.8614958448748,651.3684210526316,941.0,2000.0,1.0
20260317,51,854.9642336842105,5293.279778393348,1704.6639889196679,654.5157894736843,934.0999999999999,2000.0,1.0000000000000007
20260317,52,854.9642336842105,5289.329639889196,1704.46648199446,657.6631578947369,927.2,2000.0,1.0000000000000002
20260317,53,854.9642336842105,5285.379501385039,1704.268975069251,660.8105263157895,920.3000000000001,2000.0,1.0000000000000004
20260317,54,854.88856,5268.011080332408,1703.40055401662,655.1157894736841,909.4947368421053,2000.0,1.0000000000000004
20260317,55,854.88856,5219.972299168973,1700.9986149584481,629.2105263157894,889.7631578947369,2000.0,1.0000000000000002
20260317,56,854.88856,5171.933518005538,1698.596675900276,603.3052631578947,870.0315789473684,2000.0,1.0000000000000002
20260317,57,854.88856,5123.894736842104,1696.1947368421052,577.4000000000001,850.3,2000.0,1.0000000000000002
20260317,58,854.88856,5088.4432132963975,1694.4221606648198,568.2947368421053,825.7263157894736,2000.0,1.0000000000000004
20260317,59,854.88856,5112.781163434901,1695.639058171745,638.9894736842103,778.1526315789474,2000.0,1.0000000000000004
20260317,60,854.88856,5137.119113573405,1696.8559556786702,709.6842105263162,730.578947368421,2000.0,1.0000000000000004
20260317,61,854.88856,5161.45706371191,1698.072853185596,780.3789473684211,683.0052631578945,2000.0,1.0000000000000004
20260317,62,854.88856,5182.653739612186,1699.1326869806103,847.6315789473684,635.8894736842105,2000.0,1.0000000000000007
20260317,63,854.88856,5134.742382271466,1696.737119113573,839.1578947368421,598.8473684210525,2000.0,1.0000000000000004
20260317,64,854.88856,5086.831024930746,1694.3415512465372,830.6842105263158,561.8052631578947,2000.0,1.0000000000000004
20260317,65,854.88856,5038.919667590025,1691.945983379501,822.2105263157895,524.7631578947369,2000.0,1.0000000000000004
20260317,66,854.88856,4991.0083102493045,1689.5504155124659,813.736842105263,487.7210526315788,2000.0,1.0000000000000007
20260317,67,854.88856,5020.698060941826,1691.0349030470911,903.4105263157888,426.25263157894767,2000.0,1.0000000000000004
20260317,68,854.88856,5057.778393351797,1692.88891966759,1002.431578947368,362.4578947368422,2000.0,1.0000000000000007
20260317,69,854.88856,5094.85872576177,1694.742936288089,1101.452631578948,298.6631578947366,2000.0,1.0000000000000007
20260317,70,854.88856,5131.939058171741,1696.596952908586,1200.473684210526,234.8684210526319,2000.0,1.0000000000000004
20260317,71,854.88856,5152.7645429362865,1697.638227146814,1264.631578947368,190.49473684210528,2000.0,1.0000000000000002
20260317,72,854.88856,5169.074792243768,1698.453739612188,1319.105263157895,151.5157894736841,2000.0,0.9999999999999998
20260317,73,854.88856,5185.385041551244,1699.269252077562,1373.578947368421,112.5368421052634,2000.0,1.0000000000000004
20260317,74,854.88856,5201.695290858725,1700.084764542936,1428.0526315789468,73.55789473684214,2000.0,1.0
20260317,75,244.32044,5211.788913157894,1709.5257552631601,1451.7368421052631,50.52631578947363,2000.0,1.0000000000000007
20260317,76,246.16228,5320.024709999998,1825.02471,1459.0,36.000000000000085,2000.0,1.0000000000000004
20260317,77,247.86762,5428.260506842105,1940.5236647368429,1466.2631578947369,21.47368421052634,2000.0,1.0
20260317,78,248.40816,5536.496303684211,2056.0226194736833,1473.526315789474,6.9473684210525715,2000.0,0.9999999999999999
20260317,79,248.40816,5567.084681052631,2080.610996842104,1486.473684210526,0.0,2000.0,0.9999999999999999
20260317,80,248.00412,5526.4962572368395,2021.864678289471,1504.6315789473679,0.0,2000.0,0.9999999999999999
20260317,81,247.86762,5485.907833421053,1963.118359736842,1522.78947368421,0.0,2000.0,0.9999999999999999
20260317,82,246.56632,5445.319409605263,1904.3720411842098,1540.947368421052,0.0,2000.0,0.9999999999999998
20260317,83,246.16228,5410.0251280263155,1852.3409175000002,1557.6842105263158,0.0,2000.0,1.0000000000000002
20260317,84,244.72448,5382.966178815789,1810.7556524999989,1572.21052631579,0.0,2000.0,1.0
20260317,85,244.32044,5355.907229605264,1769.1703874999992,1586.736842105263,0.0,2000.0,0.9999999999999997
20260317,86,244.32044,5328.848280394736,1727.585122500001,1601.263157894737,0.0,2000.0,1.0000000000000004
20260317,87,854.9642336842105,5320.155124653737,1706.0077562326883,1614.1473684210532,0.0,2000.0,1.0000000000000009
20260317,88,854.9642336842105,5328.8199445983355,1706.440997229917,1622.378947368421,0.0,2000.0,1.0000000000000004
20260317,89,854.9642336842105,5337.4847645429345,1706.874238227146,1630.61052631579,0.0,2000.0,1.0000000000000004
20260317,90,854.9642336842105,5346.1495844875335,1707.307479224377,1638.842105263158,0.0,2000.0,1.0000000000000004
20260317,91,854.9642336842105,5355.14681440443,1707.7573407202208,1647.3894736842108,0.0,2000.0,1.0000000000000004
20260317,92,854.9642336842105,5366.360110803323,1708.3180055401658,1658.0421052631577,0.0,2000.0,1.0000000000000002
20260317,93,854.9642336842105,5372.299168975067,1708.614958448754,1663.684210526315,0.0,2000.0,1.0000000000000004
20260317,94,854.9642336842105,5367.202216066481,1708.360110803324,1658.842105263157,0.0,2000.0,1.0
20260317,95,854.9642336842105,5362.105263157892,1708.1052631578941,1653.9999999999989,0.0,2000.0,1.0000000000000002
20260318,0,854.9642336842105,5381.052631578946,1709.052631578948,1671.999999999999,0.0,2000.0,1.0000000000000002
20260318,1,854.9642336842105,5387.168975069249,1709.358448753463,1677.810526315788,0.0,2000.0,1.0000000000000004
20260318,2,854.9642336842105,5393.285318559555,1709.664265927978,1683.621052631578,0.0,2000.0,1.0000000000000002
20260318,3,854.9642336842105,5399.401662049859,1709.970083102493,1689.431578947367,0.0,2000.0,1.0000000000000002
20260318,4,854.9642336842105,5405.518005540166,1710.275900277009,1695.242105263157,0.0,2000.0,1.0
20260318,5,854.9642336842105,5400.110803324097,1710.005540166205,1690.105263157894,0.0,2000.0,1.0000000000000004
20260318,6,854.9642336842105,5353.396121883656,1707.669806094183,1645.726315789474,0.0,2000.0,1.0000000000000004
20260318,7,854.88856,5268.786703601107,1703.439335180055,1565.347368421053,0.0,2000.0,1.0000000000000004
20260318,8,854.88856,5184.17728531856,1699.208864265928,1484.968421052632,0.0,2000.0,1.0
20260318,9,854.88856,5109.551246537395,1695.4775623268692,1414.0736842105262,0.0,2000.0,1.0000000000000002
20260318,10,854.88856,5038.448753462603,1691.92243767313,1346.526315789474,0.0,2000.0,1.0000000000000002
20260318,11,854.88856,4967.34626038781,1688.3673130193908,1278.9789473684211,0.0,2000.0,1.0000000000000004
20260318,12,854.88856,4896.243767313018,1684.812188365651,1211.431578947368,0.0,2000.0,1.0000000000000002
20260318,13,854.88856,4868.886426592799,1683.444321329641,1185.4421052631578,0.0,2000.0,1.0
20260318,14,854.88856,4869.650969529084,1683.482548476454,1186.168421052632,0.0,2000.0,1.0000000000000004
20260318,15,854.88856,4870.415512465375,1683.5207756232692,1186.894736842105,0.0,2000.0,0.9999999999999998
20260318,16,854.88856,4871.18005540166,1683.5590027700832,1187.621052631579,0.0,2000.0,1.0000000000000007
20260318,17,854.88856,4859.390581717449,1682.969529085873,1176.421052631579,0.0,2000.0,1.0000000000000007
20260318,18,854.88856,4833.905817174514,1681.6952908587261,1152.210526315789,0.0,2000.0,1.0000000000000002
20260318,19,854.88856,4808.421052631577,1680.421052631579,1128.0,0.0,2000.0,1.0000000000000004
20260318,20,854.88856,4782.936288088643,1679.146814404433,1103.789473684211,0.0,2000.0,1.0000000000000002
20260318,21,854.88856,4758.559556786702,1677.927977839335,1080.5894736842101,0.04210526315789487,2000.0,1.0
20260318,22,242.88264,4740.672089002107,1681.224720581054,1059.284210526316,0.1631578947368419,2000.0,0.9999999999999998
20260318,23,246.16228,4860.078879729474,1821.815721834737,1037.9789473684211,0.28421052631578947,2000.0,1.0
20260318,24,244.32044,4979.485670456842,1962.406723088423,1016.6736842105261,0.405263157894737,2000.0,1.0000000000000004
20260318,25,854.6190084210527,5181.800554016619,2179.09002770083,998.8947368421052,3.8157894736841933,2000.0,1.0000000000000002
20260318,26,239.1989600000001,5342.897642235791,2330.018694867372,993.8105263157896,19.068421052631578,2000.0,1.0000000000000004
20260318,27,239.1989600000001,5564.653110729473,2541.605742308423,988.7263157894736,34.32105263157896,2000.0,1.0000000000000004
20260318,28,241.0408,5786.408579223157,2753.192789749474,983.6421052631579,49.573684210526295,2000.0,1.0000000000000002
20260318,29,244.32044,6003.714105205263,2958.203578889474,976.3263157894737,69.18421052631581,2000.0,1.0000000000000002
20260318,30,246.56632,6174.29523481579,3094.163655868423,945.5789473684209,134.5526315789475,2000.0,1.0000000000000002
20260318,31,248.00412,6344.876364426314,3230.12373284737,914.8315789473687,199.9210526315789,2000.0,1.0000000000000007
20260318,32,249.84596,6515.45749403684,3366.083809826317,884.084210526316,265.2894736842106,2000.0,1.0000000000000007
20260318,33,251.51126,6686.038623647367,3502.0438868052624,853.3368421052633,330.6578947368422,2000.0,1.0000000000000002
20260318,34,251.6878,6758.721018003158,3549.484175897894,833.7052631578947,375.53157894736853,2000.0,1.0
20260318,35,251.6878,6826.953469847366,3592.90083826842,814.5789473684213,419.4736842105262,2000.0,1.0000000000000002
20260318,36,253.33308,6895.185921691579,3636.3175006389447,795.4526315789474,463.4157894736843,2000.0,0.9999999999999996
20260318,37,253.52964,6963.418373535789,3679.7341630094706,776.3263157894737,507.3578947368421,2000.0,0.9999999999999996
20260318,38,253.33308,6989.376371519998,3659.976371519998,758.4000000000002,570.9999999999998,2000.0,1.0
20260318,39,253.33308,7006.434484481052,3626.9186950073704,740.7263157894736,638.7894736842106,2000.0,1.0000000000000004
20260318,40,251.6878,7023.492597442106,3593.8610184947356,723.0526315789475,706.5789473684209,2000.0,0.9999999999999998
20260318,41,251.6878,7040.550710403157,3560.803341982105,705.3789473684212,774.3684210526313,2000.0,1.0000000000000002
20260318,42,251.51126,7033.875796635789,3539.212638741051,682.4842105263158,812.1789473684212,2000.0,0.9999999999999999
20260318,43,251.51126,7016.817683674738,3522.638736306317,657.3052631578947,836.8736842105262,2000.0,1.0
20260318,44,251.51126,6999.759570713685,3506.06483387158,632.1263157894738,861.5684210526316,2000.0,1.0
20260318,45,251.51126,6982.701457752632,3489.490931436842,606.9473684210526,886.2631578947369,2000.0,0.9999999999999999
20260318,46,249.84596,6917.435634249473,3407.398792144213,587.1052631578947,922.9315789473684,2000.0,1.0000000000000004
20260318,47,248.40816,6815.086956483159,3274.9080091147375,571.3684210526317,968.8105263157892,2000.0,0.9999999999999999
20260318,48,247.86762,6712.738278716842,3142.417226085265,555.6315789473684,1014.6894736842111,2000.0,1.0000000000000004
20260318,49,244.72448,6610.389600950528,3009.92644305579,539.8947368421052,1060.568421052632,2000.0,1.0
20260318,50,244.32044,6545.123777447368,2935.044830078948,531.5263157894736,1078.552631578947,2000.0,1.0
20260318,51,244.32044,6528.065664486314,2935.055138170527,532.7368421052631,1060.273684210526,2000.0,1.0000000000000002
20260318,52,244.32044,6511.007551525263,2935.065446262105,533.9473684210527,1041.994736842105,2000.0,1.0
20260318,53,244.32044,6493.949438564211,2935.075754353685,535.1578947368421,1023.7157894736839,2000.0,1.0
20260318,54,244.32044,6471.699726006316,2940.504989164212,531.8736842105263,999.3210526315787,2000.0,1.0000000000000002
20260318,55,244.32044,6437.58350008421,2958.320342189475,518.315789473684,960.9473684210526,2000.0,1.0000000000000002
20260318,56,244.72448,6403.467274162106,2976.135695214739,504.75789473684216,922.5736842105264,2000.0,1.0000000000000002
20260318,57,244.72448,6369.35104824,2993.9510482400033,491.19999999999993,884.1999999999998,2000.0,1.0000000000000007
20260318,58,244.72448,6335.234822317895,3011.5348223178953,481.4315789473685,842.2684210526317,2000.0,1.0
20260318,59,246.16228,6301.11859639579,3028.01859639579,489.66315789473674,783.4368421052633,2000.0,1.0000000000000002
20260318,60,246.16228,6267.002370473683,3044.502370473684,497.89473684210515,724.6052631578946,2000.0,1.0
20260318,61,246.16228,6232.8861445515795,3060.98614455158,506.12631578947355,665.7736842105263,2000.0,1.0
20260318,62,246.56632,6201.736546970525,3081.457599602106,513.4736842105264,606.8052631578948,2000.0,1.0000000000000004
20260318,63,244.32044,6235.85277289263,3189.658036050527,501.3684210526315,544.8263157894734,2000.0,1.0000000000000002
20260318,64,244.32044,6269.9689988147375,3297.858472498947,489.2631578947368,482.84736842105264,2000.0,0.9999999999999999
20260318,65,244.72448,6304.085224736841,3406.0589089473688,477.1578947368422,420.8684210526316,2000.0,1.0000000000000002
20260318,66,246.16228,6338.201450658947,3514.25934539579,465.0526315789472,358.8894736842103,2000.0,1.0000000000000002
20260318,67,246.56632,6372.317676581053,3630.3071502652656,429.9578947368422,312.05263157894757,2000.0,1.0000000000000004
20260318,68,247.86762,6406.433902503159,3747.1023235557886,392.6736842105264,266.6578947368421,2000.0,0.9999999999999997
20260318,69,248.40816,6440.550128425264,3863.897496846319,355.3894736842103,221.2631578947367,2000.0,1.0000000000000002
20260318,70,249.84596,6474.666354347369,3980.6926701368448,318.10526315789497,175.8684210526319,2000.0,1.0000000000000004
20260318,71,251.51126,6535.482235338946,4105.334866917896,292.7578947368421,137.3894736842106,2000.0,1.0000000000000002
20260318,72,253.33308,6603.714687183158,4232.156792446315,270.72631578947363,100.8315789473683,2000.0,0.9999999999999999
20260318,73,255.1549,6671.947139027367,4358.978717974734,248.69473684210539,64.27368421052654,2000.0,0.9999999999999999
20260318,74,256.97672,6740.179590871579,4485.800643503155,226.6631578947369,27.71578947368425,2000.0,0.9999999999999994
20260318,75,257.21332,6786.162330157896,4538.899172263157,234.63157894736847,12.63157894736841,2000.0,0.9999999999999998
20260318,76,257.21332,6820.278556079999,4552.678556079998,258.5999999999999,9.000000000000021,2000.0,0.9999999999999999
20260318,77,257.21332,6854.394782002103,4566.457939896838,282.5684210526315,5.368421052631582,2000.0,0.9999999999999998
20260318,78,257.21332,6888.511007924211,4580.237323713683,306.5368421052632,1.736842105263144,2000.0,0.9999999999999998
20260318,79,257.21332,6887.027693753685,4567.890851648422,319.1368421052632,0.0,2000.0,1.0
20260318,80,256.97672,6852.911467831579,4531.595678357893,321.3157894736842,0.0,2000.0,0.9999999999999998
20260318,81,256.97672,6818.795241909473,4495.300505067366,323.4947368421053,0.0,2000.0,0.9999999999999999
20260318,82,255.37148,6784.679015987369,4459.005331776839,325.6736842105263,0.0,2000.0,0.9999999999999994
20260318,83,255.37148,6723.86313499579,4409.3683981536815,314.4947368421052,0.0,2000.0,0.9999999999999996
20260318,84,253.52964,6621.514457229473,4338.977615124207,282.53684210526313,0.0,2000.0,0.9999999999999996
20260318,85,253.33308,6519.165779463158,4268.5868320947375,250.57894736842118,0.0,2000.0,1.0
20260318,86,251.6878,6416.817101696843,4198.196049065265,218.621052631579,0.0,2000.0,1.0000000000000002
20260318,87,251.51126,6296.668653884211,4103.879180199998,192.78947368421052,0.0,2000.0,0.9999999999999996
20260318,88,249.68944,6126.087524273684,3941.7717348000037,184.3157894736843,0.0,2000.0,1.0000000000000007
20260318,89,248.00412,5955.506394663158,3779.664289400003,175.84210526315792,0.0,2000.0,1.0000000000000004
20260318,90,247.86762,5784.925265052631,3617.5568439999993,167.36842105263162,0.0,2000.0,0.9999999999999999
20260318,91,246.56632,5614.344135442105,3453.5862407052646,160.7578947368421,0.0,2000.0,1.0000000000000002
20260318,92,246.16228,5443.763005831578,3277.1945847789466,166.5684210526316,0.0,2000.0,1.0
20260318,93,244.32044,5273.181876221052,3100.802928852631,172.3789473684211,0.0,2000.0,0.9999999999999998
20260318,94,241.0408,5102.600746610527,2924.411272926318,178.1894736842105,0.0,2000.0,1.0000000000000004
20260318,95,238.72576,4932.019617000001,2748.019617000003,184.0,0.0,2000.0,1.0000000000000004
20260319,0,226.8448,4772.922209999999,2640.922210000002,132.0,0.0,2000.0,1.0000000000000007
20260319,1,225.73096,4754.580153052631,2617.7380477894762,136.8421052631579,0.0,2000.0,1.0000000000000007
20260319,2,225.73096,4736.238096105262,2594.5538855789478,141.68421052631578,0.0,2000.0,1.0000000000000004
20260319,3,853.98584,4722.659279778391,2576.132963988918,146.5263157894737,0.0,2000.0,1.0000000000000004
20260319,4,853.98584,4727.756232686977,2576.387811634348,151.3684210526316,0.0,2000.0,1.0000000000000007
20260319,5,853.98584,4708.033240997226,2575.40166204986,132.63157894736838,0.0,2000.0,1.0000000000000007
20260319,6,853.98584,4684.587257617725,2574.229362880886,110.3578947368421,0.0,2000.0,1.0000000000000007
20260319,7,853.98584,4661.141274238223,2573.05706371191,88.0842105263158,0.0,2000.0,1.0000000000000007
20260319,8,853.98584,4637.695290858721,2571.8847645429337,65.81052631578945,0.0,2000.0,1.0000000000000004
20260319,9,853.98584,4622.537396121879,2571.126869806093,51.41052631578948,0.0,2000.0,1.0000000000000009
20260319,10,853.98584,4610.304709141267,2570.515235457061,39.78947368421053,0.0,2000.0,1.0000000000000009
20260319,11,853.98584,4598.072022160661,2569.903601108031,28.168421052631594,0.0,2000.0,1.0000000000000004
20260319,12,853.98584,4585.839335180052,2569.291966759003,16.547368421052617,0.0,2000.0,1.0000000000000007
20260319,13,853.98584,4579.1911357340705,2568.959556786703,10.231578947368419,0.0,2000.0,1.0000000000000002
20260319,14,853.98584,4576.1329639889145,2568.8066481994438,7.3263157894736874,0.0,2000.0,1.0000000000000007
20260319,15,853.98584,4573.074792243765,2568.653739612188,4.421052631578944,0.0,2000.0,1.0000000000000004
20260319,16,853.98584,4570.016620498612,2568.500831024929,1.515789473684209,0.0,2000.0,1.0000000000000004
20260319,17,853.98584,4569.2742382271435,2568.463711911356,0.8105263157894732,0.0,2000.0,1.0000000000000004
20260319,18,226.8448,4632.565600315788,2630.060337157897,2.505263157894739,0.0,2000.0,1.0000000000000007
20260319,19,227.95864,4742.617942,2738.417942000003,4.199999999999998,0.0,2000.0,1.0000000000000007
20260319,20,230.18632,4852.670283684211,2846.775546842107,5.894736842105264,0.0,2000.0,1.0000000000000002
20260319,21,231.30016,4969.102471263158,2962.186681789476,6.831578947368422,0.08421052631578975,2000.0,1.0000000000000004
20260319,22,232.414,5097.496869894736,3090.82318568421,6.347368421052632,0.3263157894736839,2000.0,1.0
20260319,23,238.76944,5225.891268526316,3219.45968957895,5.863157894736842,0.5684210526315789,2000.0,1.0000000000000004
20260319,24,239.1989600000001,5354.285667157894,3348.096193473687,5.378947368421053,0.810526315789474,2000.0,1.0000000000000007
20260319,25,239.88328,5506.604487894738,3496.6571194736857,4.736842105263158,5.210526315789451,2000.0,1.0000000000000002
20260319,26,242.11096,5745.051228210527,3716.945965052632,3.5263157894736836,24.578947368421062,2000.0,0.9999999999999999
20260319,27,243.2248,5983.497968526315,3937.23481063158,2.315789473684209,43.947368421052666,2000.0,1.0000000000000002
20260319,28,244.33864,6221.944708842107,4157.523656210526,1.105263157894738,63.315789473684184,2000.0,0.9999999999999997
20260319,29,245.45248,6455.606564736841,4368.680248947367,0.0,86.92631578947369,2000.0,0.9999999999999999
20260319,30,246.16228,6639.027134210526,4483.9481868421035,0.0,155.0789473684211,2000.0,0.9999999999999998
20260319,31,246.56632,6822.447703684209,4599.21612473684,0.0,223.2315789473684,2000.0,1.0
20260319,32,247.6801600000001,7005.868273157896,4714.484062631578,0.0,291.3842105263158,2000.0,0.9999999999999998
20260319,33,247.6801600000001,7189.288842631579,4829.752000526315,0.0,359.5368421052633,2000.0,0.9999999999999999
20260319,34,248.00412,7267.441954842107,4861.868270631576,0.0,405.57368421052627,2000.0,0.9999999999999992
20260319,35,248.00412,7340.8101826315815,4890.204919473683,0.0,450.60526315789457,2000.0,0.9999999999999996
20260319,36,248.40816,7414.178410421053,4918.541568315788,0.0,495.6368421052632,2000.0,0.9999999999999998
20260319,37,248.40816,7487.546638210526,4946.878217157897,0.0,540.6684210526316,2000.0,1.0000000000000004
20260319,38,248.794,7515.458463999997,4970.858464,0.0,544.6,2000.0,1.0000000000000004
20260319,39,248.794,7533.800520947368,4993.921573578947,0.0,539.8789473684211,2000.0,1.0
20260319,40,248.794,7552.142577894736,5016.984683157893,0.0,535.1578947368421,2000.0,1.0
20260319,41,248.794,7570.484634842107,5040.047792736843,0.0,530.4368421052632,2000.0,0.9999999999999999
20260319,42,248.794,7563.307308210526,5013.002045052631,0.1684210526315795,550.1368421052632,2000.0,1.0
20260319,43,248.794,7544.965251263156,4964.033672315791,0.4105263157894736,580.5210526315788,2000.0,1.0000000000000004
20260319,44,248.40816,7526.623194315789,4915.06529957895,0.6526315789473678,610.9052631578946,2000.0,1.0000000000000002
20260319,45,248.00412,7508.281137368421,4866.096926842104,0.8947368421052638,641.2894736842105,2000.0,0.9999999999999999
20260319,46,247.6801600000001,7438.102832526316,4777.129148315788,2.778947368421052,658.1947368421053,2000.0,0.9999999999999998
20260319,47,246.56632,7328.050490842106,4657.392596105264,5.926315789473676,664.7315789473682,2000.0,1.0
20260319,48,246.56632,7217.998149157893,4537.656043894734,9.073684210526324,671.2684210526317,2000.0,0.9999999999999998
20260319,49,245.45248,7107.945807473683,4417.919491684209,12.221052631578951,677.8052631578947,2000.0,1.0
20260319,50,245.45248,7037.767502631578,4345.951713157892,17.57894736842104,674.2368421052631,2000.0,0.9999999999999998
20260319,51,245.45248,7019.425445684207,4336.083340421051,25.810526315789488,657.5315789473683,2000.0,1.0000000000000002
20260319,52,245.45248,7001.083388736842,4326.214967684209,34.0421052631579,640.8263157894736,2000.0,0.9999999999999999
20260319,53,245.45248,6982.7413317894725,4316.346594947367,42.273684210526305,624.1210526315791,2000.0,0.9999999999999999
20260319,54,244.72448,6958.816909684209,4287.374804421053,50.800000000000026,620.642105263158,2000.0,1.0000000000000002
20260319,55,244.33864,6922.132795789473,4214.738058947368,60.00000000000001,647.3947368421052,2000.0,1.0
20260319,56,244.33864,6885.448681894736,4142.101313473685,69.19999999999999,674.1473684210525,2000.0,1.0000000000000002
20260319,57,244.32044,6848.764568,4069.464567999998,78.40000000000002,700.9000000000001,2000.0,0.9999999999999999
20260319,58,243.2248,6812.080454105265,3998.8909804210507,89.53684210526318,723.6526315789473,2000.0,0.9999999999999994
20260319,59,243.2248,6775.3963402105255,3938.117392842102,109.8736842105263,727.4052631578949,2000.0,0.9999999999999998
20260319,60,242.88264,6738.712226315789,3877.343805263158,130.2105263157896,731.1578947368421,2000.0,1.0000000000000002
20260319,61,242.11096,6702.028112421052,3816.5702176842105,150.5473684210527,734.9105263157895,2000.0,1.0000000000000002
20260319,62,242.11096,6668.533921473683,3761.5602372631556,171.2947368421053,735.6789473684212,2000.0,0.9999999999999999
20260319,63,242.11096,6705.218035368421,3833.349614315787,201.0736842105263,670.7947368421051,2000.0,0.9999999999999996
20260319,64,243.2248,6741.902149263157,3905.1389913684197,230.85263157894752,605.9105263157893,2000.0,0.9999999999999999
20260319,65,243.2248,6778.586263157895,3976.9283684210504,260.63157894736844,541.0263157894736,2000.0,0.9999999999999996
20260319,66,244.32044,6815.270377052633,4048.7177454736875,290.4105263157896,476.1421052631577,2000.0,1.0000000000000002
20260319,67,244.33864,6851.954490947368,4148.028175157892,291.8947368421054,412.0315789473688,2000.0,0.9999999999999998
20260319,68,244.33864,6888.638604842106,4249.959657473684,290.6842105263158,347.9947368421053,2000.0,0.9999999999999999
20260319,69,245.45248,6925.322718736842,4351.8911397894735,289.4736842105263,283.9578947368419,2000.0,1.0
20260319,70,246.16228,6962.006832631578,4453.82262210526,288.2631578947368,219.92105263157939,2000.0,0.9999999999999998
20260319,71,246.56632,7027.40025305263,4519.1897267368395,337.4526315789474,170.7578947368421,2000.0,0.9999999999999998
20260319,72,246.56632,7100.768480842104,4574.400059789474,400.64210526315816,125.7263157894735,2000.0,1.0000000000000002
20260319,73,246.56632,7174.136708631578,4629.6103928421035,463.8315789473681,80.69473684210554,2000.0,0.9999999999999999
20260319,74,246.56632,7247.504936421051,4684.820725894736,527.021052631579,35.663157894736905,2000.0,1.0000000000000002
20260319,75,247.6801600000001,7296.948742105262,4744.843478947368,535.2631578947367,16.84210526315788,2000.0,1.0
20260319,76,247.6801600000001,7333.632855999998,4807.432855999998,514.2000000000002,12.00000000000003,2000.0,0.9999999999999999
20260319,77,248.00412,7370.316969894738,4870.022233052632,493.13684210526327,7.157894736842111,2000.0,1.0
20260319,78,248.40816,7407.001083789474,4932.611610105265,472.07368421052615,2.315789473684192,2000.0,1.0000000000000002
20260319,79,248.40816,7405.4061223157905,4947.8271749473715,457.57894736842115,0.0,2000.0,1.0000000000000002
20260319,80,248.40816,7368.722008421052,4919.616745263158,449.10526315789474,0.0,2000.0,1.0000000000000002
20260319,81,248.00412,7332.037894526315,4891.406315578948,440.6315789473684,0.0,2000.0,1.0000000000000002
20260319,82,248.00412,7295.353780631579,4863.1958858947355,432.15789473684237,0.0,2000.0,0.9999999999999999
20260319,83,247.6801600000001,7229.960360210526,4791.49720231579,438.4631578947368,0.0,2000.0,1.0
20260319,84,246.56632,7119.908018526314,4652.150123789472,467.7578947368422,0.0,2000.0,1.0
20260319,85,246.56632,7009.855676842106,4512.803045263159,497.0526315789472,0.0,2000.0,1.0000000000000002
20260319,86,245.45248,6899.803335157892,4373.455966736841,526.3473684210527,0.0,2000.0,1.0000000000000002
20260319,87,244.33864,6770.611455789473,4224.885139999999,545.7263157894738,0.0,2000.0,1.0
20260319,88,244.32044,6587.190886315791,4050.1803600000003,537.0105263157895,0.0,2000.0,0.9999999999999998
20260319,89,242.88264,6403.770316842105,3875.4755799999975,528.2947368421053,0.0,2000.0,0.9999999999999997
20260319,90,241.0408,6220.349747368418,3700.770799999999,519.5789473684209,0.0,2000.0,1.0000000000000002
20260319,91,239.88328,6036.929177894738,3521.3923357894755,515.5368421052631,0.0,2000.0,1.0000000000000002
20260319,92,238.76944,5853.508608421054,3310.85597684211,542.6526315789474,0.0,2000.0,1.0000000000000007
20260319,93,235.51528,5670.088038947368,3100.3196178947383,569.7684210526317,0.0,2000.0,1.0000000000000002
20260319,94,233.67344,5486.667469473688,2889.783258947371,596.8842105263157,0.0,2000.0,0.9999999999999999
20260319,95,220.2564,5303.2469,2679.246900000003,624.0,0.0,2000.0,1.0000000000000004
20260320,0,226.8448,4677.4637658,2037.463765800002,640.0,0.0,2000.0,1.0000000000000004
20260320,1,226.8448,4659.488549991579,2077.5938131494763,581.8947368421052,0.0,2000.0,1.0000000000000007
20260320,2,227.95864,4641.513334183157,2117.723860498949,523.7894736842105,0.0,2000.0,1.0000000000000004
20260320,3,227.95864,4623.5381183747395,2157.853907848423,465.68421052631567,0.0,2000.0,1.0
20260320,4,229.07248,4605.5629025663175,2197.983955197898,407.57894736842115,0.0,2000.0,1.0000000000000004
20260320,5,227.95864,4571.957064315789,2134.904432736844,437.05263157894734,0.0,2000.0,1.0000000000000007
20260320,6,226.8448,4536.006632698946,2056.343474804212,479.6631578947368,0.0,2000.0,1.0000000000000007
20260320,7,225.73096,4500.056201082105,1977.782516871581,522.2736842105263,0.0,2000.0,1.0000000000000004
20260320,8,853.98584,4531.457063711911,1966.5728531855962,564.8842105263159,0.0,2000.0,1.0000000000000002
20260320,9,853.98584,4536.376731301937,1966.818836565098,569.5578947368422,0.0,2000.0,1.0000000000000007
20260320,10,853.98584,4527.202216066481,1966.360110803324,560.8421052631579,0.0,2000.0,1.0000000000000002
20260320,11,853.98584,4518.027700831023,1965.9013850415508,552.1263157894739,0.0,2000.0,1.0000000000000004
20260320,12,853.98584,4508.853185595565,1965.442659279778,543.4105263157894,0.0,2000.0,1.0000000000000004
20260320,13,853.98584,4499.05817174515,1964.952908587258,534.1052631578947,0.0,2000.0,1.0000000000000009
20260320,14,853.98584,4488.864265927976,1964.4432132963982,524.4210526315788,0.0,2000.0,1.0000000000000004
20260320,15,853.98584,4478.670360110798,1963.933518005538,514.7368421052631,0.0,2000.0,1.0000000000000007
20260320,16,853.98584,4468.4764542936255,1963.423822714681,505.0526315789472,0.0,2000.0,1.0000000000000007
20260320,17,853.98584,4481.684210526313,1964.084210526315,517.5999999999998,0.0,2000.0,1.0000000000000004
20260320,18,225.73096,4539.914288309475,1985.5142883094761,554.4,0.0,2000.0,1.0000000000000002
20260320,19,226.8448,4647.7655831600005,2056.565583160002,591.2,0.0,2000.0,1.0000000000000004
20260320,20,227.95864,4755.616878010525,2127.616878010528,628.0000000000001,0.0,2000.0,1.0000000000000007
20260320,21,229.07248,4869.720421837894,2205.1730534168432,664.463157894737,0.08421052631578975,2000.0,1.0000000000000004
20260320,22,230.18632,4995.546932496842,2294.925879865266,700.2947368421053,0.3263157894736839,2000.0,1.0000000000000004
20260320,23,231.30016,5121.373443155788,2384.6787063136853,736.1263157894738,0.5684210526315789,2000.0,1.0000000000000004
20260320,24,232.414,5247.1999538147375,2474.431532762107,771.9578947368421,0.810526315789474,2000.0,1.0000000000000004
20260320,25,238.61656,5396.4723981368425,2591.1566086631597,801.6842105263158,3.631578947368407,2000.0,1.0000000000000004
20260320,26,232.63968,5630.150203646315,2804.981782593686,809.4315789473685,15.736842105263161,2000.0,1.0000000000000004
20260320,27,244.32044,5863.82800915579,3018.806956524212,817.1789473684211,27.84210526315792,2000.0,1.0000000000000002
20260320,28,246.16228,6097.505814665263,3232.632130454739,824.9263157894736,39.94736842105261,2000.0,1.0000000000000004
20260320,29,246.56632,6326.494433442107,3438.989170284214,833.0105263157895,54.49473684210528,2000.0,1.0000000000000002
20260320,30,248.00412,6506.2465915263165,3566.9308020526323,844.6315789473684,94.68421052631587,2000.0,1.0
20260320,31,248.794,6685.998749610526,3694.872433821054,856.2526315789474,134.8736842105263,2000.0,1.0000000000000002
20260320,32,250.2500000000001,6865.750907694738,3822.8140655894726,867.8736842105264,175.0631578947369,2000.0,0.9999999999999998
20260320,33,251.6878,7045.5030657789475,3950.7556973578944,879.4947368421055,215.25263157894742,2000.0,1.0
20260320,34,253.33308,7122.093115745262,3979.12469469263,898.5263157894738,244.4421052631578,2000.0,0.9999999999999999
20260320,35,253.33308,7193.993978978946,4002.9676631894704,917.8947368421053,273.13157894736827,2000.0,0.9999999999999998
20260320,36,253.52964,7265.894842212631,4026.810631686313,937.2631578947369,301.821052631579,2000.0,0.9999999999999997
20260320,37,253.52964,7337.795705446315,4050.653600183155,956.6315789473684,330.5105263157894,2000.0,0.9999999999999998
20260320,38,253.52964,7365.149294720001,4058.249294719998,969.6,337.3000000000001,2000.0,0.9999999999999997
20260320,39,253.52964,7383.1245105284215,4062.4245105284203,981.2210526315789,339.4789473684211,2000.0,0.9999999999999999
20260320,40,253.52964,7401.099726336841,4066.599726336838,992.8421052631579,341.6578947368422,2000.0,0.9999999999999997
20260320,41,253.52964,7419.074942145262,4070.7749421452595,1004.463157894737,343.8368421052631,2000.0,0.9999999999999997
20260320,42,253.52964,7412.041162046316,4064.5937936252585,1008.0,339.4473684210527,2000.0,0.9999999999999993
20260320,43,253.52964,7394.065946237894,4053.8817357115768,1008.0,332.1842105263157,2000.0,0.9999999999999998
20260320,44,253.52964,7376.090730429473,4043.1696777978923,1008.0,324.921052631579,2000.0,0.9999999999999998
20260320,45,253.52964,7358.115514621053,4032.4576198842083,1008.0,317.6578947368422,2000.0,0.9999999999999997
20260320,46,251.6878,7289.34077587579,3958.014460086315,1010.1894736842111,321.1368421052632,2000.0,0.9999999999999999
20260320,47,250.2500000000001,7181.489481025263,3834.547375762105,1014.0631578947371,332.87894736842094,2000.0,1.0
20260320,48,249.68944,7073.638186174738,3711.080291437896,1017.9368421052629,344.621052631579,2000.0,1.0
20260320,49,248.00412,6965.78689132421,3587.613207113686,1021.8105263157901,356.3631578947368,2000.0,1.0000000000000004
20260320,50,247.6801600000001,6897.012152578946,3503.9068894210536,1026.526315789474,366.578947368421,2000.0,1.0000000000000002
20260320,51,246.56632,6879.036936770525,3471.8895683494743,1032.336842105263,374.8105263157894,2000.0,1.0000000000000002
20260320,52,246.56632,6861.061720962105,3439.8722472778977,1038.147368421053,383.04210526315796,2000.0,1.0000000000000004
20260320,53,246.56632,6843.086505153684,3407.854926206316,1043.957894736842,391.2736842105263,2000.0,1.0
20260320,54,246.16228,6819.640571490527,3347.2300451747374,1057.431578947369,414.9789473684213,2000.0,1.0000000000000002
20260320,55,244.33864,6783.690139873685,3221.2164556631615,1088.421052631579,474.0526315789474,2000.0,1.0000000000000004
20260320,56,242.88264,6747.739708256841,3095.20286615158,1119.410526315789,533.1263157894736,2000.0,1.0000000000000002
20260320,57,240.99712,6711.78927664,2969.1892766399997,1150.3999999999999,592.2000000000003,2000.0,1.0
20260320,58,238.76944,6675.838845023156,2863.280950286319,1173.642105263158,638.9157894736842,2000.0,1.0000000000000009
20260320,59,238.76944,6639.888413406316,2852.872623932634,1160.084210526316,626.9315789473685,2000.0,1.0000000000000002
20260320,60,238.76944,6603.937981789472,2842.4642975789498,1146.526315789474,614.9473684210526,2000.0,1.0000000000000004
20260320,61,238.76944,6567.987550172631,2832.055971225267,1132.968421052631,602.9631578947369,2000.0,1.0000000000000004
20260320,62,237.35712,6535.16324304421,2826.02640093895,1120.210526315789,588.9263157894738,2000.0,1.0000000000000004
20260320,63,239.88328,6571.113674661054,2916.329464134738,1125.052631578948,529.7315789473683,2000.0,1.0000000000000002
20260320,64,241.0408,6607.064106277895,3006.632527330525,1129.894736842105,470.5368421052631,2000.0,0.9999999999999996
20260320,65,242.88264,6643.014537894735,3096.935590526315,1134.7368421052631,411.342105263158,2000.0,1.0000000000000002
20260320,66,244.32044,6678.964969511579,3187.238653722106,1139.578947368421,352.1473684210525,2000.0,1.0000000000000002
20260320,67,244.72448,6714.915401128421,3251.899611654738,1138.231578947368,324.7842105263159,2000.0,1.0000000000000002
20260320,68,245.45248,6750.865832745262,3314.1184643242113,1136.294736842105,300.4526315789474,2000.0,1.0000000000000002
20260320,69,246.16228,6786.816264362106,3376.337316993685,1134.357894736842,276.1210526315788,2000.0,0.9999999999999999
20260320,70,246.56632,6822.766695978948,3438.55616966316,1132.421052631579,251.7894736842107,2000.0,1.0000000000000002
20260320,71,248.00412,6886.852247991578,3561.8785637810547,1121.389473684211,203.5842105263158,2000.0,1.0000000000000004
20260320,72,249.68944,6958.753111225264,3702.174163856843,1107.831578947368,148.7473684210525,2000.0,1.0
20260320,73,250.2500000000001,7030.653974458947,3842.4697639326296,1094.273684210526,93.91052631578981,2000.0,0.9999999999999998
20260320,74,253.33308,7102.55483769263,3982.7653640084195,1080.715789473684,39.07368421052638,2000.0,1.0
20260320,75,253.52964,7151.009767263157,4064.483451473682,1069.684210526316,16.84210526315788,2000.0,0.9999999999999998
20260320,76,255.1549,7186.960198879997,4114.960198879997,1060.0,12.00000000000003,2000.0,1.0
20260320,77,255.37148,7222.910630496843,4165.436946286313,1050.315789473684,7.157894736842111,2000.0,0.9999999999999997
20260320,78,256.97672,7258.861062113684,4215.913693692629,1040.631578947368,2.315789473684192,2000.0,0.9999999999999997
20260320,79,256.97672,7257.297999869472,4218.266420922103,1039.0315789473689,0.0,2000.0,1.0
20260320,80,255.37148,7221.347568252632,4176.505462989471,1044.8421052631581,0.0,2000.0,0.9999999999999997
20260320,81,255.37148,7185.397136635788,4134.7445050568385,1050.652631578948,0.0,2000.0,0.9999999999999998
20260320,82,255.1549,7149.446705018949,4092.9835471242077,1056.463157894737,0.0,2000.0,0.9999999999999994
20260320,83,253.52964,7085.361153006314,4043.5506266905245,1041.810526315789,0.0,2000.0,0.9999999999999999
20260320,84,253.33308,6977.509858155789,3982.1835423663138,995.3263157894735,0.0,2000.0,0.9999999999999998
20260320,85,251.6878,6869.658563305264,3920.816458042104,948.8421052631581,0.0,2000.0,0.9999999999999998
20260320,86,251.51126,6761.807268454736,3859.4493737178923,902.3578947368421,0.0,2000.0,0.9999999999999998
20260320,87,249.84596,6635.199226673683,3770.230805621053,864.9684210526315,0.0,2000.0,1.0000000000000002
20260320,88,248.00412,6455.447068589474,3602.0997001684223,853.3473684210527,0.0,2000.0,1.0000000000000002
20260320,89,247.86762,6275.694910505263,3433.9685947157905,841.7263157894736,0.0,2000.0,1.0000000000000002
20260320,90,246.16228,6095.942752421051,3265.8374892631577,830.1052631578948,0.0,2000.0,1.0000000000000002
20260320,91,244.32044,5916.190594336842,3097.5800680210527,818.6105263157895,0.0,2000.0,1.0
20260320,92,241.0408,5736.438436252633,2928.4805415157907,807.9578947368421,0.0,2000.0,0.9999999999999999
20260320,93,238.72576,5556.68627816842,2759.38101501053,797.3052631578947,0.0,2000.0,1.0000000000000009
20260320,94,232.414,5376.934120084211,2590.281488505265,786.6526315789474,0.0,2000.0,1.0000000000000002
20260320,95,230.18632,5197.1819620000015,2421.181962000002,776.0000000000001,0.0,2000.0,1.0000000000000002
20260321,0,854.1617094736841,4715.78947368421,2015.7894736842109,700.0,0.0,2000.0,1.0000000000000002
20260321,1,854.1617094736841,4658.70360110803,2012.935180055401,645.7684210526315,0.0,2000.0,1.0000000000000007
20260321,2,854.1617094736841,4601.617728531853,2010.080886426592,591.536842105263,0.0,2000.0,1.0000000000000007
20260321,3,854.1617094736841,4544.531855955678,2007.2265927977837,537.3052631578947,0.0,2000.0,1.0
20260321,4,229.07248,4511.571822922106,2028.498138711581,483.07368421052627,0.0,2000.0,1.0000000000000004
20260321,5,230.18632,4478.651818105264,2033.809712842108,444.84210526315786,0.0,2000.0,1.0000000000000002
20260321,6,230.18632,4443.435068766316,2034.4245424505289,409.0105263157894,0.0,2000.0,1.0000000000000004
20260321,7,230.18632,4408.218319427369,2035.039372058949,373.1789473684211,0.0,2000.0,1.0000000000000002
20260321,8,230.18632,4373.001570088419,2035.65420166737,337.3473684210527,0.0,2000.0,1.000000000000001
20260321,9,229.07248,4337.784820749474,2028.395347065266,309.3894736842105,0.0,2000.0,1.0000000000000004
20260321,10,229.07248,4302.5680714105265,2018.3575450947392,284.21052631578954,0.0,2000.0,1.0000000000000007
20260321,11,229.07248,4267.351322071579,2008.3197431242131,259.03157894736853,0.0,2000.0,1.0000000000000007
20260321,12,229.07248,4232.134572732631,1998.281941153686,233.8526315789474,0.0,2000.0,1.0000000000000007
20260321,13,229.07248,4229.072246703158,2020.988036176845,208.0842105263158,0.0,2000.0,1.0000000000000007
20260321,14,230.18632,4246.68062137263,2064.7437792673722,181.9368421052632,0.0,2000.0,1.0000000000000013
20260321,15,232.414,4264.288996042106,2108.499522357898,155.7894736842105,0.0,2000.0,1.0000000000000007
20260321,16,233.67344,4281.897370711578,2152.255265448423,129.64210526315782,0.0,2000.0,1.0000000000000004
20260321,17,235.51528,4341.612728286316,2227.002201970528,114.6105263157895,0.0,2000.0,1.0000000000000004
20260321,18,239.1989600000001,4447.262976303157,2335.557713145264,111.7052631578947,0.0,2000.0,1.0000000000000004
20260321,19,241.0408,4552.91322432,2444.113224320001,108.80000000000001,0.0,2000.0,1.0000000000000002
20260321,20,239.1989600000001,4658.563472336842,2552.668735494738,105.8947368421053,0.0,2000.0,1.0000000000000004
20260321,21,239.1989600000001,4770.3383724126315,2668.275214517897,101.97894736842099,0.08421052631578975,2000.0,1.0000000000000007
20260321,22,239.88328,4893.596995098948,2797.102258256843,96.1684210526316,0.3263157894736839,2000.0,0.9999999999999998
20260321,23,240.99712,5016.855617785262,2925.929301995789,90.35789473684211,0.5684210526315789,2000.0,1.0
20260321,24,241.0408,5140.114240471579,3054.756345734739,84.54736842105264,0.810526315789474,2000.0,1.0000000000000004
20260321,25,244.32044,5286.340308378948,3201.3403083789476,81.26315789473686,3.736842105263144,2000.0,0.9999999999999998
20260321,26,246.16228,5515.249179082105,3411.8491790821067,87.07368421052634,16.32631578947369,2000.0,1.0000000000000002
20260321,27,248.00412,5744.158049785263,3622.3580497852636,92.88421052631577,28.915789473684228,2000.0,1.0
20260321,28,249.84596,5973.066920488419,3832.86692048842,98.69473684210529,41.50526315789473,2000.0,1.0000000000000002
20260321,29,253.52964,6197.382302147368,4033.582302147364,110.23157894736839,53.56842105263158,2000.0,0.9999999999999992
20260321,30,255.1549,6373.466048842106,4131.466048842104,181.8947368421054,60.105263157894754,2000.0,0.9999999999999997
20260321,31,256.97672,6549.549795536841,4229.349795536842,253.55789473684212,66.64210526315789,2000.0,1.0000000000000002
20260321,32,253.981,6725.633542231577,4327.233542231576,325.22105263157897,73.17894736842105,2000.0,1.0
20260321,33,253.981,6901.7172889263165,4425.117288926311,396.884210526316,79.71578947368421,2000.0,0.9999999999999991
20260321,34,253.52964,6976.744276648421,4498.944276648417,367.5789473684211,110.22105263157891,2000.0,0.9999999999999993
20260321,35,253.52964,7047.177775326314,4571.677775326314,333.6842105263159,141.8157894736841,2000.0,1.0
20260321,36,253.52964,7117.61127400421,4644.41127400421,299.7894736842104,173.4105263157895,2000.0,1.0000000000000002
20260321,37,255.1549,7188.044772682105,4717.144772682104,265.8947368421053,205.0052631578947,2000.0,0.9999999999999999
20260321,38,255.1549,7214.84012544,4708.640125439999,291.1999999999998,215.0,2000.0,0.9999999999999999
20260321,39,253.52964,7232.4485001094745,4683.032710635788,328.96842105263164,220.44736842105272,2000.0,0.9999999999999998
20260321,40,253.52964,7250.0568747789475,4657.4252958315765,366.7368421052632,225.8947368421052,2000.0,0.9999999999999997
20260321,41,253.52964,7267.6652494484215,4631.817881027366,404.50526315789466,231.34210526315792,2000.0,0.9999999999999997
20260321,42,251.6878,7260.7750158821045,4503.311857987367,529.8526315789478,227.6105263157894,2000.0,1.0
20260321,43,250.2500000000001,7243.166641212633,4329.7876938442105,693.5157894736841,219.86315789473682,2000.0,0.9999999999999998
20260321,44,248.794,7225.5582665431575,4156.263529701057,857.1789473684205,212.1157894736842,2000.0,1.0000000000000007
20260321,45,247.86762,7207.949891873682,3982.7393655578953,1020.842105263158,204.36842105263162,2000.0,1.0000000000000004
20260321,46,246.56632,7140.578719225263,3804.131350804212,1113.347368421053,223.1,2000.0,1.0000000000000004
20260321,47,244.72448,7034.928471208421,3621.612681734737,1151.115789473684,262.1999999999999,2000.0,1.0
20260321,48,243.2248,6929.278223191579,3439.0940126652636,1188.884210526316,301.30000000000007,2000.0,1.0000000000000002
20260321,49,241.0408,6823.627975174736,3256.575343595791,1226.652631578947,340.3999999999999,2000.0,1.0000000000000002
20260321,50,239.88328,6756.256802526316,3152.1778551578964,1244.6315789473679,359.4473684210526,2000.0,1.0
20260321,51,239.88328,6738.6484278568405,3149.3379015410537,1236.884210526316,352.42631578947373,2000.0,1.0000000000000004
20260321,52,239.88328,6721.040053187369,3146.497947924211,1229.136842105263,345.4052631578947,2000.0,0.9999999999999999
20260321,53,239.88328,6703.431678517893,3143.657994307368,1221.389473684211,338.3842105263158,2000.0,1.0000000000000002
20260321,54,239.88328,6680.4642332968415,3159.258970138949,1188.884210526315,332.321052631579,2000.0,1.0000000000000002
20260321,55,240.99712,6645.247483957894,3217.0106418526325,1099.7894736842109,328.4473684210526,2000.0,1.0000000000000004
20260321,56,241.0408,6610.030734618948,3274.762313566316,1010.694736842105,324.57368421052627,2000.0,0.9999999999999999
20260321,57,242.11096,6574.81398528,3332.5139852800007,921.5999999999998,320.6999999999999,2000.0,1.0
20260321,58,242.88264,6539.5972359410525,3380.8130254147395,843.9578947368421,314.8263157894737,2000.0,1.0000000000000004
20260321,59,242.88264,6504.380486602105,3384.2120655494737,820.7157894736844,299.45263157894743,2000.0,1.0000000000000002
20260321,60,242.88264,6469.163737263159,3387.611105684212,797.4736842105262,284.078947368421,2000.0,0.9999999999999999
20260321,61,242.88264,6433.946987924209,3391.0101458189474,774.2315789473685,268.70526315789476,2000.0,1.0000000000000002
20260321,62,242.88264,6401.792564614736,3397.776775141052,750.6526315789474,253.3631578947368,2000.0,1.0
20260321,63,244.32044,6437.009313953685,3478.630366585263,719.6631578947369,238.71578947368408,2000.0,0.9999999999999999
20260321,64,244.33864,6472.226063292631,3559.483958029474,688.6736842105263,224.06842105263158,2000.0,1.0000000000000002
20260321,65,244.72448,6507.44281263158,3640.3375494736847,657.6842105263158,209.421052631579,2000.0,1.0
20260321,66,245.45248,6542.659561970527,3721.191140917895,626.6947368421052,194.7736842105263,2000.0,0.9999999999999999
20260321,67,246.16228,6577.876311309474,3788.8921007831577,599.2421052631581,189.7421052631579,2000.0,1.0
20260321,68,246.56632,6613.093060648422,3855.3404290694752,572.1263157894738,185.6263157894737,2000.0,1.0000000000000002
20260321,69,247.6801600000001,6648.309809987367,3921.78875735579,545.0105263157894,181.5105263157895,2000.0,1.0000000000000002
20260321,70,247.86762,6683.526559326313,3988.237085642105,517.8947368421055,177.3947368421053,2000.0,1.0000000000000004
20260321,71,248.40816,6746.304242930525,4089.541085035791,508.9684210526316,147.7947368421053,2000.0,1.0000000000000004
20260321,72,249.68944,6816.737741608422,4200.527215292632,505.09473684210525,111.1157894736841,2000.0,1.0
20260321,73,250.2500000000001,6887.171240286315,4311.513345549472,501.221052631579,74.43684210526338,2000.0,1.0
20260321,74,251.6878,6957.60473896421,4422.4994758063185,497.3473684210527,37.757894736842154,2000.0,1.0000000000000004
20260321,75,253.33308,7005.070792421055,4457.70237136842,526.3157894736845,21.052631578947352,2000.0,0.9999999999999996
20260321,76,253.33308,7040.28754176,4452.48754176,572.7999999999997,15.00000000000004,2000.0,0.9999999999999999
20260321,77,253.33308,7075.504291098948,4447.272712151578,619.2842105263157,8.947368421052634,2000.0,0.9999999999999998
20260321,78,253.33308,7110.721040437895,4442.057882543155,665.7684210526319,2.894736842105239,2000.0,0.9999999999999997
20260321,79,251.6878,7109.1898774231595,4405.021456370526,704.1684210526314,0.0,2000.0,0.9999999999999998
20260321,80,250.2500000000001,7073.973128084208,4338.815233347366,735.1578947368421,0.0,2000.0,1.0
20260321,81,249.84596,7038.756378745262,4272.60901032421,766.1473684210529,0.0,2000.0,1.0000000000000002
20260321,82,249.68944,7003.539629406316,4206.402787301056,797.136842105263,0.0,2000.0,1.0000000000000004
20260321,83,248.794,6940.7619458021045,4132.340893170527,808.421052631579,0.0,2000.0,1.0000000000000002
20260321,84,248.00412,6835.111697785263,4046.059066206318,789.0526315789473,0.0,2000.0,1.0000000000000004
20260321,85,247.6801600000001,6729.461449768422,3959.7772392421057,769.6842105263161,0.0,2000.0,0.9999999999999999
20260321,86,246.56632,6623.811201751579,3873.495412277896,750.3157894736844,0.0,2000.0,1.0000000000000002
20260321,87,246.56632,6499.786997557893,3769.850155452631,729.9368421052632,0.0,2000.0,1.0000000000000002
20260321,88,245.45248,6323.703250863159,3617.0085140210554,706.6947368421054,0.0,2000.0,1.0000000000000002
20260321,89,244.33864,6147.6195041684205,3464.1668725894733,683.4526315789474,0.0,2000.0,1.0
20260321,90,242.88264,5971.5357574736845,3311.3252311578963,660.2105263157893,0.0,2000.0,1.0000000000000002
20260321,91,241.0408,5795.452010778949,3158.988852884214,636.463157894737,0.0,2000.0,1.0000000000000002
20260321,92,239.88328,5619.36826408421,3010.020895663158,609.3473684210528,0.0,2000.0,1.0000000000000002
20260321,93,238.61656,5443.284517389473,2861.052938442106,582.2315789473682,0.0,2000.0,1.0000000000000004
20260321,94,232.414,5267.200770694738,2712.084981221054,555.1157894736846,0.0,2000.0,1.0000000000000002
20260321,95,230.18632,5091.117024,2563.117024000001,527.9999999999999,0.0,2000.0,1.0000000000000002
20260322,0,853.98584,4513.684210526313,2005.684210526316,508.0,0.0,2000.0,1.0000000000000007
20260322,1,853.98584,4505.2742382271435,2005.263711911357,500.0105263157893,0.0,2000.0,1.0000000000000007
20260322,2,853.98584,4496.864265927975,2004.843213296398,492.0210526315789,0.0,2000.0,1.0000000000000007
20260322,3,853.98584,4488.454293628808,2004.42271468144,484.03157894736853,0.0,2000.0,1.0000000000000002
20260322,4,853.98584,4480.044321329639,2004.002216066483,476.042105263158,0.0,2000.0,1.0000000000000004
20260322,5,853.98584,4457.894736842101,2002.894736842104,454.9999999999999,0.0,2000.0,1.0000000000000007
20260322,6,853.98584,4433.684210526313,2001.6842105263158,431.99999999999994,0.0,2000.0,1.0000000000000007
20260322,7,853.98584,4409.473684210524,2000.4736842105249,409.00000000000006,0.0,2000.0,1.0000000000000002
20260322,8,853.98584,4385.263157894734,1999.263157894736,386.0,0.0,2000.0,1.0000000000000004
20260322,9,853.98584,4350.315789473682,1997.515789473684,352.80000000000007,0.0,2000.0,1.0000000000000004
20260322,10,853.9272168421054,4311.57894736842,1995.578947368421,316.0000000000001,0.0,2000.0,1.0000000000000004
20260322,11,853.9272168421054,4272.842105263156,1993.642105263157,279.2,0.0,2000.0,1.0000000000000002
20260322,12,853.9272168421054,4234.105263157893,1991.7052631578952,242.4,0.0,2000.0,1.0000000000000004
20260322,13,853.9272168421054,4196.609418282545,1989.830470914127,206.7789473684211,0.0,2000.0,1.0000000000000007
20260322,14,853.9272168421054,4159.911357340718,1987.9955678670349,171.9157894736843,0.0,2000.0,1.0000000000000004
20260322,15,225.73096,4175.4496419578945,2038.3970103789502,137.0526315789474,0.0,2000.0,1.0000000000000007
20260322,16,226.8448,4192.69117548842,2090.501701804211,102.1894736842105,0.0,2000.0,1.0000000000000002
20260322,17,227.95864,4251.162463113683,2176.8887789031583,74.27368421052633,0.0,2000.0,1.0000000000000004
20260322,18,230.18632,4354.611664296842,2300.6748221915823,53.93684210526315,0.0,2000.0,1.0000000000000009
20260322,19,231.30016,4458.06086548,2424.4608654800013,33.600000000000044,0.0,2000.0,1.0000000000000004
20260322,20,235.51528,4561.510066663157,2548.2469087684217,13.26315789473685,0.0,2000.0,1.0000000000000004
20260322,21,232.414,4670.956322987368,2670.914217724212,0.0,0.04210526315789487,2000.0,1.0000000000000002
20260322,22,244.32044,4791.647057701054,2791.483899806317,0.0,0.1631578947368419,2000.0,0.9999999999999998
20260322,23,244.32044,4912.337792414736,2912.0535818884227,0.0,0.28421052631578947,2000.0,1.0000000000000007
20260322,24,241.0408,5033.028527128422,3032.623263970527,0.0,0.405263157894737,2000.0,1.0
20260322,25,242.88264,5176.208218621052,3170.708218621053,0.1052631578947363,5.394736842105237,2000.0,1.0000000000000004
20260322,26,244.72448,5400.348154517895,3371.848154517895,0.5894736842105264,27.91052631578948,2000.0,1.0
20260322,27,246.56632,5624.488090414738,3572.9880904147394,1.073684210526316,50.426315789473705,2000.0,1.0000000000000002
20260322,28,248.40816,5848.628026311578,3774.1280263115796,1.557894736842105,72.94210526315787,2000.0,1.0000000000000002
20260322,29,250.2500000000001,6068.270170852632,3968.538591905262,1.957894736842105,97.77368421052634,2000.0,0.9999999999999999
20260322,30,251.6878,6240.685506157895,4092.2907693157917,1.473684210526315,146.921052631579,2000.0,1.0000000000000002
20260322,31,253.52964,6413.100841463158,4216.042946726314,0.9894736842105267,196.0684210526316,2000.0,0.9999999999999997
20260322,32,255.37148,6585.516176768422,4339.795124136842,0.5052631578947366,245.2157894736842,2000.0,0.9999999999999998
20260322,33,258.622,6757.931512073685,4463.547301547365,0.02105263157894666,294.363157894737,2000.0,0.9999999999999994
20260322,34,258.622,6831.395437551578,4465.88491123579,0.9263157894736836,364.5842105263157,2000.0,1.0000000000000002
20260322,35,258.622,6900.361571673683,4462.7036769368415,1.8947368421052602,435.76315789473654,2000.0,1.0
20260322,36,258.622,6969.3277057957885,4459.522442637893,2.863157894736844,506.942105263158,2000.0,0.9999999999999999
20260322,37,258.622,7038.293839917894,4456.341208338948,3.8315789473684214,578.1210526315789,2000.0,1.0000000000000002
20260322,38,257.21332,7064.530956159999,4452.23095616,4.9999999999999964,607.3000000000001,2000.0,1.0000000000000002
20260322,39,257.21332,7081.772489690525,4447.92512126947,6.210526315789476,627.6368421052632,2000.0,0.9999999999999997
20260322,40,257.21332,7099.014023221052,4443.619286378944,7.421052631578948,647.9736842105262,2000.0,0.9999999999999994
20260322,41,257.21332,7116.255556751579,4439.3134514884205,8.631578947368418,668.3105263157895,2000.0,0.9999999999999999
20260322,42,257.21332,7109.508869717895,4421.71413287579,7.484210526315785,680.3105263157895,2000.0,1.0
20260322,43,257.21332,7092.267336187368,4398.298915134734,5.305263157894737,688.6631578947369,2000.0,0.9999999999999998
20260322,44,256.97672,7075.025802656842,4374.8836973936795,3.1263157894736904,697.0157894736842,2000.0,0.9999999999999993
20260322,45,256.97672,7057.784269126314,4351.468479652628,0.9473684210526259,705.3684210526316,2000.0,0.9999999999999998
20260322,46,255.1549,6991.816662574737,4276.111399416841,0.0,715.7052631578948,2000.0,0.9999999999999998
20260322,47,253.52964,6888.367461391577,4160.799040338943,0.0,727.5684210526316,2000.0,0.9999999999999996
20260322,48,251.6878,6784.91826020842,4045.486681261051,0.0,739.4315789473684,2000.0,0.9999999999999999
20260322,49,249.84596,6681.469059025264,3930.174322183157,0.0,751.2947368421053,2000.0,0.9999999999999998
20260322,50,249.68944,6615.501452473683,3861.7646103684237,5.473684210526288,748.2631578947369,2000.0,1.0000000000000007
20260322,51,249.68944,6598.259918943157,3854.328339995791,18.063157894736882,725.8684210526316,2000.0,1.0000000000000004
20260322,52,250.2500000000001,6581.018385412633,3846.8920696231557,30.65263157894737,703.4736842105264,2000.0,0.9999999999999996
20260322,53,250.2500000000001,6563.776851882105,3839.4557992505243,43.24210526315788,681.078947368421,2000.0,0.9999999999999998
20260322,54,250.2500000000001,6541.287895103156,3826.5510529978937,59.07368421052639,655.6631578947367,2000.0,1.0000000000000002
20260322,55,249.84596,6506.804828042105,3801.1469333052632,82.31578947368422,623.3421052631579,2000.0,1.0
20260322,56,249.84596,6472.321760981054,3775.7428136126323,105.557894736842,591.021052631579,2000.0,1.0
20260322,57,249.84596,6437.83869392,3750.3386939200027,128.8,558.6999999999999,2000.0,1.0000000000000004
20260322,58,249.68944,6403.355626858946,3713.187205806318,162.821052631579,527.3473684210526,2000.0,1.0000000000000004
20260322,59,248.40816,6368.872559797894,3620.2357176926325,248.0421052631578,500.59473684210536,2000.0,1.0000000000000002
20260322,60,247.86762,6334.389492736842,3527.2842295789465,333.263157894737,473.8421052631578,2000.0,0.9999999999999999
20260322,61,246.56632,6299.906425675789,3434.3327414652663,418.48421052631596,447.0894736842105,2000.0,1.0000000000000007
20260322,62,246.16228,6268.421886185262,3347.70609671158,500.84210526315786,419.87368421052633,2000.0,1.0000000000000002
20260322,63,246.56632,6302.904953246316,3400.2260058778957,520.2105263157896,382.4684210526315,2000.0,1.0000000000000002
20260322,64,246.56632,6337.388020307369,3452.745915044213,539.578947368421,345.0631578947368,2000.0,1.0000000000000002
20260322,65,247.6801600000001,6371.87108736842,3505.2658242105267,558.9473684210527,307.6578947368421,2000.0,1.0000000000000002
20260322,66,248.00412,6406.354154429472,3557.7857333768447,578.3157894736844,270.2526315789473,2000.0,1.0000000000000007
20260322,67,248.00412,6440.837221490526,3604.005642543157,602.1052631578948,234.7263157894739,2000.0,1.0
20260322,68,248.40816,6475.320288551579,3649.625551709477,626.3157894736842,199.3789473684211,2000.0,1.0000000000000004
20260322,69,248.794,6509.803355612631,3695.2454608757917,650.5263157894736,164.0315789473683,2000.0,1.0000000000000002
20260322,70,249.68944,6544.286422673683,3740.8653700421078,674.736842105263,128.684210526316,2000.0,1.0000000000000007
20260322,71,250.2500000000001,6605.756237869473,3834.314132606316,672.4210526315791,99.021052631579,2000.0,1.0000000000000002
20260322,72,251.6878,6674.722371991579,3941.0486877810563,662.7368421052631,70.93684210526305,2000.0,1.0000000000000004
20260322,73,253.52964,6743.6885061136845,4047.783242955787,653.0526315789475,42.852631578947545,2000.0,0.9999999999999996
20260322,74,255.37148,6812.654640235789,4154.517798130525,643.3684210526318,14.768421052631611,2000.0,0.9999999999999999
20260322,75,255.37148,6859.1318175789465,4166.289712315788,688.6315789473688,4.210526315789469,2000.0,1.0
20260322,76,255.37148,6893.614884639999,4127.4148846399985,763.1999999999997,3.0000000000000067,2000.0,0.9999999999999999
20260322,77,255.1549,6928.097951701054,4088.5400569642075,837.7684210526315,1.7894736842105279,2000.0,0.9999999999999994
20260322,78,253.52964,6962.5810187621055,4049.665229288419,912.3368421052636,0.578947368421048,2000.0,0.9999999999999998
20260322,79,253.52964,6961.081754976842,4025.713333924207,935.3684210526318,0.0,2000.0,0.9999999999999996
20260322,80,253.52964,6926.598687915791,4015.440793178945,911.157894736842,0.0,2000.0,0.9999999999999994
20260322,81,253.33308,6892.115620854737,4005.1682524336834,886.9473684210526,0.0,2000.0,0.9999999999999999
20260322,82,253.33308,6857.6325537936855,3994.8957116884203,862.7368421052633,0.0,2000.0,0.9999999999999998
20260322,83,251.6878,6796.1627385978945,3955.7416859663176,840.421052631579,0.0,2000.0,1.0000000000000002
20260322,84,251.51126,6692.7135374147365,3871.660905835788,821.0526315789473,0.0,2000.0,0.9999999999999999
20260322,85,249.84596,6589.264336231579,3787.580125705261,801.6842105263158,0.0,2000.0,0.9999999999999996
20260322,86,249.68944,6485.81513504842,3703.499345574738,782.3157894736842,0.0,2000.0,1.0000000000000002
20260322,87,248.00412,6364.374768442103,3589.301084231576,775.0736842105264,0.0,2000.0,0.9999999999999999
20260322,88,246.16228,6191.959433136843,3389.7699594526352,802.1894736842104,0.0,2000.0,1.0000000000000004
20260322,89,244.32044,6019.544097831577,3190.238834673683,829.3052631578947,0.0,2000.0,1.0000000000000002
20260322,90,242.88264,5847.128762526313,2990.707709894734,856.4210526315792,0.0,2000.0,1.0
20260322,91,240.99712,5674.713427221054,2790.923953536844,883.7894736842104,0.0,2000.0,1.0
20260322,92,238.76944,5502.298091915789,2589.455986652634,912.8421052631578,0.0,2000.0,1.0000000000000004
20260322,93,235.51528,5329.882756610526,2387.988019768423,941.8947368421054,0.0,2000.0,1.0000000000000004
20260322,94,238.76944,5157.467421305263,2186.520052884213,970.9473684210526,0.0,2000.0,1.0000000000000004
20260322,95,853.8272126315791,4989.473684210523,1989.473684210526,1000.0,0.0,2000.0,1.0000000000000004
20260323,0,854.88856,4752.631578947366,1677.631578947368,1075.0,0.0,2000.0,1.0000000000000007
20260323,1,854.88856,4738.105263157895,1676.9052631578952,1061.2,0.0,2000.0,1.0
20260323,2,854.88856,4723.578947368419,1676.178947368421,1047.4,0.0,2000.0,1.0000000000000004
20260323,3,854.88856,4709.052631578948,1675.452631578948,1033.6000000000001,0.0,2000.0,1.0
20260323,4,854.88856,4694.526315789474,1674.726315789474,1019.8000000000001,0.0,2000.0,1.0
20260323,5,854.88856,4726.980609418281,1676.349030470915,1050.631578947368,0.0,2000.0,1.0000000000000004
20260323,6,854.88856,4766.48199445983,1678.324099722992,1088.1578947368419,0.0,2000.0,1.0000000000000007
20260323,7,854.88856,4805.983379501384,1680.299168975069,1125.684210526316,0.0,2000.0,1.0000000000000004
20260323,8,854.88856,4845.484764542936,1682.2742382271472,1163.21052631579,0.0,2000.0,1.0000000000000002
20260323,9,854.88856,4877.451523545706,1683.8725761772848,1193.578947368421,0.0,2000.0,1.0
20260323,10,854.88856,4906.75900277008,1685.3379501385039,1221.421052631579,0.0,2000.0,1.0000000000000007
20260323,11,854.88856,4936.066481994458,1686.803324099723,1249.2631578947369,0.0,2000.0,1.0000000000000004
20260323,12,854.88856,4965.373961218836,1688.2686980609421,1277.105263157894,0.0,2000.0,1.0000000000000002
20260323,13,854.88856,4940.853185595567,1687.0426592797792,1253.810526315789,0.0,2000.0,1.0000000000000002
20260323,14,854.88856,4881.728531855955,1684.086426592798,1197.6421052631579,0.0,2000.0,1.0000000000000002
20260323,15,854.88856,4822.603878116342,1681.130193905817,1141.473684210526,0.0,2000.0,1.0000000000000002
20260323,16,854.88856,4763.47922437673,1678.1739612188371,1085.305263157895,0.0,2000.0,1.0000000000000007
20260323,17,854.88856,4708.620498614958,1675.431024930748,1033.18947368421,0.0,2000.0,1.0
20260323,18,854.88856,4658.4155124653735,1672.920775623269,985.4947368421051,0.0,2000.0,1.0000000000000002
20260323,19,854.88856,4608.21052631579,1670.4105263157899,937.8,0.0,2000.0,1.0
20260323,20,854.88856,4558.005540166204,1667.900277008311,890.1052631578949,0.0,2000.0,1.0000000000000004
20260323,21,854.88856,4513.473684210524,1665.673684210526,847.6315789473682,0.1684210526315795,2000.0,1.0000000000000004
20260323,22,854.88856,4479.578947368419,1663.9789473684211,814.9473684210527,0.652631578947368,2000.0,1.0000000000000007
20260323,23,854.88856,4445.684210526315,1662.284210526316,782.2631578947369,1.1368421052631579,2000.0,1.0000000000000002
20260323,24,854.88856,4411.789473684208,1660.589473684211,749.5789473684213,1.621052631578948,2000.0,1.0000000000000009
20260323,25,854.7916210526315,4382.382271468142,1659.119113573407,716.0,7.263157894736814,2000.0,1.0000000000000004
20260323,26,854.7916210526315,4369.130193905816,1658.456509695291,679.1999999999998,31.473684210526322,2000.0,1.0000000000000004
20260323,27,854.7916210526315,4355.878116343491,1657.793905817175,642.3999999999999,55.68421052631582,2000.0,1.0
20260323,28,854.7916210526315,4342.626038781162,1657.131301939058,605.6,79.89473684210525,2000.0,1.0000000000000004
20260323,29,854.7916210526315,4344.387811634348,1657.219390581718,578.9263157894737,108.2421052631579,2000.0,1.0000000000000004
20260323,30,854.88856,4503.795013850414,1665.189750692522,658.5789473684213,180.02631578947378,2000.0,1.0000000000000007
20260323,31,854.88856,4663.20221606648,1673.160110803324,738.2315789473683,251.81052631578947,2000.0,1.0000000000000004
20260323,32,854.88856,4822.609418282546,1681.130470914128,817.884210526316,323.5947368421053,2000.0,1.0000000000000007
20260323,33,854.88856,4982.016620498615,1689.100831024932,897.5368421052632,395.3789473684211,2000.0,1.0000000000000002
20260323,34,854.88856,5062.808864265926,1693.140443213296,923.2315789473685,446.4368421052631,2000.0,1.0000000000000004
20260323,35,854.88856,5140.027700831024,1697.0013850415507,946.4736842105264,496.55263157894717,2000.0,1.0
20260323,36,854.88856,5217.246537396121,1700.8623268698059,969.7157894736841,546.6684210526316,2000.0,1.0
20260323,37,854.9642336842105,5294.465373961218,1704.723268698061,992.9578947368421,596.7842105263157,2000.0,1.0000000000000002
20260323,38,854.9642336842105,5293.999999999999,1704.7,947.4000000000002,641.8999999999997,2000.0,1.0000000000000002
20260323,39,854.88856,5277.180055401659,1703.8590027700832,887.357894736842,685.9631578947369,2000.0,1.0000000000000007
20260323,40,244.32044,5311.620447736843,1754.278342473685,827.3157894736843,730.0263157894736,2000.0,1.0
20260323,41,244.72448,5353.990599285262,1812.627441390529,767.2736842105265,774.0894736842102,2000.0,1.0000000000000007
20260323,42,244.72448,5386.53578815579,1927.6778934189501,679.778947368421,779.078947368421,2000.0,1.0000000000000004
20260323,43,246.16228,5414.782555854738,2067.535187433685,580.2736842105264,766.9736842105262,2000.0,0.9999999999999998
20260323,44,246.16228,5443.029323553682,2207.39248144842,480.76842105263194,754.8684210526316,2000.0,1.0000000000000002
20260323,45,247.86762,5471.276091252632,2347.24977546316,381.2631578947365,742.7631578947368,2000.0,1.0000000000000002
20260323,46,246.56632,5459.60894807263,2397.930000704211,319.6631578947369,742.0157894736843,2000.0,1.0000000000000004
20260323,47,246.16228,5417.238796524211,2380.012480734738,287.2210526315791,750.0052631578949,2000.0,1.0000000000000002
20260323,48,246.16228,5374.86864497579,2362.094960765264,254.778947368421,757.9947368421053,2000.0,1.0000000000000002
20260323,49,246.16228,5332.498493427369,2344.177440795792,222.33684210526312,765.9842105263158,2000.0,1.0000000000000004
20260323,50,246.16228,5302.409545226316,2341.9095452263177,186.1052631578949,774.3947368421053,2000.0,1.0000000000000004
20260323,51,246.16228,5288.286161376844,2359.986161376844,144.9473684210525,783.3526315789472,2000.0,1.0
20260323,52,246.16228,5274.162777527367,2378.062777527369,103.78947368421049,792.3105263157893,2000.0,1.0000000000000002
20260323,53,246.56632,5260.039393677895,2396.1393936778977,62.6315789473685,801.2684210526314,2000.0,1.0000000000000004
20260323,54,246.56632,5250.214430999999,2413.614431000002,33.41052631578946,803.1894736842105,2000.0,1.0000000000000004
20260323,55,246.56632,5250.214430999999,2429.714431000002,31.473684210526308,789.0263157894736,2000.0,1.0000000000000004
20260323,56,247.86762,5250.214430999999,2445.814431000002,29.536842105263162,774.8631578947369,2000.0,1.0000000000000004
20260323,57,247.86762,5250.214430999999,2461.914431000002,27.6,760.6999999999999,2000.0,1.0000000000000004
20260323,58,247.86762,5240.389468322105,2473.810520953688,28.27368421052632,738.3052631578948,2000.0,1.0000000000000009
20260323,59,247.86762,5183.89593292421,2465.7380381873713,41.34736842105261,676.8105263157896,2000.0,1.0000000000000007
20260323,60,247.86762,5127.402397526314,2457.665555421054,54.421052631578995,615.3157894736838,2000.0,1.0000000000000004
20260323,61,247.86762,5070.90886212842,2449.5930726547376,67.49473684210527,553.8210526315788,2000.0,1.0000000000000004
20260323,62,247.86762,5016.257507232632,2442.4732967063187,80.47368421052632,493.3105263157895,2000.0,1.0000000000000004
20260323,63,247.86762,5002.134123383157,2456.31307075158,91.3684210526316,454.4526315789472,2000.0,1.0000000000000004
20260323,64,247.86762,4988.010739533685,2470.152844796844,102.2631578947369,415.5947368421052,2000.0,1.0000000000000002
20260323,65,247.86762,4973.887355684211,2483.992618842106,113.1578947368421,376.73684210526324,2000.0,1.0000000000000002
20260323,66,248.00412,4959.763971834736,2497.8323928873688,124.0526315789474,337.8789473684209,2000.0,1.0000000000000002
20260323,67,247.86762,4997.221642044211,2448.637431517896,254.7578947368412,293.82631578947394,2000.0,1.0
20260323,68,246.56632,5039.591793592631,2393.439162013686,396.87368421052616,249.27894736842111,2000.0,1.0000000000000004
20260323,69,246.16228,5081.961945141054,2338.240892509476,538.9894736842109,204.73157894736832,2000.0,1.0000000000000002
20260323,70,244.72448,5124.332096689473,2283.042623005264,681.1052631578938,160.1842105263161,2000.0,1.0000000000000002
20260323,71,246.16228,5177.755331250527,2352.6763838821053,700.2526315789473,124.8263157894737,2000.0,0.9999999999999998
20260323,72,247.86762,5234.2488666484205,2456.985708753685,685.2421052631579,92.02105263157881,2000.0,1.0000000000000002
20260323,73,248.40816,5290.742402046315,2561.2950336252643,670.2315789473685,59.215789473684396,2000.0,1.0000000000000004
20260323,74,249.84596,5347.23593744421,2665.604358496842,655.2210526315789,26.4105263157895,2000.0,1.0
20260323,75,251.51126,5440.573082884211,2775.888872357893,652.0526315789473,12.63157894736841,2000.0,0.9999999999999997
20260323,76,253.33308,5553.560153679998,2889.3601536799997,655.2000000000002,9.000000000000021,2000.0,1.0000000000000004
20260323,77,253.52964,5666.547224475789,3002.8314350021033,658.3473684210526,5.368421052631582,2000.0,0.9999999999999997
20260323,78,255.37148,5779.534295271579,3116.302716324208,661.4947368421052,1.736842105263144,2000.0,0.9999999999999996
20260323,79,256.97672,5811.465423974738,3161.9812134484187,649.484210526316,0.0,2000.0,0.9999999999999993
20260323,80,256.97672,5769.095272426316,3145.516325057893,623.5789473684212,0.0,2000.0,0.9999999999999997
20260323,81,256.97672,5726.7251208778935,3129.051436667367,597.6736842105263,0.0,2000.0,1.0
20260323,82,255.37148,5684.354969329474,3112.58654827684,571.7684210526317,0.0,2000.0,0.9999999999999996
20260323,83,255.37148,5647.511359287369,3063.848201392631,583.6631578947367,0.0,2000.0,0.9999999999999999
20260323,84,253.52964,5619.264591588421,2964.9066968515763,654.3578947368424,0.0,2000.0,0.9999999999999996
20260323,85,251.6878,5591.017823889474,2865.965192310529,725.0526315789472,0.0,2000.0,1.0000000000000002
20260323,86,251.51126,5562.771056190526,2767.023687769473,795.7473684210527,0.0,2000.0,1.0
20260323,87,249.84596,5523.471205478947,2677.681731794737,845.7894736842105,0.0,2000.0,1.0
20260323,88,249.68944,5452.854286231579,2615.538496757895,837.3157894736842,0.0,2000.0,1.0
20260323,89,248.00412,5382.237366984209,2553.395261721053,828.8421052631579,0.0,2000.0,1.0000000000000004
20260323,90,248.00412,5311.620447736841,2491.2520266842103,820.3684210526316,0.0,2000.0,1.0000000000000002
20260323,91,247.86762,5241.003528489473,2415.08773901579,825.9157894736837,0.0,2000.0,1.0
20260323,92,246.16228,5170.386609242105,2245.449767136844,924.9368421052629,0.0,2000.0,1.0000000000000004
20260323,93,232.57962,5099.769689994735,2075.811795257895,1023.9578947368431,0.0,2000.0,1.0000000000000007
20260323,94,230.18632,5029.152770747369,1906.173823378949,1122.9789473684211,0.0,2000.0,1.0000000000000004
20260323,95,854.2203326315789,5065.263157894736,1843.263157894738,1222.0,0.0,2000.0,1.0000000000000004
20260324,0,854.88856,5144.210526315789,1697.210526315789,1447.0,0.0,2000.0,1.0
20260324,1,854.88856,5151.8559556786695,1697.592797783933,1454.263157894737,0.0,2000.0,1.0000000000000002
20260324,2,854.88856,5159.501385041549,1697.9750692520781,1461.526315789474,0.0,2000.0,1.0000000000000007
20260324,3,854.88856,5167.146814404431,1698.3573407202211,1468.78947368421,0.0,2000.0,1.0
20260324,4,854.88856,5174.79224376731,1698.7396121883648,1476.052631578947,0.0,2000.0,1.0000000000000004
20260324,5,854.88856,5192.40997229917,1699.6204986149578,1492.7894736842109,0.0,2000.0,0.9999999999999998
20260324,6,854.88856,5211.523545706368,1700.576177285318,1510.947368421053,0.0,2000.0,1.0000000000000004
20260324,7,854.88856,5230.637119113571,1701.531855955679,1529.105263157895,0.0,2000.0,1.0000000000000004
20260324,8,854.88856,5249.750692520774,1702.487534626038,1547.2631578947369,0.0,2000.0,1.0000000000000002
20260324,9,854.88856,5266.038781163434,1703.301939058171,1562.736842105263,0.0,2000.0,1.0
20260324,10,854.9642336842105,5281.329639889195,1704.06648199446,1577.263157894737,0.0,2000.0,1.0000000000000004
20260324,11,854.9642336842105,5296.620498614959,1704.831024930748,1591.78947368421,0.0,2000.0,0.9999999999999998
20260324,12,854.9642336842105,5311.911357340721,1705.5955678670368,1606.315789473684,0.0,2000.0,1.0
20260324,13,854.9642336842105,5323.168975069252,1706.1584487534622,1617.01052631579,0.0,2000.0,1.0
20260324,14,854.9642336842105,5331.833795013851,1706.5916897506931,1625.242105263158,0.0,2000.0,1.0
20260324,15,854.9642336842105,5340.498614958448,1707.0249307479219,1633.4736842105262,0.0,2000.0,1.0
20260324,16,854.9642336842105,5349.163434903046,1707.458171745152,1641.7052631578952,0.0,2000.0,1.0000000000000002
20260324,17,854.9642336842105,5359.047091412742,1707.952354570637,1651.094736842105,0.0,2000.0,1.0
20260324,18,854.9642336842105,5370.260387811634,1708.5130193905818,1661.7473684210531,0.0,2000.0,1.0000000000000002
20260324,19,854.9642336842105,5370.5263157894715,1708.526315789474,1661.999999999999,0.0,2000.0,1.0000000000000004
20260324,20,854.9642336842105,5365.429362880884,1708.2714681440439,1657.1578947368407,0.0,2000.0,1.0000000000000002
20260324,21,854.9642336842105,5366.4930747922435,1708.324653739611,1655.515789473683,2.652631578947377,2000.0,0.9999999999999994
20260324,22,854.9642336842105,5379.1080332409965,1708.95540166205,1659.873684210525,10.27894736842104,2000.0,1.0
20260324,23,854.9642336842105,5391.7229916897495,1709.5861495844879,1664.231578947367,17.90526315789474,2000.0,1.0000000000000002
20260324,24,854.9642336842105,5404.337950138503,1710.216897506925,1668.589473684209,25.531578947368427,2000.0,0.9999999999999998
20260324,25,854.9642336842105,5428.531855955675,1711.426592797784,1673.263157894736,43.84210526315784,2000.0,1.0000000000000004
20260324,26,854.9642336842105,5494.409972299168,1714.720498614958,1679.073684210525,100.61578947368419,2000.0,0.9999999999999999
20260324,27,854.9642336842105,5560.28808864266,1718.014404432133,1684.884210526315,157.38947368421051,2000.0,0.9999999999999997
20260324,28,854.9642336842105,5626.166204986149,1721.308310249307,1690.694736842104,214.1631578947368,2000.0,0.9999999999999999
20260324,29,854.9642336842105,5692.376731301938,1724.618836565097,1695.410526315788,272.3473684210527,2000.0,1.0
20260324,30,854.9642336842105,5762.077562326867,1728.1038781163438,1688.631578947367,345.34210526315803,2000.0,1.0000000000000002
20260324,31,854.9642336842105,5775.357340720221,1728.7678670360108,1628.2526315789478,418.33684210526314,2000.0,1.0000000000000002
20260324,32,854.9642336842105,5767.584487534625,1728.3792243767318,1547.8736842105259,491.33157894736826,2000.0,1.0000000000000002
20260324,33,854.9642336842105,5759.81163434903,1727.990581717452,1467.4947368421049,564.3263157894737,2000.0,1.0
20260324,34,854.9642336842105,5740.581717451522,1727.0290858725762,1399.3894736842099,614.1631578947366,2000.0,1.0000000000000002
20260324,35,854.9642336842105,5720.831024930747,1726.0415512465372,1331.842105263158,662.9473684210524,2000.0,1.0000000000000002
20260324,36,854.9642336842105,5701.08033240997,1725.054016620498,1264.294736842105,711.7315789473685,2000.0,1.0000000000000002
20260324,37,854.9642336842105,5681.329639889195,1724.0664819944602,1196.747368421053,760.5157894736843,2000.0,1.0000000000000004
20260324,38,854.9642336842105,5676.105263157892,1723.8052631578948,1185.6,766.6999999999999,2000.0,1.0000000000000004
20260324,39,854.9642336842105,5673.9390581717425,1723.6969529085868,1186.3263157894742,763.9157894736843,2000.0,1.0000000000000004
20260324,40,854.9642336842105,5671.772853185595,1723.5886426592788,1187.0526315789468,761.1315789473684,2000.0,0.9999999999999999
20260324,41,854.9642336842105,5669.606648199444,1723.480332409973,1187.778947368421,758.3473684210526,2000.0,1.0000000000000004
20260324,42,854.9642336842105,5674.443213296396,1723.722160664819,1171.1578947368419,779.5631578947371,2000.0,1.0000000000000002
20260324,43,854.9642336842105,5682.343490304707,1724.117174515235,1146.9473684210532,811.278947368421,2000.0,1.0000000000000002
20260324,44,854.9642336842105,5690.243767313017,1724.512188365651,1122.736842105263,842.9947368421052,2000.0,1.0000000000000002
20260324,45,854.9642336842105,5698.144044321328,1724.907202216066,1098.526315789474,874.7105263157895,2000.0,1.0000000000000002
20260324,46,854.9642336842105,5696.8975069252065,1724.84487534626,1075.957894736842,896.0947368421052,2000.0,1.0000000000000002
20260324,47,854.9642336842105,5688.614958448752,1724.4307479224378,1054.652631578947,909.5315789473684,2000.0,1.0000000000000002
20260324,48,854.9642336842105,5680.332409972298,1724.0166204986149,1033.3473684210521,922.9684210526317,2000.0,1.0000000000000002
20260324,49,854.9642336842105,5672.049861495843,1723.602493074792,1012.042105263158,936.4052631578946,2000.0,1.0000000000000002
20260324,50,854.9642336842105,5661.883656509693,1723.094182825485,997.7894736842106,941.0,2000.0,1.0000000000000004
20260324,51,854.9642336842105,5649.26869806094,1722.463434903047,992.7052631578947,934.0999999999999,2000.0,1.0000000000000002
20260324,52,854.9642336842105,5636.653739612188,1721.8326869806099,987.621052631579,927.2,2000.0,1.0000000000000002
20260324,53,854.9642336842105,5624.038781163433,1721.201939058172,982.5368421052632,920.3000000000001,2000.0,1.0000000000000004
20260324,54,854.9642336842105,5599.09141274238,1719.95457063712,969.642105263158,909.4947368421053,2000.0,1.0000000000000007
20260324,55,854.9642336842105,5545.955678670359,1717.2977839335178,938.8947368421052,889.7631578947369,2000.0,1.0000000000000002
20260324,56,854.9642336842105,5492.819944598336,1714.640997229917,908.1473684210528,870.0315789473684,2000.0,1.0000000000000002
20260324,57,854.9642336842105,5439.684210526315,1711.984210526316,877.4000000000001,850.3,2000.0,1.0000000000000002
20260324,58,854.9642336842105,5383.578947368418,1709.178947368421,848.6736842105263,825.7263157894736,2000.0,1.0000000000000004
20260324,59,854.9642336842105,5313.36842105263,1705.668421052631,829.5473684210527,778.1526315789474,2000.0,1.0000000000000004
20260324,60,854.88856,5243.15789473684,1702.1578947368419,810.421052631579,730.578947368421,2000.0,1.0000000000000004
20260324,61,854.88856,5172.94736842105,1698.647368421053,791.2947368421051,683.0052631578945,2000.0,1.0000000000000004
20260324,62,854.88856,5103.285318559556,1695.164265927978,772.2315789473686,635.8894736842105,2000.0,1.0000000000000002
20260324,63,854.88856,5045.689750692519,1692.2844875346261,754.5578947368422,598.8473684210525,2000.0,1.0000000000000004
20260324,64,854.88856,4988.094182825483,1689.404709141274,736.8842105263158,561.8052631578947,2000.0,1.0000000000000004
20260324,65,854.88856,4930.498614958447,1686.524930747922,719.2105263157895,524.7631578947369,2000.0,1.0000000000000002
20260324,66,854.88856,4872.9030470914095,1683.6451523545702,701.5368421052631,487.7210526315788,2000.0,1.0000000000000007
20260324,67,244.32044,4867.423677315788,1764.1605194210508,677.0105263157894,426.25263157894767,2000.0,1.0
20260324,68,246.56632,4908.693305447368,1894.4038317631591,651.8315789473685,362.4578947368422,2000.0,1.0000000000000004
20260324,69,248.00412,4949.962933578947,2024.6471441052631,626.6526315789474,298.6631578947366,2000.0,1.0
20260324,70,249.68944,4991.232561710527,2154.890456447367,601.4736842105265,234.8684210526319,2000.0,0.9999999999999997
20260324,71,250.2500000000001,5043.268179789474,2269.089232421053,583.6842105263158,190.49473684210528,2000.0,1.0000000000000002
20260324,72,251.6878,5098.294350631579,2378.831192736842,567.9473684210527,151.5157894736841,2000.0,1.0
20260324,73,253.52964,5153.320521473685,2488.5731530526323,552.2105263157895,112.5368421052634,2000.0,1.0
20260324,74,255.1549,5208.34669231579,2598.315113368422,536.4736842105262,73.55789473684214,2000.0,1.0
20260324,75,255.1549,5299.259496315789,2716.943706842104,531.7894736842104,50.52631578947363,2000.0,0.9999999999999998
20260324,76,256.97672,5409.311838,2840.311838,532.9999999999999,36.000000000000085,2000.0,1.0
20260324,77,258.6038000000001,5519.364179684211,2963.679969157894,534.2105263157895,21.47368421052634,2000.0,0.9999999999999997
20260324,78,259.05516,5629.41652136842,3087.048100315787,535.4210526315791,6.9473684210525715,2000.0,0.9999999999999999
20260324,79,260.62036,5660.5182701052645,3131.591954315789,528.9263157894738,0.0,2000.0,0.9999999999999997
20260324,80,260.62036,5619.248641973683,3103.8802209210507,515.3684210526316,0.0,2000.0,0.9999999999999999
20260324,81,259.05516,5577.979013842104,3076.1684875263127,501.8105263157895,0.0,2000.0,0.9999999999999997
20260324,82,259.05516,5536.7093857105265,3048.456754131578,488.2526315789475,0.0,2000.0,0.9999999999999997
20260324,83,258.79854,5500.822752552633,3017.60169992105,483.22105263157897,0.0,2000.0,0.9999999999999993
20260324,84,258.79854,5473.309667131579,2981.85703555263,491.4526315789473,0.0,2000.0,0.9999999999999997
20260324,85,257.21332,5445.796581710527,2946.1123711842083,499.68421052631584,0.0,2000.0,0.9999999999999994
20260324,86,257.21332,5418.283496289473,2910.3677068157863,507.91578947368413,0.0,2000.0,0.9999999999999994
20260324,87,256.97672,5380.004420921054,2869.1623156578958,510.8421052631577,0.0,2000.0,1.0
20260324,88,255.37148,5311.2217073684205,2812.484865263157,498.7368421052632,0.0,2000.0,1.0
20260324,89,255.37148,5242.438993815792,2755.807414868422,486.6315789473684,0.0,2000.0,0.9999999999999997
20260324,90,255.1549,5173.656280263158,2699.1299644736832,474.5263157894736,0.0,2000.0,0.9999999999999998
20260324,91,253.52964,5104.8735667105275,2645.736724605263,459.13684210526327,0.0,2000.0,0.9999999999999998
20260324,92,253.52964,5036.090853157895,2614.238221578945,421.85263157894724,0.0,2000.0,0.9999999999999992
20260324,93,253.33308,4967.308139605263,2582.7397185526306,384.5684210526314,0.0,2000.0,0.9999999999999998
20260324,94,253.33308,4898.525426052631,2551.241215526317,347.2842105263159,0.0,2000.0,1.0000000000000004
20260324,95,251.6878,4829.742712500001,2519.7427125,310.0,0.0,2000.0,0.9999999999999997
20260325,0,233.67344,4298.3873856,2079.3873856000027,219.0,0.0,2000.0,1.0000000000000007
20260325,1,232.414,4281.8689378357885,2038.90051678316,242.9684210526315,0.0,2000.0,1.0000000000000007
20260325,2,231.30016,4265.35049007158,1998.4136479663182,266.9368421052631,0.0,2000.0,1.0000000000000004
20260325,3,230.18632,4248.832042307369,1957.926779149476,290.90526315789475,0.0,2000.0,1.0000000000000004
20260325,4,229.07248,4232.313594543157,1917.439910332634,314.8736842105263,0.0,2000.0,1.0000000000000009
20260325,5,854.1030863157896,4210.415512465373,1890.520775623268,319.8947368421053,0.0,2000.0,1.0000000000000002
20260325,6,854.1030863157896,4212.709141274238,1890.6354570637131,322.07368421052627,0.0,2000.0,1.0000000000000002
20260325,7,854.1030863157896,4215.0027700831,1890.7501385041548,324.2526315789474,0.0,2000.0,1.0000000000000007
20260325,8,854.1030863157896,4217.296398891966,1890.8648199446,326.4315789473685,0.0,2000.0,1.0000000000000004
20260325,9,854.1030863157896,4193.030470914126,1889.651523545707,303.3789473684211,0.0,2000.0,1.0000000000000004
20260325,10,854.1030863157896,4159.390581717448,1887.969529085872,271.4210526315789,0.0,2000.0,1.0000000000000007
20260325,11,854.1030863157896,4125.7506925207745,1886.2875346260391,239.46315789473692,0.0,2000.0,1.0000000000000004
20260325,12,854.1030863157896,4092.110803324096,1884.605540166205,207.5052631578947,0.0,2000.0,1.0000000000000009
20260325,13,854.1030863157896,4073.5180055401665,1883.675900277009,189.8421052631579,0.0,2000.0,1.0000000000000002
20260325,14,854.1030863157896,4064.598337950138,1883.2299168975069,181.3684210526316,0.0,2000.0,1.0000000000000002
20260325,15,854.1030863157896,4055.678670360108,1882.7839335180051,172.8947368421053,0.0,2000.0,1.0000000000000007
20260325,16,854.1030863157896,4046.7590027700803,1882.337950138504,164.421052631579,0.0,2000.0,1.0000000000000007
20260325,17,226.6992,4072.874663949473,1910.0957165810548,162.7789473684211,0.0,2000.0,1.0000000000000007
20260325,18,233.67344,4171.985350534737,2003.3958768505279,168.5894736842106,0.0,2000.0,1.0000000000000002
20260325,19,235.51528,4271.096037120001,2096.696037120002,174.4,0.0,2000.0,1.0000000000000002
20260325,20,227.08504,4370.2067237052615,2189.996197389477,180.2105263157895,0.0,2000.0,1.0000000000000013
20260325,21,230.18632,4475.062957338947,2295.399799444213,179.6210526315789,0.04210526315789487,2000.0,1.0000000000000007
20260325,22,231.30016,4590.692091688422,2423.497354846318,167.0315789473684,0.1631578947368419,2000.0,1.0000000000000002
20260325,23,233.67344,4706.321226037893,2551.5949102484237,154.44210526315788,0.28421052631578947,2000.0,1.0000000000000007
20260325,24,232.414,4821.950360387369,2679.6924656505303,141.8526315789474,0.405263157894737,2000.0,1.0000000000000007
20260325,25,244.32044,4959.125296168421,2822.256875115792,133.0526315789474,3.8157894736841933,2000.0,1.0000000000000004
20260325,26,246.16228,5173.865117103158,3016.901959208423,137.8947368421052,19.068421052631578,2000.0,1.0000000000000004
20260325,27,248.00412,5388.604938037895,3211.547043301054,142.7368421052631,34.32105263157896,2000.0,1.0
20260325,28,249.84596,5603.344758972632,3406.192127393686,147.578947368421,49.573684210526295,2000.0,1.0000000000000002
20260325,29,251.6878,5813.775419621053,3594.528051199999,150.0631578947369,69.18421052631581,2000.0,0.9999999999999999
20260325,30,251.51126,5978.959897263158,3716.6177919999986,127.78947368421049,134.5526315789475,2000.0,0.9999999999999997
20260325,31,251.51126,6144.144374905261,3838.7075327999987,105.51578947368421,199.9210526315789,2000.0,1.0000000000000002
20260325,32,251.51126,6309.328852547368,3960.797273599998,83.24210526315787,265.2894736842106,2000.0,0.9999999999999997
20260325,33,251.6878,6474.513330189474,4082.8870143999993,60.96842105263155,330.6578947368422,2000.0,0.9999999999999999
20260325,34,251.51126,6544.896281532631,4120.480492058947,48.884210526315805,375.53157894736853,2000.0,1.0
20260325,35,251.6878,6610.970072589475,4154.233230484212,37.26315789473688,419.4736842105262,2000.0,0.9999999999999999
20260325,36,251.6878,6677.043863646317,4187.985968909475,25.642105263157873,463.4157894736843,2000.0,1.0
20260325,37,253.33308,6743.117654703157,4221.738707334738,14.02105263157895,507.3578947368421,2000.0,1.0000000000000002
20260325,38,251.6878,6768.25442304,4187.654423040004,9.600000000000009,570.9999999999998,2000.0,1.0000000000000007
20260325,39,251.51126,6784.772870804211,4139.2886602778935,6.694736842105256,638.7894736842106,2000.0,0.9999999999999998
20260325,40,251.51126,6801.29131856842,4090.9228975157907,3.7894736842105274,706.5789473684209,2000.0,1.0000000000000002
20260325,41,250.2500000000001,6817.8097663326325,4042.5571347536816,0.8842105263157972,774.3684210526313,2000.0,0.9999999999999994
20260325,42,249.84596,6811.346025903155,3997.9881311663175,1.178947368421056,812.1789473684212,2000.0,1.0000000000000007
20260325,43,249.68944,6794.827578138947,3955.0802097178976,2.8736842105263163,836.8736842105262,2000.0,1.0000000000000004
20260325,44,249.68944,6778.309130374737,3912.172288269475,4.568421052631575,861.5684210526316,2000.0,1.0000000000000002
20260325,45,248.794,6761.790682610527,3869.264366821056,6.263157894736847,886.2631578947369,2000.0,1.0000000000000002
20260325,46,248.00412,6698.589665077896,3768.9317703410575,6.726315789473684,922.9315789473684,2000.0,1.0000000000000004
20260325,47,246.56632,6599.4789784926315,3624.426346913688,6.242105263157897,968.8105263157892,2000.0,1.0000000000000004
20260325,48,245.45248,6500.368291907368,3479.9209234863165,5.757894736842105,1014.6894736842111,2000.0,1.0000000000000002
20260325,49,244.32044,6401.2576053221055,3335.415500058948,5.2736842105263175,1060.568421052632,2000.0,1.0000000000000002
20260325,50,242.88264,6338.056587789474,3255.030272,4.4736842105263195,1078.552631578947,2000.0,0.9999999999999999
20260325,51,242.88264,6321.538140025264,3258.001297920004,3.2631578947368394,1060.273684210526,2000.0,1.0000000000000004
20260325,52,242.88264,6305.019692261052,3260.972323840002,2.052631578947368,1041.994736842105,2000.0,1.0000000000000004
20260325,53,242.88264,6288.5012444968415,3263.943349759999,0.8421052631578975,1023.7157894736839,2000.0,0.9999999999999999
20260325,54,242.88264,6266.9554430652615,3267.634390433686,0.0,999.3210526315787,2000.0,1.0000000000000004
20260325,55,242.88264,6233.918547536841,3272.9711791157897,0.0,960.9473684210526,2000.0,1.0000000000000002
20260325,56,242.88264,6200.88165200842,3278.307967797895,0.0,922.5736842105264,2000.0,1.0000000000000002
20260325,57,242.88264,6167.84475648,3283.644756480002,0.0,884.1999999999998,2000.0,1.0000000000000002
20260325,58,243.2248,6134.807860951581,3292.5394398989483,0.0,842.2684210526317,2000.0,0.9999999999999999
20260325,59,243.2248,6101.7709654231585,3318.334123317896,0.0,783.4368421052633,2000.0,1.0000000000000002
20260325,60,244.32044,6068.734069894736,3344.128806736841,0.0,724.6052631578946,2000.0,0.9999999999999999
20260325,61,244.32044,6035.697174366317,3369.923490155792,0.0,665.7736842105263,2000.0,1.0000000000000002
20260325,62,244.33864,6005.533052362106,3398.727789204212,0.0,606.8052631578948,2000.0,1.0000000000000002
20260325,63,245.45248,6038.569947890527,3493.7436321010573,0.0,544.8263157894734,2000.0,1.0000000000000007
20260325,64,246.56632,6071.606843418948,3588.759474997897,0.0,482.84736842105264,2000.0,1.0000000000000002
20260325,65,247.6801600000001,6104.643738947369,3683.775317894737,0.0,420.8684210526316,2000.0,1.0
20260325,66,248.00412,6137.680634475791,3778.7911607915817,0.0,358.8894736842103,2000.0,1.0000000000000002
20260325,67,248.40816,6170.717530004211,3858.4438457936867,0.22105263157894578,312.05263157894757,2000.0,1.0000000000000004
20260325,68,249.68944,6203.754425532631,3936.633372901056,0.4631578947368418,266.6578947368421,2000.0,1.0000000000000007
20260325,69,249.84596,6236.791321061051,4014.822900008422,0.7052631578947377,221.2631578947367,2000.0,1.0000000000000004
20260325,70,251.51126,6269.828216589472,4093.012427115788,0.9473684210526301,175.8684210526319,2000.0,1.0000000000000002
20260325,71,251.6878,6328.720073835789,4187.867442256841,3.463157894736838,137.3894736842106,2000.0,0.9999999999999999
20260325,72,253.52964,6394.793864892632,4287.351759629471,6.6105263157894845,100.8315789473683,2000.0,0.9999999999999996
20260325,73,255.1549,6460.8676559494725,4386.8360770021,9.757894736842086,64.27368421052654,2000.0,0.9999999999999994
20260325,74,256.97672,6526.941447006316,4486.320394374734,12.90526315789473,27.71578947368425,2000.0,0.9999999999999994
20260325,75,257.21332,6571.469436631578,4539.469436631574,19.36842105263161,12.63157894736841,2000.0,0.9999999999999994
20260325,76,257.21332,6604.506332159998,4567.906332159997,27.59999999999995,9.000000000000021,2000.0,0.9999999999999999
20260325,77,257.21332,6637.543227688421,4596.343227688422,35.83157894736842,5.368421052631582,2000.0,1.0000000000000002
20260325,78,258.79854,6670.580123216842,4624.780123216838,44.06315789473688,1.736842105263144,2000.0,0.9999999999999993
20260325,79,258.79854,6669.143736454736,4616.343736454736,52.799999999999955,0.0,2000.0,1.0
20260325,80,257.21332,6636.106840926317,4574.106840926315,62.0,0.0,2000.0,0.9999999999999998
20260325,81,256.97672,6603.069945397894,4531.869945397893,71.20000000000005,0.0,2000.0,0.9999999999999999
20260325,82,256.97672,6570.033049869473,4489.633049869471,80.39999999999993,0.0,2000.0,0.9999999999999996
20260325,83,255.37148,6511.141192623157,4417.183297886312,93.95789473684208,0.0,2000.0,0.9999999999999996
20260325,84,253.52964,6412.030506037892,4297.735769195785,114.2947368421053,0.0,2000.0,0.9999999999999997
20260325,85,251.6878,6312.919819452632,4178.288240505265,134.6315789473683,0.0,2000.0,1.0000000000000002
20260325,86,250.2500000000001,6213.809132867369,4058.8407118147375,154.9684210526316,0.0,2000.0,1.0
20260325,87,249.68944,6097.461805136841,3919.693384084212,177.7684210526318,0.0,2000.0,1.0000000000000007
20260325,88,249.84596,5932.277327494738,3724.729959073684,207.5473684210524,0.0,2000.0,0.9999999999999997
20260325,89,248.40816,5767.092849852632,3529.7665340631584,237.3263157894737,0.0,2000.0,1.0
20260325,90,246.56632,5601.908372210526,3334.803109052632,267.1052631578949,0.0,2000.0,1.0000000000000002
20260325,91,244.33864,5436.72389456842,3143.881789305265,292.84210526315786,0.0,2000.0,1.0000000000000004
20260325,92,243.2248,5271.539416926316,2979.907837978949,291.63157894736827,0.0,2000.0,1.0000000000000002
20260325,93,240.1162400000001,5106.354939284209,2815.933886652633,290.421052631579,0.0,2000.0,1.0000000000000007
20260325,94,232.414,4941.170461642107,2651.9599353263197,289.2105263157895,0.0,2000.0,1.0000000000000004
20260325,95,231.30016,4775.985984,2487.9859840000017,288.0,0.0,2000.0,1.0000000000000004
20260326,0,237.35712,4621.92192,2072.921920000002,549.0,0.0,2000.0,1.0000000000000007
20260326,1,237.35712,4604.160148210526,2076.223306105266,527.9368421052632,0.0,2000.0,1.0000000000000007
20260326,2,237.35712,4586.398376421053,2079.524692210529,506.8736842105264,0.0,2000.0,1.0000000000000004
20260326,3,239.1989600000001,4568.636604631578,2082.8260783157903,485.81052631578956,0.0,2000.0,1.0000000000000004
20260326,4,239.1989600000001,4550.874832842105,2086.127464421056,464.7473684210527,0.0,2000.0,1.0000000000000009
20260326,5,237.35712,4517.668042105262,2063.036463157898,454.6315789473684,0.0,2000.0,1.0000000000000009
20260326,6,235.51528,4482.144498526315,2035.986603789475,446.1578947368422,0.0,2000.0,1.0000000000000004
20260326,7,235.51528,4446.620954947369,2008.9367444210548,437.6842105263157,0.0,2000.0,1.0000000000000004
20260326,8,233.67344,4411.097411368421,1981.886885052634,429.2105263157896,0.0,2000.0,1.0000000000000007
20260326,9,232.414,4375.573867789474,1926.92123621053,448.6526315789473,0.0,2000.0,1.0000000000000007
20260326,10,230.18632,4340.050324210527,1862.1029557894763,477.94736842105266,0.0,2000.0,1.0000000000000004
20260326,11,854.1030863157896,4312.886426592794,1805.644321329639,507.242105263158,0.0,2000.0,1.0000000000000007
20260326,12,854.1617094736841,4343.722991689748,1807.186149584487,536.5368421052632,0.0,2000.0,1.0000000000000007
20260326,13,854.1617094736841,4350.204986149582,1807.5102493074792,542.6947368421053,0.0,2000.0,1.0000000000000007
20260326,14,854.1617094736841,4341.0304709141255,1807.051523545707,533.9789473684212,0.0,2000.0,1.0000000000000007
20260326,15,854.1617094736841,4331.855955678669,1806.592797783934,525.2631578947369,0.0,2000.0,1.0000000000000007
20260326,16,854.1617094736841,4322.68144044321,1806.1340720221601,516.5473684210527,0.0,2000.0,1.0000000000000009
20260326,17,230.18632,4379.435122526316,1854.466701473687,524.9684210526315,0.0,2000.0,1.0000000000000004
20260326,18,232.414,4486.005753263157,1933.921542736844,552.0842105263158,0.0,2000.0,1.0000000000000007
20260326,19,235.51528,4592.576384,2013.3763840000029,579.1999999999999,0.0,2000.0,1.0000000000000007
20260326,20,227.08504,4699.147014736841,2092.831225263159,606.3157894736842,0.0,2000.0,1.0000000000000007
20260326,21,230.18632,4811.895653052631,2186.4640741052663,625.3473684210526,0.08421052631578975,2000.0,1.0000000000000007
20260326,22,231.30016,4936.228055578948,2306.680687157896,629.221052631579,0.3263157894736839,2000.0,1.0
20260326,23,232.414,5060.560458105263,2426.897300210528,633.0947368421052,0.5684210526315789,2000.0,1.0000000000000004
20260326,24,232.414,5184.89286063158,2547.113913263159,636.9684210526315,0.810526315789474,2000.0,1.0
20260326,25,242.3002400000001,5332.392791578948,2699.813844210528,627.3684210526317,5.210526315789451,2000.0,1.0000000000000002
20260326,26,239.603,5563.295824842106,2969.453719578949,569.2631578947368,24.578947368421062,2000.0,1.0000000000000002
20260326,27,246.16228,5794.198858105263,3239.0935949473705,511.1578947368419,43.947368421052666,2000.0,1.0000000000000002
20260326,28,247.86762,6025.101891368421,3508.733470315791,453.0526315789476,63.315789473684184,2000.0,1.0000000000000002
20260326,29,249.68944,6251.37141894737,3760.739840000005,403.7052631578948,86.92631578947369,2000.0,1.0000000000000007
20260326,30,249.68944,6428.989136842107,3827.5944000000036,446.31578947368416,155.0789473684211,2000.0,1.0000000000000002
20260326,31,249.84596,6606.606854736841,3894.4489599999997,488.9263157894737,223.2315789473684,2000.0,1.0000000000000002
20260326,32,250.2500000000001,6784.224572631577,3961.3035199999977,531.5368421052632,291.3842105263158,2000.0,1.0
20260326,33,251.6878,6961.842290526316,4028.158080000002,574.1473684210525,359.5368421052633,2000.0,1.0000000000000002
20260326,34,251.6878,7037.522883368419,4064.286041263156,567.6631578947367,405.57368421052627,2000.0,1.0
20260326,35,253.33308,7108.569970526318,4099.01733894737,558.9473684210525,450.60526315789457,2000.0,1.0
20260326,36,253.33308,7179.6170576842105,4133.748636631573,550.2315789473682,495.6368421052632,2000.0,0.9999999999999992
20260326,37,253.52964,7250.664144842105,4168.479934315787,541.5157894736842,540.6684210526316,2000.0,0.9999999999999998
20260326,38,253.52964,7277.692928,4201.0929279999955,532.0,544.6,2000.0,0.9999999999999993
20260326,39,255.1549,7295.454699789474,4233.259962947366,522.3157894736843,539.8789473684211,2000.0,0.9999999999999997
20260326,40,255.37148,7313.216471578949,4265.426997894733,512.6315789473684,535.1578947368421,2000.0,0.9999999999999993
20260326,41,255.37148,7330.978243368422,4297.594032842102,502.9473684210526,530.4368421052632,2000.0,0.9999999999999993
20260326,42,255.1549,7324.027984842105,4248.291142736839,525.6,550.1368421052632,2000.0,0.9999999999999997
20260326,43,253.52964,7306.2662130526305,4163.345160421046,562.4,580.5210526315788,2000.0,0.9999999999999991
20260326,44,251.6878,7288.504441263159,4078.399178105264,599.1999999999999,610.9052631578946,2000.0,1.0
20260326,45,251.51126,7270.742669473685,3993.453195789474,636.0,641.2894736842105,2000.0,1.0
20260326,46,249.84596,7202.784586105264,3872.3372176842117,672.2526315789474,658.1947368421053,2000.0,1.0000000000000002
20260326,47,248.40816,7096.213955368421,3723.39816589474,708.0842105263157,664.7315789473682,2000.0,1.0000000000000004
20260326,48,247.6801600000001,6989.643324631579,3574.459114105264,743.9157894736843,671.2684210526317,2000.0,1.0
20260326,49,246.56632,6883.072693894738,3425.520062315791,779.7473684210527,677.8052631578947,2000.0,1.0
20260326,50,246.16228,6815.114610526314,3337.509347368422,803.3684210526316,674.2368421052631,2000.0,1.0000000000000004
20260326,51,246.16228,6797.3528387368415,3328.705470315789,811.1157894736843,657.5315789473683,2000.0,1.0
20260326,52,245.45248,6779.59106694737,3319.9015932631587,818.8631578947369,640.8263157894736,2000.0,0.9999999999999999
20260326,53,245.45248,6761.829295157895,3311.097716210529,826.6105263157895,624.1210526315791,2000.0,1.0000000000000004
20260326,54,244.72448,6738.661766736843,3282.4828193684234,835.5368421052631,620.642105263158,2000.0,1.0000000000000002
20260326,55,244.32044,6703.1382231578955,3208.585591578948,847.1578947368421,647.3947368421052,2000.0,1.0
20260326,56,243.2248,6667.614679578949,3134.688363789475,858.7789473684211,674.1473684210525,2000.0,0.9999999999999999
20260326,57,242.11096,6632.091136000001,3060.791136000002,870.4000000000001,700.9000000000001,2000.0,1.0000000000000002
20260326,58,241.0408,6596.567592421053,2989.546539789476,883.3684210526317,723.6526315789473,2000.0,1.0000000000000002
20260326,59,239.88328,6561.0440488421045,2930.901943578948,902.7368421052632,727.4052631578949,2000.0,1.0000000000000002
20260326,60,239.1989600000001,6525.520505263158,2872.257347368424,922.1052631578948,731.1578947368421,2000.0,1.0000000000000004
20260326,61,237.35712,6489.996961684212,2813.6127511578957,941.4736842105264,734.9105263157895,2000.0,1.0
20260326,62,235.51528,6457.562421894737,2761.378211368423,960.5052631578947,735.6789473684212,2000.0,1.0000000000000002
20260326,63,238.76944,6493.085965473685,2850.1649128421077,972.1263157894738,670.7947368421051,2000.0,1.0000000000000002
20260326,64,239.88328,6528.609509052631,2938.951614315789,983.7473684210526,605.9105263157893,2000.0,0.9999999999999999
20260326,65,241.0408,6564.13305263158,3027.7383157894737,995.3684210526316,541.0263157894736,2000.0,0.9999999999999999
20260326,66,243.2248,6599.656596210525,3116.525017263161,1006.989473684211,476.1421052631577,2000.0,1.0000000000000007
20260326,67,244.33864,6635.180139789473,3215.1485608421062,1008.0,412.0315789473688,2000.0,1.0000000000000002
20260326,68,245.45248,6670.70368336842,3314.708946526318,1008.0,347.9947368421053,2000.0,1.0000000000000004
20260326,69,246.56632,6706.227226947368,3414.2693322105274,1008.0,283.9578947368419,2000.0,1.0000000000000002
20260326,70,247.86762,6741.750770526318,3513.829717894738,1008.0,219.92105263157939,2000.0,0.9999999999999999
20260326,71,248.40816,6805.0753482105265,3623.2858745263175,1011.031578947368,170.7578947368421,2000.0,1.0000000000000002
20260326,72,249.68944,6876.122435368421,3735.490856421056,1014.905263157895,125.7263157894735,2000.0,1.0000000000000004
20260326,73,250.2500000000001,6947.169522526315,3847.695838315788,1018.7789473684211,80.69473684210554,2000.0,1.0
20260326,74,251.6878,7018.216609684211,3959.900820210527,1022.6526315789471,35.663157894736905,2000.0,1.0
20260326,75,253.52964,7066.096168421052,4021.464589473679,1027.789473684211,16.84210526315788,2000.0,0.9999999999999993
20260326,76,253.52964,7101.619711999999,4056.019711999999,1033.6000000000001,12.00000000000003,2000.0,1.0
20260326,77,255.1549,7137.143255578947,4090.574834526312,1039.41052631579,7.157894736842111,2000.0,0.9999999999999997
20260326,78,255.37148,7172.666799157895,4125.129957052631,1045.221052631579,2.315789473684192,2000.0,0.9999999999999998
20260326,79,255.1549,7171.1222972631585,4106.953876210526,1064.1684210526312,0.0,2000.0,0.9999999999999998
20260326,80,253.52964,7135.59875368421,4040.440858947366,1095.157894736842,0.0,2000.0,0.9999999999999997
20260326,81,253.33308,7100.075210105264,3973.92784168421,1126.147368421053,0.0,2000.0,0.9999999999999999
20260326,82,251.6878,7064.551666526316,3907.414824421052,1157.136842105263,0.0,2000.0,0.9999999999999999
20260326,83,250.2500000000001,7001.227088842105,3830.532351999999,1170.694736842105,0.0,2000.0,0.9999999999999998
20260326,84,249.68944,6894.656458105263,3737.5196160000023,1157.136842105263,0.0,2000.0,1.0000000000000004
20260326,85,248.40816,6788.085827368421,3644.5068800000035,1143.578947368421,0.0,2000.0,1.0000000000000004
20260326,86,247.86762,6681.51519663158,3551.494144000003,1130.021052631579,0.0,2000.0,1.0000000000000004
20260326,87,246.56632,6556.410543157894,3435.1473852631593,1121.263157894737,0.0,2000.0,1.0000000000000004
20260326,88,244.72448,6378.792825263159,3252.6875621052654,1126.105263157895,0.0,2000.0,1.0000000000000002
20260326,89,242.88264,6201.17510736842,3070.22773894737,1130.947368421053,0.0,2000.0,1.0000000000000004
20260326,90,240.99712,6023.5573894736835,2887.7679157894727,1135.789473684211,0.0,2000.0,1.0
20260326,91,239.1989600000001,5845.939671578948,2706.192303157899,1139.747368421053,0.0,2000.0,1.0000000000000007
20260326,92,237.35712,5668.321953684212,2530.511427368423,1137.81052631579,0.0,2000.0,1.0000000000000002
20260326,93,233.67344,5490.704235789475,2354.830551578948,1135.873684210526,0.0,2000.0,0.9999999999999999
20260326,94,235.51528,5313.086517894737,2179.149675789478,1133.936842105263,0.0,2000.0,1.0000000000000007
20260326,95,227.08504,5135.468800000001,2003.4688000000021,1132.0,0.0,2000.0,1.0000000000000004
20260327,0,854.88856,4795.78947368421,1719.7894736842097,1076.0,0.0,2000.0,1.0
20260327,1,854.88856,4785.595567867034,1719.2797783933522,1066.315789473684,0.0,2000.0,1.0000000000000004
20260327,2,854.88856,4775.40166204986,1718.7700831024931,1056.631578947368,0.0,2000.0,1.0000000000000004
20260327,3,854.88856,4765.207756232685,1718.260387811635,1046.9473684210532,0.0,2000.0,1.0000000000000007
20260327,4,854.88856,4755.013850415515,1717.7506925207758,1037.263157894737,0.0,2000.0,0.9999999999999997
20260327,5,854.88856,4759.002770083103,1717.9501385041551,1041.052631578947,0.0,2000.0,0.9999999999999998
20260327,6,854.88856,4765.119113573406,1718.255955678671,1046.863157894737,0.0,2000.0,1.0000000000000004
20260327,7,854.88856,4771.235457063712,1718.5617728531859,1052.673684210526,0.0,2000.0,1.0
20260327,8,854.88856,4777.351800554017,1718.867590027702,1058.484210526316,0.0,2000.0,1.0000000000000002
20260327,9,854.88856,4742.781163434902,1717.139058171746,1025.642105263158,0.0,2000.0,1.0000000000000004
20260327,10,854.88856,4693.850415512462,1714.692520775623,979.1578947368421,0.0,2000.0,1.0000000000000007
20260327,11,854.88856,4644.919667590026,1712.245983379502,932.6736842105263,0.0,2000.0,1.0000000000000007
20260327,12,854.88856,4595.988919667589,1709.7994459833799,886.1894736842107,0.0,2000.0,1.0000000000000004
20260327,13,854.88856,4569.396121883657,1708.469806094184,860.9263157894736,0.0,2000.0,1.0000000000000002
20260327,14,854.88856,4557.163434903046,1707.858171745152,849.3052631578948,0.0,2000.0,1.0
20260327,15,854.88856,4544.930747922438,1707.2465373961218,837.6842105263158,0.0,2000.0,0.9999999999999998
20260327,16,854.88856,4532.69806094183,1706.6349030470922,826.0631578947368,0.0,2000.0,0.9999999999999998
20260327,17,854.88856,4520.9529085872555,1706.0476454293632,814.9052631578946,0.0,2000.0,1.0000000000000007
20260327,18,854.88856,4509.739612188365,1705.4869806094189,804.2526315789473,0.0,2000.0,1.0000000000000004
20260327,19,242.88264,4500.724856319998,1707.124856320001,793.6,0.0,2000.0,1.0000000000000007
20260327,20,244.72448,4605.164074442106,1822.216706021052,782.9473684210527,0.0,2000.0,0.9999999999999998
20260327,21,247.86762,4715.657739991579,1945.9735294652633,769.6,0.08421052631578975,2000.0,1.0
20260327,22,246.16228,4837.503494467368,2085.977178677895,751.1999999999999,0.3263157894736839,2000.0,1.0
20260327,23,246.16228,4959.349248943156,2225.980827890526,732.8,0.5684210526315789,2000.0,1.0000000000000002
20260327,24,242.88264,5081.195003418949,2365.984477103161,714.4,0.810526315789474,2000.0,1.0000000000000002
20260327,25,241.0408,5225.744935747369,2533.90283048421,688.2105263157897,3.631578947368407,2000.0,0.9999999999999998
20260327,26,244.32044,5452.029908345263,2802.314118871579,633.978947368421,15.736842105263161,2000.0,1.0
20260327,27,247.86762,5678.314880943158,3070.725407258949,579.7473684210526,27.84210526315792,2000.0,1.0000000000000002
20260327,28,249.68944,5904.599853541054,3339.136695646317,525.5157894736842,39.94736842105261,2000.0,1.0
20260327,29,253.33308,6126.34399056842,3598.965043199999,472.8842105263158,54.49473684210528,2000.0,1.0
20260327,30,255.1549,6300.409354105263,3768.672511999998,437.0526315789473,94.68421052631587,2000.0,0.9999999999999996
20260327,31,257.21332,6474.474717642103,3938.3799807999976,401.221052631579,134.8736842105263,2000.0,1.0
20260327,32,259.05516,6648.540081178948,4108.087449599998,365.3894736842106,175.0631578947369,2000.0,0.9999999999999996
20260327,33,258.79854,6822.605444715789,4277.794918399998,329.5578947368421,215.25263157894742,2000.0,0.9999999999999998
20260327,34,258.79854,6896.772425701053,4348.414530964208,303.9157894736842,244.4421052631578,2000.0,0.9999999999999996
20260327,35,258.79854,6966.398571115789,4414.5301500631585,278.7368421052633,273.13157894736827,2000.0,1.0000000000000002
20260327,36,257.21332,7036.024716530525,4480.645769162102,253.55789473684212,301.821052631579,2000.0,0.9999999999999997
20260327,37,257.21332,7105.650861945262,4546.761388261049,228.3789473684211,330.5105263157894,2000.0,0.9999999999999998
20260327,38,258.79854,7132.13906944,4592.439069439999,202.4000000000001,337.3000000000001,2000.0,0.9999999999999999
20260327,39,258.79854,7149.5456057936835,4633.814026846315,176.2526315789473,339.4789473684211,2000.0,1.0
20260327,40,259.05516,7166.952142147369,4675.188984252632,150.10526315789468,341.6578947368422,2000.0,1.0
20260327,41,260.62036,7184.358678501053,4716.563941658944,123.9578947368422,343.8368421052631,2000.0,0.9999999999999993
20260327,42,260.62036,7177.547425145262,4724.121109355788,113.978947368421,339.4473684210527,2000.0,0.9999999999999999
20260327,43,260.62036,7160.1408887915795,4716.882994054737,111.0736842105263,332.1842105263157,2000.0,0.9999999999999999
20260327,44,259.05516,7142.734352437897,4709.644878753685,108.1684210526316,324.921052631579,2000.0,0.9999999999999999
20260327,45,259.05516,7125.32781608421,4702.406763452632,105.26315789473679,317.6578947368422,2000.0,1.0000000000000002
20260327,46,258.79854,7058.728894383158,4636.876262804207,100.7157894736842,321.1368421052632,2000.0,0.9999999999999993
20260327,47,257.21332,6954.2896762610535,4526.505465734733,94.90526315789477,332.87894736842094,2000.0,0.9999999999999993
20260327,48,255.37148,6849.850458138947,4416.134668665257,89.09473684210523,344.621052631579,2000.0,0.9999999999999991
20260327,49,253.52964,6745.411240016842,4305.763871595788,83.2842105263158,356.3631578947368,2000.0,0.9999999999999999
20260327,50,253.33308,6678.8123183157895,4229.707055157894,82.52631578947367,366.578947368421,2000.0,0.9999999999999998
20260327,51,255.1549,6661.405781962104,4198.258413541049,88.33684210526319,374.8105263157894,2000.0,0.9999999999999996
20260327,52,253.52964,6643.999245608421,4166.809771924207,94.14736842105263,383.04210526315796,2000.0,0.9999999999999994
20260327,53,253.52964,6626.592709254737,4135.361130307367,99.9578947368421,391.2736842105263,2000.0,0.9999999999999996
20260327,54,253.33308,6603.8885314021045,4063.099057717895,125.8105263157897,414.9789473684213,2000.0,1.0000000000000002
20260327,55,249.84596,6569.075458694736,3897.549142905264,197.47368421052641,474.0526315789474,2000.0,1.0000000000000002
20260327,56,248.40816,6534.262385987369,3731.999228092636,269.136842105263,533.1263157894736,2000.0,1.0000000000000004
20260327,57,247.6801600000001,6499.44931328,3566.4493132800017,340.80000000000024,592.2000000000003,2000.0,1.0000000000000002
20260327,58,246.16228,6464.636240572632,3431.615187941054,394.1052631578947,638.9157894736842,2000.0,1.0000000000000002
20260327,59,246.16228,6429.823167865263,3442.6810626021074,360.2105263157895,626.9315789473685,2000.0,1.0000000000000004
20260327,60,246.16228,6395.010095157895,3453.7469372631613,326.3157894736841,614.9473684210526,2000.0,1.0000000000000004
20260327,61,246.56632,6360.197022450528,3464.812811924213,292.4210526315789,602.9631578947369,2000.0,1.0000000000000002
20260327,62,246.56632,6328.411173456842,3477.842752404213,261.6421052631579,588.9263157894738,2000.0,1.0000000000000004
20260327,63,246.56632,6363.224246164211,3534.082140901055,299.41052631578947,529.7315789473683,2000.0,1.0000000000000002
20260327,64,247.86762,6398.0373188715785,3590.3215293978965,337.1789473684211,470.5368421052631,2000.0,1.0000000000000002
20260327,65,248.00412,6432.850391578947,3646.5609178947384,374.9473684210526,411.342105263158,2000.0,1.0000000000000002
20260327,66,248.40816,6467.663464286316,3702.8003063915817,412.7157894736844,352.1473684210525,2000.0,1.0000000000000002
20260327,67,247.86762,6502.476536993684,3612.260747520002,565.4315789473676,324.7842105263159,2000.0,1.0000000000000002
20260327,68,246.56632,6537.2896097010525,3507.742241280002,729.094736842105,300.4526315789474,2000.0,1.0000000000000002
20260327,69,245.45248,6572.10268240842,3403.223735040001,892.7578947368426,276.1210526315788,2000.0,1.0000000000000004
20260327,70,244.33864,6606.915755115791,3298.7052288000023,1056.421052631578,251.7894736842107,2000.0,1.0
20260327,71,244.72448,6668.973841246316,3343.8317359831594,1121.5578947368422,203.5842105263158,2000.0,1.0000000000000002
20260327,72,246.16228,6738.599986661052,3430.526302450529,1159.326315789474,148.7473684210525,2000.0,1.0000000000000004
20260327,73,246.56632,6808.22613207579,3517.220868917896,1197.094736842105,93.91052631578981,2000.0,1.0000000000000002
20260327,74,247.86762,6877.852277490526,3603.9154353852637,1234.863157894737,39.07368421052638,2000.0,1.0000000000000002
20260327,75,248.00412,6924.77424505263,3664.984771368423,1242.947368421053,16.84210526315788,2000.0,1.0000000000000004
20260327,76,248.40816,6959.5873177600015,3712.387317760003,1235.2,12.00000000000003,2000.0,1.0000000000000002
20260327,77,248.794,6994.400390467369,3759.78986415158,1227.4526315789471,7.157894736842111,2000.0,1.0
20260327,78,249.68944,7029.213463174736,3807.1924105431613,1219.705263157895,2.315789473684192,2000.0,1.0000000000000007
20260327,79,249.84596,7027.699851317894,3858.184061844213,1169.515789473685,0.0,2000.0,1.0000000000000004
20260327,80,250.2500000000001,6992.886778610526,3912.4657259789474,1080.421052631579,0.0,2000.0,1.0000000000000002
20260327,81,251.51126,6958.073705903156,3966.747390113685,991.3263157894733,0.0,2000.0,1.0000000000000002
20260327,82,251.6878,6923.2606331957895,4021.029054248422,902.231578947369,0.0,2000.0,1.0000000000000002
20260327,83,251.6878,6861.2025470652625,4022.297283907369,838.9052631578949,0.0,2000.0,1.0000000000000002
20260327,84,250.2500000000001,6756.76332894316,3941.100171048423,815.6631578947367,0.0,2000.0,1.0
20260327,85,249.84596,6652.324110821051,3859.903058189477,792.421052631579,0.0,2000.0,1.0000000000000007
20260327,86,249.68944,6547.8848926989485,3778.705945330529,769.178947368421,0.0,2000.0,1.0000000000000002
20260327,87,248.00412,6425.282332294736,3681.366542821056,743.915789473684,0.0,2000.0,1.0000000000000007
20260327,88,246.56632,6251.216968757894,3538.290652968422,712.9263157894737,0.0,2000.0,1.0000000000000002
20260327,89,247.6801600000001,6077.151605221053,3395.2147631157904,681.9368421052632,0.0,2000.0,1.0000000000000002
20260327,90,246.16228,5903.086241684211,3252.138873263157,650.9473684210525,0.0,2000.0,0.9999999999999999
20260327,91,244.32044,5729.020878147368,3108.557720252633,620.4631578947369,0.0,2000.0,1.0000000000000002
20260327,92,242.11096,5554.955514610527,2961.608146189475,593.3473684210527,0.0,2000.0,1.0000000000000002
20260327,93,239.88328,5380.890151073684,2814.658572126316,566.2315789473683,0.0,2000.0,1.0
20260327,94,234.8309600000001,5206.824787536844,2667.708998063163,539.1157894736842,0.0,2000.0,1.0000000000000004
20260327,95,231.30016,5032.759424000001,2520.759424000002,512.0,0.0,2000.0,1.0000000000000002
20260328,0,242.88264,4437.045043200002,1941.0450432000018,496.0,0.0,2000.0,1.0
20260328,1,246.16228,4419.993742282105,1877.509531755789,542.4842105263158,0.0,2000.0,1.0
20260328,2,244.72448,4402.94244136421,1813.974020311579,588.9684210526316,0.0,2000.0,1.0
20260328,3,244.32044,4385.891140446316,1750.438508867369,635.4526315789474,0.0,2000.0,1.0
20260328,4,242.88264,4368.839839528422,1686.9029974231591,681.9368421052632,0.0,2000.0,1.0
20260328,5,854.7916210526315,4373.628808864264,1658.681440443213,714.9473684210526,0.0,2000.0,1.0000000000000002
20260328,6,854.88856,4406.249307479223,1660.312465373962,745.9368421052633,0.0,2000.0,1.0000000000000007
20260328,7,854.88856,4438.869806094182,1661.94349030471,776.9263157894737,0.0,2000.0,1.0000000000000004
20260328,8,854.88856,4471.490304709139,1663.574515235457,807.9157894736842,0.0,2000.0,1.0000000000000004
20260328,9,854.88856,4464.930747922438,1663.246537396122,801.6842105263158,0.0,2000.0,1.0
20260328,10,854.88856,4444.542936288088,1662.227146814405,782.3157894736842,0.0,2000.0,1.0000000000000004
20260328,11,854.88856,4424.155124653737,1661.207756232687,762.9473684210526,0.0,2000.0,1.0000000000000007
20260328,12,854.88856,4403.76731301939,1660.18836565097,743.5789473684212,0.0,2000.0,1.0000000000000002
20260328,13,854.7916210526315,4380.897506925207,1659.044875346261,721.8526315789472,0.0,2000.0,1.0000000000000002
20260328,14,854.7916210526315,4356.432132963988,1657.821606648199,698.6105263157895,0.0,2000.0,1.0
20260328,15,854.7916210526315,4331.9667590027675,1656.5983379501379,675.3684210526317,0.0,2000.0,1.0000000000000004
20260328,16,854.7916210526315,4307.50138504155,1655.375069252078,652.1263157894736,0.0,2000.0,1.0000000000000004
20260328,17,854.7916210526315,4281.085872576177,1654.054293628809,627.0315789473684,0.0,2000.0,1.0
20260328,18,244.32044,4306.565523132631,1706.6497336589482,599.9157894736843,0.0,2000.0,1.0000000000000004
20260328,19,246.16228,4408.87332864,1836.0733286399998,572.8,0.0,2000.0,1.0
20260328,20,244.32044,4511.1811341473685,1965.496923621054,545.6842105263157,0.0,2000.0,1.0000000000000002
20260328,21,244.32044,4619.419826930529,2093.019826930529,526.3157894736842,0.08421052631578975,2000.0,1.0
20260328,22,246.16228,4738.778933355789,2216.978933355791,521.4736842105262,0.3263157894736839,2000.0,1.0000000000000002
20260328,23,235.9193200000001,4858.138039781052,2340.938039781054,516.6315789473683,0.5684210526315789,2000.0,1.0000000000000004
20260328,24,237.35712,4977.497146206317,2464.897146206319,511.7894736842105,0.810526315789474,2000.0,1.0000000000000004
20260328,25,237.7611600000001,5119.0970799157885,2609.0970799157917,506.2631578947369,3.736842105263144,2000.0,1.0000000000000007
20260328,26,244.32044,5340.763991848421,2826.163991848424,498.2736842105263,16.32631578947369,2000.0,1.0000000000000004
20260328,27,237.7611600000001,5562.430903781053,3043.230903781055,490.28421052631586,28.915789473684228,2000.0,1.0000000000000002
20260328,28,244.32044,5784.097815713684,3260.2978157136854,482.29473684210535,41.50526315789473,2000.0,1.0000000000000002
20260328,29,246.16228,6001.316562189473,3474.7481411368435,473.00000000000006,53.56842105263158,2000.0,1.0000000000000002
20260328,30,247.86762,6171.829571368421,3661.7243082105283,449.9999999999999,60.105263157894754,2000.0,1.0000000000000002
20260328,31,248.40816,6342.342580547368,3848.700475284214,427.0000000000001,66.64210526315789,2000.0,1.0000000000000007
20260328,32,250.2500000000001,6512.855589726316,4035.6766423578947,404.0,73.17894736842105,2000.0,1.0
20260328,33,253.33308,6683.368598905263,4222.652809431576,381.0,79.71578947368421,2000.0,0.9999999999999996
20260328,34,253.52964,6756.021968033684,4301.0009154021,344.80000000000007,110.22105263157891,2000.0,0.9999999999999993
20260328,35,255.1549,6824.227171705263,4374.4113822315785,308.00000000000017,141.8157894736841,2000.0,1.0
20260328,36,255.37148,6892.432375376842,4447.821849061048,271.20000000000005,173.4105263157895,2000.0,0.9999999999999993
20260328,37,256.97672,6960.637579048423,4521.232315890525,234.40000000000012,205.0052631578947,2000.0,0.9999999999999996
20260328,38,257.21332,6986.58521088,4572.385210879999,199.2000000000001,215.0,2000.0,0.9999999999999999
20260328,39,256.97672,7003.636511797896,4618.85230127158,164.336842105263,220.44736842105272,2000.0,0.9999999999999999
20260328,40,256.97672,7020.687812715789,4665.319391663157,129.4736842105263,225.8947368421052,2000.0,1.0
20260328,41,257.21332,7037.739113633684,4711.786482054735,94.61052631578958,231.34210526315792,2000.0,0.9999999999999999
20260328,42,257.21332,7031.066865448422,4733.603707553681,69.85263157894732,227.6105263157894,2000.0,0.9999999999999994
20260328,43,257.21332,7014.015564530527,4744.636617162102,49.51578947368421,219.86315789473682,2000.0,0.9999999999999994
20260328,44,258.6038000000001,6996.964263612633,4755.669526770525,29.1789473684211,212.1157894736842,2000.0,0.9999999999999998
20260328,45,258.6038000000001,6979.912962694738,4766.702436378944,8.842105263157851,204.36842105263162,2000.0,0.9999999999999993
20260328,46,257.21332,6914.673202661053,4691.573202661049,0.0,223.1,2000.0,0.9999999999999994
20260328,47,255.1549,6812.365397153684,4550.165397153682,0.0,262.1999999999999,2000.0,0.9999999999999996
20260328,48,253.52964,6710.057591646316,4408.757591646314,0.0,301.30000000000007,2000.0,0.9999999999999998
20260328,49,251.51126,6607.7497861389475,4267.349786138946,0.0,340.3999999999999,2000.0,0.9999999999999998
20260328,50,250.2500000000001,6542.510026105263,4182.852131368421,0.2105263157894726,359.4473684210526,2000.0,1.0
20260328,51,250.2500000000001,6525.458725187369,4172.337672555789,0.6947368421052644,352.42631578947373,2000.0,0.9999999999999999
20260328,52,249.84596,6508.407424269474,4161.823213743159,1.178947368421053,345.4052631578947,2000.0,1.0
20260328,53,249.84596,6491.356123351579,4151.308754930525,1.663157894736841,338.3842105263158,2000.0,0.9999999999999997
20260328,54,249.84596,6469.115296067368,4134.941611856842,1.8526315789473669,332.321052631579,2000.0,1.0000000000000002
20260328,55,249.84596,6435.012694231578,4105.196904757896,1.368421052631579,328.4473684210526,2000.0,1.0000000000000002
20260328,56,249.68944,6400.910092395788,4075.452197658948,0.8842105263157904,324.57368421052627,2000.0,1.0000000000000004
20260328,57,249.68944,6366.80749056,4045.707490560003,0.39999999999999863,320.6999999999999,2000.0,1.0000000000000007
20260328,58,248.794,6332.704888724211,4017.710151882111,0.1684210526315795,314.8263157894737,2000.0,1.0000000000000009
20260328,59,248.794,6298.602286888421,3998.0128132042146,1.136842105263156,299.45263157894743,2000.0,1.0000000000000007
20260328,60,248.40816,6264.499685052631,3978.315474526318,2.10526315789474,284.078947368421,2000.0,1.0000000000000004
20260328,61,248.40816,6230.397083216841,3958.618135848423,3.073684210526317,268.70526315789476,2000.0,1.0000000000000007
20260328,62,248.00412,6199.259925018947,3941.8441355452655,4.052631578947366,253.3631578947368,2000.0,1.0000000000000004
20260328,63,248.40816,6233.362526854738,3989.3835794863207,5.263157894736846,238.71578947368408,2000.0,1.0000000000000007
20260328,64,249.68944,6267.465128690526,4036.9230234273723,6.473684210526316,224.06842105263158,2000.0,1.0000000000000007
20260328,65,249.68944,6301.567730526316,4084.462467368424,7.684210526315788,209.421052631579,2000.0,1.0000000000000004
20260328,66,249.84596,6335.670332362105,4132.001911309474,8.894736842105267,194.7736842105263,2000.0,1.0
20260328,67,250.2500000000001,6369.772934197894,4173.020302618947,7.010526315789487,189.7421052631579,2000.0,1.0000000000000002
20260328,68,251.51126,6403.875536033684,4213.417641296842,4.831578947368424,185.6263157894737,2000.0,1.0
20260328,69,251.51126,6437.978137869474,4253.814979974737,2.652631578947361,181.5105263157895,2000.0,0.9999999999999999
20260328,70,251.6878,6472.080739705264,4294.212318652631,0.4736842105263289,177.3947368421053,2000.0,0.9999999999999999
20260328,71,253.33308,6532.872334282107,4385.0775974399985,0.0,147.7947368421053,2000.0,0.9999999999999996
20260328,72,255.1549,6601.077537953685,4489.961748479998,0.0,111.1157894736841,2000.0,0.9999999999999996
20260328,73,255.37148,6669.282741625264,4594.845899519995,0.0,74.43684210526338,2000.0,0.9999999999999992
20260328,74,257.21332,6737.487945296842,4699.730050559999,0.0,37.757894736842154,2000.0,0.9999999999999999
20260328,75,258.6038000000001,6783.452321684212,4754.189163789474,8.210526315789524,21.052631578947352,2000.0,0.9999999999999999
20260328,76,258.79854,6817.554923520001,4781.7549235199995,20.79999999999993,15.00000000000004,2000.0,0.9999999999999999
20260328,77,258.79854,6851.6575253557885,4809.320683250523,33.38947368421051,8.947368421052634,2000.0,0.9999999999999996
20260328,78,259.05516,6885.760127191578,4836.886442981049,45.97894736842112,2.894736842105239,2000.0,0.9999999999999996
20260328,79,258.79854,6884.277405372633,4820.151089583159,64.12631578947357,0.0,2000.0,0.9999999999999999
20260328,80,258.6038000000001,6850.174803536842,4762.8063824842075,87.36842105263153,0.0,2000.0,0.9999999999999996
20260328,81,257.21332,6816.072201701051,4705.461675385259,110.61052631578949,0.0,2000.0,0.9999999999999996
20260328,82,256.97672,6781.969599865265,4648.116968286315,133.8526315789472,0.0,2000.0,0.9999999999999994
20260328,83,255.1549,6721.178005288423,4539.8306368673675,181.34736842105258,0.0,2000.0,0.9999999999999996
20260328,84,253.33308,6618.870199781052,4352.301778728421,266.56842105263195,0.0,2000.0,1.0000000000000002
20260328,85,250.2500000000001,6516.562394273685,4164.772920589477,351.78947368421,0.0,2000.0,1.0000000000000002
20260328,86,248.40816,6414.254588766315,3977.2440624505293,437.0105263157895,0.0,2000.0,1.0000000000000007
20260328,87,247.6801600000001,6294.154121431578,3789.101489852634,505.0526315789474,0.0,2000.0,1.0000000000000007
20260328,88,246.56632,6123.641112252632,3599.220059621055,524.421052631579,0.0,2000.0,1.0000000000000002
20260328,89,246.56632,5953.1281030736845,3409.3386293894755,543.7894736842105,0.0,2000.0,1.0000000000000002
20260328,90,244.72448,5782.615093894736,3219.4571991578946,563.1578947368422,0.0,2000.0,1.0000000000000002
20260328,91,244.32044,5612.10208471579,3028.944189978949,583.1578947368422,0.0,2000.0,1.0000000000000002
20260328,92,237.6738000000001,5441.589075536843,2834.220654484214,607.3684210526316,0.0,2000.0,1.0000000000000004
20260328,93,232.414,5271.076066357895,2639.4971189894727,631.5789473684213,0.0,2000.0,0.9999999999999998
20260328,94,233.67344,5100.563057178947,2444.773583494739,655.7894736842105,0.0,2000.0,1.0000000000000004
20260328,95,222.24384,4930.050048,2250.050048000001,680.0000000000001,0.0,2000.0,1.0000000000000002
20260329,0,854.7916210526315,4374.7368421052615,1658.7368421052631,716.0,0.0,2000.0,1.0000000000000004
20260329,1,854.88856,4400.221606648198,1660.01108033241,740.2105263157895,0.0,2000.0,1.0000000000000004
20260329,2,854.88856,4425.706371191134,1661.2853185595568,764.4210526315791,0.0,2000.0,1.0000000000000004
20260329,3,854.88856,4451.1911357340705,1662.5595567867042,788.6315789473684,0.0,2000.0,1.0000000000000004
20260329,4,854.88856,4476.675900277008,1663.833795013851,812.8421052631578,0.0,2000.0,1.0000000000000002
20260329,5,854.88856,4513.684210526317,1665.6842105263158,848.0,0.0,2000.0,0.9999999999999998
20260329,6,854.88856,4552.421052631577,1667.621052631578,884.8000000000001,0.0,2000.0,1.0000000000000002
20260329,7,854.88856,4591.157894736842,1669.5578947368429,921.6000000000001,0.0,2000.0,1.0000000000000004
20260329,8,854.88856,4629.894736842104,1671.494736842105,958.4,0.0,2000.0,1.0000000000000002
20260329,9,854.88856,4657.329639889196,1672.866481994459,984.4631578947368,0.0,2000.0,1.0
20260329,10,854.88856,4680.775623268699,1674.038781163436,1006.7368421052629,0.0,2000.0,1.0
20260329,11,854.88856,4704.221606648199,1675.2110803324101,1029.010526315789,0.0,2000.0,1.0000000000000002
20260329,12,854.88856,4727.667590027702,1676.383379501386,1051.2842105263162,0.0,2000.0,1.0
20260329,13,854.88856,4749.872576177286,1677.493628808865,1072.378947368421,0.0,2000.0,1.0
20260329,14,854.88856,4771.279778393349,1678.563988919668,1092.715789473684,0.0,2000.0,1.0000000000000007
20260329,15,854.88856,4792.686980609416,1679.6343490304712,1113.052631578947,0.0,2000.0,1.0000000000000004
20260329,16,854.88856,4814.094182825484,1680.7047091412749,1133.389473684211,0.0,2000.0,1.0000000000000004
20260329,17,854.88856,4829.1634349030455,1681.4581717451522,1147.705263157895,0.0,2000.0,1.0000000000000004
20260329,18,854.88856,4837.318559556785,1681.8659279778392,1155.452631578947,0.0,2000.0,1.0000000000000004
20260329,19,854.88856,4845.473684210525,1682.2736842105262,1163.2,0.0,2000.0,1.0000000000000004
20260329,20,854.88856,4853.628808864266,1682.6814404432132,1170.947368421053,0.0,2000.0,1.0
20260329,21,854.88856,4856.155124653737,1682.807756232687,1173.305263157895,0.04210526315789487,2000.0,1.0000000000000007
20260329,22,854.88856,4848.127423822713,1682.406371191136,1165.557894736842,0.1631578947368419,2000.0,1.0000000000000002
20260329,23,854.88856,4840.099722991688,1682.0049861495838,1157.8105263157888,0.28421052631578947,2000.0,1.0
20260329,24,244.32044,4873.799288993686,1723.330867941054,1150.063157894737,0.405263157894737,2000.0,1.0
20260329,25,246.16228,5012.449224084211,1869.159750400001,1137.894736842105,5.394736842105237,2000.0,1.0000000000000002
20260329,26,246.16228,5229.498075351578,2091.777022720001,1109.810526315789,27.91052631578948,2000.0,1.0000000000000002
20260329,27,247.86762,5446.546926618948,2314.3942950399987,1081.726315789474,50.426315789473705,2000.0,0.9999999999999997
20260329,28,249.68944,5663.595777886314,2537.0115673600003,1053.6421052631579,72.94210526315787,2000.0,1.0000000000000002
20260329,29,250.2500000000001,5876.289133810526,2750.2628180210527,1028.252631578948,97.77368421052634,2000.0,1.0000000000000002
20260329,30,250.2500000000001,6043.249788631579,2865.170841263157,1031.1578947368419,146.921052631579,2000.0,0.9999999999999999
20260329,31,251.6878,6210.210443452631,2980.078864505264,1034.063157894737,196.0684210526316,2000.0,1.0000000000000002
20260329,32,253.52964,6377.171098273685,3094.986887747366,1036.968421052632,245.2157894736842,2000.0,0.9999999999999994
20260329,33,255.37148,6544.131753094736,3209.8949109894697,1039.873684210527,294.363157894737,2000.0,0.9999999999999996
20260329,34,255.1549,6615.271510366316,3181.971510366312,1068.715789473684,364.5842105263157,2000.0,0.9999999999999993
20260329,35,255.1549,6682.055772294737,3147.5557722947337,1098.736842105263,435.76315789473654,2000.0,0.9999999999999994
20260329,36,253.52964,6748.840034223159,3113.140034223154,1128.757894736842,506.942105263158,2000.0,0.9999999999999992
20260329,37,253.52964,6815.62429615158,3078.724296151576,1158.778947368421,578.1210526315789,2000.0,0.9999999999999994
20260329,38,253.33308,6841.03135232,3048.131352319999,1185.6,607.3000000000001,2000.0,0.9999999999999999
20260329,39,253.33308,6857.727417802104,3018.3432072757882,1211.7473684210531,627.6368421052632,2000.0,1.0
20260329,40,251.6878,6874.423483284211,2988.555062231579,1237.894736842105,647.9736842105262,2000.0,0.9999999999999999
20260329,41,251.6878,6891.119548766316,2958.766917187369,1264.0421052631582,668.3105263157895,2000.0,1.0
20260329,42,251.51126,6884.586305751577,2914.086305751579,1290.189473684211,680.3105263157895,2000.0,1.0000000000000002
20260329,43,250.2500000000001,6867.890240269476,2862.890240269473,1316.336842105263,688.6631578947369,2000.0,0.9999999999999996
20260329,44,249.84596,6851.194174787369,2811.69417478737,1342.484210526316,697.0157894736842,2000.0,1.0000000000000002
20260329,45,249.68944,6834.498109305262,2760.498109305266,1368.631578947369,705.3684210526316,2000.0,1.0000000000000007
20260329,46,248.40816,6770.617510938948,2672.7227740968447,1382.189473684211,715.7052631578948,2000.0,1.0000000000000004
20260329,47,247.86762,6670.441118046316,2556.8095390989492,1386.063157894737,727.5684210526316,2000.0,1.0000000000000002
20260329,48,246.16228,6570.264725153685,2440.8963041010543,1389.936842105263,739.4315789473684,2000.0,1.0000000000000002
20260329,49,244.32044,6470.088332261051,2324.983069103158,1393.81052631579,751.2947368421053,2000.0,1.0000000000000004
20260329,50,241.0408,6406.207733894737,2227.418260210528,1430.526315789474,748.2631578947369,2000.0,1.0000000000000002
20260329,51,237.35712,6389.511668412631,2153.706405254739,1509.936842105263,725.8684210526316,2000.0,1.0000000000000004
20260329,52,233.67344,6372.815602930525,2079.994550298949,1589.347368421053,703.4736842105264,2000.0,1.0000000000000007
20260329,53,232.414,6356.1195374484205,2006.282695343161,1668.7578947368418,681.078947368421,2000.0,1.0000000000000007
20260329,54,854.2789557894737,6372.698060941826,1998.634903047092,1718.4,655.6631578947367,2000.0,1.0000000000000004
20260329,55,854.2789557894737,6319.307479224376,1995.96537396122,1700.0,623.3421052631579,2000.0,1.0000000000000002
20260329,56,231.30016,6267.557798804212,1994.9367461726329,1681.6,591.021052631579,2000.0,0.9999999999999999
20260329,57,232.414,6234.1656678399995,2012.265667840002,1663.2,558.6999999999999,2000.0,1.0000000000000004
20260329,58,232.414,6200.77353687579,2022.731431612634,1650.694736842105,527.3473684210526,2000.0,1.0000000000000002
20260329,59,231.30016,6167.3814059115775,2000.597195385265,1666.1894736842112,500.59473684210536,2000.0,1.0000000000000007
20260329,60,854.2789557894737,6142.6592797783915,1987.13296398892,1681.6842105263158,473.8421052631578,2000.0,1.0000000000000002
20260329,61,854.2789557894737,6130.808864265926,1986.5404432132968,1697.1789473684212,447.0894736842105,2000.0,1.0000000000000004
20260329,62,854.2789557894737,6116.764542936285,1985.838227146814,1711.052631578947,419.87368421052633,2000.0,1.0000000000000004
20260329,63,232.414,6103.500807545263,2031.7692285978972,1689.2631578947369,382.4684210526315,2000.0,1.0000000000000002
20260329,64,232.414,6136.892938509473,2124.356096404212,1667.4736842105262,345.0631578947368,2000.0,1.0000000000000002
20260329,65,244.14208,6170.285069473685,2216.942964210527,1645.684210526316,307.6578947368421,2000.0,0.9999999999999999
20260329,66,244.32044,6203.677200437896,2309.529832016844,1623.8947368421052,270.2526315789473,2000.0,1.0
20260329,67,244.72448,6237.069331402105,2373.932489296844,1628.410526315789,234.7263157894739,2000.0,1.0000000000000002
20260329,68,246.16228,6270.461462366315,2435.6509360505283,1635.431578947368,199.3789473684211,2000.0,1.0000000000000004
20260329,69,246.56632,6303.853593330527,2497.369382804213,1642.4526315789471,164.0315789473683,2000.0,1.0000000000000002
20260329,70,247.86762,6337.245724294737,2559.087829557895,1649.4736842105262,128.684210526316,2000.0,1.0000000000000002
20260329,71,248.00412,6396.770827317896,2632.5392483705277,1665.210526315789,99.021052631579,2000.0,0.9999999999999999
20260329,72,249.68944,6463.555089246314,2709.249826088423,1683.3684210526321,70.93684210526305,2000.0,1.0000000000000007
20260329,73,249.84596,6530.339351174736,2785.960403806317,1701.5263157894728,42.852631578947545,2000.0,1.0000000000000002
20260329,74,250.2500000000001,6597.123613103159,2862.6709815242107,1719.6842105263158,14.768421052631611,2000.0,0.9999999999999999
20260329,75,251.51126,6642.130398315791,2927.656714105267,1710.263157894736,4.210526315789469,2000.0,1.0000000000000002
20260329,76,251.6878,6675.522529280002,2967.72252928,1704.7999999999997,3.0000000000000067,2000.0,0.9999999999999996
20260329,77,253.33308,6708.91466024421,3015.156765507369,1691.968421052632,1.7894736842105279,2000.0,1.0000000000000002
20260329,78,253.33308,6742.306791208423,3062.591001734737,1679.1368421052632,0.578947368421048,2000.0,0.9999999999999996
20260329,79,253.52964,6740.854959427368,3089.202327848419,1651.652631578948,0.0,2000.0,0.9999999999999999
20260329,80,253.52964,6707.46282846316,3096.725986357891,1610.7368421052631,0.0,2000.0,0.9999999999999992
20260329,81,253.52964,6674.070697498946,3104.249644867367,1569.821052631579,0.0,2000.0,1.0
20260329,82,253.52964,6640.678566534739,3111.773303376841,1528.905263157895,0.0,2000.0,0.9999999999999996
20260329,83,253.52964,6581.1534635115795,3078.195568774734,1502.9578947368418,0.0,2000.0,0.9999999999999994
20260329,84,251.6878,6480.977070618948,2980.6823337768433,1500.294736842105,0.0,2000.0,1.0
20260329,85,251.51126,6380.800677726316,2883.169098778947,1497.631578947368,0.0,2000.0,0.9999999999999999
20260329,86,249.84596,6280.624284833685,2785.655863781055,1494.968421052632,0.0,2000.0,1.0000000000000002
20260329,87,248.40816,6163.02591056842,2684.489068463159,1478.5368421052628,0.0,2000.0,1.0000000000000002
20260329,88,247.86762,5996.0652557473695,2572.9705189052643,1423.094736842106,0.0,2000.0,1.0000000000000002
20260329,89,246.16228,5829.104600926315,2461.451969347369,1367.652631578948,0.0,2000.0,1.0000000000000004
20260329,90,244.32044,5662.143946105261,2349.933419789475,1312.210526315789,0.0,2000.0,1.0000000000000004
20260329,91,244.32044,5495.183291284212,2232.509607073686,1262.673684210527,0.0,2000.0,1.0000000000000002
20260329,92,231.30016,5328.222636463159,2075.717373305264,1252.505263157895,0.0,2000.0,1.0
20260329,93,854.2203326315789,5181.407202216066,1939.070360110804,1242.3368421052628,0.0,2000.0,1.0000000000000002
20260329,94,854.2203326315789,5170.703601108032,1938.535180055402,1232.1684210526319,0.0,2000.0,1.0000000000000004
20260329,95,854.2203326315789,5159.999999999999,1938.0,1222.0,0.0,2000.0,1.0000000000000002
20260330,0,854.88856,4608.421052631577,1670.4210526315792,937.9999999999999,0.0,2000.0,1.0000000000000004
20260330,1,854.88856,4590.581717451524,1669.529085872577,921.0526315789474,0.0,2000.0,1.0000000000000002
20260330,2,854.88856,4572.742382271467,1668.6371191135731,904.1052631578946,0.0,2000.0,1.0000000000000002
20260330,3,854.88856,4554.903047091413,1667.745152354571,887.1578947368422,0.0,2000.0,1.0
20260330,4,854.88856,4537.063711911356,1666.8531855955682,870.2105263157895,0.0,2000.0,1.0000000000000004
20260330,5,854.88856,4494.182825484763,1664.709141274239,829.4736842105262,0.0,2000.0,1.0000000000000004
20260330,6,854.88856,4447.545706371189,1662.3772853185599,785.1684210526316,0.0,2000.0,1.0000000000000004
20260330,7,854.88856,4400.908587257616,1660.0454293628811,740.8631578947369,0.0,2000.0,1.0000000000000004
20260330,8,854.7916210526315,4354.271468144043,1657.713573407203,696.5578947368421,0.0,2000.0,1.0000000000000004
20260330,9,854.7916210526315,4324.963988919666,1656.2481994459831,668.7157894736843,0.0,2000.0,1.0000000000000004
20260330,10,854.7916210526315,4301.772853185593,1655.0886426592801,646.6842105263158,0.0,2000.0,1.0000000000000007
20260330,11,854.7916210526315,4278.581717451522,1653.9290858725772,624.6526315789474,0.0,2000.0,1.0000000000000007
20260330,12,854.7916210526315,4255.39058171745,1652.769529085873,602.621052631579,0.0,2000.0,1.0000000000000004
20260330,13,854.7916210526315,4211.878116343489,1650.5939058171753,561.2842105263157,0.0,2000.0,1.0000000000000004
20260330,14,854.7916210526315,4155.3019390581685,1647.765096952909,507.53684210526313,0.0,2000.0,1.0000000000000009
20260330,15,854.7916210526315,4098.725761772852,1644.9362880886429,453.78947368421063,0.0,2000.0,1.0000000000000004
20260330,16,854.7916210526315,4042.149584487533,1642.107479224377,400.0421052631579,0.0,2000.0,1.0000000000000004
20260330,17,854.7916210526315,3999.955678670358,1639.997783933518,359.95789473684215,0.0,2000.0,1.0000000000000007
20260330,18,854.7916210526315,3973.451523545704,1638.672576177285,334.7789473684211,0.0,2000.0,1.0000000000000007
20260330,19,854.7916210526315,3946.947368421051,1637.347368421053,309.6000000000001,0.0,2000.0,1.0000000000000007
20260330,20,854.7916210526315,3920.4432132963975,1636.02216066482,284.421052631579,0.0,2000.0,1.0000000000000004
20260330,21,854.7916210526315,3901.916897506925,1635.095844875347,266.65263157894736,0.1684210526315795,2000.0,1.0000000000000002
20260330,22,854.7916210526315,3898.349030470913,1634.917451523546,262.778947368421,0.652631578947368,2000.0,1.0000000000000004
20260330,23,854.7916210526315,3894.781163434903,1634.739058171746,258.9052631578947,1.1368421052631579,2000.0,1.0000000000000002
20260330,24,854.7916210526315,3891.21329639889,1634.560664819945,255.03157894736842,1.621052631578948,2000.0,1.0000000000000007
20260330,25,854.7916210526315,3892.853185595567,1634.642659279778,250.94736842105257,7.263157894736814,2000.0,1.0
20260330,26,242.88264,3941.229044951578,1663.6500975831582,246.10526315789468,31.473684210526322,2000.0,1.0000000000000002
20260330,27,244.32044,4023.288430618946,1726.3410621978949,241.2631578947368,55.68421052631582,2000.0,1.0000000000000004
20260330,28,244.72448,4105.347816286315,1789.032026812632,236.421052631579,79.89473684210525,2000.0,1.0000000000000002
20260330,29,246.16228,4190.9750013305265,1850.9013171199988,231.8315789473684,108.2421052631579,2000.0,0.9999999999999998
20260330,30,246.56632,4314.064079831579,1904.143027200002,229.8947368421052,180.02631578947378,2000.0,1.0000000000000007
20260330,31,247.86762,4437.1531583326305,1957.3847372799999,227.9578947368421,251.81052631578947,2000.0,1.0000000000000002
20260330,32,248.00412,4560.242236833686,2010.62644736,226.0210526315789,323.5947368421053,2000.0,0.9999999999999998
20260330,33,248.40816,4683.331315334737,2063.868157440001,224.0842105263158,395.3789473684211,2000.0,1.0000000000000002
20260330,34,248.40816,4767.174600690526,2099.516705953684,221.22105263157889,446.4368421052631,2000.0,1.0
20260330,35,249.68944,4849.233986357896,2134.365565305263,218.3157894736842,496.55263157894717,2000.0,0.9999999999999997
20260330,36,249.84596,4931.293372025263,2169.2144246568423,215.4105263157895,546.6684210526316,2000.0,1.0
20260330,37,249.84596,5013.352757692632,2204.063284008422,212.5052631578948,596.7842105263157,2000.0,1.0000000000000002
20260330,38,249.84596,5061.518049279999,2195.418049280002,224.2,641.8999999999997,2000.0,1.0000000000000004
20260330,39,249.84596,5102.547742113687,2177.616163166318,238.96842105263158,685.9631578947369,2000.0,1.0
20260330,40,249.68944,5143.577434947369,2159.814277052633,253.7368421052631,730.0263157894736,2000.0,1.0000000000000002
20260330,41,249.68944,5184.607127781053,2142.012390938951,268.5052631578947,774.0894736842102,2000.0,1.0000000000000004
20260330,42,249.84596,5216.122688943158,2167.075320522107,269.9684210526315,779.078947368421,2000.0,1.0000000000000004
20260330,43,249.84596,5243.475817498948,2210.8916069726342,265.6105263157895,766.9736842105262,2000.0,1.0000000000000004
20260330,44,250.2500000000001,5270.828946054737,2254.707893423156,261.2526315789474,754.8684210526316,2000.0,0.9999999999999997
20260330,45,251.51126,5298.182074610526,2298.524179873683,256.8947368421052,742.7631578947368,2000.0,0.9999999999999998
20260330,46,250.2500000000001,5286.884043250528,2274.268253776842,270.6,742.0157894736843,2000.0,0.9999999999999997
20260330,47,249.84596,5245.854350416842,2197.649087258949,298.1999999999999,750.0052631578949,2000.0,1.0000000000000004
20260330,48,249.68944,5204.824657583157,2121.029920741054,325.8,757.9947368421053,2000.0,1.0000000000000004
20260330,49,248.00412,5163.794964749474,2044.4107542231588,353.4,765.9842105263158,2000.0,1.0
20260330,50,247.86762,5134.657936505263,1986.526357557896,373.7368421052631,774.3947368421053,2000.0,1.0000000000000002
20260330,51,247.86762,5120.981372227368,1952.997161701055,384.6315789473684,783.3526315789472,2000.0,1.0000000000000004
20260330,52,246.56632,5107.304807949474,1919.467965844215,395.5263157894737,792.3105263157893,2000.0,1.0000000000000009
20260330,53,246.56632,5093.628243671579,1885.93876998737,406.4210526315789,801.2684210526314,2000.0,1.0000000000000002
20260330,54,246.16228,5084.114112,1852.1877962105268,428.7368421052632,803.1894736842105,2000.0,1.0000000000000002
20260330,55,246.16228,5084.114112,1817.9299014736848,477.1578947368421,789.0263157894736,2000.0,1.0000000000000002
20260330,56,244.72448,5084.114112,1783.672006736844,525.578947368421,774.8631578947369,2000.0,1.0000000000000004
20260330,57,244.32044,5084.114112,1749.4141120000008,574.0000000000001,760.6999999999999,2000.0,1.0000000000000002
20260330,58,244.32044,5074.59998032842,1717.3262961178948,618.9684210526316,738.3052631578948,2000.0,1.0000000000000002
20260330,59,242.88264,5019.893723216844,1695.5463547957902,647.5368421052632,676.8105263157896,2000.0,0.9999999999999998
20260330,60,854.88856,4980.443213296396,1689.0221606648201,676.1052631578949,615.3157894736838,2000.0,1.0000000000000007
20260330,61,854.88856,4945.783933518003,1687.2891966758998,704.6736842105262,553.8210526315788,2000.0,1.0000000000000004
20260330,62,854.88856,4910.454293628808,1685.52271468144,731.621052631579,493.3105263157895,2000.0,1.0000000000000002
20260330,63,854.88856,4860.376731301936,1683.018836565097,722.9052631578946,454.4526315789472,2000.0,1.0000000000000007
20260330,64,242.88264,4830.205723014738,1700.421512488422,714.1894736842105,415.5947368421052,2000.0,1.0
20260330,65,244.32044,4816.529158736842,1734.318632421054,705.4736842105262,376.73684210526324,2000.0,1.0000000000000004
20260330,66,244.32044,4802.852594458946,1768.2157523536841,696.7578947368421,337.8789473684209,2000.0,1.0000000000000002
20260330,67,246.16228,4839.125221456841,1824.5410109305262,720.7578947368419,293.82631578947394,2000.0,1.0000000000000002
20260330,68,246.56632,4880.154914290526,1883.0022827115802,747.8736842105263,249.27894736842111,2000.0,1.0000000000000004
20260330,69,247.86762,4921.18460712421,1941.463554492632,774.9894736842107,204.73157894736832,2000.0,1.0000000000000002
20260330,70,248.00412,4962.214299957895,1999.9248262736821,802.1052631578947,160.1842105263161,2000.0,0.9999999999999998
20260330,71,248.40816,5013.947390922107,2083.394759343158,805.7263157894738,124.8263157894737,2000.0,0.9999999999999997
20260330,72,249.84596,5068.6536480336845,2173.8115427705247,802.8210526315788,92.02105263157881,2000.0,0.9999999999999994
20260330,73,250.2500000000001,5123.359905145261,2264.2283261978937,799.9157894736842,59.215789473684396,2000.0,1.0000000000000002
20260330,74,251.6878,5178.066162256841,2354.645109625262,797.0105263157895,26.4105263157895,2000.0,0.9999999999999998
20260330,75,253.33308,5268.450413136843,2467.397781557894,788.4210526315788,12.63157894736841,2000.0,0.9999999999999997
20260330,76,255.1549,5377.862927359999,2592.062927359999,776.8,9.000000000000021,2000.0,1.0
20260330,77,256.97672,5487.275441583158,2716.728073162104,765.1789473684211,5.368421052631582,2000.0,0.9999999999999999
20260330,78,258.79854,5596.6879558063165,2841.393218964211,753.5578947368422,1.736842105263144,2000.0,1.0
20260330,79,258.79854,5627.608883738947,2868.493094265263,759.115789473684,0.0,2000.0,1.0
20260330,80,258.79854,5586.579190905261,2806.158138273684,780.4210526315788,0.0,2000.0,1.0000000000000002
20260330,81,257.21332,5545.549498071579,2743.823182282103,801.7263157894739,0.0,2000.0,0.9999999999999997
20260330,82,256.97672,5504.519805237895,2681.488226290524,823.0315789473682,0.0,2000.0,0.9999999999999996
20260330,83,255.37148,5468.841811469472,2621.094443048421,847.7473684210527,0.0,2000.0,1.0000000000000002
20260330,84,255.1549,5441.488682913685,2563.720261861054,877.7684210526318,0.0,2000.0,1.0000000000000002
20260330,85,253.52964,5414.135554357896,2506.346080673683,907.7894736842104,0.0,2000.0,0.9999999999999997
20260330,86,253.33308,5386.7824258021055,2448.971899486316,937.8105263157895,0.0,2000.0,1.0
20260330,87,251.6878,5348.725899115789,2393.020635957895,955.7052631578946,0.0,2000.0,1.0000000000000002
20260330,88,251.51126,5280.3430777263175,2341.1009724631567,939.2421052631578,0.0,2000.0,0.9999999999999994
20260330,89,251.51126,5211.960256336841,2289.1813089684183,922.7789473684211,0.0,2000.0,0.9999999999999997
20260330,90,250.2500000000001,5143.577434947369,2237.2616454736826,906.3157894736842,0.0,2000.0,0.9999999999999997
20260330,91,249.84596,5075.194613557894,2176.373560926315,898.8210526315786,0.0,2000.0,1.0
20260330,92,248.00412,5006.811792168422,2055.696002694736,951.1157894736842,0.0,2000.0,0.9999999999999998
20260330,93,247.86762,4938.428970778947,1935.018444463157,1003.41052631579,0.0,2000.0,1.0
20260330,94,246.16228,4870.0461493894745,1814.3408862315798,1055.705263157894,0.0,2000.0,0.9999999999999998
20260330,95,242.88264,4801.663328,1693.663328000001,1108.0,0.0,2000.0,1.0000000000000002
20260331,0,854.88856,4825.263157894735,1681.2631578947378,1144.0,0.0,2000.0,1.0000000000000007
20260331,1,854.88856,4782.448753462602,1679.12243767313,1103.326315789473,0.0,2000.0,1.0000000000000002
20260331,2,854.88856,4739.634349030469,1676.981717451524,1062.652631578947,0.0,2000.0,1.0000000000000004
20260331,3,854.88856,4696.819944598337,1674.840997229917,1021.978947368421,0.0,2000.0,1.0000000000000002
20260331,4,854.88856,4654.005540166204,1672.700277008311,981.3052631578948,0.0,2000.0,1.0000000000000004
20260331,5,854.88856,4645.761772853184,1672.288088642659,973.4736842105264,0.0,2000.0,1.0000000000000004
20260331,6,854.88856,4642.703601108032,1672.135180055402,970.5684210526316,0.0,2000.0,1.0000000000000004
20260331,7,854.88856,4639.64542936288,1671.982271468145,967.6631578947369,0.0,2000.0,1.0000000000000002
20260331,8,854.88856,4636.587257617728,1671.829362880887,964.7578947368423,0.0,2000.0,1.0000000000000004
20260331,9,854.88856,4605.650969529085,1670.2825484764548,935.3684210526318,0.0,2000.0,1.0000000000000002
20260331,10,854.88856,4564.875346260389,1668.2437673130198,896.6315789473684,0.0,2000.0,0.9999999999999998
20260331,11,854.88856,4524.0997229916875,1666.204986149584,857.8947368421054,0.0,2000.0,1.0000000000000004
20260331,12,854.88856,4483.3240997229905,1664.1662049861502,819.1578947368422,0.0,2000.0,1.0000000000000004
20260331,13,854.88856,4474.504155124653,1663.725207756233,810.7789473684211,0.0,2000.0,1.0000000000000002
20260331,14,854.88856,4486.227146814404,1664.3113573407209,821.9157894736842,0.0,2000.0,1.0000000000000002
20260331,15,854.88856,4497.950138504154,1664.897506925208,833.0526315789475,0.0,2000.0,1.0000000000000004
20260331,16,854.88856,4509.673130193907,1665.4836565096962,844.1894736842107,0.0,2000.0,1.0
20260331,17,854.88856,4553.817174515235,1667.6908587257622,886.1263157894738,0.0,2000.0,1.0000000000000002
20260331,18,854.88856,4633.329639889196,1671.6664819944601,961.663157894737,0.0,2000.0,1.0000000000000002
20260331,19,854.88856,4712.8421052631575,1675.642105263158,1037.2,0.0,2000.0,1.0000000000000002
20260331,20,854.88856,4792.35457063712,1679.617728531857,1112.736842105263,0.0,2000.0,1.0
20260331,21,854.88856,4813.6731301939035,1680.683656509695,1130.336842105263,2.652631578947377,2000.0,1.0000000000000004
20260331,22,854.88856,4725.87811634349,1676.2939058171748,1039.305263157895,10.27894736842104,2000.0,1.0000000000000002
20260331,23,854.88856,4638.083102493074,1671.9041551246542,948.2736842105263,17.90526315789474,2000.0,1.0000000000000004
20260331,24,854.88856,4550.28808864266,1667.514404432134,857.2421052631578,25.531578947368427,2000.0,1.0
20260331,25,854.88856,4464.8199445983355,1663.2409972299167,757.7368421052635,43.84210526315784,2000.0,1.0000000000000007
20260331,26,854.7916210526315,4387.728531855956,1659.3864265927991,627.7263157894736,100.61578947368419,2000.0,1.0000000000000002
20260331,27,854.7916210526315,4310.63711911357,1655.5318559556792,497.71578947368374,157.38947368421051,2000.0,1.0000000000000007
20260331,28,854.7916210526315,4233.545706371191,1651.67728531856,367.7052631578949,214.1631578947368,2000.0,1.0000000000000002
20260331,29,854.7916210526315,4173.252077562324,1648.662603878116,252.242105263158,272.3473684210527,2000.0,1.0000000000000007
20260331,30,854.7916210526315,4289.3351800554,1654.46675900277,289.5263157894738,345.34210526315803,2000.0,1.0000000000000004
20260331,31,854.88856,4405.418282548478,1660.270914127425,326.8105263157894,418.33684210526314,2000.0,1.0
20260331,32,854.88856,4521.501385041551,1666.0750692520778,364.0947368421053,491.33157894736826,2000.0,1.0
20260331,33,854.88856,4637.5844875346265,1671.879224376732,401.37894736842117,564.3263157894737,2000.0,1.0
20260331,34,854.88856,4671.761772853182,1673.588088642659,384.0105263157895,614.1631578947366,2000.0,1.0000000000000007
20260331,35,242.88264,4723.279856842105,1696.1745936842121,364.1578947368422,662.9473684210524,2000.0,1.0000000000000004
20260331,36,244.32044,4803.207829894738,1747.170987789475,344.30526315789456,711.7315789473685,2000.0,1.0
20260331,37,244.72448,4883.1358029473695,1798.167381894737,324.45263157894726,760.5157894736843,2000.0,0.9999999999999998
20260331,38,246.56632,4930.050048,1891.7500480000012,271.6000000000002,766.6999999999999,2000.0,1.0000000000000002
20260331,39,248.00412,4970.014034526316,1994.298245052632,211.7999999999999,763.9157894736843,2000.0,1.0
20260331,40,248.40816,5009.978021052631,2096.846442105266,152.0,761.1315789473684,2000.0,1.0000000000000004
20260331,41,249.84596,5049.942007578948,2199.3946391578957,92.20000000000016,758.3473684210526,2000.0,1.0000000000000002
20260331,42,250.2500000000001,5080.638982736842,2232.9705616842093,68.10526315789471,779.5631578947371,2000.0,0.9999999999999998
20260331,43,250.2500000000001,5107.281640421052,2236.3711141052613,59.63157894736844,811.278947368421,2000.0,0.9999999999999998
20260331,44,250.2500000000001,5133.924298105263,2239.771666526316,51.15789473684214,842.9947368421052,2000.0,1.0
20260331,45,250.2500000000001,5160.566955789474,2243.172218947368,42.684210526315766,874.7105263157895,2000.0,0.9999999999999998
20260331,46,249.84596,5149.562379789474,2209.404485052632,44.06315789473684,896.0947368421052,2000.0,1.0
20260331,47,249.68944,5109.598393263158,2147.0457616842114,53.021052631578925,909.5315789473684,2000.0,1.0000000000000002
20260331,48,248.40816,5069.634406736843,2084.687038315793,61.978947368421075,922.9684210526317,2000.0,1.0000000000000004
20260331,49,248.00412,5029.670420210527,2022.32831494737,70.93684210526315,936.4052631578946,2000.0,1.0000000000000004
20260331,50,247.86762,5001.290197894737,1981.553355789476,78.73684210526314,941.0,2000.0,1.0000000000000004
20260331,51,247.86762,4987.968869052632,1968.8372901052642,85.03157894736843,934.0999999999999,2000.0,1.0000000000000002
20260331,52,247.86762,4974.647540210526,1956.121224421055,91.32631578947368,927.2,2000.0,1.0000000000000004
20260331,53,247.86762,4961.32621136842,1943.405158736844,97.62105263157892,920.3000000000001,2000.0,1.0000000000000004
20260331,54,247.86762,4952.059200000001,1945.059200000001,97.5052631578947,909.4947368421053,2000.0,1.0000000000000002
20260331,55,247.86762,4952.059200000001,1979.5592,82.73684210526315,889.7631578947369,2000.0,0.9999999999999998
20260331,56,248.00412,4952.059200000001,2014.0592000000001,67.96842105263161,870.0315789473684,2000.0,0.9999999999999998
20260331,57,248.00412,4952.059200000001,2048.5592,53.19999999999996,850.3,2000.0,0.9999999999999998
20260331,58,248.40816,4942.792188631579,2063.855346526319,53.21052631578951,825.7263157894736,2000.0,1.0000000000000004
20260331,59,247.86762,4889.506873263159,1987.9331890526341,123.4210526315788,778.1526315789474,2000.0,1.0000000000000004
20260331,60,246.56632,4836.221557894735,1912.01103157895,193.6315789473686,730.578947368421,2000.0,1.0000000000000009
20260331,61,246.16228,4782.936242526316,1836.088874105264,263.84210526315803,683.0052631578945,2000.0,1.0000000000000002
20260331,62,244.32044,4731.388491789474,1761.835860210527,333.6631578947368,635.8894736842105,2000.0,1.0000000000000002
20260331,63,244.32044,4718.067162947368,1724.304005052631,394.9157894736845,598.8473684210525,2000.0,1.0
20260331,64,242.88264,4704.745834105263,1686.7721498947378,456.1684210526317,561.8052631578947,2000.0,1.0000000000000002
20260331,65,854.88856,4718.088642659279,1675.9044321329638,517.4210526315788,524.7631578947369,2000.0,1.0000000000000002
20260331,66,854.88856,4743.573407202214,1677.1786703601108,578.6736842105266,487.7210526315788,2000.0,1.0000000000000007
20260331,67,854.88856,4722.404432132963,1676.120221606649,620.0315789473682,426.25263157894767,2000.0,1.0000000000000007
20260331,68,244.32044,4753.3976437894735,1731.445012210526,659.4947368421053,362.4578947368422,2000.0,1.0000000000000002
20260331,69,244.72448,4793.361630315789,1795.7405776842102,698.9578947368423,298.6631578947366,2000.0,1.0
20260331,70,246.16228,4833.325616842106,1860.036143157895,738.4210526315787,234.8684210526319,2000.0,1.0
20260331,71,247.86762,4883.7149911578945,1927.083412210527,766.1368421052632,190.49473684210528,2000.0,1.0000000000000002
20260331,72,248.00412,4937.000306526316,1994.89504336842,790.5894736842106,151.5157894736841,2000.0,0.9999999999999997
20260331,73,248.40816,4990.285621894737,2062.706674526315,815.0421052631579,112.5368421052634,2000.0,0.9999999999999998
20260331,74,249.68944,5043.570937263158,2130.51830568421,839.4947368421052,73.55789473684214,2000.0,0.9999999999999998
20260331,75,249.84596,5131.607545263158,2209.55491368421,871.526315789474,50.52631578947363,2000.0,1.0
20260331,76,251.51126,5238.1781759999985,2294.578175999999,907.5999999999999,36.000000000000085,2000.0,1.0000000000000002
20260331,77,251.6878,5344.748806736841,2379.601438315789,943.6736842105265,21.47368421052634,2000.0,1.0
20260331,78,253.33308,5451.319437473685,2464.624700631579,979.7473684210528,6.9473684210525715,2000.0,0.9999999999999998
20260331,79,253.52964,5481.437224421052,2484.816171789473,996.6210526315789,0.0,2000.0,1.0
20260331,80,253.33308,5441.473237894737,2445.578501052631,995.8947368421052,0.0,2000.0,0.9999999999999998
20260331,81,251.6878,5401.509251368421,2406.34083031579,995.1684210526315,0.0,2000.0,1.0
20260331,82,251.6878,5361.545264842105,2367.103159578947,994.4421052631579,0.0,2000.0,1.0
20260331,83,251.51126,5326.793972210525,2315.6466037894743,1011.147368421053,0.0,2000.0,1.0000000000000004
20260331,84,250.2500000000001,5300.151314526314,2245.182893473684,1054.968421052632,0.0,2000.0,1.0000000000000004
20260331,85,249.84596,5273.508656842106,2174.7191831578957,1098.78947368421,0.0,2000.0,1.0
20260331,86,249.68944,5246.865999157895,2104.255472842105,1142.610526315789,0.0,2000.0,0.9999999999999998
20260331,87,248.00412,5209.797953684212,2050.334795789473,1159.463157894737,0.0,2000.0,0.9999999999999997
20260331,88,248.00412,5143.191309473685,2043.286046315788,1099.905263157895,0.0,2000.0,0.9999999999999997
20260331,89,248.00412,5076.584665263157,2036.237296842106,1040.347368421053,0.0,2000.0,1.0000000000000004
20260331,90,248.00412,5009.978021052631,2029.188547368421,980.7894736842102,0.0,2000.0,1.0
20260331,91,248.00412,4943.371376842105,1992.960850526315,950.4105263157886,0.0,2000.0,0.9999999999999998
20260331,92,244.32044,4876.764732631578,1762.2068378947379,1114.5578947368422,0.0,2000.0,1.0000000000000004
20260331,93,854.88856,4967.058171745153,1688.352908587258,1278.705263157896,0.0,2000.0,1.0000000000000002
20260331,94,854.88856,5139.84487534626,1696.992243767313,1442.852631578947,0.0,2000.0,1.0
20260331,95,854.88856,5274.7368421052615,1703.736842105263,1570.999999999999,0.0,2000.0,1.0
20260401,0,854.88856,5028.421052631578,1691.4210526315792,1337.0,0.0,2000.0,1.0000000000000002
20260401,1,854.88856,5076.07756232687,1693.8038781163439,1382.273684210526,0.0,2000.0,1.0
20260401,2,854.88856,5123.73407202216,1696.1867036011072,1427.547368421053,0.0,2000.0,1.0
20260401,3,854.88856,5171.390581717451,1698.569529085873,1472.821052631579,0.0,2000.0,1.0000000000000002
20260401,4,854.88856,5219.047091412741,1700.9523545706368,1518.094736842105,0.0,2000.0,1.0000000000000002
20260401,5,854.88856,5242.991689750691,1702.149584487535,1540.842105263158,0.0,2000.0,1.0000000000000004
20260401,6,854.88856,5253.141274238224,1702.6570637119112,1550.4842105263149,0.0,2000.0,1.0000000000000004
20260401,7,854.88856,5261.296398891964,1703.0648199445982,1558.231578947367,0.0,2000.0,1.0000000000000004
20260401,8,854.88856,5269.451523545705,1703.472576177286,1565.97894736842,0.0,2000.0,1.0000000000000002
20260401,9,854.88856,5268.941828254844,1703.447091412742,1565.494736842104,0.0,2000.0,1.0000000000000004
20260401,10,854.88856,5246.537396121883,1702.3268698060938,1544.21052631579,0.0,2000.0,1.0000000000000002
20260401,11,854.88856,5210.349030470913,1700.517451523546,1509.8315789473681,0.0,2000.0,1.0000000000000002
20260401,12,854.88856,5174.160664819944,1698.708033240997,1475.452631578947,0.0,2000.0,1.0
20260401,13,854.88856,5163.567867036009,1698.1783933518,1465.3894736842099,0.0,2000.0,1.0000000000000002
20260401,14,854.88856,5169.4293628808855,1698.4714681440441,1470.957894736842,0.0,2000.0,1.0000000000000002
20260401,15,854.88856,5175.290858725761,1698.7645429362879,1476.526315789474,0.0,2000.0,1.0000000000000002
20260401,16,854.88856,5181.152354570636,1699.057617728532,1482.094736842105,0.0,2000.0,1.0000000000000002
20260401,17,854.88856,5148.376731301937,1697.418836565097,1450.957894736842,0.0,2000.0,1.0000000000000004
20260401,18,854.88856,5073.451523545704,1693.6725761772848,1379.778947368421,0.0,2000.0,1.0000000000000004
20260401,19,854.88856,4998.526315789472,1689.926315789473,1308.6000000000001,0.0,2000.0,1.0000000000000002
20260401,20,854.88856,4923.60110803324,1686.1800554016622,1237.421052631579,0.0,2000.0,1.0000000000000002
20260401,21,854.88856,4880.011080332407,1684.0005540166198,1193.105263157895,2.905263157894746,2000.0,1.0000000000000007
20260401,22,854.88856,4895.174515235457,1684.758725761773,1199.157894736842,11.25789473684209,2000.0,1.0
20260401,23,244.72448,5013.836533421051,1789.015480789474,1205.210526315789,19.61052631578947,2000.0,1.0000000000000002
20260401,24,246.56632,5137.020980526315,1897.794664736843,1211.263157894737,27.963157894736863,2000.0,1.0000000000000004
20260401,25,244.72448,5283.159051315789,2019.211682894738,1223.2631578947369,40.68421052631576,2000.0,1.0000000000000004
20260401,26,854.7916210526315,5521.900277008309,2196.095013850416,1256.673684210526,69.13157894736844,2000.0,1.0000000000000002
20260401,27,239.1989600000001,5740.701283421054,2353.038125526319,1290.0842105263162,97.57894736842111,2000.0,1.0000000000000004
20260401,28,239.1989600000001,5969.472399473685,2519.951346842107,1323.494736842105,126.02631578947361,2000.0,1.0
20260401,29,239.1989600000001,6193.652790789474,2684.600159210529,1349.663157894737,159.3894736842106,2000.0,1.0000000000000002
20260401,30,241.0408,6369.630572368422,2825.472677631581,1299.7894736842102,244.3684210526317,2000.0,1.0000000000000002
20260401,31,244.32044,6545.608353947369,2966.345196052632,1249.915789473684,329.34736842105264,2000.0,1.0
20260401,32,246.56632,6721.586135526314,3107.217714473687,1200.042105263158,414.32631578947377,2000.0,1.0000000000000007
20260401,33,248.00412,6897.563917105262,3248.09023289474,1150.168421052632,499.3052631578948,2000.0,1.0000000000000009
20260401,34,249.68944,6972.545754473684,3311.7036492105294,1131.557894736842,529.2842105263157,2000.0,1.0000000000000004
20260401,35,247.86762,7042.9368671052625,3371.805288157897,1114.3684210526321,556.7631578947368,2000.0,1.0000000000000004
20260401,36,246.56632,7113.327979736844,3431.906927105265,1097.178947368421,584.2421052631579,2000.0,1.0
20260401,37,246.16228,7183.719092368422,3492.008566052634,1079.989473684211,611.7210526315788,2000.0,1.0000000000000002
20260401,38,246.56632,7210.498320000002,3579.7983200000035,1032.0,598.7,2000.0,1.0000000000000002
20260401,39,247.6801600000001,7228.096098157895,3673.417150789477,977.5263157894736,577.1526315789474,2000.0,1.0000000000000004
20260401,40,248.00412,7245.6938763157905,3767.035981578948,923.0526315789472,555.6052631578948,2000.0,1.0
20260401,41,248.40816,7263.291654473685,3860.654812368423,868.5789473684212,534.0578947368423,2000.0,1.0000000000000002
20260401,42,248.00412,7256.405567368422,3808.442409473686,847.2842105263156,600.6789473684213,2000.0,1.0
20260401,43,247.86762,7238.8077892105275,3692.4288418421056,840.5052631578949,705.8736842105263,2000.0,0.9999999999999999
20260401,44,246.56632,7221.210011052633,3576.415274210528,833.7263157894737,811.0684210526312,2000.0,1.0000000000000002
20260401,45,244.72448,7203.612232894736,3460.4017065789494,826.9473684210528,916.2631578947373,2000.0,1.0000000000000004
20260401,46,244.32044,7136.281603421053,3352.607919210528,849.7263157894738,933.9473684210526,2000.0,1.0000000000000002
20260401,47,242.88264,7030.694934473687,3251.1370397368437,895.2421052631577,884.3157894736844,2000.0,0.9999999999999999
20260401,48,240.99712,6925.108265526316,3149.6661602631602,940.7578947368423,834.6842105263157,2000.0,1.0000000000000002
20260401,49,239.1989600000001,6819.5215965789475,3048.1952807894772,986.2736842105262,785.0526315789473,2000.0,1.0000000000000004
20260401,50,237.35712,6752.190967105264,2968.2435986842142,1011.9999999999999,771.9473684210525,2000.0,1.0000000000000004
20260401,51,233.67344,6734.593188947368,2916.266873157898,1011.9999999999999,806.3263157894736,2000.0,1.0000000000000004
20260401,52,232.414,6716.9954107894755,2864.290147631581,1011.9999999999999,840.7052631578947,2000.0,1.0
20260401,53,232.414,6699.397632631581,2812.313422105264,1011.9999999999999,875.0842105263158,2000.0,0.9999999999999999
20260401,54,231.30016,6676.444008947369,2790.2755878947387,1009.494736842105,876.6736842105262,2000.0,1.0000000000000002
20260401,55,232.414,6641.248452631581,2836.6695052631608,1001.2631578947371,803.3157894736842,2000.0,1.0000000000000002
20260401,56,233.67344,6606.052896315789,2883.063422631583,993.0315789473685,729.9578947368423,2000.0,1.0000000000000007
20260401,57,235.51528,6570.8573400000005,2929.4573400000018,984.8000000000001,656.5999999999999,2000.0,1.0000000000000002
20260401,58,237.35712,6535.661783684211,2969.724941578951,973.8736842105263,592.063157894737,2000.0,1.0000000000000007
20260401,59,237.35712,6500.466227368421,2980.892543157896,950.1473684210529,569.4263157894737,2000.0,1.0000000000000002
20260401,60,237.35712,6465.270671052632,2992.060144736846,926.421052631579,546.7894736842105,2000.0,1.0000000000000007
20260401,61,237.35712,6430.075114736842,3003.227746315792,902.694736842105,524.1526315789474,2000.0,1.0000000000000004
20260401,62,238.76944,6397.940041578947,3018.576883684215,878.5473684210526,500.8157894736843,2000.0,1.0000000000000007
20260401,63,239.88328,6433.135597894737,3125.919808421053,845.1368421052631,462.07894736842087,2000.0,1.0
20260401,64,242.11096,6468.3311542105275,3233.262733157896,811.7263157894737,423.3421052631579,2000.0,1.0
20260401,65,244.32044,6503.526710526316,3340.6056578947373,778.3157894736843,384.6052631578948,2000.0,1.0000000000000002
20260401,66,244.72448,6538.722266842104,3447.9485826315804,744.9052631578945,345.8684210526315,2000.0,1.0000000000000004
20260401,67,246.16228,6573.917823157894,3551.2020336842097,713.484210526316,309.2315789473687,2000.0,1.0
20260401,68,247.6801600000001,6609.113379473685,3654.066011052632,682.2526315789474,272.7947368421053,2000.0,1.0
20260401,69,248.00412,6644.308935789472,3756.9299884210523,651.021052631579,236.357894736842,2000.0,1.0000000000000002
20260401,70,248.40816,6679.504492105265,3859.7939657894763,619.7894736842107,199.9210526315792,2000.0,1.0000000000000002
20260401,71,249.68944,6742.244396842107,3959.0338705263207,615.2736842105264,167.9368421052632,2000.0,1.0000000000000004
20260401,72,250.2500000000001,6812.6355094736855,4057.26708842105,618.1789473684212,137.18947368421038,2000.0,0.9999999999999994
20260401,73,251.6878,6883.0266221052625,4155.50030631579,621.0842105263158,106.4421052631581,2000.0,1.0000000000000002
20260401,74,253.33308,6953.417734736841,4253.733524210525,623.9894736842105,75.69473684210531,2000.0,0.9999999999999999
20260401,75,253.52964,7000.855223684212,4333.118381578944,612.9999999999998,54.736842105263094,2000.0,0.9999999999999992
20260401,76,255.1549,7036.05078,4402.4507799999965,594.6,39.00000000000009,2000.0,0.9999999999999997
20260401,77,255.37148,7071.246336315788,4471.783178421052,576.1999999999999,23.26315789473685,2000.0,1.0000000000000002
20260401,78,257.21332,7106.441892631578,4541.115576842104,557.8,7.52631578947362,2000.0,0.9999999999999999
20260401,79,257.21332,7104.911651052632,4581.427440526314,523.484210526316,0.0,2000.0,0.9999999999999998
20260401,80,257.21332,7069.716094736842,4595.137147368419,474.57894736842104,0.0,2000.0,0.9999999999999998
20260401,81,258.79854,7034.520538421051,4608.846854210526,425.673684210526,0.0,2000.0,1.0
20260401,82,258.79854,6999.324982105264,4622.55656105263,376.7684210526319,0.0,2000.0,0.9999999999999998
20260401,83,257.21332,6936.585077368419,4588.448235263158,348.1368421052632,0.0,2000.0,1.0000000000000002
20260401,84,256.97672,6830.998408421053,4479.956303157893,351.0421052631579,0.0,2000.0,0.9999999999999998
20260401,85,255.1549,6725.411739473685,4371.464371052631,353.9473684210526,0.0,2000.0,0.9999999999999998
20260401,86,253.33308,6619.825070526316,4262.972438947368,356.8526315789474,0.0,2000.0,0.9999999999999999
20260401,87,251.51126,6495.87550263158,4132.959713157895,362.9157894736843,0.0,2000.0,0.9999999999999999
20260401,88,249.68944,6319.897721052632,3941.971405263162,377.9263157894736,0.0,2000.0,1.0000000000000007
20260401,89,248.00412,6143.919939473683,3750.983097368423,392.9368421052631,0.0,2000.0,1.0000000000000004
20260401,90,248.40816,5967.942157894737,3559.9947894736856,407.94736842105266,0.0,2000.0,1.0000000000000002
20260401,91,246.56632,5791.964376315791,3369.574902631583,422.38947368421054,0.0,2000.0,1.0000000000000004
20260401,92,244.72448,5615.986594736842,3182.9444894736857,433.04210526315796,0.0,2000.0,1.0000000000000002
20260401,93,244.32044,5440.008813157893,2996.3140763157908,443.6947368421054,0.0,2000.0,1.0000000000000004
20260401,94,238.78764,5264.0310315789475,2809.683663157898,454.34736842105264,0.0,2000.0,1.0000000000000004
20260401,95,232.414,5088.05325,2623.053249999999,465.00000000000006,0.0,2000.0,0.9999999999999998
